name,team,opponent,is_home,position,toi,pp_toi,pk_toi,sog,goals,assists,points,blocks,hits,pim,takeaways,giveaways,p_goals,p_assists,p_points,p_assist_only,last_sog,last_share,share_norm,mate_lift,last_team_sog,team_sog_norm,squeezed,gp_30d,games_used,last_played
Quinn Hughes,MIN,TBL,0.0,D,25.9570978026564,2.6261635816216913,0.3838055654193501,2.1833844447949877,0.11917315024568932,0.49542849743183925,0.6146016476775286,1.5154725285022301,0.5464605332895769,0.5888096931835843,0.456536370947644,1.276540877381686,0.11234591006895867,0.39069023631831135,0.45914369623303275,0.3467977861640741,1.0,0.05,0.08972213251417686,2.1750245821042284,20.0,27.37272727272727,False,3,29.4,2026-10-06
Filip Hronek,VAN,CAR,0.0,D,24.94087234847306,2.2325999674328947,2.355936927227549,1.6960867000322575,0.087312303098652,0.39592430118994887,0.4832366042886009,1.8126038094718753,1.508399784464099,0.5627696425027899,0.3336449136389903,1.235141010566315,0.08360914076569359,0.3269423563282575,0.3832161276014343,0.2996069868357407,1.0,0.05,0.06532440945278412,3.3548387096774195,20.0,26.07250755287009,False,4,29.4,2026-10-04
Matthew Schaefer,NYI,CHI,1.0,D,24.44026850465893,3.1281503159366957,0.7409911949643476,2.801832378096236,0.17943013736387312,0.5051051432896797,0.6845352806535528,1.3613192267788405,0.8962993968158203,0.48126472278188165,0.5282857076551261,1.0745559416442476,0.1642536636541546,0.39655787579870616,0.4956754555020141,0.33142179184785947,2.0,0.10526315789473684,0.09351258267359656,1.574468085106383,19.0,25.615151515151513,False,3,27.8,2026-10-06
Roman Josi,NSH,MTL,0.0,D,24.42347625207629,2.5929980573698757,1.5611066213436324,2.21133003157745,0.13415292642382062,0.4378434431504288,0.5719963695742494,1.5431626273149945,0.8103572768820849,0.4993189462016173,0.2880715647360619,0.9790879798492846,0.12554367310127967,0.3545731790622988,0.4356024328808997,0.31005875977962005,1.0,0.04,0.10934954226980549,3.5783132530120483,25.0,28.231003039513677,True,3,29.4,2026-10-06
Lane Hutson,MTL,NSH,1.0,D,24.10731465267648,3.0482894944616716,0.9081974658212292,1.6740692748572346,0.12347095566923237,0.5818628680480913,0.7053338237173237,1.743637314009447,0.6915457074063979,0.48283032775367885,0.5287649802893396,1.158571055810638,0.116152688375046,0.44114367931351595,0.5060563433766379,0.38990365500159185,2.0,0.1,0.05147242463097116,2.0344827586206895,20.0,24.724242424242423,False,3,29.3,2026-10-06
Charlie McAvoy,BOS,UTA,1.0,D,23.600102241064008,2.129904493712338,1.917369034799231,1.6724216011592774,0.129069978708603,0.4497336345956624,0.5788036133042654,1.906825176991148,1.2569354627778306,0.6435009367463072,0.3946587305949937,1.2609995947297221,0.12108754176529524,0.36220198367576717,0.4394313776152502,0.31834383584995496,0.0,0.0,0.06375070499438912,3.617161716171617,26.0,26.599388379204893,False,0,29.4,2026-04-14
Brock Faber,MIN,TBL,0.0,D,23.46807760509098,0.6037475271336664,2.0048035985745782,1.8599717470554653,0.09175183805089927,0.32338008307075206,0.4151319211216513,1.6486014917497276,0.8336266522194752,0.6159243872443391,0.3561871086378294,0.9492368778687561,0.0876684725751875,0.2763012635506533,0.3397468263797607,0.2520783538045732,1.0,0.045454545454545456,0.06536873853045967,2.336363636363636,22.0,27.384615384615383,False,0,29.4,2026-04-11
Travis Sanheim,PHI,OTT,0.0,D,23.426828674852878,0.6105631461631974,2.955081078732001,1.3174011032442439,0.09813430508600823,0.2950566656797264,0.3931909707657346,1.7038635206810369,0.9001945361304872,0.38646059483348844,0.33519916280023926,1.1236123473752917,0.09347285562844188,0.2555106007272495,0.32510015086237676,0.23162729523393488,2.0,0.13333333333333333,0.05634565928007502,2.0255754475703327,15.0,26.972809667673715,False,4,29.4,2026-10-05
Thomas Chabot,OTT,PHI,1.0,D,23.210017613032623,2.261859381724943,2.0885502987546167,1.8656958947735418,0.10829533787878554,0.4062822869045755,0.5145776247833611,1.7806328721221827,0.9140474369583038,0.46196003585263545,0.43209930398190527,1.1132907504005625,0.10263746785614547,0.3338778966644995,0.40224698263386505,0.2996095147777196,5.0,0.2,0.07621294883237352,2.3095238095238093,25.0,28.52121212121212,False,3,29.4,2026-10-06
Rasmus Dahlin,BUF,DAL,1.0,D,23.187590464125922,2.762859865572559,0.7733611650020397,2.2189903848329227,0.1620603383604353,0.4630442197825165,0.6251045581429517,1.1377182500334921,1.215063107014297,0.7016560817419505,0.40793209486001075,1.2314041695336022,0.1496101081396185,0.3706351984818195,0.464794534496224,0.3151844263566055,3.0,0.10714285714285714,0.09332410880878117,2.607714016933208,28.0,28.63030303030303,False,3,29.4,2026-10-06
Miro Heiskanen,DAL,BUF,0.0,D,22.866222285679747,2.880207513732689,2.6673828802685247,1.7608523904375268,0.10596134687316887,0.4029737828918748,0.5089351297650436,1.5240715501704323,0.6526521917917957,0.5012680026574019,0.33214711782420875,0.9166019008399701,0.10054058567717106,0.3316703792361906,0.39886463073318557,0.2983240450560145,2.0,0.07692307692307693,0.08458343167169569,2.170212765957447,26.0,26.40909090909091,False,3,29.4,2026-10-05
Cale Makar,COL,CGY,0.0,D,22.723791041219144,3.0121747218867245,1.742240080478881,2.3495710026429215,0.16054699896197286,0.4843457076254972,0.6448927065874701,1.6529099398333376,0.6716377216629582,0.3803736956038873,0.41001981740247284,1.011439157590333,0.1483222053409845,0.38389982543659495,0.47528116203880477,0.32695895669782027,4.0,0.11764705882352941,0.09750013307627627,2.3727272727272726,34.0,29.418181818181818,False,3,29.4,2026-10-07
Mike Matheson,MTL,NSH,1.0,D,22.52650736724241,0.40513370361414724,3.039718656841616,1.6502782268795215,0.08731648401557641,0.3350976973087093,0.4224141813242857,1.4617517686607786,1.0028907605251245,0.5104242194853319,0.2983692096700458,1.123369379813372,0.08361297211173713,0.28473179683953853,0.34453749716280646,0.26092452505106933,2.0,0.1,0.08079994709798634,2.0344827586206895,20.0,24.724242424242423,False,3,29.4,2026-10-06
Thomas Harley,DAL,BUF,0.0,D,22.393195264075153,1.8986852206022296,1.4263892203571742,1.7093040395779118,0.08926490195805784,0.3352162429451697,0.4244811449032275,1.679954012374473,0.8255024971486999,0.5271253467739268,0.40379132615876256,0.9311926797895362,0.0853967387133917,0.28481658373826435,0.34589091506891856,0.26049417635552685,0.0,0.0,0.0703735861673619,2.170212765957447,26.0,26.40909090909091,True,3,29.3,2026-10-05
Mikhail Sergachev,UTA,BOS,0.0,D,22.392872387924555,2.5925831108925004,2.31863084493557,1.9679334624781806,0.09604428810069683,0.4364441451236952,0.5324884332243921,1.5490921220157823,0.8307571601252008,0.6355145362680688,0.38094969544064333,1.022829733783679,0.09157621718618314,0.353669402406383,0.4128579135856917,0.32128169639950854,2.0,0.06451612903225806,0.06547551085039938,1.8422535211267608,31.0,24.957703927492446,False,4,29.4,2026-10-06
Philip Broberg,STL,SJS,1.0,D,22.264391666170784,1.6690015470775517,2.195827089388387,1.3969096561228498,0.1002569012646301,0.40930396826634186,0.5095608695309719,1.2013230554511711,0.7219877679813286,0.37391984088865693,0.3547904610639273,1.137735731321688,0.09539500598472783,0.33588766743617404,0.3992406673756318,0.30384566139090396,1.0,0.03571428571428571,0.04281827064269764,2.6956521739130435,28.0,24.893939393939394,False,3,29.3,2026-10-06
John Carlson,TBL,MIN,1.0,D,22.18907345372766,2.810452241989937,1.3849423366020384,2.1263866378841647,0.12298167530771838,0.4722818562713646,0.595263531579083,1.4879794131355264,0.6760408698761261,0.47068293677721995,0.4555707894883908,1.3751011109926832,0.11572013343120058,0.3764222711475651,0.4485827691350939,0.3328626357038933,1.0,0.027777777777777776,0.08690297994791975,3.129151291512915,36.0,28.39090909090909,True,3,29.4,2026-10-05
Darren Raddysh,TOR,VGK,0.0,D,22.116617511544845,3.491361153805607,0.4911670685856507,2.447042773513111,0.13440860965016116,0.4323826968583632,0.5667913065085244,1.3467606657100886,0.8788989550757029,0.6299284600243872,0.29346505277623164,0.9030573301441192,0.12576722833535547,0.35103902616920224,0.4326570491457148,0.3068898208103593,2.0,0.05405405405405406,0.06503439236164797,4.0,37.0,27.987915407854985,False,4,29.4,2026-10-06
Owen Power,BUF,DAL,1.0,D,22.030700682635132,0.6917050479588116,1.793206658232868,1.4795455858916826,0.0851325178761134,0.3262842933130745,0.41141681118918794,1.2746038508174753,0.7246227589402295,0.3787398976171259,0.32809656604533194,1.020126519079839,0.08160942683102046,0.2783999877900598,0.3372893511877705,0.25567992435675,2.0,0.07142857142857142,0.05499345637951294,2.607714016933208,28.0,28.63030303030303,False,3,29.4,2026-10-06
Jake Sanderson,OTT,PHI,1.0,D,21.998980348627093,2.2750760937836567,2.164293872063889,1.922371227260572,0.13371497453542527,0.4285752149268422,0.5622901894622675,1.5630640882134457,0.756914009305195,0.33082557169724314,0.3691631830796175,1.0548006408671309,0.1251606194281779,0.3485634090440769,0.43009761628630083,0.3049369968581229,0.0,0.0,0.07304235301841445,2.0416666666666665,29.0,28.533536585365855,True,1,29.4,2026-10-03
Artem Zub,OTT,PHI,1.0,D,21.941682174724527,0.30235464858654004,2.438011157272904,1.3092937074351572,0.06704864749518022,0.33071818617321724,0.3977668336683975,1.4463025333858948,0.935816129592058,0.658830468069922,0.3531417227782641,0.9173051947619492,0.06485029246068441,0.281592402290068,0.3281813451075348,0.2633310526468504,4.0,0.10526315789473684,0.03724795236081677,5.777777777777778,38.0,28.504587155963304,False,0,29.4,2026-04-15
Brady Skjei,NSH,MTL,0.0,D,21.931443954231195,0.6772734406394472,2.376466829792698,1.2624928543421978,0.06704837140654096,0.2907285476636523,0.35777691907019327,1.2115159777225273,1.0227608740448964,0.5688014388447756,0.35009008815940124,1.0633113674482877,0.06485003427643854,0.2522813795613035,0.30077095772588436,0.23592092344944582,0.0,0.0,0.06682781678078006,3.5783132530120483,25.0,28.231003039513677,True,3,29.4,2026-10-06
Devon Toews,COL,CGY,0.0,D,21.847512203701562,1.8277933264915434,2.1511826904660762,1.6518180954499206,0.08764746652763307,0.3603402081496871,0.44798767467732015,1.370407750971366,0.7103763831656352,0.5040116878713039,0.4780556149573941,0.8440501621393294,0.0839162300029459,0.30256098873043835,0.36108744121316205,0.27717121121021615,2.0,0.058823529411764705,0.06381924461877506,2.3727272727272726,34.0,29.418181818181818,False,3,29.4,2026-10-07
Jacob Trouba,SJS,STL,0.0,D,21.813514259416515,0.49247588403576736,2.627651723396807,1.7355198800825864,0.07422361950006198,0.2863384883882559,0.3605621078883179,1.6151228505034518,1.4157225166731764,0.5280969968071987,0.2646404930999376,1.0211355994274802,0.0715359520409119,0.2489916346922707,0.302715733095248,0.23117978105433612,0.0,0.0,0.06803920328555046,1.5897435897435896,13.0,20.164133738601823,False,3,29.4,2026-10-05
K'Andre Miller,CAR,VAN,1.0,D,21.77341009924574,1.0047593929415402,1.8895272771369,1.7208597998437978,0.1039586261412461,0.4092571950836674,0.5132158212249135,1.3138235032905472,1.346837007095539,0.5519563766540858,0.4510069318369807,0.9337635378157071,0.09873741463926666,0.3358566040622659,0.40143240592690066,0.302694991287634,3.0,0.08823529411764706,0.049700381824825605,2.2857142857142856,34.0,31.386706948640484,False,4,29.4,2026-10-06
Noah Dobson,MTL,NSH,1.0,D,21.644235366140283,1.2796176347458719,2.146841061263575,1.8444626709878296,0.10731525935286201,0.36906645425524015,0.47638171360810216,1.824265266100475,1.1638817864856172,0.49265731107869465,0.417284988983446,1.1553751053767305,0.10175755098504191,0.30862053618370555,0.37897361722300305,0.27721606623796113,2.0,0.1,0.09449556715722034,2.0344827586206895,20.0,24.724242424242423,False,3,29.4,2026-10-06
Bowen Byram,CHI,NYI,0.0,D,21.643621754246333,1.7181413668400678,1.2319703748769226,1.356351105665828,0.09190824437886227,0.32126491106461724,0.41317315544347955,1.2955102474649127,0.80065921130225,0.4428334635214985,0.30122523845743004,0.7902310150575961,0.0878111558407032,0.2747688962034942,0.3384522776794944,0.25064112183879117,2.0,0.09523809523809523,0.04516155954274697,6.0,21.0,21.157575757575756,False,3,29.4,2026-10-06
Cam York,PHI,OTT,0.0,D,21.637993708060566,0.9327487323325176,2.5710471436436637,1.0822635922939867,0.07364759311998859,0.25137909558896504,0.3250266887089536,1.7371859494567126,0.9608894757846956,0.446302767527764,0.303016473580123,0.945244882725645,0.07100097819160511,0.22227251739113507,0.27749192942285905,0.20649095123125394,2.0,0.13333333333333333,0.043623059275863636,2.0255754475703327,15.0,26.972809667673715,False,4,29.4,2026-10-05
Zach Whitecloud,CGY,COL,1.0,D,21.627103433430257,0.2044711935724445,2.9973441591506833,1.0895368600949709,0.053522521545941816,0.23125091261395822,0.28477343415990003,2.1036445458346766,1.5009504223735928,0.4037826770154807,0.2916749677398369,1.06901425797879,0.05211540706299911,0.20645966822528827,0.24781534563663477,0.19569993857363566,0.0,0.0,0.03394967606505919,2.765625,33.0,29.493939393939392,False,3,29.4,2026-10-04
Jordan Spence,OTT,PHI,1.0,D,21.626466711230936,1.4275885154234425,1.0919218463211724,1.6625757185947145,0.09940044026836647,0.3513351892890518,0.45073562955741825,1.1455707523234386,1.052646615984406,0.47806410610888284,0.2842106792296544,1.0334238902190345,0.0946199152202033,0.2962521744158143,0.3628407340089923,0.268220818788789,1.0,0.04,0.043003443056998006,2.3095238095238093,25.0,28.52121212121212,False,3,29.3,2026-10-06
Mattias Samuelsson,BUF,DAL,1.0,D,21.501764706899248,0.20855869196101745,2.469007432167345,1.3304850251386646,0.09183009829607186,0.27710655726815386,0.3689366555642257,1.5041598527988893,1.648303391562757,0.49068461602894997,0.3163314458622585,1.0937769561587145,0.08773986907041242,0.24202627480232186,0.308530790209979,0.22079092113956655,2.0,0.07142857142857142,0.04219405040920836,2.607714016933208,28.0,28.63030303030303,False,3,29.3,2026-10-06
Jaccob Slavin,CAR,VAN,1.0,D,21.446132674160356,0.23911349715476068,2.7057067542014166,1.729224995653072,0.08726876602006561,0.34462824088570404,0.43189700690576965,1.464467800466833,0.6177689980939952,0.28856928213613803,0.5224555466308481,0.885646315358631,0.08356924291632772,0.2915163102150633,0.35072375578895687,0.26715451287262915,1.0,0.029411764705882353,0.052597720855508096,2.2857142857142856,34.0,31.386706948640484,False,4,29.4,2026-10-06
Esa Lindell,DAL,BUF,0.0,D,21.043170060268867,0.7717483909841275,3.0419927826460067,1.13019888217537,0.07196555186472493,0.26846147452232794,0.34042702638705286,1.6896487412911723,0.7241737669537237,0.4173191697152377,0.2801579524401195,0.9328129683830851,0.069437048582493,0.23544512291567588,0.288533557059762,0.21909650847726903,1.0,0.038461538461538464,0.04789028399492024,2.170212765957447,26.0,26.40909090909091,False,3,29.4,2026-10-05
Darnell Nurse,SJS,STL,0.0,D,21.01256463191924,0.22240983526854394,2.0440463512822657,1.6916235942941789,0.06717543263062144,0.2438707843840265,0.31104621701464796,1.6232123900157704,1.5626246135898454,0.637980296718875,0.26135701867761657,0.9422514786044639,0.06496884802731206,0.21641112035876753,0.2673199871960704,0.20235113916875835,3.0,0.23076923076923078,0.07451059964039689,1.5897435897435896,13.0,20.164133738601823,False,3,29.4,2026-10-05
Kevin Bahl,CGY,COL,1.0,D,20.94174071145483,0.35477213393130796,2.3182598235886744,0.8954305219599302,0.048285673195319685,0.2207612670897001,0.2690469402850198,1.2666668711778546,1.455235284788847,0.5827579084132076,0.373014103093534,0.9912466158647704,0.047138458808489325,0.19809190070538418,0.23589261261217742,0.1887541538036881,0.0,0.0,0.029298828865544087,2.765625,33.0,29.493939393939392,False,3,29.4,2026-10-04
Shea Theodore,VGK,TOR,1.0,D,20.9392755781189,1.574876094310103,0.936794503299695,1.9811725378055103,0.1176546644456517,0.40337691069680576,0.5210315751424575,1.1546352387194971,0.4621578433887525,0.4271132879835443,0.3658602430087296,1.2929579411043544,0.1109969960438505,0.3319397471906754,0.4060924284288058,0.2950954323849553,4.0,0.14285714285714285,0.073114746122515,2.7029702970297027,28.0,27.963746223564954,False,4,29.4,2026-10-06
Rasmus Ristolainen,PHI,OTT,0.0,D,20.901958845388506,1.3936408807812144,1.5713843204527522,1.3212936536218813,0.08838913575411467,0.2995592564150778,0.38794839216919247,1.5318118929356745,1.2846725320691508,0.45302603438197653,0.3011195409708539,0.8430639195381657,0.08459540924972542,0.25885519647556343,0.32155264444302056,0.23695723519329515,0.0,0.0,0.05084643565984994,2.375,18.0,27.0,False,3,29.3,2026-10-03
Olli Maatta,MIN,TBL,0.0,D,20.893024100247423,0.24548285407457815,2.2413176250913733,1.0499689789142161,0.05889980344879819,0.2540804696595147,0.3129802731083129,1.6186626560414799,0.6116819822439177,0.41244281215563267,0.3606564715101455,1.065721200312822,0.05719877014359698,0.22437061509734613,0.2687356620010126,0.21153689185741564,0.0,0.0,0.031288370417320466,2.1750245821042284,20.0,27.37272727272727,False,3,29.4,2026-10-06
Artyom Levshunov,CHI,NYI,0.0,D,20.867585715911243,1.935089675405593,1.280297854244838,1.3907026624789454,0.07106617973605014,0.2795215332991335,0.35058771303518366,1.3760177326017016,1.3904593621099517,0.547318991954829,0.32946453242501655,1.0912437819052028,0.06859974973482608,0.24385455466620143,0.2957259429792287,0.22712619324440264,1.0,0.047619047619047616,0.05115756144341397,6.0,21.0,21.157575757575756,False,4,28.0,2026-10-06
Jamie Drysdale,PHI,OTT,0.0,D,20.801292068341013,2.2870977314246397,0.3443620608893123,1.2622586496538497,0.08236225821501185,0.3017621811896441,0.38412443940465596,1.5610012605852392,0.6079600844891201,0.45433771290669106,0.2819324150624234,0.7733621238069305,0.07906171919652116,0.2604860857021055,0.3189533271362459,0.23989160793972475,0.0,0.0,0.04541575399968266,2.0255754475703327,15.0,26.972809667673715,False,4,29.3,2026-10-05
Zeev Buium,VAN,CAR,0.0,D,20.798865191902763,1.214531080935431,0.34099404536189654,1.1214477491610657,0.06765916588710127,0.2590691156179092,0.32672828150501043,1.4512777169381905,0.7696309199623653,0.5243214062674908,0.2390789141075065,1.0911486671120643,0.06542104431135765,0.22823032013800604,0.27872029856241975,0.2132992542510621,0.0,0.0,0.03900460204115953,3.3548387096774195,20.0,26.07250755287009,False,4,27.5,2026-10-04
Colton Parayko,STL,SJS,1.0,D,20.78781116594498,0.27606568112909813,2.188879015774385,1.6188220933423803,0.09062134281385231,0.2592699547092775,0.3498912975231298,1.692230817709655,1.2107521759498612,0.3855249472901662,0.42292720418004337,0.9984327675140181,0.08663650292034264,0.22838530609511476,0.2952353047769847,0.20859880185664204,2.0,0.07142857142857142,0.06861524122372889,2.6956521739130435,28.0,24.893939393939394,False,3,29.4,2026-10-06
Noah Hanifin,VGK,TOR,1.0,D,20.780491432693033,0.6072782144137198,1.5774373707597626,1.7629110363245666,0.08254735424661254,0.3069304729202596,0.3894778271668721,1.342650557444308,0.6884915272585518,0.3343960901929636,0.3559319121371507,1.127041594223982,0.07923216544269851,0.26429824967664217,0.32258949247474533,0.24335732703204682,1.0,0.03571428571428571,0.06677578947551487,2.7029702970297027,28.0,27.963746223564954,False,4,29.4,2026-10-06
Sean Walker,CAR,VAN,1.0,D,20.774379195609068,0.5255253984744405,2.017539514949197,2.118058766649729,0.11515896805813679,0.36538662651139237,0.48054559456952917,1.4067606778132422,1.544508454966022,0.6156292261914319,0.40433826610130025,1.0716002958913644,0.10877554357596397,0.30607169207377805,0.3815541209712018,0.2727785773952378,1.0,0.029411764705882353,0.058506766330890775,2.2857142857142856,34.0,31.386706948640484,False,4,29.4,2026-10-06
Rasmus Andersson,VGK,TOR,1.0,D,20.77197340373644,1.3329321845041986,1.2383774195803772,1.9659504022171777,0.1190738476847338,0.3592110761826493,0.4782849238673831,1.4242445164930635,0.6514608612738485,0.5282048865162654,0.33556711748189816,1.092349576308359,0.11225775936786309,0.3017730432842741,0.3801544369754234,0.2678966776075603,0.0,0.0,0.06918769633461434,2.7029702970297027,28.0,27.963746223564954,True,4,29.4,2026-10-06
Jake McCabe,TOR,VGK,0.0,D,20.737599926205615,0.39508919806314996,2.714335809300715,1.0474805685593975,0.05986471137555872,0.22824354407799946,0.28810825545355817,1.7859941114768478,1.264390911191205,0.6088562374841483,0.31073684614675284,0.8367327875883978,0.058108047768502646,0.2040696079047526,0.2503195691490263,0.19221152138052366,1.0,0.02702702702702703,0.040621920935810386,4.0,37.0,27.987915407854985,False,4,29.4,2026-10-06
Martin Necas,COL,CGY,0.0,C,20.601208134626745,3.2904224014860994,0.19885392205543856,2.6984536944349062,0.34375183968101947,0.5514924263941499,0.8952442660751694,0.4761146243890166,1.1179085270115738,0.3688554061479558,0.3686775040824241,1.0135189185186844,0.2908951220905862,0.42391060253345114,0.5914921981445751,0.3005970760539889,3.0,0.08823529411764706,0.08702057509553977,2.3727272727272726,34.0,29.418181818181818,False,3,29.4,2026-10-07
Alex Vlasic,CHI,NYI,0.0,D,20.551529375625456,0.25957764884399115,2.1911920547227726,1.1688705820233447,0.04776778313592822,0.2413011526939436,0.2890689358298718,1.4005871438793553,0.6517339650796874,0.3507716726862315,0.3099750159596708,0.9451577178208234,0.04664485348271652,0.2143949963028856,0.2510394265956264,0.20439457311290987,1.0,0.047619047619047616,0.0489412090135825,6.0,21.0,21.157575757575756,False,4,29.4,2026-10-06
Cam Fowler,STL,SJS,1.0,D,20.517183925424348,0.9263021314642376,1.9293262346819786,1.2368094022186344,0.07199879934617535,0.3189789562812583,0.39097775562743364,1.1162274322315529,0.5151161797829727,0.3278984373126943,0.29598287851643174,0.7477741429079088,0.06946798694264456,0.2731091543680967,0.3236047981411816,0.25413681119853704,2.0,0.07142857142857142,0.054795806188959524,2.6956521739130435,28.0,24.893939393939394,False,3,29.4,2026-10-06
Nathan MacKinnon,COL,CGY,0.0,C,20.48897090170943,3.299890946325172,0.2370179553724668,3.4593170536839524,0.40784874628124457,0.580896853768136,0.9887456000493806,0.488765796942072,0.9479132423280332,0.4904634522795676,0.3597199157596266,1.2913861993328672,0.3349205330423094,0.4406035552855304,0.6279569107312734,0.29303637768896396,1.0,0.029411764705882353,0.1554038591415478,2.3727272727272726,34.0,29.418181818181818,True,3,29.4,2026-10-07
Logan Mailloux,STL,SJS,1.0,D,20.445612253765006,1.206970957886667,1.4408364944773255,1.6821227608326064,0.09735261069244214,0.31689465547479545,0.4142472661672376,1.2129353385396366,1.3862322061893646,0.5780051330756634,0.36913499438931996,1.0273711380912862,0.09276395140494031,0.27159251517525185,0.3391624717005296,0.24639852029558929,2.0,0.06896551724137931,0.04855201248708792,5.5,29.0,24.880733944954127,False,0,27.2,2026-04-16
Hampus Lindholm,BOS,UTA,1.0,D,20.436459115005903,1.1584075268567313,1.7647162109106977,1.3890470141898235,0.07973677407746078,0.2970867279451858,0.3768235020226466,1.4003438961567622,0.6668572773817665,0.5087090529571561,0.39167058209486016,1.120607723162939,0.0766406334782791,0.2570204275240251,0.3139628526200048,0.2373222191417257,2.0,0.10526315789473684,0.060699084931540935,1.8743961352657006,19.0,26.598187311178247,False,4,29.3,2026-10-05
MacKenzie Weegar,UTA,BOS,0.0,D,20.393054158099314,0.888404953367307,1.547600832179856,1.6486316671433734,0.07466352740230825,0.275803747930009,0.35046727533231725,2.097999809142729,1.8652191880382687,0.8839931728916692,0.36998228060739674,1.1194885092839382,0.07194430088803294,0.24103813601661217,0.29564111672157545,0.2236968158335425,3.0,0.0967741935483871,0.0731032558924746,1.8422535211267608,31.0,24.957703927492446,False,4,29.4,2026-10-06
Wyatt Kaiser,CHI,NYI,0.0,D,20.308112292078054,0.27078437604707595,1.5526039650836951,1.098108100592335,0.05961691015910239,0.2169190035189097,0.2765359136780121,1.2472693447242162,0.824717617979902,0.43013869325285314,0.3569097002786402,0.992612967696392,0.057874616875934204,0.19500483155954607,0.24159361852001549,0.18371900164408128,2.0,0.09523809523809523,0.0437387577339992,6.0,21.0,21.157575757575756,False,4,29.3,2026-10-06
Adam Pelech,NYI,CHI,1.0,D,20.272713617033208,0.33539064706142785,2.17142823541167,1.5278649637891613,0.07007087193136563,0.27556982315960815,0.3456406950909738,1.1236021559150482,1.1550669319330742,0.6536140198506858,0.31136071116406994,0.887549037028563,0.06767225830328905,0.24086057526971816,0.292233254508276,0.22456099620498693,0.0,0.0,0.057409443659089086,1.574468085106383,19.0,25.615151515151513,False,3,29.4,2026-10-06
Viking Gustafsson-Nyberg,MIN,TBL,0.0,D,20.228448818526804,0.5462831209147387,2.2948339923893926,1.2320832685648615,0.06675431536121985,0.2405039129456321,0.30725822830685195,1.52005978884256,1.2496961849005714,0.5522572548124965,0.344854748397697,0.7506155937036724,0.06457500734105093,0.2137684310392859,0.26453934037669,0.1999643330356391,0.0,0.0,0.05020581905812568,3.658536585365854,20.0,27.37920489296636,False,0,2.0,2026-04-14
Kirill Kaprizov,MIN,TBL,0.0,L,20.212765820957245,2.748641717873605,0.12056130127824931,2.788450732839201,0.3773022288382298,0.40921318679871493,0.7865154156369447,0.4318109350458666,1.0680055003067077,0.5265832490688215,0.31900377196461077,0.9491274582143475,0.31429119839870645,0.3358273756073058,0.5445709856712997,0.23027978727259324,3.0,0.15,0.129064803580752,2.1750245821042284,20.0,27.37272727272727,False,3,29.4,2026-10-06
Ryan O'Reilly,NSH,MTL,0.0,C,20.188460314606775,2.5825017011260747,1.927941377004628,1.9106318815087548,0.2764305421065669,0.4637265427987538,0.7401570849053207,0.7601077996483161,0.7310173010085034,0.4390617722111975,0.44348649039044125,0.6388490499309554,0.2415136998373002,0.37106448209980347,0.5229610259869685,0.2814473261496683,1.0,0.04,0.0702427768390834,3.5783132530120483,25.0,28.231003039513677,False,3,29.4,2026-10-06
Macklin Celebrini,SJS,STL,0.0,C,20.129614869955287,2.7477928209854783,0.39338372776553227,2.956421550827488,0.3430362469886595,0.5075346146209428,0.8505708616096024,0.7055298941978417,0.8675419955366324,0.492010295093972,0.4027971288242744,1.33551092214113,0.29038751022182674,0.3980221417232721,0.5728289931969188,0.2824414829750921,2.0,0.08,0.13538784597103448,4.888888888888888,25.0,20.149390243902438,False,2,29.2,2026-10-03
Jalen Chatfield,CAR,VAN,1.0,D,20.124076766036858,0.22850201682636412,2.260709809136611,1.515993166106557,0.0793703034430896,0.30612144817236125,0.38549175161545085,0.9991497656258687,0.7941445175620341,0.3517489002867734,0.34819219573582194,0.9717937681108846,0.07630218737398586,0.26370280792247835,0.31988389423531705,0.24358170686133118,3.0,0.08823529411764706,0.04205556373706695,2.0904977375565608,34.0,31.386706948640484,False,4,29.4,2026-10-06
Morgan Rielly,TOR,VGK,0.0,D,20.06242266767252,1.4820637212674328,0.8089657228750945,1.3838571595780842,0.08613872406112737,0.28275694320227335,0.36889566726340073,1.6040127103672968,0.7392260250008874,0.5098904964007073,0.2778710134073702,0.8109385239205361,0.08253305234921993,0.24629704177412237,0.30850244748114064,0.22596939513192071,2.0,0.05405405405405406,0.06788563091515536,4.0,37.0,27.987915407854985,False,4,29.4,2026-10-06
Simon Nemec,CGY,COL,1.0,D,20.012689308012877,1.056592349068693,0.5653944019824592,1.5441221288523603,0.09250727957596443,0.23554914683486666,0.3280564264108311,1.7016277558220798,0.7026438143505415,0.3961840048484618,0.35702522535843717,1.1419414297479724,0.08835742543106728,0.20986317066973237,0.2796776266476214,0.19132020121655413,3.0,0.09090909090909091,0.04623165244039753,2.765625,33.0,29.493939393939392,False,3,29.2,2026-10-04
Auston Matthews,TOR,VGK,0.0,C,20.011157075959332,2.818598452026529,0.7756484294559358,2.869533898374324,0.3518300935577273,0.44938682306430483,0.8012169166220322,0.9908797469870071,0.9858703117882067,0.3645287743650508,0.46316660941220067,0.6851400887016829,0.2966003760484227,0.36198074960798354,0.5512174992003884,0.2546171231519657,4.0,0.10810810810810811,0.14569705715323997,4.0,37.0,27.987915407854985,False,4,29.4,2026-10-06
J.J. Moser,TBL,MIN,1.0,D,19.99692956248237,0.25447165024528384,1.7595211345899837,1.4193268704263562,0.07774526525898456,0.2729352174198215,0.3506804826788061,1.0943563244945724,0.8860437628531797,0.6293244152284627,0.27272143292540085,0.9175162538278138,0.07479992286989534,0.23885790521942285,0.2957912752020406,0.22099135233214529,3.0,0.08333333333333333,0.045232494519279125,3.129151291512915,36.0,28.39090909090909,False,3,29.4,2026-10-05
Dmitry Orlov,SJS,STL,0.0,D,19.921977232781014,1.603711657385145,0.6020401876581133,1.2952926724080858,0.069826783622423,0.29878927037446235,0.36861605399688535,1.1590271386841902,1.2123622113410286,0.5050188827746371,0.26349707229347047,1.0818176362786107,0.06744466022555307,0.2582843055619636,0.3083090685572971,0.24086440833174405,0.0,0.0,0.05211526003652904,1.5897435897435896,13.0,20.164133738601823,False,3,29.4,2026-10-05
Tom Willander,VAN,CAR,0.0,D,19.9110765461072,1.0294102683926383,0.9913195847106748,0.9985539493282872,0.06404536520029226,0.2523092418506816,0.31635460705097385,1.6234874282545417,0.9941148997768393,0.4533471314415701,0.24215667545184366,0.8604274548928283,0.06203755228875618,0.2229955813719573,0.27119903362118913,0.20916148133243295,1.0,0.05,0.033235092489820615,3.3548387096774195,20.0,26.07250755287009,False,4,27.1,2026-10-04
Nick Suzuki,MTL,NSH,1.0,C,19.878858293254563,3.151258674593179,0.5631548244124381,2.340760259889019,0.35571462031933165,0.6283091426577126,0.9840237629770443,0.6372416524905481,1.1110014197664326,0.37220309174013894,0.41064342286283584,0.8873688958090878,0.2993274505855622,0.46650690046704735,0.6261960298552356,0.3268685792696734,2.0,0.1,0.08635918544087945,2.0344827586206895,20.0,24.724242424242423,False,3,29.4,2026-10-06
Nikita Kucherov,TBL,MIN,1.0,R,19.71461176083541,3.653840441398446,0.12834295227880782,2.8653629438346297,0.385021200341706,0.6194601098531554,1.0044813101948613,0.4305183338985952,0.8371754486394979,0.5033822074360337,0.3469524974794633,1.299548476500065,0.3195637894284993,0.4617650530894162,0.6337654523270094,0.31420166289851015,1.0,0.027777777777777776,0.11791818268155795,3.129151291512915,36.0,28.39090909090909,True,3,29.4,2026-10-05
John Marino,UTA,BOS,0.0,D,19.693650385044613,0.5423552425670828,0.9722194197740671,0.9081438993371515,0.0569343180387339,0.2940192404900747,0.3509535585288086,1.0609075647490995,0.6698985339732227,0.4038818779313184,0.3255161632902135,0.928632440749142,0.055343885804809645,0.25473784790369947,0.2959835513439637,0.24063966553915406,0.0,0.0,0.028665427543986564,1.8422535211267608,31.0,24.957703927492446,False,4,29.4,2026-10-06
Nikita Zadorov,BOS,UTA,1.0,D,19.67417712752423,0.22238729484813258,1.3802663988675083,1.3615989313133896,0.062131880957415175,0.253501447908572,0.31563332886598716,1.2171695606349444,2.1246267291960907,0.7895550102509188,0.32369456051848305,1.061687787186521,0.06024105769074106,0.22392137876656493,0.27067317576083916,0.2104321180700981,1.0,0.05263157894736842,0.04913402119568318,1.8743961352657006,19.0,26.598187311178247,False,4,29.4,2026-10-05
Jake Guentzel,TBL,MIN,1.0,C,19.642031372881043,3.6026660515865734,1.5115743831677282,2.6251871731404894,0.3542255287279478,0.48857507725496047,0.8428006059829083,0.5005071507564809,0.8141569337239851,0.5370259125979114,0.3368497422656855,0.8212696857018498,0.2982833077647079,0.38650003829699364,0.5694968361872881,0.2712135284225802,5.0,0.1388888888888889,0.10421777215118767,3.129151291512915,36.0,28.39090909090909,False,3,29.4,2026-10-05
Connor Bedard,CHI,NYI,0.0,C,19.641749188891815,3.1481626177377056,0.19711796074231155,2.6860162724491103,0.2945128274827909,0.44169994059109735,0.7362127680738882,0.5164076925682651,0.8028887260332702,0.572561399805273,0.35620122079757827,0.864787517969105,0.25510560883966427,0.3570574725306971,0.5210757174496661,0.2659701086100018,0.0,0.0,0.12748179713425764,2.707612456747405,24.0,21.171779141104295,True,0,29.3,2026-04-15
Brayden McNabb,VGK,TOR,1.0,D,19.63274344173891,0.23504991125553087,2.125925002247149,1.5825734444611634,0.08314108935837201,0.2953315962313223,0.3784726855896943,1.5442509876879766,1.349950389339471,0.3954950718103934,0.2855563791323255,0.9458837812798566,0.07977869537279414,0.25571525547423857,0.3150933213783772,0.23531462600558306,2.0,0.07142857142857142,0.04099190902885818,2.7029702970297027,28.0,27.963746223564954,False,4,29.4,2026-10-06
Bo Horvat,NYI,CHI,1.0,C,19.630543699525813,3.133133543424638,1.6628804953488634,2.9288107282505345,0.34436332008961,0.4637548448607272,0.8081181649503373,0.5187839262223192,1.0631748847769351,0.39309819809340596,0.3979489160681777,0.8502690407041393,0.2913285932879849,0.3710822820199199,0.5543039960929463,0.26297540280496146,2.0,0.10526315789473684,0.11449402279073438,1.574468085106383,19.0,25.615151515151513,False,3,29.4,2026-10-06
Brett Kulak,COL,CGY,0.0,D,19.601368707142544,0.20586798110420235,1.5971175418038928,1.313343887843701,0.054543556448525064,0.22895302680952342,0.2834965832580485,1.4404150368491342,0.6349218117172557,0.4561348271817274,0.26315818115888445,0.7995061286789161,0.05308273639346661,0.20463410649875802,0.24685430455983848,0.19377156816637187,2.0,0.058823529411764705,0.043440142881379526,2.3727272727272726,34.0,29.418181818181818,False,3,29.4,2026-10-07
Brandon Hagel,TBL,MIN,1.0,L,19.56359619118713,2.8315714969335417,1.405428968121832,3.1358933912518494,0.40088002684742713,0.49159507173855327,0.8924750985859804,0.4917134448542315,0.8487957220787421,0.6669523775255722,0.4841473120006588,0.9109317296777091,0.330269594113606,0.38835000993890967,0.5903594038959772,0.2600898097823712,8.0,0.2222222222222222,0.08922831844655421,2.8401639344262297,36.0,28.39090909090909,False,3,29.4,2026-10-05
David Pastrnak,BOS,UTA,1.0,R,19.558537844561403,2.5802965218558294,0.13800225465871255,2.8971434152758464,0.31810782885439226,0.5145169045766202,0.8326247334310125,0.519459769374351,1.3455304557985401,0.587153081914324,0.43104429771102176,1.3660156421658203,0.27247566393074263,0.40221068584510755,0.5650937261101652,0.29261806217942254,2.0,0.10526315789473684,0.15777127218199954,1.8743961352657006,19.0,26.598187311178247,False,4,29.4,2026-10-05
Tyler Kleven,OTT,PHI,1.0,D,19.557500184755167,0.3059483839221073,2.158352594238432,1.364656578026349,0.06453023318112533,0.2538884533388583,0.3184186865199836,1.3040556872933418,1.7135704254456459,0.5778217286806049,0.4422131193367179,1.114790614126084,0.062492230008633354,0.2242216672969175,0.2727017852999126,0.21020955529127927,2.0,0.08,0.03955582295562928,2.3095238095238093,25.0,28.52121212121212,False,3,29.3,2026-10-06
Kaiden Guhle,MTL,NSH,1.0,D,19.54359766356015,0.20852116112151164,1.5929404753435095,1.3102058754081203,0.06996732799946577,0.2796253568524132,0.34959268485187894,1.5819864292532804,1.8058968263414796,0.6461833369018902,0.3973748519567345,0.8788428975556823,0.06757571642501792,0.24393305629790263,0.2950248216838455,0.22744910525882756,3.0,0.10344827586206896,0.04860144684307037,3.002049180327869,29.0,24.712538226299696,False,0,29.3,2026-04-14
Tony DeAngelo,NYI,CHI,1.0,D,19.542046605429586,1.394366721861743,0.3324827665684824,1.9616657033478888,0.0943559483841422,0.34124730070714177,0.43560324909128395,1.1009311251424352,0.7671096289883327,0.4083063635044347,0.35163966489607373,1.0596797892598158,0.09004119377833397,0.2891169154228591,0.3531256769950093,0.2630844832166753,1.0,0.05263157894736842,0.07445573056622867,1.574468085106383,19.0,25.615151515151513,False,3,29.3,2026-10-06
Yan Kuznetsov,CGY,COL,1.0,D,19.49284783392552,0.22277621911001583,1.7125699783455617,1.297461280338379,0.056851464532436974,0.19855445293106921,0.25540591746350616,1.7758714115343393,1.3348667973873873,0.362975326563401,0.27378609230169887,1.0115498757832528,0.055265614491022075,0.18008487725685263,0.2253979903457345,0.17013237585471241,3.0,0.09090909090909091,0.041584501392446425,2.765625,33.0,29.493939393939392,False,2,25.7,2026-10-04
William Nylander,TOR,VGK,0.0,R,19.475214193389828,2.7030920240206506,0.2542054723132356,2.309180600555363,0.32819380444660073,0.4523672033460558,0.7805610077926566,0.5113010100766215,0.7852338281797082,0.37253563526224964,0.41988424544286207,0.7922401324160055,0.27977657632348185,0.363879458758107,0.5418510859158041,0.26207450959232226,1.0,0.02702702702702703,0.1157994850336726,4.0,37.0,27.987915407854985,True,4,29.4,2026-10-06
Nate Schmidt,UTA,BOS,0.0,D,19.47244570524538,0.23356351513197018,1.9453493498446415,1.2041520043513172,0.06442795332909614,0.23364095435739438,0.2980689076864905,1.1990294266398598,1.0795350928780143,0.41923646552893173,0.22106989925473366,0.8087001199205399,0.06239633694876212,0.20835399807787003,0.2577498087579436,0.1953534718091815,2.0,0.06451612903225806,0.039312523873064074,1.8422535211267608,31.0,24.957703927492446,False,4,29.4,2026-10-06
Mathew Barzal,NYI,CHI,1.0,C,19.469508223888038,2.927594496046226,0.19902848551579178,2.414319583368774,0.3174841722540818,0.5648824144653729,0.8823665867194548,0.5601744941289737,0.8022280169800095,0.40241459746058705,0.48819991831881726,0.9584618072462138,0.27202179706284346,0.43157301838141293,0.5861975474203089,0.3141757503574655,3.0,0.10344827586206896,0.09776711870830208,2.0689655172413794,29.0,25.581039755351682,False,0,29.4,2026-04-14
Parker Wotherspoon,VGK,TOR,1.0,D,19.463713873312816,0.2620053100486535,1.6529732999901336,1.088955161517546,0.054567015796872155,0.3023540137067745,0.3569210295036467,1.1624420926174788,1.4587007313022038,0.4848431763181677,0.2869416034414928,1.239738136600371,0.05310495019484773,0.26092362459581375,0.30017223870184173,0.247067288506994,1.0,0.03571428571428571,0.031859486228675266,2.7029702970297027,28.0,27.963746223564954,False,4,29.3,2026-10-06
Jack Eichel,VGK,TOR,1.0,C,19.432264428017096,3.334354647476491,0.9686741517637127,2.9914327196018786,0.35410205654354543,0.6219426942480794,0.9760447507916248,0.4735334522979061,0.7092493120359011,0.370000829546679,0.40930809059273815,1.1008332745152034,0.29819665992269695,0.4630996095095169,0.6232015126649706,0.32500485274227364,2.0,0.07142857142857142,0.12347704908887791,2.7029702970297027,28.0,27.963746223564954,False,4,29.4,2026-10-06
Domenick Fensore,CAR,VAN,1.0,D,19.404045138646808,0.5594044847967633,1.6230091714336061,1.7228007838715351,0.0826214000663665,0.29907195602653797,0.38169335609290445,1.456219957287147,1.1868726175556545,0.4743373980752932,0.28841750346911077,0.7859321090211332,0.07930034192768842,0.25849394831380546,0.3172956317539709,0.23799528982628249,2.0,0.08333333333333333,0.06751338669999059,2.6229508196721314,24.0,31.244094488188978,False,0,2.9,2025-10-28
Ryan Pulock,NYI,CHI,1.0,D,19.39899648453806,0.26623913452378484,2.571367134772258,1.2743749159587139,0.06055401854913197,0.2571430758754691,0.31769709442460103,1.4433448293925473,0.911368564060894,0.33740678054579765,0.33990758963974427,0.8343128008653342,0.05875707693197907,0.22674242865347616,0.2721767832613191,0.21341970632934004,1.0,0.05263157894736842,0.05450936780202825,1.574468085106383,19.0,25.615151515151513,False,3,29.4,2026-10-06
Alexander Romanov,NYI,CHI,1.0,D,19.39393667155517,0.2914569307057982,2.0777423619273403,1.483106760739661,0.06212123566024129,0.2427693699714269,0.3048906056316682,1.6102502423795717,1.803065572236252,0.3231839707948677,0.35554869876877465,1.0579712202515885,0.060231053624280384,0.21554758880742653,0.2627959840516624,0.202564930427382,1.0,0.05263157894736842,0.05665045985780421,1.574468085106383,19.0,25.615151515151513,False,3,29.3,2026-10-06
Jason Robertson,DAL,BUF,0.0,L,19.312752881878282,3.603806213852037,0.12053679672181457,2.947808849846301,0.36256026645055506,0.4500742789700249,0.8126345454205799,0.4418440195632332,0.9362505525149025,0.5416041475227602,0.3253307288234388,0.892313227221629,0.3041076265484559,0.36241920898161784,0.5563123900711051,0.2522047635226492,4.0,0.15384615384615385,0.11990927915033545,2.170212765957447,26.0,26.40909090909091,False,3,29.4,2026-10-05
Mikko Rantanen,DAL,BUF,0.0,R,19.255630605300347,3.6605317260953143,0.12259863661723501,2.0776295857456764,0.29806098617925936,0.4789553374492803,0.7770163236285397,0.49455257899628974,1.0585013060927126,0.7183294447469926,0.4029936167761321,0.8478445472593755,0.25774392899439813,0.3805698505945285,0.5402242110398818,0.2824802820454837,3.0,0.11538461538461539,0.11054915710820122,2.170212765957447,26.0,26.40909090909091,False,3,29.4,2026-10-05
Sam Malinski,COL,CGY,0.0,D,19.212927938779597,0.5852292170361313,0.9550431216949395,2.0476112042610852,0.09125829349302979,0.29000496667135783,0.3812632601643876,1.4695564007789625,0.7948718262604176,0.3672327610744222,0.33942007462733165,0.8475414165633692,0.08721808518087293,0.251740148791435,0.3170019402315709,0.22978385505069798,1.0,0.029411764705882353,0.056136007423447244,2.3727272727272726,34.0,29.418181818181818,False,3,29.3,2026-10-07
Wyatt Johnston,DAL,BUF,0.0,C,19.187207045626177,3.2583869357320014,0.4424591601589779,2.257901734456454,0.34564998869873587,0.4147225281181029,0.7603725168168387,0.6295485024929136,1.1053352335368543,0.4979082214973516,0.30995272328606255,0.7164227950117605,0.29223983218423044,0.33947646801227405,0.5325077541541022,0.2402679219698718,3.0,0.11538461538461539,0.0901983656216176,2.170212765957447,26.0,26.40909090909091,False,3,29.4,2026-10-05
Oliver Ekman-Larsson,TOR,VGK,0.0,D,19.163914500555002,1.3714696798644597,0.8206769454851939,1.1779034657016947,0.06536368544679592,0.2587495314112215,0.3241132168580174,1.2118270894670728,0.9961626901724848,0.5996056184278709,0.2525372877531594,0.9640326031819523,0.06327327245760506,0.22798363532093546,0.2768316371050037,0.21355836464739864,0.0,0.0,0.05265162600369682,4.0,37.0,27.987915407854985,False,4,29.4,2026-10-06
John Klingberg,SJS,STL,0.0,D,19.1047991706114,1.640266588509202,0.32144188135275387,1.3275779801511436,0.08436902790233346,0.32451010989862666,0.40887913780096014,1.1926186134875334,0.8662286059208224,0.44773259022449374,0.25846203627473596,0.9926113129055448,0.08090797709554576,0.2771186006447426,0.3356054723465739,0.25469749525102814,0.0,0.0,0.058769878062655996,3.7903225806451615,33.0,20.073619631901842,False,0,29.2,2026-04-16
Nicolas Hague,NSH,MTL,0.0,D,19.097327163924803,0.20326759392421176,1.6683389543749594,1.0897580060557197,0.05519372807448102,0.21474000492760506,0.26993373300208606,1.0865835110729911,1.183383033074492,0.5895917310450833,0.2716754998073744,0.7176633459918265,0.053698195031838925,0.19324883576011476,0.23656991711963116,0.18287172208779223,1.0,0.04,0.04358213023049843,3.5783132530120483,25.0,28.231003039513677,False,3,29.4,2026-10-06
Tim Sttzle,OTT,PHI,1.0,C,19.05151736333683,2.9114625651118096,1.7453294552916019,2.1127290280708024,0.31671187016587055,0.48905117044383084,0.8057630406097014,0.4845321707211268,1.52777242688527,0.45763202087745175,0.3994115001592523,0.7963229502768455,0.27145936081915556,0.3867920519317657,0.5532530895635945,0.281793728744439,2.0,0.08,0.0856871572398069,2.3095238095238093,25.0,28.52121212121212,False,3,29.4,2026-10-06
Jonas Brodin,MIN,TBL,0.0,D,19.026754037192077,0.26823621213551735,1.9181655580632133,1.2366117416593077,0.051526324107400955,0.20747817304686123,0.25900449715426216,1.7755628718399716,0.568016884761091,0.4776423096496284,0.29499055021211484,0.6698612444497604,0.05022135244200743,0.1873690211621819,0.22818044795568937,0.17795909551368194,1.0,0.05,0.05423233787423445,2.1750245821042284,20.0,27.37272727272727,False,3,29.3,2026-10-06
Mitch Marner,VGK,TOR,1.0,R,19.016749103413517,3.300265558445574,1.2201316480309272,2.4666852009157973,0.316731895508411,0.4958552668571124,0.8125871623655234,0.45375807107937793,0.7469594732287854,0.3700978302664063,0.460860916265441,1.025550871428413,0.27147394994893315,0.3909502156164173,0.5562913662985747,0.28481741634964153,2.0,0.07142857142857142,0.07773047071440295,2.7029702970297027,28.0,27.963746223564954,False,4,29.4,2026-10-06
Alexander Nikishin,CAR,VAN,1.0,D,19.01623390876874,1.4724010909169971,1.011301541619374,1.5425095492366159,0.10489822946809517,0.3679725123593389,0.4728707418274341,1.268580491856833,1.3534344858939975,0.42665799378804414,0.3311278707671701,0.9116058133441104,0.09958384624558658,0.3078637933814099,0.3767893789623191,0.27720553271673254,0.0,0.0,0.047848311714360686,2.5,21.0,31.43730886850153,False,0,27.6,2026-04-14
Jared Spurgeon,MIN,TBL,0.0,D,19.005339585597138,0.9491866035659055,1.7083279751628158,1.1811940586169036,0.06340154728599866,0.238211664741446,0.3016132120274447,1.523791465316531,0.9470149555369674,0.4227479717870413,0.23605223108210419,0.6836421433619715,0.061433480826836306,0.21196412596977887,0.26037591272787375,0.19894243190103744,0.0,0.0,0.055116054899586465,2.1750245821042284,20.0,27.37272727272727,False,3,29.4,2026-10-06
Sam Rinzel,CHI,NYI,0.0,D,18.97400599032901,1.343585152164211,0.362313033673604,1.5314813807087075,0.07525899372181298,0.22867691388760675,0.30393590760941974,1.3338633900836192,0.99817480616826,0.4544662390896187,0.2789413305529849,0.9575108902551912,0.07249676229707325,0.20441446537642993,0.26209184076702485,0.1895950784699516,2.0,0.09523809523809523,0.06707804759949314,6.0,21.0,21.157575757575756,False,3,26.3,2026-10-06
Luca Cagnoni,SJS,STL,0.0,D,18.96574476755683,2.4125479269909373,0.446247649341057,1.5357511976154143,0.09027554793645892,0.2918063170816145,0.3820818650180734,1.4972602610542767,0.8617771082641185,0.5682172290182753,0.2983205584385389,0.8118689672027117,0.08632061188825169,0.25308681370954145,0.3175608169775376,0.2312402050892859,0.0,0.0,0.06439255246743802,1.5897435897435896,13.0,20.164133738601823,False,3,10.0,2026-10-05
Matt Boldy,MIN,TBL,0.0,L,18.946870417840604,2.620250754252529,1.3716330551522484,2.818905524709532,0.31536546784999275,0.3894066451462555,0.7047721129962483,0.764877446431294,1.1021552564683115,0.5200491236385895,0.4001907581512233,0.816610712468893,0.270477791369944,0.32254127130981314,0.5057788119902249,0.2353010206202809,7.0,0.35,0.11676575182661184,1.829268292682927,20.0,27.37272727272727,False,3,29.4,2026-10-06
Alexander Wennberg,SJS,STL,0.0,C,18.93461292661403,2.666591965864491,1.7459998947566948,1.3891522833030394,0.22947534647073117,0.38474343752629964,0.6142187839970308,0.8472855353073898,0.6768436121599454,0.32362030869502917,0.417307854537103,0.5713701129976225,0.20504943326667702,0.31937476329994696,0.45893658235229073,0.2538871490856137,1.0,0.07692307692307693,0.044681393128053,1.5897435897435896,13.0,20.164133738601823,False,3,29.4,2026-10-05
Zayne Parekh,CGY,COL,1.0,D,18.929577182493283,2.0528339517751513,0.3317360929057209,1.694808444114343,0.09933420821984008,0.25974207452000886,0.35907628273984893,1.406594879950253,0.8090612203692078,0.39646959564111645,0.30402359838462567,1.4278088541301108,0.09455994805664125,0.22874951469654559,0.3016789205254995,0.20711897246885824,2.0,0.06060606060606061,0.05325180230958578,2.765625,33.0,29.493939393939392,False,3,22.3,2026-10-04
Adam Jiricek,STL,SJS,1.0,D,18.917819426970905,1.4338330955076348,0.8085944854873529,1.6928594792475047,0.09529204599790073,0.3124109304236396,0.4077029764215403,1.4072079446468675,1.1261969166713262,0.42070630318063224,0.33070095397837207,0.9074591800761392,0.09089260548105216,0.2683192034570473,0.3348235774352879,0.24393097195423574,2.0,0.07142857142857142,0.061149456438246506,2.6956521739130435,28.0,24.893939393939394,False,3,2.9,2026-10-06
Troy Stecher,TOR,VGK,0.0,D,18.876630673677045,0.1933544967649243,2.058071781906145,1.021016700390945,0.05156753336128089,0.19432739469585147,0.24589492805713237,1.3209146658049036,0.7494553171624718,0.34373044830083926,0.23540508655981832,0.7965731058042788,0.05026049130497723,0.1766117128224658,0.21799561267077228,0.16773512136579505,1.0,0.02702702702702703,0.037215324761608035,4.0,37.0,27.987915407854985,False,4,29.4,2026-10-06
Simon Lundmark,TBL,MIN,1.0,D,18.862948136694797,0.6715190785680591,1.1639516396736378,1.4747631878948013,0.06871270378839,0.260204827863432,0.328917531651822,1.40974601959253,1.1751598548272213,0.4608152716073203,0.3080281748544306,0.8008481957771602,0.06640514018074983,0.22910633087193,0.2802976330348321,0.2138924928540823,1.0,0.03333333333333333,,2.421991084695394,30.0,28.308474576271188,False,0,1.0,2026-01-24
Nick Perbix,NSH,MTL,0.0,D,18.82840974770517,0.2044663613019088,2.455047039535063,1.0424614079502283,0.055099253917210905,0.20482300404136994,0.2599222579585808,1.333387634354517,0.6645473624858103,0.3971244493103322,0.31281331711593696,0.9821826504224437,0.05360878974311312,0.18520848154465874,0.22888846874200308,0.17527967899888997,1.0,0.04,0.03733172877724357,3.5783132530120483,25.0,28.231003039513677,False,3,29.4,2026-10-06
Chris Tanev,TOR,VGK,0.0,D,18.81236771853501,0.20815118537803437,2.144510004436884,0.7764478101107641,0.0426260753653564,0.20482858062016474,0.24745465598552113,1.7886692373469275,0.643366160951674,0.3429930507033704,0.2571339365764863,0.8016504390375784,0.041730356290660686,0.1852130252810935,0.21921437603710303,0.17748401974644235,0.0,0.0,0.028197647960174523,4.0,37.0,27.987915407854985,False,4,29.3,2026-10-06
Tage Thompson,BUF,DAL,1.0,C,18.798416762660434,2.8144659238836627,0.21437112203664488,2.896878744384691,0.34914646571287317,0.4231116335871746,0.7722580993000477,0.5770490346962237,1.3202103452533378,0.41031604982892816,0.3843704375212928,0.8657506585372435,0.29471017807197675,0.34499449158422735,0.5380312816075654,0.24332110353558867,9.0,0.32142857142857145,0.11908824177207869,2.0289855072463765,28.0,28.63030303030303,False,3,29.4,2026-10-06
Oliver Bonk,PHI,OTT,0.0,D,18.79211480336146,0.671519078568059,1.668118306340304,1.2801879714029527,0.07186441777052191,0.2645652238424854,0.33642964161300726,1.338095873243586,1.2659473296579409,0.5016498899588541,0.27833844821696874,0.7726078969536093,0.06934293218219423,0.23246041464609324,0.28568386006043867,0.21634092787824444,1.0,0.04,,3.5749318801089918,25.0,27.03669724770642,False,0,1.0,2026-04-14
Kirill Marchenko,TOR,VGK,0.0,R,18.72737839623801,3.120044665607378,0.12883664797930314,2.3371875283228425,0.29753485270391966,0.4106791783596313,0.708214031063551,0.5256943959983144,1.1619301209730446,0.5157646256869981,0.4451395580668662,0.8510301507964219,0.25735330047580895,0.336800333721214,0.5074769567125146,0.2501236562367056,3.0,0.08108108108108109,0.09518580494891794,4.0,37.0,27.987915407854985,False,4,29.4,2026-10-06
Juraj Slafkovsk,MTL,NSH,1.0,L,18.703789308912242,3.1637083728574154,0.14761934589168782,2.4239220574342353,0.38838868851787733,0.5152177580078443,0.9036064465257216,0.7348382399640497,1.2983266650508278,0.47631033302258785,0.3587939036299828,1.0095111170709348,0.3218512965838989,0.4026295017556547,0.5948939711565668,0.27304267457266795,2.0,0.1,0.07029845152343354,2.0344827586206895,20.0,24.724242424242423,False,3,29.4,2026-10-06
Brandon Carlo,STL,SJS,1.0,D,18.684832117184904,0.19342116753835156,2.728844723708296,1.2312974628054223,0.06306496439831526,0.22618628117998485,0.2892512455783001,1.4082350699790673,1.169919763004723,0.5869575301543161,0.24753541665417106,0.8692869987397008,0.06111752222738409,0.2024304843637792,0.2511759569635599,0.19005843473617579,1.0,0.03571428571428571,0.040963014740992135,2.6956521739130435,28.0,24.893939393939394,False,3,29.4,2026-10-06
Shayne Gostisbehere,CAR,VAN,1.0,D,18.67607034849568,2.8343551290674593,0.31957094894465576,1.9999382456790649,0.14807346263372512,0.4640850312012603,0.6121584938349854,1.2297389546296693,0.7674094394533066,0.40337024209579636,0.31710373657140783,0.8033291359173227,0.13763223919195544,0.37128990778023485,0.457820685575022,0.32018844638306654,1.0,0.029411764705882353,0.06877256419267835,2.2857142857142856,34.0,31.386706948640484,False,4,29.4,2026-10-06
Brock Nelson,COL,CGY,0.0,C,18.65371059925217,2.5425475601177143,1.6364457808637702,2.0815582479961576,0.294036990936005,0.41817626811480557,0.7122132590508106,0.8153284823024837,0.7344787684483456,0.4950225870568399,0.35045430497046987,0.7231187943035924,0.2547510765218268,0.34175380961683266,0.5094427352333359,0.2546916587115091,0.0,0.0,0.09569385899363599,2.3727272727272726,34.0,29.418181818181818,True,3,29.4,2026-10-07
Mason Lohrei,BOS,UTA,1.0,D,18.64830379553077,1.1976484196950352,0.43130912101259955,1.1712955840019632,0.07970770436742532,0.27545798652393144,0.35516569089135674,1.385649096465256,0.6493707154697415,0.3758567358823391,0.3000750958385773,1.1116170001278864,0.07661379129909052,0.24077567092282692,0.2989427252199375,0.22232893392084696,2.0,0.10526315789473684,0.0414855155348396,1.6875,19.0,26.598187311178247,False,4,29.3,2026-10-05
Nick Schmaltz,UTA,BOS,0.0,C,18.623186382570275,2.9175788829694613,1.3890853637959184,2.455990586363239,0.3168003154686109,0.4194555294255471,0.7362558448941581,0.6054242295955119,0.7207442586999059,0.44557974031074765,0.47614871005543186,0.8507471757258717,0.2715237939670999,0.3425953401176627,0.5210963475405659,0.24957255357346597,4.0,0.12903225806451613,0.08782394365304846,1.8422535211267608,31.0,24.957703927492446,False,4,29.4,2026-10-06
Ryan McDonagh,TBL,MIN,1.0,D,18.59504322672776,0.25606310643901203,2.568019622365892,0.9990816435362925,0.06559643868529337,0.2656349292433262,0.33123136792861957,1.3024709750097552,0.6553180960253028,0.3458041129793788,0.29243299671839196,0.8967805577765217,0.06349127326584647,0.23328101690632141,0.281960981380034,0.21846970811418753,0.0,0.0,0.036776682818513755,3.129151291512915,36.0,28.39090909090909,False,3,29.4,2026-10-05
Filip Forsberg,NSH,MTL,0.0,L,18.590936615882278,2.785829897957284,0.11947612426981115,2.550527936479026,0.3352516968870373,0.42272687816821974,0.757978575055257,0.5085733333898372,1.315065532473689,0.4607239946423991,0.4158698418717533,0.9016898452356921,0.2848419393600481,0.344742426176763,0.5313872642849338,0.24654532492488568,2.0,0.08,0.1197556323473149,3.5783132530120483,25.0,28.231003039513677,False,3,29.4,2026-10-06
Sebastian Aho,CAR,VAN,1.0,C,18.55918357726304,3.1337016870015595,1.4694707268103233,2.564748373482126,0.36538836299869965,0.6006113681181472,0.9659997311168469,0.3939872599915855,0.8831696921299889,0.5589063511133299,0.3406343513938984,1.0021037359155966,0.3060728970704307,0.4515237872991177,0.6193974906946945,0.3133245936242638,3.0,0.08823529411764706,0.08526839560567454,2.2857142857142856,34.0,31.386706948640484,False,4,29.4,2026-10-06
Robert Thomas,STL,SJS,1.0,C,18.541911359531355,2.3436753803094716,1.221355303779161,1.8529701284174955,0.32776526831696645,0.5076264379976999,0.8353917063146663,0.590750635075915,0.5939718471532093,0.4082176184888398,0.4466698018871237,1.054049717247404,0.27946786842350757,0.39807741482523173,0.5662954366599914,0.2868275682364838,3.0,0.10714285714285714,0.07198094477945505,2.6956521739130435,28.0,24.893939393939394,False,3,29.4,2026-10-06
Connor Clifton,BOS,UTA,1.0,D,18.495817006406586,0.20426579028895583,1.713054450976829,1.0530346502160348,0.05450898633269894,0.21528780459742078,0.2697967909301197,1.5797603453429228,2.401158454160431,0.6772882834327739,0.33359095933577554,0.8684117393159138,0.05305000078815236,0.1936906527568577,0.2364653642636011,0.18341536347544873,1.0,0.05263157894736842,0.03478036152957764,1.8743961352657006,19.0,26.598187311178247,False,4,29.4,2026-10-05
Louis Crevier,BUF,DAL,1.0,D,18.47667209724444,0.24639741743814575,1.9543778044679552,1.4115627644368514,0.07128008525691018,0.22822320858793985,0.29950329384485,1.2842635141018006,1.559513567461678,0.5106336265689553,0.2807205410100743,0.9840848511180302,0.06879896008363195,0.2040534221056035,0.25881371894686356,0.1900147588632316,2.0,0.07142857142857142,0.052117699899446375,2.607714016933208,28.0,28.63030303030303,False,3,29.1,2026-10-06
Ronan Seeley,CAR,VAN,1.0,D,18.475448136694794,0.671519078568059,1.3264516396736377,1.4070822024620786,0.08372596049566784,0.3085375143795988,0.39226347487526664,1.364706944901861,1.0816911164355774,0.42680714824042126,0.2947373051759271,0.8109461350681052,0.08031674889247042,0.26547960339467347,0.3244738936452213,0.24415714475275085,0.0,0.0,,2.5,21.0,31.43730886850153,False,0,1.0,2026-04-14
Hunter McDonald,PHI,OTT,0.0,D,18.471281470028128,0.671519078568059,1.4597849730069707,1.2207319706750484,0.0676372462721268,0.2623722879211822,0.33000953419330903,1.3824993697904502,1.4127518158483996,0.6262037538629374,0.2737677222712084,0.7151279090203179,0.06540055847596571,0.23077540263192564,0.2810831208932475,0.2156825624172818,0.0,0.0,,3.5749318801089918,25.0,27.03669724770642,False,0,1.0,2026-04-14
William Villeneuve,TOR,VGK,0.0,D,18.466033724683616,0.46650273544176624,0.8085944854873529,1.188036404136926,0.06111666212226152,0.22666537958576535,0.2877820417080269,1.518219680386734,1.033749417069072,0.4375666776618698,0.30518676422351515,0.6821702866594732,0.0592865122577384,0.202812507126664,0.2500749731946148,0.1907884609368764,0.0,0.0,0.05702081137891586,2.42798353909465,20.0,28.015290519877677,False,0,2.9,2026-04-15
Nick Leddy,SJS,STL,0.0,D,18.454888952726723,0.20528880628608018,1.0251643294764599,0.8395280170026628,0.04908863659245381,0.20843354883455223,0.25752218542700606,1.1990018872403654,0.5640578046799023,0.3015778694238281,0.22816897801025363,0.761192876213647,0.047903264651961375,0.1881450183801906,0.2270355224237376,0.17913225777177622,1.0,0.03125,0.03663233198192858,2.4489795918367347,32.0,20.037151702786378,False,0,29.3,2026-04-11
Henry Thrun,TOR,VGK,0.0,D,18.436334614879748,0.24432362331672228,1.57635544110015,0.9572526699098518,0.04709460079917006,0.1772026998063815,0.22429730060555156,1.1771637682860878,0.8736660039294987,0.441998816364145,0.23863958928775036,0.6435072539127848,0.04600285557084105,0.16239001606726455,0.2009224671828167,0.15491961161197565,1.0,0.045454545454545456,0.04867839122690384,3.6032608695652173,22.0,28.37769784172662,False,0,28.9,2025-12-18
Frederic Brunet,BOS,UTA,1.0,D,18.42748821003999,0.9590249895183831,0.9604371246933798,1.453582960977289,0.07093547055652799,0.2596183627494905,0.3305538333060185,1.7303511853952545,1.1162334550188369,0.4297853499143517,0.34479831090580865,0.8559121504996985,0.06847799921552533,0.2286540960314113,0.2814743202382709,0.21299632102274557,1.0,0.05263157894736842,0.06732359692604543,1.8743961352657006,19.0,26.598187311178247,False,1,2.0,2026-10-05
Andrew Peeke,UTA,BOS,0.0,D,18.402895084357375,0.19811689122013726,1.761840449927493,1.188333340793854,0.057665808837655506,0.19111524213838338,0.2487810509760389,1.5486314373812404,1.3504170025353908,0.4174530836118781,0.19703510404893396,0.7244397019286436,0.05603464038937633,0.1739626116492332,0.22024931965364802,0.1642146792642717,0.0,0.0,0.043186397229110066,1.8422535211267608,31.0,24.957703927492446,False,4,29.4,2026-10-06
Sam Dickinson,SJS,STL,0.0,D,18.323824382316012,0.4819693837058075,1.1262325977305625,1.1832909733995434,0.06164769281422142,0.23004403395519446,0.2916917267694159,1.17846199756635,1.053271638366982,0.414000560756108,0.28535448244429273,0.9926055859454386,0.05978592737795585,0.20550138318343436,0.253001219790316,0.19321529241236013,1.0,0.07692307692307693,0.04023723856072011,1.5897435897435896,13.0,20.164133738601823,False,1,27.0,2026-10-05
Henri Jokiharju,BOS,UTA,1.0,D,18.31769901905736,0.3769540810750429,0.8940817113374223,1.1166460013845787,0.06077362702364612,0.25961776721328195,0.3203913942369281,1.1554016549679438,0.9458553751275622,0.38685803198677154,0.2603252619773261,1.0220555640999511,0.05896375915904639,0.22865363666685934,0.2741351178626409,0.2151713587035945,2.0,0.09090909090909091,0.039685721643761974,1.8085808580858085,22.0,26.613496932515336,False,0,29.3,2026-04-12
Hunter Brzustewicz,CGY,COL,1.0,D,18.256230799940607,1.165263821930374,0.6111385899567051,1.2072037693892899,0.06303555173141563,0.22417952136438482,0.28721507309580047,1.2252040869177125,1.0141875604145036,0.3422767435457662,0.27814812350183066,0.8504988526933817,0.06108990678368753,0.2008283468947688,0.2496496686871329,0.18855976190344537,1.0,0.047619047619047616,0.03958415835598052,2.6446945337620575,21.0,29.55045871559633,False,0,20.6,2026-04-16
Vincent Trocheck,UTA,BOS,0.0,C,18.25620457715344,2.3854396701919667,1.4713765914934005,1.6673521029209237,0.22519399280524197,0.3839874892473026,0.6091814820525445,0.6698668149749363,2.0435517830629397,0.6134065842433634,0.3571567865633235,0.7865936062010566,0.2016386726175392,0.3188600513003078,0.4562042064228925,0.2545655338053533,1.0,0.03225806451612903,0.0881806117573736,1.8422535211267608,31.0,24.957703927492446,True,4,29.4,2026-10-06
Patrick Kane,CHI,NYI,0.0,R,18.250469737407304,2.5971412417992092,0.12833934862474983,2.2691947614098384,0.2598746975728431,0.3951104777461023,0.6549851753189454,0.4205282027903751,0.8483973626648464,0.4537557619676935,0.24966866083560685,0.7398898084480934,0.22885179350799234,0.3263943832923697,0.48055023679296816,0.2516984432849758,2.0,0.09523809523809523,0.10718070547555639,6.0,21.0,21.157575757575756,False,4,29.4,2026-10-06
Clayton Keller,UTA,BOS,0.0,R,18.204008058621074,2.978121851814167,0.123034902006725,2.54928539326254,0.29176042179920153,0.5049845591077673,0.7967449809069689,0.47198860593730685,0.6452318881513086,0.6005088232985738,0.30638845791827546,0.9460855803987073,0.2530525331312663,0.3964851058364628,0.5492060785869941,0.2961535454557278,3.0,0.0967741935483871,0.11049055884934297,1.8422535211267608,31.0,24.957703927492446,False,4,29.4,2026-10-06
Brock Boeser,VAN,CAR,0.0,R,18.20183011782443,2.6650917057620975,0.7834708584069696,1.8893633160404113,0.2605113635043163,0.34821775353952833,0.6087291170438447,0.44897999428713264,1.1524754818115175,0.32893495152441504,0.27915404118019216,0.8326308807254527,0.22934260104238569,0.2940548625759779,0.45595815658602756,0.22661555554364188,0.0,0.0,0.08638854602664837,3.3548387096774195,20.0,26.07250755287009,False,4,29.4,2026-10-04
Elias Pettersson,VAN,CAR,0.0,C,18.17448265222214,2.5675685163025648,0.9217468886776136,1.635075552304211,0.22017872958348367,0.3960871957080767,0.6162659252915603,1.126535658070146,1.3964116244801363,0.34216280631399315,0.33882626312863706,0.7741774357219644,0.1976246230708466,0.32705198479961484,0.46004308264986526,0.26241845957901866,3.0,0.15,0.08901189730607825,3.3548387096774195,20.0,26.07250755287009,False,4,29.4,2026-10-04
Alexandre Carrier,MTL,NSH,1.0,D,18.160566117126656,0.1813872702349404,2.257738489237709,1.0109704402347157,0.06783153561179953,0.24692368407474238,0.3147552196865419,1.608425692595279,0.7809146357584412,0.46636195043333006,0.31800005801487924,0.675296319634873,0.06558212354566795,0.2187996907190537,0.27003246591623076,0.2044503423705628,1.0,0.05,0.03563616205766516,2.0344827586206895,20.0,24.724242424242423,False,3,29.4,2026-10-06
Brayden Point,TBL,MIN,1.0,C,18.157168176195235,3.39788209358477,0.21177566999286151,2.1493578230894963,0.30189731894869243,0.4417062575709687,0.7436035765196611,0.5186066148793697,0.5803802113894645,0.3622322659204881,0.3241875159492178,0.6970151179313527,0.2605860152029923,0.35706153397287355,0.5246023068556069,0.26401629165261464,3.0,0.08333333333333333,0.09087580891502435,3.129151291512915,36.0,28.39090909090909,False,3,29.4,2026-10-05
Ian Cole,CHI,NYI,0.0,D,18.154071687161657,0.20960592500518738,2.225838558699153,0.9426824262194439,0.05074510471570118,0.21059972272582986,0.26134482744153104,1.5528850033756583,0.8545128262654996,0.5295085273791496,0.25889593400516364,0.9308553937463605,0.04947907704249588,0.18990173408211408,0.22998464859345746,0.18050557155096159,1.0,0.047619047619047616,0.03310369314205397,6.0,21.0,21.157575757575756,False,4,29.4,2026-10-06
Conor Timmins,BUF,DAL,1.0,D,18.111599635628746,0.18363988066172174,2.4994950951816888,1.216503876935541,0.04737060044892037,0.21139283935049286,0.25876343979941324,1.4338887783636962,1.043815544790044,0.4212065777441959,0.24815026993538328,0.9881065991080528,0.04626612211615799,0.19054398176210186,0.22799437274955547,0.18172825063339748,4.0,0.16666666666666666,0.03492731717689243,2.9838709677419355,24.0,28.654434250764528,False,0,29.2,2026-04-15
Cole Caufield,MTL,NSH,1.0,R,18.059768123083806,3.1321851569686863,0.11997944608728328,3.0877649421614324,0.3970846142014615,0.45200247473819233,0.8490870889396538,0.36169318763686015,0.9650487301794074,0.36761308116720687,0.2802512592682587,0.7697691240624058,0.32772286096729597,0.36364740508293203,0.5721946980731163,0.24447183710582032,1.0,0.05,0.1291234589716445,2.0344827586206895,20.0,24.724242424242423,True,3,29.4,2026-10-06
Steven Stamkos,NSH,MTL,0.0,C,18.05440795759565,2.764269875266563,0.20855623352574892,2.3747631281731523,0.33927767667749786,0.39516704546080356,0.7344447221383015,0.542828328044589,1.1899661137973276,0.5413607875213368,0.27223107329478485,0.6567181863587971,0.2877153632048456,0.3264324865449997,0.5202282083216898,0.23251284511684422,3.0,0.12,0.09576856911141876,3.5783132530120483,25.0,28.231003039513677,False,3,29.4,2026-10-06
Tyler Myers,DAL,BUF,0.0,D,18.028272846170456,0.22726473311884,1.5905159995176998,1.1995733826699644,0.05354662405209949,0.1940736811541107,0.2476203052062102,1.3990424753080324,1.119732381133963,0.5840667721364827,0.2356876074100368,0.8428797351963305,0.052138253181911676,0.17640278156067368,0.21934370185558139,0.1672054486736697,0.0,0.0,0.0471745792705579,2.170212765957447,26.0,26.40909090909091,False,3,29.4,2026-10-05
Mark Stone,VGK,TOR,1.0,R,18.019988763062013,3.112280773900977,0.777506731947395,2.251005965299035,0.37112572757471457,0.5004143181378876,0.8715400457126021,0.6153045775256741,0.9612839995511221,0.4031682026676481,0.4108123967454765,0.9493174665841073,0.31004281053874994,0.39372058488967854,0.581693158722272,0.2716503481835221,4.0,0.14285714285714285,0.07640544319340499,2.7029702970297027,28.0,27.963746223564954,False,4,29.3,2026-10-06
Jamie Oleksiak,VAN,CAR,0.0,D,18.01653611484394,0.18040597404425737,1.6373170967585247,0.9803461522803231,0.0561295118207735,0.20339207327074602,0.2595215850915195,1.4834183899982536,1.4365371110842307,0.5824294737287088,0.22272774717925986,0.863045089674776,0.05458331467513655,0.1840417367228061,0.228579443369043,0.17399612869390646,0.0,0.0,0.03909298177055164,3.3548387096774195,20.0,26.07250755287009,False,4,29.4,2026-10-04
Brent Burns,COL,CGY,0.0,D,18.00246360615755,0.5013863390949149,1.8376673740487768,1.8309327707998462,0.07845851934415504,0.2653728188373616,0.3438313381815166,1.1505614114906169,0.5930502940788791,0.44757823619191295,0.2626178620552951,0.9157382139397694,0.07545959032129002,0.23308002554258866,0.29095149262435915,0.21549190230306914,2.0,0.058823529411764705,0.07489518657479494,2.3727272727272726,34.0,29.418181818181818,False,3,29.4,2026-10-07
John Tavares,TOR,VGK,0.0,C,17.971006215168973,2.64510324973449,0.21366305954447543,1.9763733103318248,0.3219108777126668,0.4035689266050666,0.7254798043177334,0.5488521816798653,1.0210963069404144,0.43214325540807674,0.2932606218422611,0.7461584637593427,0.2752372200316032,0.33206801307195255,0.5159077563242136,0.24067053629261037,6.0,0.16216216216216217,0.10621547082768462,4.0,37.0,27.987915407854985,False,4,29.4,2026-10-06
Shane Pinto,OTT,PHI,1.0,C,17.93513893921336,1.8151388936294433,2.034258681076534,1.9224796489444373,0.2898216726412752,0.3858778752681843,0.6756995479094594,0.5778135091528619,1.4364433837887514,0.5092206177164308,0.40510061684525933,0.6914503814007709,0.25160298465745845,0.3201464524571258,0.49119963414887435,0.2395966494914159,1.0,0.04,0.0741698820825275,2.3095238095238093,25.0,28.52121212121212,True,3,29.4,2026-10-06
Erik Cernak,TBL,MIN,1.0,D,17.90369835128615,0.20275216183009304,2.4162867941780437,1.2025520527922027,0.060387806433246434,0.20620041295591843,0.2665882193891649,1.2769671928800281,1.5499927885471627,0.6807232204946021,0.29910226384302147,0.8282559073245971,0.05860061795184479,0.18633001006666672,0.23401157428563146,0.17541095633378667,1.0,0.027777777777777776,0.033690546666484876,3.129151291512915,36.0,28.39090909090909,False,3,29.4,2026-10-05
Trevor Zegras,PHI,OTT,0.0,C,17.90163471213031,2.6970458075615706,0.21408136949912893,1.650247465136623,0.2442277779529378,0.40463607756181763,0.6488638555147554,0.5235138377631596,0.9400772769586367,0.6870437102428206,0.31208257142971124,0.8132562214103861,0.21669080662340057,0.3327804171418972,0.4773607667463484,0.26066996012294785,0.0,0.0,0.08337546215690042,2.0255754475703327,15.0,26.972809667673715,False,4,29.4,2026-10-05
Emil Lilleberg,TBL,MIN,1.0,D,17.875912465211126,0.1993930684088134,1.6693947802684834,1.1031253596299504,0.0620050646060782,0.2165049730592755,0.2785100376653537,1.0200329777509243,1.6325493101144577,0.8029982774189465,0.22836481209921042,0.8776404454323664,0.060121873333438214,0.19467147003380258,0.24308932990423437,0.18296745657079616,1.0,0.03333333333333333,0.027431398129508375,4.244274809160305,30.0,28.386018237082066,False,1,29.3,2026-10-03
Will Borgen,BOS,UTA,1.0,D,17.87202539037005,0.1890136051424494,1.7257530309104872,0.961801130943202,0.050448307162604455,0.20980678744766143,0.26025509461026586,1.3256921411209066,1.4647041013252438,0.45819658098500254,0.30367431356484126,0.7549665519164637,0.04919692288913491,0.1892591238477922,0.22914508021492197,0.17994815732578706,0.0,0.0,0.03818887656378984,1.8743961352657006,19.0,26.598187311178247,False,4,29.4,2026-10-05
Seth Jarvis,CAR,VAN,1.0,C,17.868788776082532,2.484281218046116,1.3136042661008802,2.682982209468881,0.3902934784456765,0.517766076806496,0.9080595552521725,0.4386454959487186,1.0483545049393288,0.4086349233972501,0.4574372468469497,0.6676982748129138,0.32314179794653153,0.40414985423193783,0.5966939416421323,0.27355214369560077,2.0,0.06896551724137931,0.08170011697251556,2.7010752688172044,29.0,31.46153846153846,False,0,29.4,2026-04-11
Nick Jensen,OTT,PHI,1.0,D,17.86716968560247,0.20942294920204657,0.8533477893379806,0.8612413069539644,0.054717535692158766,0.2446153908240507,0.29933292651620946,1.1478627972241306,0.8324024590422918,0.2967953108966075,0.22989299593871526,0.8070856192090061,0.053247466012589784,0.216994368512766,0.25868743426304885,0.20543996825045907,0.0,0.0,0.039877527145979176,2.426253687315634,34.0,28.472491909385113,False,0,29.4,2026-03-11
Joel Eriksson Ek,MIN,TBL,0.0,C,17.835373194115927,2.6209429834834115,1.2872698537638239,2.196577559273799,0.2800393968466045,0.3791612712264106,0.6592006680730151,0.5635441068061396,1.3755507922421868,0.5140031844114977,0.3223307902355975,0.532464830675673,0.24424603345388018,0.31556477594271803,0.4827353645748269,0.23848933112094672,0.0,0.0,0.1118594897957624,2.1750245821042284,20.0,27.37272727272727,False,3,29.4,2026-10-06
Charle-Edouard D'Astous,TBL,MIN,1.0,D,17.78129815962217,0.9568812944518924,0.41719729460363725,1.38898963665612,0.07990073060773531,0.2684280187212286,0.34832874932896396,1.1731723640588732,1.1796617963408198,0.7963549798304127,0.29769137298744724,0.9792320298634682,0.07679201186613382,0.23541954369189422,0.2941332151653203,0.2173412032991865,1.0,0.027777777777777776,0.04248806511948433,3.129151291512915,36.0,28.39090909090909,False,3,27.0,2026-10-05
Jake Middleton,CGY,COL,1.0,D,17.766708742338466,0.18435282665715919,1.9359683169483473,1.0407261082622805,0.054533854375323966,0.19358878967279436,0.24812264404811832,1.6126580142518068,1.139988620093662,0.5170771434990077,0.2258671836681448,0.7043050896696155,0.053073549288292776,0.17600332944777985,0.21973575735572226,0.16666220806742948,1.0,0.030303030303030304,0.03972374658351675,2.765625,33.0,29.493939393939392,False,3,29.4,2026-10-04
Dylan Holloway,STL,SJS,1.0,L,17.720820303034092,2.32769066216571,0.4197216646744003,2.649619610835303,0.3642680342696993,0.47341585729864993,0.8376838915683492,0.6004722768758787,1.6923557638246727,0.40092009888081903,0.32193310210930526,0.7178252827291858,0.3052950349519077,0.377129008136704,0.5672884293681384,0.2619933944162307,1.0,0.03571428571428571,0.07194188270651136,2.6956521739130435,28.0,24.893939393939394,False,3,29.3,2026-10-06
Tyler Bertuzzi,CHI,NYI,0.0,L,17.70714856398186,2.8868631743426056,0.11684582535619076,1.8352090170738449,0.2751116704092923,0.34549920333764045,0.6206108737469327,0.3663715756170173,0.9788104619678065,0.4226028757682291,0.295573894310292,0.8568685197974523,0.2405126937690567,0.2921331042654557,0.4623840781885109,0.2218713844194542,0.0,0.0,0.07425546664466531,6.0,21.0,21.157575757575756,True,4,29.4,2026-10-06
Will Smith,SJS,STL,0.0,C,17.705015032196794,2.5594519054748357,0.2556847957775238,2.0741016593921406,0.2656246038044695,0.3929686191013176,0.6585932229057871,0.3640053051255046,0.6329506554051595,0.3062066046275599,0.2716135509558457,0.941998368874462,0.23327310015546932,0.3249500690727567,0.4824210592198902,0.2491479590644209,0.0,0.0,0.08233091508502231,1.5897435897435896,13.0,20.164133738601823,False,3,29.2,2026-10-05
Adam Wilsby,NSH,MTL,0.0,D,17.686927403448433,0.18696043891806363,1.283214155080288,1.167119269902558,0.06024414404541457,0.24219762906027675,0.3024417731056913,1.0607846373732712,0.8249265737281629,0.4547982836755713,0.24862539014991034,0.7355892461477416,0.0584653645535359,0.2150989570327485,0.26098848264827945,0.20252311809474355,2.0,0.08,0.04068762741327832,3.5783132530120483,25.0,28.231003039513677,False,3,27.8,2026-10-06
Christian Dvorak,PHI,OTT,0.0,C,17.612714275216355,1.7239121137313762,1.4296755411674162,1.6034098777550732,0.2331085119751276,0.3485324148702443,0.5816409268453719,0.6996769208588591,0.9534093227450167,0.46045928351891935,0.2894804346860888,0.6585525296708276,0.2079323799609779,0.29427696126756475,0.4410196323044935,0.23308725234351557,1.0,0.06666666666666667,0.05969952587656304,2.0255754475703327,15.0,26.972809667673715,False,4,29.4,2026-10-05
Jonathan Aspirot,BOS,UTA,1.0,D,17.58778789935127,0.20242801210031544,0.9247559975324773,1.101093221441239,0.060258254733556255,0.22015409254104384,0.28041234727460007,1.4824535350310195,1.241836063728397,0.5571538354279433,0.2526848305442729,0.9397506694363733,0.05847865016141651,0.1976048546711161,0.24452783966602276,0.18604918950460625,1.0,0.037037037037037035,0.03187886345611988,2.282442748091603,27.0,26.596969696969698,False,3,26.2,2026-10-03
Mikael Backlund,CGY,COL,1.0,C,17.58617917140519,0.8879242957218878,2.3618924727052373,1.9835833861437917,0.21272223097345108,0.2715045382047846,0.4842267691782357,0.49711898118912184,0.72320657762202,0.2977639119668046,0.4285225155367357,0.9451609844821626,0.19161935086019177,0.23776817570392217,0.38382654308051634,0.19220719222032456,5.0,0.15151515151515152,0.0869835646433105,2.765625,33.0,29.493939393939392,False,3,29.4,2026-10-04
Nikolas Matinpalo,OTT,PHI,1.0,D,17.57981104518418,0.18704017170925794,1.9973023754882722,1.0462996389491637,0.04972786789566724,0.19912990771085107,0.2488577756065183,1.132258604477161,1.1012884703780788,0.46251060393001725,0.2577232345285754,0.8972791814487407,0.04851168020903107,0.1805565656025775,0.22030914344145536,0.17179746323242429,2.0,0.08,0.03226316570142654,2.2872340425531914,25.0,28.52121212121212,False,3,28.4,2026-10-06
Travis Konecny,PHI,OTT,0.0,R,17.560128738850974,2.53944231958615,0.4032963957820642,1.8587421262580326,0.2611902347600531,0.3814159769808734,0.6426062117409265,0.4854747014863314,1.510316146875951,0.590559997525562,0.23223909175192434,0.8317905265941289,0.22986560065377137,0.3171062375567443,0.474080022443477,0.24421442178970565,2.0,0.13333333333333333,0.09727160485031561,2.0255754475703327,15.0,26.972809667673715,False,4,29.4,2026-10-05
Josh Manson,COL,CGY,0.0,D,17.553886773178835,0.1989902800753726,1.854719655078329,1.582818344415141,0.06669342532190206,0.2695898471313702,0.3362832724532723,1.206756383528098,1.562299937264612,0.6628066781517441,0.28795879514985556,0.8788047579070605,0.06451804754234458,0.2363073391550108,0.2855792985551474,0.22106125101280283,0.0,0.0,0.05184838632834301,2.3727272727272726,34.0,29.418181818181818,False,3,29.3,2026-10-07
Kyle Palmieri,NYI,CHI,1.0,C,17.492447842454137,3.0867081354705483,1.1266342033484071,2.3553035663784314,0.2949230452108333,0.4083233939661096,0.7032464391769429,0.48144704382656006,0.9394024767306769,0.3669017704037873,0.32953239008754376,0.7055144580514088,0.25541111505812,0.3352361365653862,0.5050242161755647,0.24961310111744472,2.0,0.10526315789473684,0.0923324021093751,1.574468085106383,19.0,25.615151515151513,False,3,29.4,2026-10-06
Frank Nazar,CHI,NYI,0.0,C,17.48932287646291,2.530325324241462,0.9250347460664139,1.8849577100622366,0.2589112994907195,0.33017229324236247,0.589083592733082,0.5780434443875002,0.8140115764072147,0.36938389050865866,0.35386981914019494,0.8342538114908787,0.22810851282472133,0.28120012159911933,0.4451644928797348,0.21705598005501348,3.0,0.14285714285714285,0.08160765720539123,6.0,21.0,21.157575757575756,False,4,29.0,2026-10-06
Simon Benoit,PHI,OTT,0.0,D,17.406580679783563,0.17909784279782295,1.6325786240584486,0.9887536735946861,0.04662178510184808,0.17236684938730262,0.2189886344891507,1.409311677512122,2.10880496785288,0.5936524238689279,0.19673057819178366,0.8376609470064593,0.04555168409368149,0.15832964972609032,0.19666915163278564,0.15111746753910416,0.0,0.0,0.0319768485355003,2.0255754475703327,15.0,26.972809667673715,False,3,29.4,2026-10-05
Ty Murchison,PHI,OTT,0.0,D,17.4033663361699,0.46650273544176624,1.2766785003385384,1.076723778612634,0.05701081605502681,0.22203383896367537,0.2790446550187022,1.2487074678357735,1.2329595994514204,0.45014126296416007,0.2443801612883407,0.73557793567254,0.0554161473596565,0.19911173735271248,0.24349387933419386,0.18807773197453737,0.0,0.0,0.05072362980822542,1.7941176470588236,18.0,27.298181818181817,False,0,2.9,2025-12-13
Victor Hedman,TBL,MIN,1.0,D,17.390584728751463,1.0891291233465594,1.6316773494116172,1.5077284878182475,0.0727298866983955,0.28991894725075024,0.3626488339491457,1.2991508494902089,0.7419518835129716,0.3415771245844674,0.2595051202865768,0.9665257532234905,0.07014803850938711,0.2516757811441759,0.3041692572659813,0.2340212187565942,1.0,0.027777777777777776,0.07679075035528883,3.129151291512915,36.0,28.39090909090909,True,3,29.4,2026-10-05
Hunter Skinner,STL,SJS,1.0,D,17.362948136694797,0.6715190785680591,1.1639516396736378,1.3462859276047643,0.07602238293192773,0.27482654737732115,0.3508489303092489,1.2869970913598785,1.1849412573529214,0.41163535701460696,0.2930718892186541,0.7269921387093672,0.07320453807251504,0.24029611557131159,0.295909887502809,0.22270534943029396,0.0,0.0,,1.6897654584221748,17.0,24.840304182509506,False,0,1.0,2025-11-14
Nick Seeler,PHI,OTT,0.0,D,17.33826949554648,0.22128110357089864,1.812144827298534,1.028304812949524,0.05733058325888392,0.18480564740045155,0.24213623065933548,1.8017699276479116,1.4324538551418393,0.5558453943473833,0.20018852023128414,0.7152151892673696,0.055718146009818614,0.16873417317217165,0.2150507638843372,0.15933261787451858,0.0,0.0,0.04385498129700513,2.0255754475703327,15.0,26.972809667673715,False,4,29.4,2026-10-05
Jordan Oesterle,NSH,MTL,0.0,D,17.318886557923094,0.2949848379805943,0.9399096558771802,1.1451610891764796,0.0625406528351761,0.2032957225145997,0.2658363753497758,1.4379157524464148,0.9182666852699564,0.3489627706953333,0.31202525195947667,0.8824518418242169,0.06062512621467764,0.1839631147395725,0.2334354539043183,0.17281032768964066,0.0,0.0,0.03912593400519794,3.9545454545454546,30.0,28.30030959752322,False,0,28.8,2026-04-09
Mavrik Bourque,NSH,MTL,0.0,C,17.31820968952736,1.3338807185104795,0.323987759759242,1.9182971473785848,0.255603182656035,0.3428391297047289,0.5984423123607638,0.3885562631870833,1.3033201043209068,0.4780663813806818,0.26767833609343467,0.6226708479549982,0.2255507772900337,0.29024761954821654,0.45033282064256797,0.22478204335253427,1.0,0.04,0.0555026805860925,3.5783132530120483,25.0,28.231003039513677,False,3,29.2,2026-10-06
Morgan Geekie,BOS,UTA,1.0,C,17.315080302237487,2.113722640463487,0.20140448914736628,1.8872464447081114,0.269312792102509,0.3659527801068387,0.6352655722093477,0.5585070462767253,1.3628881930515102,0.34468186671881895,0.32957264941905745,0.9519908939580446,0.23609572494978304,0.30646445088889396,0.4702052291347263,0.23410950418494325,3.0,0.15789473684210525,0.06710010323720922,1.8743961352657006,19.0,26.598187311178247,False,4,29.4,2026-10-05
Nils Lundkvist,DAL,BUF,0.0,D,17.313345324369877,0.2914578986661353,0.5030150935757257,1.1710738131982739,0.050326800713885504,0.19929066753109032,0.24961746824497583,1.0815629953126769,0.6973029854045109,0.40470663995386547,0.20135066085725065,0.7806772436361904,0.0490813871647785,0.18068828859362163,0.22090124390979526,0.17181985674501676,1.0,0.038461538461538464,0.04760372159352124,2.170212765957447,26.0,26.40909090909091,False,3,29.3,2026-10-05
Carson Lambos,MIN,TBL,0.0,D,17.24211480336146,0.6715190785680591,1.4722849730069711,1.263228280405616,0.05964731585541072,0.21859073409062377,0.2782380499460345,1.3447052554122312,1.0504784710375226,0.49732064772724804,0.2758399527020574,0.7149827222175137,0.05790326241872179,0.19634944236606722,0.24288343149769698,0.1849801690789752,1.0,0.03571428571428571,,2.25,28.0,26.92142857142857,False,0,1.0,2025-12-18
Jimmy Snuggerud,STL,SJS,1.0,R,17.179667820287722,2.3042322434089537,0.128852248690633,2.5865119074123792,0.3460509822953991,0.46280497358525974,0.8088559558806588,0.5044714303136353,1.1061774470424088,0.378584562270087,0.3398701500702576,0.9734762621614442,0.29252358258464894,0.37048460733290745,0.5546327052880673,0.26210912270341835,3.0,0.10714285714285714,0.09064340440872871,2.6956521739130435,28.0,24.893939393939394,False,3,27.5,2026-10-06
Jeremy Lauzon,VGK,TOR,1.0,D,17.169204459767055,0.1979178460542962,1.9772994733768254,1.3602067724033249,0.06396912501320488,0.22656579158515755,0.29053491659836245,1.1078085210101354,2.567397364540838,0.6072539965331901,0.2419759268820371,0.7391591161738587,0.06196603913020804,0.20273311286484685,0.25213658399028294,0.1901705448600749,0.0,0.0,0.04030240381623067,2.7029702970297027,28.0,27.963746223564954,False,4,29.4,2026-10-06
Anton Frondell,CHI,NYI,0.0,C,17.16366769559855,2.63377660519618,0.5869617866353514,2.125594489741547,0.24856992735563274,0.37294897726412335,0.6215189046197561,0.6988822115547053,1.0194600395217541,0.3791459685419646,0.31833711376126306,0.623651318867671,0.22008467848779123,0.31129962867533834,0.4628720284727489,0.24278734998495766,1.0,0.047619047619047616,0.09887245269233148,6.0,21.0,21.157575757575756,True,4,12.5,2026-10-06
Logan Stanley,NYI,CHI,1.0,D,17.147627329070083,0.4055741387418091,1.7116405178391292,1.39296776142847,0.0662040696185505,0.25783015801889597,0.3240342276374465,1.0189882122366738,1.3981982904085974,0.7578484037208998,0.2687855030181903,0.8328570627364409,0.06406015208578797,0.2272735376443722,0.27677451234358663,0.21271436025779866,1.0,0.05263157894736842,0.037477668926997235,1.574468085106383,19.0,25.615151515151513,False,3,29.3,2026-10-06
Max Crozier,TBL,MIN,1.0,D,17.14170522105469,0.1972282216189263,1.366335059793171,1.4173302410060657,0.05783121812780453,0.21937963737278898,0.2772108555005935,1.03615078626257,1.1607474941686733,0.5438541191967218,0.22854533619072712,0.7789338995953973,0.05619076811659052,0.19698319491109817,0.2421053259995739,0.1859145578829834,2.0,0.05555555555555555,0.04670864341999115,3.129151291512915,36.0,28.39090909090909,False,1,24.8,2026-10-05
Artturi Lehkonen,COL,CGY,0.0,L,17.137779858605118,1.4320545293091351,1.2753557901387682,1.8946019372989453,0.2768182768199869,0.337369859107225,0.6141881359272119,0.5123635858344938,0.8981789156734857,0.4009243713747017,0.2961542188487283,0.6227366843834565,0.24180773429815938,0.286355156959615,0.45891999954877605,0.21711226525061667,0.0,0.0,0.07430082413256002,2.3727272727272726,34.0,29.418181818181818,True,3,29.4,2026-10-07
Elias Lindholm,BOS,UTA,1.0,C,17.128676076978543,1.751867855243493,0.9333594086486648,1.734393354556047,0.2553906683685407,0.3480947918351774,0.6034854602037181,0.6892900492522847,0.9012898877832658,0.393774591259675,0.323245691569166,0.7711208768218129,0.22538617827606733,0.29396805302168594,0.4530978952919392,0.2277117170158719,2.0,0.10526315789473684,0.07330689831174987,1.8743961352657006,19.0,26.598187311178247,False,4,29.4,2026-10-05
David Reinbacher,MTL,NSH,1.0,D,17.093468725214418,0.5462831209147389,0.9468787330221753,1.438778327936047,0.06802791919706948,0.26736947161603225,0.3353973908131017,1.268500371066979,1.0443070967835406,0.39830202125750863,0.27336086497188783,0.7946585854282718,0.06576560986094648,0.23460977074739053,0.28494612595579794,0.21918051609485145,1.0,0.034482758620689655,0.06562956058119698,3.002049180327869,29.0,24.712538226299696,False,0,2.0,2026-04-14
Anthony Cirelli,TBL,MIN,1.0,C,17.050575012382865,1.0726559220522724,1.9391653453924,1.7760496381899773,0.262061218858515,0.36652385654835923,0.6285850754068742,0.6425919917839517,0.9051959389413606,0.5090290027519618,0.34624954330217067,0.7053166660596671,0.23053608343697274,0.30686039963308753,0.46665408837674405,0.2361180049397713,1.0,0.027777777777777776,0.06449096437401716,3.129151291512915,36.0,28.39090909090909,False,3,29.4,2026-10-05
Matt Grzelcyk,BUF,DAL,1.0,D,17.049258836024958,0.70003507532632,0.8238218246352618,1.0199137325060845,0.04519607933163399,0.19962751730126066,0.24482359663289466,0.9465415051500057,0.7365611361332067,0.4021654334473751,0.3213765252807128,0.7398436850463848,0.0441899511377154,0.18096422707779003,0.2171573778632634,0.172967426725548,0.0,0.0,0.04230176258143088,3.043478260869565,26.0,28.640243902439025,False,1,29.4,2026-10-01
Blake Coleman,MIN,TBL,0.0,L,17.04512341620416,1.5471734676129103,1.9347115509583885,2.2056728907640517,0.2496101163499317,0.27900657319929145,0.5286166895492231,0.6046671906500736,1.735670887949306,0.6449367040754398,0.4060436223081242,0.7001622904864258,0.22089551603645607,0.24346506965616455,0.4105802434940705,0.18968472745761444,1.0,0.05,0.0810239767980407,2.1750245821042284,20.0,27.37272727272727,False,3,29.4,2026-10-06
Tyson Foerster,PHI,OTT,0.0,R,17.030995907322477,2.200080790476677,1.2440425131361756,1.9010208633217451,0.26679446199305673,0.29246547395714667,0.5592599359502034,0.6677734396928358,1.2519565966821284,0.47127728166150806,0.31409943374638055,0.5501037389823501,0.23416953744317537,0.25357898444502824,0.4283680483954012,0.19419851095222584,4.0,0.26666666666666666,0.07164758816379378,1.680722891566265,15.0,26.972809667673715,False,4,29.3,2026-10-05
Nazem Kadri,COL,CGY,0.0,C,17.006474574685026,2.4412814464024946,0.22621860541547315,2.3584638301749683,0.257546690664134,0.3731635944395893,0.6307102851037233,0.5573189291590022,0.816837932970966,0.3859634807407675,0.2981960237016969,0.7088242314939456,0.22705446386946881,0.3114474197439562,0.4677863566999316,0.2407318928304628,4.0,0.11764705882352941,0.10668662310351716,2.3727272727272726,34.0,29.418181818181818,False,3,29.4,2026-10-07
Kirill Kudryavtsev,VAN,CAR,0.0,D,16.999208651675485,0.3712043252118682,0.8964518501280851,1.1948243740075764,0.05575218543650233,0.22984321756888432,0.28559540300538666,1.4722595821802595,0.9668430857949404,0.39108091828405006,0.2222583894081692,0.6999428286980792,0.054226516705222494,0.2053418188212438,0.2484333639578754,0.19420684725265291,1.0,0.08333333333333333,0.05551552680086783,3.5,12.0,26.137614678899084,False,0,4.7,2026-04-16
Dylan Cozens,OTT,PHI,1.0,C,16.99195098105673,2.7530815273441624,0.31028770614148415,2.3236966848942058,0.31703295497152967,0.40573839170182496,0.7227713466733546,0.41294131901147096,2.0493201557059044,0.4671534135373866,0.3028532815383733,0.6760724123128354,0.27169324659810745,0.3335154975034005,0.514594835794026,0.24290158919591853,1.0,0.04,0.08582590020456389,2.3095238095238093,25.0,28.52121212121212,True,3,29.4,2026-10-06
Carter Yakemchuk,OTT,PHI,1.0,D,16.988422368821038,1.8666800180413499,0.5613444961847659,1.3954966769577493,0.07766411734815167,0.2843728135900538,0.36203693093820544,1.188259927969312,0.8046184115002438,0.383093340464232,0.3227598739098976,0.879049259754491,0.07472484177023786,0.2475139446220821,0.3037433460445075,0.22901850427426962,2.0,0.08,0.05249882750023049,2.3095238095238093,25.0,28.52121212121212,False,3,6.3,2026-10-06
Matt Duchene,DAL,BUF,0.0,C,16.983953315756615,2.8967887621019535,0.20801505903069017,1.7598716764011184,0.25397657875704743,0.4155732089487122,0.6695497877057597,0.4559111794795287,0.8762194778435933,0.32067522262941633,0.26496860456085436,0.7984253831740719,0.22429003007461557,0.34003812379032994,0.4880609928534966,0.263770962778881,0.0,0.0,0.07475510479542495,3.202247191011236,28.0,26.39755351681957,True,0,29.4,2026-04-15
Roman Kantserov,CHI,NYI,0.0,R,16.9760453757207,2.214841330867186,0.2790063089409746,1.8252577117109796,0.23587674665812558,0.3019063124509556,0.5377830591090812,0.4865800563241691,1.3646746470199977,0.4810505111246747,0.31417330122044423,0.6252920681465185,0.21012197696060908,0.2605926650944351,0.41595839608396756,0.20583641912335848,2.0,0.09523809523809523,0.04888358967273693,2.045977011494253,21.0,21.157575757575756,False,4,3.8,2026-10-06
Dylan Guenther,UTA,BOS,0.0,R,16.970566468683927,3.083410972378194,0.2386014876450169,2.739686601601265,0.3270358133664126,0.4016339083361145,0.7286697217025271,0.39865046690769146,1.049222396306388,0.4192404464568526,0.274666887635068,0.7400681603593283,0.2789420809472717,0.33077430120044626,0.5174495102469858,0.23850742929971414,5.0,0.16129032258064516,0.10364725491317421,1.8422535211267608,31.0,24.957703927492446,False,4,29.3,2026-10-06
Logan Cooley,UTA,BOS,0.0,C,16.95841473294488,2.6418749737675493,0.7506419607943728,1.7820370494342554,0.2663701758441717,0.39147116380988883,0.6578413396540606,0.5744537316774634,1.1203965746676614,0.4526879902999321,0.3821677723210117,0.7781086628008917,0.23384453724385235,0.32393845474713334,0.48203175394515374,0.2481872167013014,1.0,0.03225806451612903,0.071151681708016,1.8422535211267608,31.0,24.957703927492446,False,4,29.3,2026-10-06
Daniil Miromanov,CGY,COL,1.0,D,16.95219939858225,0.3773727706764828,0.7769526832871173,1.232638592085303,0.05408297773941771,0.18627833530129106,0.2403613130407088,1.31857141949507,0.6833383550016625,0.34525851057811674,0.2716638201314337,0.8599419993734362,0.05264650601106158,0.16995746731139239,0.21365630649801992,0.16100980048695834,0.0,0.0,0.05098634539289238,2.134251290877797,29.0,29.903614457831324,False,0,27.7,2025-10-14
Kevin Gravel,NSH,MTL,0.0,D,16.929653987323515,0.18978514069330552,1.1804016900769798,1.1101031934122942,0.049782322473973795,0.19186447558834835,0.24164679806232214,1.4974739164186701,1.0805447607729508,0.368976992564649,0.1853951437012535,0.7097029552360035,0.04856349169354979,0.17458127470104046,0.21466649011079686,0.16610299841724707,1.0,0.047619047619047616,0.039534117178300174,1.823529411764706,21.0,28.28527607361963,False,0,19.0,2026-04-16
Lian Bichsel,DAL,BUF,0.0,D,16.92621699052213,0.19247468113031624,1.0755405861657452,0.9020621047883943,0.05028672923048976,0.17043594415259827,0.22072267338308804,1.0203471783164626,2.277780374492253,0.6325251656247121,0.2775926725197748,0.6373864641234518,0.04904328168190697,0.1567028939907007,0.19806095150225178,0.1490176698203448,0.0,0.0,0.029881127673669395,2.170212765957447,26.0,26.40909090909091,False,3,28.1,2026-10-05
Jackson Blake,CAR,VAN,1.0,R,16.814424344736018,2.6962843441630207,0.15032923035404597,2.325557146035023,0.3594414283707399,0.5025327498769531,0.861974178247693,0.4798789614273165,0.6389811565242461,0.4064406465976852,0.3290013798379695,0.9356549683785536,0.30193386286825474,0.3950035869893893,0.5776724909911211,0.2757386281228663,2.0,0.058823529411764705,0.06213953584098689,2.2857142857142856,34.0,31.386706948640484,False,4,29.3,2026-10-06
Marco Rossi,VAN,CAR,0.0,C,16.7778399083631,2.5737715933770797,0.25053561164140276,1.3956218286711044,0.2293145499749945,0.34636200611041906,0.5756765560854136,0.6832607313950162,1.2427660601874742,0.3816113183032392,0.3130020842163729,0.7313022258709413,0.20492159772378427,0.292743590383424,0.43767570384244003,0.23275410611865577,1.0,0.05,0.06259829424256452,3.3548387096774195,20.0,26.07250755287009,False,4,29.3,2026-10-04
William Eklund,OTT,PHI,1.0,L,16.77404790343126,1.8634733838141264,0.40935683470524126,1.9882988022665713,0.26718385398358735,0.38649214473273746,0.6536759987163248,0.47636352960629136,1.1583142347598339,0.42737962402825697,0.28483228570862223,0.6733624110565372,0.23446768763898296,0.3205639374944671,0.4798697399686749,0.24540205232969192,3.0,0.12,0.09203617764171206,2.3095238095238093,25.0,28.52121212121212,False,3,29.4,2026-10-06
Simon Holmstrom,NYI,CHI,1.0,R,16.768633325593086,1.7507691270134687,1.6208776070793185,1.6989146020092376,0.25799799980186827,0.3332101229591896,0.5912081227610579,0.39976118430697877,0.8198806442762848,0.29781081775654517,0.41052036973076544,0.7391579122986671,0.22740322254798662,0.283380399896368,0.4463420063009834,0.2189387837529968,1.0,0.05263157894736842,0.04257154836074308,1.574468085106383,19.0,25.615151515151513,False,3,29.4,2026-10-06
Jonathan Huberdeau,CGY,COL,1.0,L,16.755975938332206,2.2378677128857065,1.00882985470008,1.740540036579916,0.232616027883864,0.299181135299119,0.531797163182983,0.5910201905237933,0.931994420650617,0.4596896283704075,0.29166943873942464,0.9004783309697209,0.2075422031888633,0.25857490098588565,0.4124518995347961,0.2049096963459328,3.0,0.12,0.05776763623625198,1.984251968503937,25.0,29.823920265780732,False,0,29.4,2026-02-04
Andrei Svechnikov,CAR,VAN,1.0,R,16.749525058537408,3.075347324325028,0.1265204149944553,2.560103964651317,0.41118022373621826,0.5226474872983324,0.9338277110345508,0.33842802363013336,1.848007097436563,0.6084175305603505,0.2926442042181942,0.9234377320231171,0.33713254361469136,0.40705135591322406,0.6069536405270812,0.26982109691238987,3.0,0.08823529411764706,0.08484841579106667,2.2857142857142856,34.0,31.386706948640484,False,4,29.4,2026-10-06
Matt Coronato,CGY,COL,1.0,R,16.736869940551202,2.0845450226173745,0.17275095137941515,2.265921406191953,0.24088418241035156,0.32024120414558493,0.5611253865559365,0.43176356411482353,0.8238810109103429,0.43163145310342205,0.33722721009508955,0.6795587924433658,0.2140673540579099,0.27402609196258987,0.42943340557123866,0.21536605151332877,5.0,0.15151515151515152,0.07785129294722404,2.765625,33.0,29.493939393939392,False,3,29.3,2026-10-04
Mason Marchment,SJS,STL,0.0,L,16.686374569238986,2.380256097380351,0.12442547641979572,1.875525835907191,0.266712055171213,0.3576310671744066,0.6243431223456196,0.4703039439260553,1.301029263832906,0.5220725783347775,0.40310077388682763,0.8287212782677723,0.2341064251882805,0.3006689664068467,0.4643868547045652,0.2302804295162847,1.0,0.07692307692307693,0.07307552464904939,1.5897435897435896,13.0,20.164133738601823,False,3,29.4,2026-10-05
Jack Quinn,BUF,DAL,1.0,R,16.664237231372603,2.5658316757799193,0.2906169646643255,2.53262486266322,0.2869076950914593,0.3377780139249359,0.6246857090163952,0.3479559373412929,1.1610486147667511,0.3495541758432852,0.27273135541740573,0.8235832590322855,0.24941899204909102,0.28664637510534896,0.4645703172011383,0.21515132515204727,2.0,0.07142857142857142,0.0672123515845962,2.607714016933208,28.0,28.63030303030303,False,3,29.4,2026-10-06
Matt Benning,TOR,VGK,0.0,D,16.660724639514413,0.25564283723216596,1.7953347511239421,0.8811119530815107,0.04160642968593391,0.18505843122267931,0.2266648609086132,1.4303043138641005,1.1001878897150479,0.45675888769766926,0.24041279306664676,0.5863372031937419,0.04075276247377346,0.16894427716860017,0.20281209364361819,0.16205933116984472,0.0,0.0,0.04573912582754401,1.8802816901408452,21.0,28.363636363636363,False,0,28.4,2026-01-03
Theo Lindstein,STL,SJS,1.0,D,16.65539910095742,0.25035278943099204,0.7399343778812772,1.3076610856642545,0.07874288326880313,0.24565425541693114,0.3243971386857343,1.0792343507083222,0.7779908596428926,0.3678845219153035,0.31012622944487894,0.6938794697563649,0.07572245888374263,0.2178073829602627,0.27703693124322126,0.20131447235947864,1.0,0.03571428571428571,0.04770582318650484,2.6956521739130435,28.0,24.893939393939394,False,3,14.7,2026-10-06
Brayden Schenn,NYI,CHI,1.0,C,16.651641552298035,2.7892690501841906,0.231223812290951,1.861193955637803,0.2983843369489052,0.4186613042697839,0.7170456412186891,0.5141611856966691,1.968550465624687,0.5668298073690597,0.28385701340618463,0.5699799965001507,0.25798389926685505,0.34207300540103946,0.5118075769006023,0.25382367763374725,2.0,0.10526315789473684,0.07055174363447034,1.574468085106383,19.0,25.615151515151513,False,3,29.4,2026-10-06
Nolan Allan,SJS,STL,0.0,D,16.622525600685517,0.18433736757466793,1.6359112138069487,0.808318046582961,0.05151027024274127,0.1746483601573207,0.22615863040006196,1.2618032648907358,1.240505315621809,0.4083110912936458,0.2492558089237646,0.6354936877333144,0.05020610470175069,0.16024774079031612,0.20240843063972913,0.15220232593797844,2.0,0.08,0.024385334729528804,4.769230769230769,25.0,20.149390243902438,False,2,23.2,2026-10-03
Logan Stankoven,CAR,VAN,1.0,C,16.615805697034734,1.681720572888333,0.6665599187611385,2.1947383488571637,0.3325684149685598,0.42147212194633865,0.7540405369148985,0.4319467005063469,0.9580783752946205,0.2994814828292394,0.36723358618569396,0.6193111445172849,0.28292039179308726,0.3439197216201828,0.5295382110271184,0.24661781923403114,1.0,0.029411764705882353,0.07316592869770558,2.2857142857142856,34.0,31.386706948640484,True,4,29.3,2026-10-06
Joel Farabee,CGY,COL,1.0,L,16.61503683831234,1.1733243243125024,1.7593323036121193,1.7706508499642695,0.21274876102346496,0.2578571915349705,0.47060595255843546,0.6037255385709313,0.8905165291598159,0.4543838557931334,0.3964019641322741,0.8032838658353278,0.19164079695475955,0.22729442687525747,0.3753763387202673,0.18373554176550777,4.0,0.12121212121212122,0.06742622042783424,2.765625,33.0,29.493939393939392,False,3,29.4,2026-10-04
Pavel Buchnevich,STL,SJS,1.0,L,16.57049504959464,1.6804097372073712,1.5701378626106,1.859810742872886,0.28299598133218534,0.3521369843880521,0.6351329657202374,0.4619621054471237,0.7363716023607927,0.358132814197165,0.32807793763488347,0.6865371718213772,0.24647718398847895,0.2968162098226703,0.47013497025192397,0.223657786263445,2.0,0.07142857142857142,0.08158050195341403,2.6956521739130435,28.0,24.893939393939394,False,3,29.4,2026-10-06
Gabriel Landeskog,COL,CGY,0.0,L,16.552608055520814,2.4823817284427863,0.13661257991588355,2.205119094329069,0.27895844463296277,0.360285728637711,0.6392441732706737,0.6066812070506439,1.3057069212966768,0.5742920465771371,0.2758250320942738,0.6573097635484693,0.2434286578383722,0.3025229915584471,0.47230888359649725,0.22888022575812506,3.0,0.08823529411764706,0.06308430593373186,2.3727272727272726,34.0,29.418181818181818,False,3,26.0,2026-10-07
Michael Amadio,OTT,PHI,1.0,R,16.552226552151183,0.37994810912885885,1.660256682968986,1.3654793042481541,0.2350207786069624,0.29330373536104826,0.5283245139680106,0.552987918827675,1.2938919209807542,0.3320485676567787,0.38096221348280146,0.7091372332240636,0.2094455771615613,0.2542044181983175,0.41040800427331325,0.20096242711175194,0.0,0.0,0.04831829098017995,2.3095238095238093,25.0,28.52121212121212,False,3,29.4,2026-10-06
Ridly Greig,OTT,PHI,1.0,C,16.52593683616817,0.8400694161475969,1.8758422119785547,1.6334622095773013,0.2386799130188733,0.33932790779836425,0.5780078208172376,0.5622216384801203,1.309073158036843,0.6285468456894495,0.33643511459484376,0.6268565842341579,0.21233303603285314,0.2877511411619367,0.4389851037699578,0.22665206773710467,2.0,0.08,0.05258292075342937,2.3095238095238093,25.0,28.52121212121212,False,1,29.4,2026-10-06
Jordan Staal,CAR,VAN,1.0,C,16.485871270275922,1.3376258387140887,1.9847835968892027,1.7017164883805131,0.2891455549434238,0.37828648489829153,0.6674320398417153,0.5995533988416457,1.9644296346049954,0.28324449931067447,0.2926483276119506,0.5923538892180147,0.25109680909251997,0.3149657794074383,0.48697568631741195,0.23587887722489198,1.0,0.029411764705882353,0.04736713170903161,2.2857142857142856,34.0,31.386706948640484,False,4,29.4,2026-10-06
Roope Hintz,DAL,BUF,0.0,C,16.467382715459856,2.7689554283382973,0.5622222841445648,1.976462347420623,0.26808922620235826,0.3991868672142379,0.6672760934165962,0.4554603366025399,1.272340145801327,0.4190746021628893,0.22627583574207105,0.6321301294443346,0.23516046566885263,0.32913467309514377,0.4868956757711769,0.25173521010232425,1.0,0.038461538461538464,0.08596363729782304,2.170212765957447,26.0,26.40909090909091,True,3,29.4,2026-10-05
Owen Tippett,PHI,OTT,0.0,R,16.45962010504245,1.838735059997161,0.35463050932725576,2.220423535842507,0.27493136364936266,0.3079822053335669,0.5829135689829296,0.6347424396173347,2.0151774814416497,0.46589975210111473,0.32119579708646945,0.7727863013605293,0.24037574072725398,0.26507160430163457,0.4417305617991215,0.20135482107186753,0.0,0.0,0.10881082582681953,2.0255754475703327,15.0,26.972809667673715,False,4,29.4,2026-10-05
Elias Pettersson,VAN,CAR,0.0,D,16.42149201564953,0.23016272008083485,1.5831357579468348,0.840356583301345,0.05146780723784225,0.16128568214336364,0.2127534893812059,1.3881499247580438,1.7214794666528797,0.49665130115713124,0.20574822584218874,0.7819570382403567,0.050165772742619574,0.1489510931008613,0.1916446191572183,0.14147884641459874,0.0,0.0,0.02820436613624554,3.3548387096774195,20.0,26.07250755287009,False,4,28.5,2026-10-04
Derek Forbort,VAN,CAR,0.0,D,16.40986111148214,0.19714404945341127,1.8574398406137627,0.7881964925096008,0.04270912935482581,0.17201968088047212,0.21472881023529794,1.5221880424566103,1.2988828196465256,0.5753551080661362,0.17730635697423908,0.8433806329266943,0.041809941102594395,0.15803739755990343,0.19323980437851096,0.15142986327591657,1.0,0.06666666666666667,0.027490739010421775,1.4852941176470587,15.0,26.13765182186235,False,0,29.2,2025-10-11
Maxim Groshev,TBL,MIN,1.0,D,16.39589770563961,0.5462831209147387,0.9562035580085605,1.2504229463386467,0.05910216348685396,0.2373936583858187,0.29649582187267265,1.1612661759237433,0.9176075165827998,0.39776315395750467,0.2645488680573381,0.7230241463480109,0.057389536133992225,0.21131924389350065,0.25658126664425895,0.19919173051026673,0.0,0.0,0.05971455532844972,3.0545454545454547,29.0,28.31418918918919,False,0,2.0,2026-01-26
Justin Barron,NSH,MTL,0.0,D,16.395818363416396,0.31099211973673635,0.7776058808373507,0.9293540502636465,0.054258143199432764,0.21072148874977556,0.2649796319492083,1.2721757222538412,0.9530795847845063,0.4295953281270939,0.1862153297890966,0.7684534185701684,0.05281243508868716,0.19000037052155483,0.2327784233752459,0.17996598828655874,0.0,0.0,0.0406028769629394,1.823529411764706,21.0,28.28527607361963,False,0,29.3,2026-04-16
Pavel Zacha,BOS,UTA,1.0,C,16.384570107162535,2.1204171219619634,0.4354943349974115,1.7521558027666038,0.28240902619979513,0.3809150371170048,0.6633240633167999,0.48001788417406543,1.0073064568932915,0.29937609830511924,0.3262848542382252,0.7389596072268146,0.24603477007839192,0.3167640631511046,0.48486385978301727,0.23882908970462535,1.0,0.05263157894736842,0.06388208124349348,1.8743961352657006,19.0,26.598187311178247,False,4,29.4,2026-10-05
Ryan McLeod,BUF,DAL,1.0,C,16.370498599864675,1.6276818010086525,1.9016928384438117,1.2240525156393736,0.1909465628100265,0.34839088917354405,0.5393374519835705,0.42786987887348316,0.6471467595794793,0.35608049785095086,0.4105321412137966,0.9781316199002696,0.17382326446520424,0.29417707625484946,0.4168655209946064,0.24304225652940215,1.0,0.03571428571428571,0.04293980991123388,2.607714016933208,28.0,28.63030303030303,False,3,29.4,2026-10-06
Zach Benson,BUF,DAL,1.0,L,16.356138039475628,1.6414061032299943,1.1095370623581648,1.8262623004731973,0.26293939690437895,0.34558277050829517,0.6085221674126742,0.3744224593973803,1.1482803694474557,0.4979020110585378,0.3693195597269691,0.7385383451306688,0.23121151313840782,0.2921922562275169,0.4558455556762352,0.22463404253782737,2.0,0.07142857142857142,0.05567072292607014,2.607714016933208,28.0,28.63030303030303,False,3,29.3,2026-10-06
Maveric Lamoureux,UTA,BOS,0.0,D,16.337183862951736,0.21995436389951445,0.7323815709690416,1.2170583384974885,0.05465335072032285,0.19609837739734956,0.25075172811767243,1.2205012390119563,1.2903579650007972,0.8431801936641492,0.24087842923125147,0.7429043089144827,0.053186696777645204,0.17806862876841767,0.22178444338214598,0.16859774660450078,1.0,0.03333333333333333,0.04615980605453066,4.084130019120459,30.0,24.458483754512635,False,0,14.7,2025-12-10
Jonathan Marchessault,NSH,MTL,0.0,R,16.31405142118066,2.3211790988794307,0.11688527112835236,1.9090461468408078,0.2344682450537136,0.33465733194414704,0.5691255769978607,0.3017170503420589,1.1492104425081586,0.4649215116997283,0.2518805795224719,0.7619820750576002,0.20900864861954982,0.28441674813331597,0.4339798365807547,0.22497118796120485,2.0,0.08,0.10166802167030298,3.5783132530120483,25.0,28.231003039513677,False,3,29.4,2026-10-06
Fraser Minten,BOS,UTA,1.0,C,16.312525176084517,1.334468559705807,0.971425167488714,1.593454951899382,0.21328654389798593,0.2951093852096714,0.5083959291076573,0.5384734706949748,1.470596497525483,0.3239458499049682,0.35942450058694636,0.672256525918269,0.19207540181861782,0.25554984882384857,0.3985404107449386,0.2064650089263208,1.0,0.05263157894736842,0.05152345438733433,1.8743961352657006,19.0,26.598187311178247,False,4,28.7,2026-10-05
Lawson Crouse,UTA,BOS,0.0,L,16.309920776380995,0.9495133169067312,1.8884025872275065,1.8923432562980178,0.25213236846420733,0.2775484942486879,0.5296808627128953,0.4902245583272056,2.1077591129338535,0.5049256042807628,0.3136713232525623,0.6328821191909845,0.22285813781443375,0.2423611774133847,0.411207154550958,0.18834901673652427,1.0,0.03225806451612903,0.07399162804115579,1.8422535211267608,31.0,24.957703927492446,False,4,29.4,2026-10-06
Philippe Myers,TOR,VGK,0.0,D,16.28659364538914,0.18604314714343262,1.074231993855398,1.0829342213116486,0.04543284724928181,0.15461961120955842,0.20005245845884023,1.3580862320871037,1.3535286352334783,0.5036683726809061,0.2235364230594381,0.8384042516148541,0.04441622950386548,0.14325898981528307,0.18131219514902097,0.1368959656451555,0.0,0.0,0.04853893870650341,2.42798353909465,16.0,28.083333333333332,False,0,28.1,2026-04-09
William Trudeau,NSH,MTL,0.0,D,16.273817289199847,0.5462831209147387,0.9468787330221751,1.2438624042204005,0.05861478546990339,0.23033283052331235,0.2889476159932157,1.2202852082149225,1.0953654725146518,0.43123782492141854,0.23597618114811772,0.7432895835042973,0.0569300165445793,0.2057307985285688,0.2509485573091871,0.19401854076460778,1.0,0.04,0.05788243971087612,3.5783132530120483,25.0,28.231003039513677,False,2,2.0,2026-10-06
Nikolaj Ehlers,CAR,VAN,1.0,L,16.272774878715822,2.717948258047498,0.12278048098477169,2.510850888629915,0.3144888088928144,0.49277165962420605,0.8072604685170204,0.38386808543699424,0.7661331569487095,0.3138475019721571,0.28672881323598387,0.8343294228599413,0.2698379687791622,0.3890692467018706,0.5539215602365613,0.28408359145739903,3.0,0.08823529411764706,0.0911459610980889,2.2857142857142856,34.0,31.386706948640484,False,4,29.4,2026-10-06
Drake Batherson,OTT,PHI,1.0,R,16.261422955302894,2.841795294675499,0.12257519473637159,1.9868330484247518,0.2968919880237441,0.3862436488734849,0.683135636897229,0.32967800908057077,1.603437222846658,0.4894204999246832,0.2628003415743112,0.7294125136714408,0.25687572565129,0.32039507946691614,0.49496908658503935,0.23809336093374933,2.0,0.08,0.08645539986008673,2.3095238095238093,25.0,28.52121212121212,False,3,29.4,2026-10-06
Ryan Greene,CHI,NYI,0.0,C,16.258918884839556,1.138381957932299,1.4214962746748405,1.3997807419811623,0.19236033216015255,0.26290680034961095,0.4552671325097635,0.5295139258874937,0.8586046431113677,0.29575731935865857,0.2675718304495675,0.5961507865365029,0.1749904625428459,0.2311864528739539,0.3657214910947467,0.19073102855190083,1.0,0.047619047619047616,0.05359035849064149,6.0,21.0,21.157575757575756,False,4,27.9,2026-10-06
Ethan Del Mastro,CHI,NYI,0.0,D,16.246798483682966,0.19233665409995268,0.9318979276443253,0.9920831884771723,0.04386454313768867,0.16441783791355272,0.2082823810512414,1.1356539712841849,1.0899836822570246,0.3807342047147084,0.25683794327531806,0.743711056288243,0.042916407766736886,0.15161254063537077,0.18802228278564914,0.14510587501891226,0.0,0.0,0.040321454388358734,1.842105263157895,15.0,21.17629179331307,False,1,23.2,2026-10-03
Ilya Mikheyev,TBL,MIN,1.0,R,16.23580635453095,0.3758994849636378,1.751217319292062,1.6691540266385174,0.2333826892426443,0.2700636777923121,0.5034463670349564,0.3520753607392447,0.8464275586786161,0.3285029440134251,0.3012562411973344,0.701617836357573,0.20814951712833085,0.2366691144363764,0.39555606967558576,0.1874065525472549,1.0,0.027777777777777776,0.06978892051225272,3.129151291512915,36.0,28.39090909090909,False,3,29.4,2026-10-05
Chris Kreider,MTL,NSH,1.0,L,16.20041248788871,2.5777585563654344,0.33212437858402505,1.8788778431810702,0.2930762397677618,0.4395737833502696,0.7326500231180314,0.3294102463900953,1.2240288768746448,0.41941928061593425,0.2716551812108243,0.7305329920474682,0.25403473368945795,0.3556890213648166,0.5193663892355994,0.26533165554614146,1.0,0.05,0.08711273734394905,2.0344827586206895,20.0,24.724242424242423,True,3,29.4,2026-10-06
Connor McMichael,STL,SJS,1.0,L,16.19335323373286,1.5111473148279269,1.741508102901854,1.8706986646327532,0.290789758205735,0.3775451916794662,0.6683349498852011,0.5088839525626556,0.8735226542530017,0.4137219208724254,0.3493292305469871,0.6658174133597389,0.2523271464226644,0.314457779920025,0.4874386920650633,0.2351115456423989,5.0,0.17857142857142858,0.07214466669541694,2.159090909090909,28.0,24.893939393939394,False,3,29.4,2026-10-06
Liam Ohgren,VAN,CAR,0.0,L,16.17750838709003,0.8204817074261656,1.0865683568895526,1.4395950220189169,0.18908489753878402,0.24804515757399115,0.43713005511277514,0.6930670739699589,1.1437763718292795,0.30264918651803485,0.3057748086035721,0.7360806081800216,0.172283767359234,0.2196752950881985,0.35411257501388627,0.18182880765465226,2.0,0.1,0.05180178224652779,3.3548387096774195,20.0,26.07250755287009,False,4,28.5,2026-10-04
William Karlsson,VGK,TOR,1.0,C,16.173702580728445,1.3469172426944747,1.3853491122716306,2.1191590273652023,0.2617666059098085,0.34967458857057127,0.6114411944803797,0.5370202861170835,0.6619745150252495,0.2812492472919636,0.3665766556695352,0.7005526367644579,0.23030935600681246,0.29508255940803596,0.4574316411887416,0.22712228518192912,1.0,0.03571428571428571,0.07817370218114987,2.7029702970297027,28.0,27.963746223564954,True,4,29.3,2026-10-06
Easton Cowan,TOR,VGK,0.0,R,16.15940694357286,1.6927878289447817,0.2030897793706625,1.5097902403086267,0.20629565741987493,0.3033034969146124,0.5095991543344873,0.4721156876813359,1.2844759149663958,0.5921008316527716,0.28014992923744275,0.890529757625026,0.1864075039382057,0.26162503216352173,0.39926366688837256,0.21285616295016685,3.0,0.08108108108108109,0.05437582200851573,4.0,37.0,27.987915407854985,False,4,26.8,2026-10-06
Justin Holl,STL,SJS,1.0,D,16.142832585281315,0.18365071697827312,0.9521164486017172,0.9945560504886255,0.05639423275723226,0.21703538931395006,0.2734296220711823,1.0620410724249831,0.7489024661996099,0.3685864498880772,0.2795547253655063,0.6708036026297488,0.05483355314227745,0.19509851611034745,0.2392341244015087,0.18440057125923126,1.0,0.034482758620689655,0.024000313332639772,5.5,29.0,24.880733944954127,False,0,29.3,2026-04-16
Jake DeBrusk,VAN,CAR,0.0,L,16.129881503858122,2.0934064758743083,0.41259521247737313,2.0737171568081947,0.2777306876875028,0.2920058429152958,0.5697365306027986,0.518925060645577,1.0558317086026534,0.37620439546372264,0.22924148863062369,0.559098247247804,0.2424992016619134,0.2532358273191969,0.43432554302401094,0.19182634136209753,4.0,0.18181818181818182,0.09360591952554574,3.0384615384615383,22.0,26.085106382978722,False,2,29.4,2026-10-01
Tyler Tucker,STL,SJS,1.0,D,16.12721554661165,0.18386627585880702,0.9362711787730822,1.1576224328153293,0.06813452988435613,0.24788046517477696,0.3160149950591331,0.9876698614747546,1.3485035605445976,0.6241100812635004,0.2823611612968731,0.8240999464158011,0.06586520392237605,0.2195467709571972,0.2709514820399783,0.20508627811760227,1.0,0.034482758620689655,0.03549056691070253,5.5,29.0,24.880733944954127,False,0,29.2,2026-04-16
David Spacek,MIN,TBL,0.0,D,16.108838560067216,0.5462831209147386,0.9468787330221748,1.0061698214283163,0.05705154512614961,0.1991862722580274,0.256237817384177,1.2873586425984191,1.00267217600393,0.46302087366699224,0.2511553314612634,0.6287884133491626,0.05545461859911782,0.18060275185904795,0.22604211373587124,0.17058749513675342,0.0,0.0,0.049324840676529196,3.2413793103448274,20.0,27.135135135135137,False,0,2.0,2026-01-20
Yanni Gourde,TBL,MIN,1.0,C,16.088237135251696,0.34944272808671933,1.7898117700457787,1.4903978970635923,0.17509555324781023,0.2605459607596253,0.4356415140074355,0.4147634732401598,1.3454827985804019,0.4955749622527006,0.39126294954956237,0.7754955132605217,0.16062318824334743,0.2293692632119516,0.35315042911316774,0.19252724086982032,1.0,0.03225806451612903,0.05977406441647047,2.792270531400966,31.0,28.3914373088685,False,0,29.4,2026-04-15
Victor Soderstrom,BOS,UTA,1.0,D,16.03209746951891,0.6059237864765415,0.4127790226639633,1.0913277840641395,0.05405311427959151,0.213100380603336,0.2671534948829275,1.3506336080864658,0.7701523187308299,0.4157730837573983,0.22696438716323583,0.824857532781494,0.05261821433561109,0.19192498191269347,0.23444444641366413,0.18182623207805304,0.0,0.0,0.05191279253073971,2.3176733780760626,20.0,26.574468085106382,False,0,22.3,2025-12-21
Collin Graf,SJS,STL,0.0,R,16.011327565566056,0.43499423674706444,1.756856567393369,1.5843156244203132,0.22845719144474905,0.26029679161103064,0.48875398305577966,0.46288789367938366,1.1782368838746804,0.4374519155011146,0.39052217306543163,0.5794537238747166,0.20423963817323343,0.2291772218829916,0.386609787181296,0.1823701490080626,0.0,0.0,0.055220254165081986,1.5897435897435896,13.0,20.164133738601823,False,3,29.0,2026-10-05
Morgan Frost,CGY,COL,1.0,C,16.004011268695635,2.0202579712978275,0.2751498490980643,1.805271435574151,0.2280047685310464,0.28710103862689784,0.5151058071579442,0.632140443329996,1.0480688630343968,0.3228857882545615,0.3690191091596194,0.6800472269539083,0.20387953649874468,0.24956409800669987,0.4025626218771112,0.19868308537836654,3.0,0.09090909090909091,0.06543050717184369,2.765625,33.0,29.493939393939392,False,3,29.4,2026-10-04
Jake Bean,CGY,COL,1.0,D,16.002562549161222,0.23365223258210507,0.5459404248940697,1.140940199776308,0.0468798844560706,0.16521245838713558,0.2120923428432062,1.3422075237858762,0.6375352396301573,0.32259121760714277,0.337697529371694,0.7858064170845819,0.045797994799971264,0.1522864189059192,0.19111000108473086,0.1453120062847596,1.0,0.043478260869565216,0.03946532890175008,1.9397590361445785,23.0,29.90909090909091,False,0,29.3,2025-12-06
Dmitri Simashev,UTA,BOS,0.0,D,15.983219526298742,0.19524544075232073,0.6731149550411551,1.0189153029584068,0.04582670575559155,0.17853131344525724,0.2243580192008488,1.0869977505899977,0.9859087288860375,0.4902455592879116,0.16629845023390988,0.8118183280942671,0.04479252019285829,0.16350213716275397,0.20097098457517404,0.15617846438231575,0.0,0.0,0.03527015644377494,1.8422535211267608,31.0,24.957703927492446,False,4,19.7,2026-10-06
Tomas Hertl,VGK,TOR,1.0,C,15.975346715872508,3.2863713618238855,0.2626394622923787,2.421732361311569,0.34800803052964163,0.45383576894596034,0.801843799475602,0.5438375577059147,1.2745373979961967,0.32787450602527124,0.27210706447875094,0.6313709130980516,0.2939067941108031,0.364812957882245,0.5514987450917981,0.25759195098099497,3.0,0.10714285714285714,0.10200642872970538,2.7029702970297027,28.0,27.963746223564954,False,4,29.4,2026-10-06
Ryan Hartman,MIN,TBL,0.0,R,15.96293951275506,1.1401580254015766,0.1413283990132169,1.9224989828551569,0.2519787044050434,0.2900742749367595,0.542052979341803,0.8670183304678649,1.0549583043790853,0.7226332244987305,0.2833792294881468,0.7137955292018331,0.22273870986568733,0.25179200758664966,0.41844689052799533,0.195708180662308,0.0,0.0,0.08262141381420214,2.1750245821042284,20.0,27.37272727272727,False,3,29.4,2026-10-06
Joel Hanley,CGY,COL,1.0,D,15.95430189050104,0.18232396404190446,1.1803447691700761,0.8789762560749043,0.0393724421732641,0.15425874666708153,0.19363118884034564,1.4832602715571048,0.8411764930185384,0.4547795684919874,0.22061493076592525,0.8242128676253803,0.0386074206824204,0.1429497665721251,0.17603826548004164,0.13743084479762124,0.0,0.0,0.023601582283849766,2.857142857142857,24.0,29.51063829787234,False,1,29.3,2026-10-03
JJ Peterka,BOS,UTA,1.0,R,15.950853613013273,1.6295414720724357,0.11986349007491995,1.9672414798035693,0.25254975714467637,0.29596215417703775,0.5485119113217141,0.3576468788607358,0.7212120417124434,0.3467550105159415,0.31755638179926154,0.8936722748458855,0.22318244034601753,0.2561844221998255,0.4221909980206515,0.199008557674634,0.0,0.0,0.07555122815898656,1.8743961352657006,19.0,26.598187311178247,False,4,29.4,2026-10-05
Ivan Demidov,MTL,NSH,1.0,R,15.932574273542125,3.1083053928747177,0.12823814356215074,1.9847276978056634,0.2905579497685422,0.41838164310242526,0.7089395928709674,0.34966118822236275,0.7984882762293987,0.433198039766851,0.2809511047189173,0.7712559738601703,0.25215380945723587,0.3418889830389382,0.5078341830114455,0.2556803735542096,3.0,0.12,0.059930045356922854,2.290909090909091,25.0,24.72340425531915,False,2,27.9,2026-10-03
Kiefer Sherwood,SJS,STL,0.0,L,15.870821646328016,1.0987651349248757,0.8344562551404214,1.9999095225339811,0.233379450827842,0.26881201723602577,0.5021914680638677,0.3710800513547938,3.1237151474863043,0.4820271542587758,0.3054803641264066,0.7552883888658564,0.20814695278385376,0.23571308508822242,0.3947970774796813,0.18665012469582754,1.0,0.07692307692307693,0.07156505197971137,1.5897435897435896,13.0,20.164133738601823,False,3,29.4,2026-10-05
Kevin Korchinski,CHI,NYI,0.0,D,15.86505320905305,0.3918349923455579,0.3817508931320134,0.9804475015067439,0.04503992441098017,0.16522977494609048,0.21026969935707066,1.0544052315550165,0.5626575999335853,0.36862493952163056,0.2148546280521833,0.7370743710792295,0.044040685041360716,0.15230109826102478,0.1896343386024184,0.1455936535610577,2.0,0.13333333333333333,0.051399923617143795,1.6296296296296295,15.0,21.17629179331307,False,1,28.6,2026-10-03
Ilya Lyubushkin,DAL,BUF,0.0,D,15.856535758281508,0.18694358281750328,1.2941465303554949,0.8274056408821715,0.04238614206972925,0.17221030247990063,0.2145964445496299,1.4086074699328064,1.105553270458157,0.5203882369801707,0.214274161088969,0.7243888247699486,0.041500407911913006,0.1581978785217848,0.19313300994424454,0.15163260203233153,1.0,0.03571428571428571,0.023227658721899858,3.202247191011236,28.0,26.39755351681957,False,0,29.4,2026-04-15
Jaycob Megna,VGK,TOR,1.0,D,15.838990340925303,0.18507218854620983,1.1808123710076202,0.9240833430637272,0.043466937873023526,0.1733817446367399,0.2168486825097634,1.152382801534718,1.1060119062595117,0.3751550984850594,0.24214336265946873,0.666590354662904,0.04253579062906576,0.15918342364734395,0.19494822149652846,0.1524124308674627,1.0,0.04,0.04119842386732982,5.297297297297297,25.0,27.81911262798635,False,0,28.7,2026-01-19
Ryan Ufko,NSH,MTL,0.0,D,15.798416413747832,1.4426825519196163,0.42732454988219004,1.048340081928988,0.06135164048524757,0.2679951096316673,0.32934675011691483,1.0926034322550766,0.8382670314256568,0.4273558377320829,0.20022616208565389,0.6618589659432403,0.0595075336044929,0.23508847820719914,0.2806064762947481,0.2210989426902552,1.0,0.05,0.0316513827498383,2.68936170212766,20.0,28.262996941896024,False,1,14.7,2026-10-01
Jeff Petry,MIN,TBL,0.0,D,15.787543163800883,0.36019927048945616,1.1275356250561248,0.9537049275133999,0.04373175498738773,0.17230056500669313,0.21603231999408087,1.1331175971073515,1.0970803068399784,0.43772688063697696,0.2702438907995018,0.6609333661433721,0.042789309968486844,0.1582738582792147,0.1942907390658839,0.15150142909739706,1.0,0.05,0.042883215056526085,3.658536585365854,20.0,27.37920489296636,False,0,29.4,2026-04-14
Drew O'Connor,VAN,CAR,0.0,L,15.786311940877502,1.1715712951928112,0.9038984768859254,1.7485853803247202,0.22619332182484087,0.2500623089973295,0.4762556308221704,0.4887535563499947,1.309796975507243,0.5006695221765453,0.3071267152209735,0.6469778856972908,0.2024360997477188,0.22124774171272676,0.37889531155013045,0.17645921180241164,3.0,0.15,0.05986455507091999,3.3548387096774195,20.0,26.07250755287009,False,4,29.4,2026-10-04
Yegor Sharangovich,CGY,COL,1.0,C,15.785586332071368,0.9855098291268484,1.3902564054524105,1.583669336535665,0.18223552810747462,0.24741167909897716,0.4296472072064518,0.5113531345120634,0.7089433348895439,0.2881061766563543,0.32824580758689637,0.6877771289304822,0.16659497301078874,0.2191808195808559,0.3492613698690894,0.18266639685830066,1.0,0.030303030303030304,0.06310867395385168,2.765625,33.0,29.493939393939392,False,3,29.4,2026-10-04
Emil Heineman,NYI,CHI,1.0,L,15.785038217518817,1.3336997671997628,0.8645547052376125,1.895043420693421,0.2506229537912428,0.2705591599585568,0.5211821137497996,0.4614999508372093,2.23349725410659,0.3148143077654881,0.26603205658082263,0.6794655604310194,0.22168422274524147,0.23704723759274082,0.4061818277183289,0.18449760497308743,0.0,0.0,0.059878261096161366,1.574468085106383,19.0,25.615151515151513,False,3,29.2,2026-10-06
Josh Norris,BUF,DAL,1.0,C,15.769184287543373,2.4890771072553557,0.5314991535884391,1.5686291684480205,0.22956704052294552,0.3562929624700197,0.5858600029929653,0.5796582097885568,1.186597800248423,0.4937034754677006,0.29395705899146013,0.5416231207393266,0.20512232216366066,0.2997325618969533,0.44337304493624774,0.23825072277258708,0.0,0.0,0.06363229843093728,2.607714016933208,28.0,28.63030303030303,True,3,29.2,2026-10-06
Teuvo Teravainen,CHI,NYI,0.0,C,15.753457841928071,2.1312651974167385,1.5344960247814727,1.286406237429215,0.1717216774701144,0.2955414347318181,0.4672631122019325,0.4887414985487084,0.6089362488019808,0.2554324929778195,0.27505519807600015,0.6410030350709139,0.15778645244358958,0.25587141868387187,0.37328482769162485,0.21549837524803528,0.0,0.0,0.06011830037860747,6.0,21.0,21.157575757575756,False,3,29.4,2026-10-06
Adam Ginning,PHI,OTT,0.0,D,15.75011555548575,0.22511755533471792,1.1997883624933996,0.857048048295815,0.047349660800924634,0.17392079787488202,0.22127045867580664,1.138648209556598,1.2312961094574917,0.36426071768069246,0.20529626164471632,0.6737301509278415,0.04624615105538077,0.15963654640589298,0.19850012162222752,0.15225397056684675,0.0,0.0,0.030265012965937522,2.5394736842105265,26.0,27.387351778656125,False,0,12.5,2025-10-25
Olen Zellweger,BUF,DAL,1.0,D,15.726375320467673,0.3142869264063777,1.2953114728262085,1.2562124205124503,0.06782239504838763,0.20147796106821605,0.2693003561166037,1.0447577878970309,0.6995976360716704,0.356154693241101,0.24240333155824895,0.8076171594510528,0.0655735824007796,0.1824784053357842,0.23608622498791487,0.17051264258713528,0.0,0.0,0.06064598326360855,2.607714016933208,28.0,28.63030303030303,False,2,29.3,2026-10-06
Matvei Gridin,CGY,COL,1.0,R,15.7259216898886,1.8923705942819666,0.13500127374717058,1.8871291040297937,0.20997846712588822,0.29490543045420414,0.5048838975800923,0.6844398397163113,0.8406158257749535,0.32718754223241486,0.3005919407322746,0.86606154008379,0.1893982996333664,0.2553979991906068,0.3964243520475085,0.20702605241414207,1.0,0.030303030303030304,0.07069920401670393,2.765625,33.0,29.493939393939392,False,3,22.0,2026-10-04
Jack Roslovic,TOR,VGK,0.0,C,15.7160197331696,1.6536908996301976,0.19500937414868627,1.7871080751293638,0.2284327110841703,0.2986003748857589,0.5270330859699293,0.5059376865130453,0.9783061592520894,0.32611269863983505,0.25529002676927964,0.6618192944594111,0.20422015743419486,0.25814418557978414,0.4096460967941534,0.20542593935995856,4.0,0.10810810810810811,0.06478786175500757,4.0,37.0,27.987915407854985,False,4,29.4,2026-10-06
Ivan Barbashev,VGK,TOR,1.0,L,15.713774114193585,1.131873110034143,0.12317644333815321,1.8722873549253918,0.2650547632258282,0.3899736571863722,0.6550284204122004,0.37078979901019776,1.5178793230809806,0.3302406268208128,0.26222920463120714,0.9031594089942562,0.23283606354643105,0.32292528968385326,0.48057269996070495,0.2477366364142739,2.0,0.07142857142857142,0.05679154523738974,2.7029702970297027,28.0,27.963746223564954,False,4,29.4,2026-10-06
Jean-Gabriel Pageau,NYI,CHI,1.0,C,15.696755448514603,0.7667753351304382,1.7904064090310101,1.3896375768806937,0.22083024608396606,0.29490538878594974,0.5157356348699158,0.47524892660870777,1.5536219163461837,0.24947066475599963,0.32245281235992335,0.623213318881249,0.19814721361183096,0.25539796816434057,0.4029387860222844,0.20479157241045343,0.0,0.0,0.05451579307284375,1.574468085106383,19.0,25.615151515151513,False,3,29.4,2026-10-06
Noah Ostlund,BUF,DAL,1.0,C,15.680733470809903,1.5335636840519813,0.34362932153454034,1.4083551119826214,0.19568182493507938,0.31029090038664187,0.5059727253217212,0.48159945906028817,0.6768302559678737,0.3534411827882621,0.34227536033161854,0.657623665121288,0.17772617991290873,0.2667663727486129,0.39708118430368766,0.21935500439077893,2.0,0.07142857142857142,0.03645673813833748,2.607714016933208,28.0,28.63030303030303,False,3,26.9,2026-10-06
Brett Howden,VGK,TOR,1.0,C,15.627739172320403,0.924355457069653,1.0510167863110986,1.5746716799165852,0.2400266639423664,0.3045677908221309,0.5445944547644973,0.40334381726348795,1.3690840788385625,0.5191977010931483,0.31543599526435423,0.6945742468977016,0.21339311325376764,0.2625579652617358,0.419923016898727,0.20652990364495938,0.0,0.0,0.04371619415405893,2.7029702970297027,28.0,27.963746223564954,False,4,29.4,2026-10-06
Scott Mayfield,NYI,CHI,1.0,D,15.578668368156848,0.1889837076532352,1.4132370414032027,1.0079265444784133,0.048319772810413664,0.21378679669274925,0.2621065695031629,0.8752399096434894,1.0597658377542307,0.45164692082778246,0.30676669845152166,0.7942949005650255,0.04717095046630215,0.1924794672809511,0.23057097833036322,0.18340002786406107,0.0,0.0,0.04080546949729753,2.0689655172413794,29.0,25.581039755351682,False,0,29.4,2026-04-14
Abram Wiebe,CGY,COL,1.0,D,15.577082413790619,0.41140663177165065,0.713095783733103,1.0136159802875324,0.04998572264634499,0.18804785478190642,0.2380335774282514,1.1763075691379425,0.9574926530059348,0.39240617827398816,0.2503140666370219,0.7027109363369778,0.04875699436343428,0.17142494499463656,0.21182377428121524,0.16306677991778096,0.0,0.0,0.038688933159973286,2.6446945337620575,21.0,29.55045871559633,False,0,3.8,2026-04-16
Sean Couturier,PHI,OTT,0.0,C,15.550651353576052,0.5177124329716448,2.201948851399439,1.2995015724854182,0.18427221152365206,0.2564691294549248,0.44074134097857687,0.4338912073052315,1.3877266376755024,0.4231256257213017,0.30835447961217444,0.6353360137082252,0.16829062786601245,0.22622111883339646,0.35644085257438485,0.1881502247083724,1.0,0.06666666666666667,0.07294983128632307,2.0255754475703327,15.0,26.972809667673715,False,4,29.3,2026-10-05
Skyler Brind'Amour,CAR,VAN,1.0,C,15.54664579741318,0.6775354061387264,1.7361628574338797,1.469587467121286,0.23848191091924772,0.3184551461153604,0.5569370570346082,0.4466438991405985,1.1379848439053697,0.4006344973892022,0.3222844760655458,0.6472857009107783,0.21217706087898758,0.2727283018151452,0.4270386731964778,0.21486161231749024,1.0,0.047619047619047616,0.03780491840553734,2.283707865168539,21.0,31.43730886850153,False,0,5.5,2026-04-14
Justin Hryckowian,DAL,BUF,0.0,C,15.540468305246971,1.3851228262143913,1.427683651688872,1.3533874773259364,0.1962874767681094,0.2639275999216237,0.46021507668973305,0.6050373007445723,1.3656029789003423,0.4431972721518046,0.33375260452802247,0.4480036920136412,0.17822404077890552,0.23197085698601227,0.36885211428992515,0.19062807351101962,0.0,0.0,0.04011407475469847,2.170212765957447,26.0,26.40909090909091,False,3,28.0,2026-10-05
Brayden Pachal,CGY,COL,1.0,D,15.52999426991755,0.18150238536783064,1.133019034662193,0.9732342900368592,0.0438810711263183,0.17990495041313126,0.22378602153944954,1.2997650642181506,1.772529865842595,0.5463639240264883,0.23371695451697316,0.8051540538278894,0.04293222630274229,0.16465039272699744,0.20051381110834887,0.15758158480560658,1.0,0.047619047619047616,0.03241075778837802,2.6446945337620575,21.0,29.55045871559633,False,0,29.3,2026-04-16
Charles Alexis Legault,CAR,VAN,1.0,D,15.526149035360158,0.23425105787268818,1.1773727328218855,1.2097640508452037,0.07674453317814438,0.2282908714513948,0.30503540462953915,1.0372464736607236,1.054671554925889,0.5600796977042782,0.336714524403487,0.8425388639255178,0.07387358203933014,0.20410727630823566,0.26290272272638515,0.189029140687055,1.0,0.030303030303030304,0.041782246052937996,2.420824295010846,33.0,31.35562310030395,False,2,11.3,2026-10-02
Tyler Seguin,DAL,BUF,0.0,C,15.516666032863872,1.6751719867816,0.3925147452615866,1.6716106081095117,0.22263907077543507,0.3220776076457598,0.5447166784211949,0.3544465407603376,0.8708253298304903,0.36575990793496,0.23824185572506962,0.5382839418386838,0.1995963137516138,0.2753580496081822,0.41999391169616873,0.22039759794455493,2.0,0.07692307692307693,0.08333697608232002,2.170212765957447,26.0,26.40909090909091,False,3,29.3,2026-10-05
Dylan Coghlan,VGK,TOR,1.0,D,15.482737076667071,0.41216111839611713,0.5562237164243949,1.6025791972207437,0.06649097674167705,0.22947149618704454,0.2959624729287216,1.0141563486644154,0.8322371650235205,0.3658218130637235,0.24379941581114592,0.7067590616660403,0.0643286413773857,0.20504637247558577,0.25618465929225565,0.19185601791486995,1.0,0.04,0.05718232874634999,3.515492957746479,25.0,27.815181518151814,False,0,17.8,2026-02-25
Calum Ritchie,NYI,CHI,1.0,C,15.454277222717506,2.3838803608102603,0.19872839870438458,1.651891697647893,0.2684218242395109,0.3909439781303757,0.6593658023698865,0.47782288639717796,0.7868328158187907,0.3153109202598981,0.2938990395761621,0.7406122321033799,0.23541480749756682,0.32358195081838026,0.4828207756543509,0.24740596815678406,2.0,0.10526315789473684,0.046350428501159065,1.2,19.0,25.615151515151513,False,3,27.2,2026-10-06
Marshall Rifai,TOR,VGK,0.0,D,15.43460057345198,0.4665027354417662,0.8085944854873528,1.0505074402673575,0.052044525444430396,0.19561664769928003,0.24766117314371042,1.1992169236100032,1.024416840478499,0.3745684863020771,0.2338084841872755,0.589310963545783,0.050713401505801725,0.17767258463166813,0.21937560501647047,0.16866220351066874,1.0,0.024390243902439025,0.04764894433895439,4.575471698113208,41.0,28.296666666666667,False,0,2.9,2026-01-31
Jason Zucker,BUF,DAL,1.0,L,15.433801012239906,2.92532450612344,0.12025841000989573,1.9647174027180891,0.28288459510753433,0.3394422003366264,0.6223267954441607,0.3913297417932313,1.1396171404957427,0.3861056958018038,0.25456996745499266,0.8308911403254533,0.2463932472522038,0.2878325412400883,0.4633057939912928,0.216912546739089,2.0,0.07692307692307693,0.07722427565446746,2.535714285714286,26.0,28.662576687116566,False,0,29.4,2026-04-13
Jonathan Drouin,STL,SJS,1.0,L,15.41293329918341,1.8422911807755842,0.12565157392125084,1.6100745743665312,0.22795996883152664,0.3344353425544087,0.5623953113859353,0.5051732859079421,0.7158622939817882,0.2790722081692505,0.2943206536878154,0.6490139549434791,0.2038438697422742,0.28425787861090535,0.430157522372403,0.22631365263012881,3.0,0.0967741935483871,0.05224247635375677,3.2527472527472523,31.0,24.86196319018405,False,0,29.4,2026-04-14
Michael Kesselring,SJS,STL,0.0,D,15.378064092599288,0.1886587262176437,1.1422453326000108,1.3194357098908198,0.049423796972249905,0.17486909735871858,0.2242928943309685,1.0426810250234928,0.8125096592234511,0.6712422169603811,0.23142789593984153,0.8209320780493018,0.0482223162856632,0.1604330848969594,0.2009189462200368,0.1526966299343736,1.0,0.07692307692307693,0.05493162605887768,1.5897435897435896,13.0,20.164133738601823,False,3,29.3,2026-10-05
Lassi Thomson,OTT,PHI,1.0,D,15.35642005447573,0.6710867989198225,0.46945731755192477,1.1330472870466568,0.055153236299907156,0.2303818716250819,0.28553510792498904,1.0055795002862546,0.870390494530685,0.3709454443707914,0.2854335516922652,0.6352287137541754,0.053659876816692265,0.20576974941020565,0.24838804682094462,0.19472817000425235,3.0,0.07894736842105263,0.03685861611159504,5.777777777777778,38.0,28.504587155963304,False,0,10.6,2026-04-15
Alexander Petrovic,DAL,BUF,0.0,D,15.337015243453758,0.18071952502293387,0.7144629698041105,1.081487490423716,0.0455663137956084,0.17002837351757477,0.21559468731318318,1.2283411303214389,1.3722031608446181,0.40636551407236815,0.18833359397602525,0.6790052356930029,0.04454375945875877,0.15635912080252157,0.19393805719506974,0.14939429773631097,1.0,0.030303030303030304,0.042903501628484386,4.706382978723404,33.0,26.37730061349693,False,0,25.7,2026-04-13
Cole McWard,NYI,CHI,1.0,D,15.324618985218445,0.2943944428563203,0.5193867645121828,1.2010301215272352,0.06076411479798153,0.19983622059377074,0.26060033539175226,1.0984384517952404,1.0926352948850824,0.3094295540072742,0.2792720122740651,0.7259702921512549,0.05895480776739115,0.1811351447041264,0.22941116483556712,0.17045635706817597,1.0,0.03225806451612903,0.047933231708990824,3.6493506493506493,31.0,25.19377162629758,False,0,7.9,2026-01-08
Porter Martone,PHI,OTT,0.0,R,15.314911313660762,1.8116309348321764,0.1915968250238443,1.9122462000633311,0.25069779172811857,0.30794878016421906,0.5586465718923377,0.3791295667052278,1.410719628396073,0.497037314495854,0.24264669402173225,0.6152096936257171,0.22174246811274034,0.2650470387849988,0.4280173223515803,0.20627485423883996,0.0,0.0,0.0993823035575244,2.0255754475703327,15.0,26.972809667673715,False,4,10.6,2026-10-05
Josh Doan,BUF,DAL,1.0,R,15.313067455181812,1.9792765661544707,0.12287398873646767,1.7896861304286056,0.24843594441364275,0.300804153749586,0.5492400981632288,0.4194277955490114,1.2714402886095226,0.35003622760943526,0.3971928291298301,0.6725137877526799,0.2199801761379021,0.25977727160243813,0.4226115977766123,0.20263142163871017,0.0,0.0,0.06860771592876963,2.607714016933208,28.0,28.63030303030303,True,3,29.2,2026-10-06
Zach Bogosian,MIN,TBL,0.0,D,15.297734927007816,0.18967939114444798,1.1386484046123795,0.8514340245160413,0.04059078961128363,0.15934981169474358,0.1999406013060272,1.0277569809639402,1.1197785711532062,0.5100136165344146,0.24204362917843095,0.7178393066286293,0.03977801762666899,0.14730197694907077,0.1812206139402165,0.1414425963135475,0.0,0.0,0.03825582937787033,2.1750245821042284,20.0,27.37272727272727,False,3,29.3,2026-10-06
Casey Mittelstadt,BOS,UTA,1.0,C,15.28585032637048,1.4942646581661962,0.19862783407607248,1.3470888290493237,0.20222812010449132,0.328033430064643,0.5302615501691343,0.42441842508170197,0.7361071162187873,0.3224945102543327,0.3300732177856178,0.8056296148648621,0.183091446579409,0.27966106167449056,0.41154895991998375,0.22845751334057474,0.0,0.0,0.05140760007977967,1.8743961352657006,19.0,26.598187311178247,False,4,29.4,2026-10-05
Sam Steel,DAL,BUF,0.0,C,15.278986347914278,0.44993901997672614,1.7565531364919156,1.3177101312138972,0.17528554506706254,0.2607129202975651,0.4359984653646276,0.40123167842208113,1.1479167770586913,0.3597346217289813,0.2811982228909842,0.5618317529717174,0.16078264782236384,0.229497916623432,0.3533812817413643,0.19259863391900045,1.0,0.038461538461538464,0.04387536886022316,2.170212765957447,26.0,26.40909090909091,False,3,29.4,2026-10-05
Jiri Kulich,BUF,DAL,1.0,C,15.27153799200877,1.1679554739750375,0.21711285000024444,1.7740827697841632,0.22874400181972834,0.2835607024339698,0.5123047042536981,0.6161541159855517,1.0500965439171448,0.33103767490318786,0.2795648480961929,0.6275654465503318,0.20446783777443167,0.24690259409301962,0.40088679231235347,0.1964189545379218,2.0,0.07142857142857142,0.07158602420054778,2.607714016933208,28.0,28.63030303030303,False,3,27.4,2026-10-06
Taylor Hall,CAR,VAN,1.0,L,15.24870286722773,1.7061067746098246,0.12393918287021138,1.9900775570491127,0.2961117488279355,0.4100130661265771,0.7061248149545126,0.38938553645899016,1.0691503222294636,0.49131334298127044,0.27103243008619365,0.6952986065338567,0.2562956847091733,0.33635842114520165,0.506446893999269,0.2501512092900957,4.0,0.11764705882352941,0.06938691831493117,2.2857142857142856,34.0,31.386706948640484,False,4,29.3,2026-10-06
Nick Blankenburg,COL,CGY,0.0,D,15.213731341225758,0.4716257857940337,0.9007249351295041,1.159191557657663,0.06960307793176664,0.20076898628464895,0.2703720642164156,1.0897485906172548,0.8586477306464886,0.2831463309870741,0.25152130712994103,0.6456815838775397,0.06723601895294362,0.18189859762991079,0.23690447902509593,0.1696684600721523,3.0,0.08571428571428572,0.04670627695488585,5.732342007434944,35.0,29.382262996941897,False,0,29.3,2026-04-16
Victor Mancini,VAN,CAR,0.0,D,15.200791138870875,0.2423892077593592,0.5609953637524084,0.7855444585420234,0.03913171421954767,0.17454604591127817,0.21367776013082584,1.3393501145164142,1.1876821322336555,0.3730369392173172,0.15824914546303204,0.6843295299481239,0.03837595875552291,0.16016181777555327,0.19239141321791198,0.15401545446238907,1.0,0.024390243902439025,0.0312074316804631,3.520161290322581,41.0,26.09567901234568,False,0,25.0,2026-04-11
Jake Evans,MTL,NSH,1.0,C,15.195640872875735,0.3185581686630306,2.248912235864748,1.2953110369922325,0.21464205433619524,0.27150580589113105,0.48614786022732626,0.6173086672564364,1.302863534364963,0.3266089675822259,0.31479601030900606,0.5857133630454051,0.1931698101362167,0.2377691419741862,0.38500913209899823,0.19183932196278153,0.0,0.0,0.04082262455508951,2.0344827586206895,20.0,24.724242424242423,False,3,29.4,2026-10-06
T.J. Hughes,COL,CGY,0.0,R,15.191969128411461,2.490657255197973,0.30527337300723095,1.9344319927965623,0.24304794095484064,0.31044775554469234,0.553495696499533,0.44324619522634345,1.1964387994554313,0.447757745068471,0.2904391482427741,0.5968191492220688,0.21576608405242304,0.26688137520550337,0.42506351002330955,0.20929742597088652,1.0,0.029411764705882353,0.061559218990218406,2.3727272727272726,34.0,29.418181818181818,False,3,2.9,2026-10-07
Jordan Martinook,CAR,VAN,1.0,L,15.17375067067625,0.35277056770411375,1.8500010015615984,1.6559508702411825,0.23713363036041263,0.30629241923305783,0.5434260495934704,0.5159397480341504,1.3299665756043768,0.4093724577274255,0.27010533113409474,0.6530652153762883,0.21111413812834667,0.26382868267361925,0.41924485584578774,0.20813071771744107,3.0,0.08823529411764706,0.052765522806770694,2.2857142857142856,34.0,31.386706948640484,False,4,29.4,2026-10-06
Matvei Michkov,PHI,OTT,0.0,R,15.166582437480827,2.346963653307364,0.11827364543224207,1.834902242538834,0.23186465182830732,0.3322551669949253,0.5641198188232326,0.36537935153229406,0.7868508198567364,0.6494237171937427,0.2717569885951673,0.7580459673668338,0.20694654562190762,0.28269573287374317,0.4311393731153761,0.22419282749346847,1.0,0.06666666666666667,0.08587277811959446,2.0255754475703327,15.0,26.972809667673715,False,4,29.3,2026-10-05
Josiah Slavin,CAR,VAN,1.0,L,15.161173960625405,0.9921035045646902,1.050824938045865,1.7431474945288736,0.260374563478476,0.33503445043243746,0.5954090139109134,0.4504691493015059,1.2316055182012573,0.43125873351706945,0.34958977351186526,0.5577444391795392,0.22923716787882897,0.2846865569293656,0.4486629847645317,0.21942581688570273,0.0,0.0,0.05304826351599903,2.7010752688172044,29.0,31.46153846153846,False,0,2.0,2026-04-11
Alex Newhook,MTL,NSH,1.0,C,15.142278763048141,1.3129862045050593,1.0618766665504178,1.6242268691203006,0.22532484399472608,0.29756389713882186,0.5228887411335479,0.4864922760124586,1.1166559885559781,0.32106183745774675,0.23188914227003454,0.5200484322435482,0.20174313231237861,0.257374869916291,0.40719438979326605,0.20545125748088744,0.0,0.0,0.056047361899126055,2.0344827586206895,20.0,24.724242424242423,False,3,29.4,2026-10-06
Evander Kane,VAN,CAR,0.0,L,15.141355877653005,1.1833347684329267,0.11900193174854591,1.8843365039155864,0.21787891790677102,0.2519777512657832,0.4698566691725542,0.4859488557352433,1.4888762948020695,0.5470892699322163,0.2633851978854083,0.7998904035775931,0.19577718724691617,0.2227379690270832,0.37490814320478627,0.1791309559578701,1.0,0.043478260869565216,0.09558218308941674,2.1372549019607843,23.0,26.15576323987539,True,0,29.3,2026-04-04
Claude Giroux,OTT,PHI,1.0,R,15.140719090649586,1.968311702316543,0.6463242858292407,1.7472641828469921,0.22470569908932797,0.3393939979165128,0.5640996970058407,0.329270551194034,0.9602751060034181,0.34176489976213587,0.35702836715372355,0.6098804994646114,0.20124874260591008,0.28779821221768553,0.43112792649055753,0.22987918388464745,0.0,0.0,0.07216519360268708,2.3095238095238093,25.0,28.52121212121212,True,3,29.4,2026-10-06
Nick DeSimone,UTA,BOS,0.0,D,15.117152792501411,0.19360682863597792,0.4558083847603401,1.0172251568924255,0.049660160594086004,0.19193101748651192,0.24159117808059793,1.0401710470895256,0.7548287343268631,0.35905818001405215,0.20069232427192346,0.702144508200639,0.048447255321418914,0.17463619780243755,0.21462280866055994,0.16617555333914102,2.0,0.08695652173913043,0.033062095962338695,2.4360189573459716,23.0,24.908256880733944,False,0,28.4,2026-04-16
Jayden Struble,MTL,NSH,1.0,D,15.105960482040159,0.20368380025647312,0.5877936933386533,0.8286476659301362,0.05006462588361413,0.1992804568532665,0.24934508273688064,0.9184263991117361,1.6578818223691538,0.4368595694591557,0.2906557491268119,0.7621058626608097,0.04883204755499981,0.18067992282298906,0.220688999794463,0.17185695223946318,0.0,0.0,0.028433438120390148,2.0344827586206895,20.0,24.724242424242423,False,3,29.3,2026-10-06
Felix Unger Sorum,CAR,VAN,1.0,R,15.105680610239144,1.41537756913886,0.4477667569317015,1.8710301156531035,0.27648042033688164,0.3623409984474817,0.6388214187843633,0.4768897938870021,1.2374166919835865,0.3986468800977046,0.3134945453687241,0.6749533114951576,0.2415515308481906,0.3039550228874366,0.47208575264817,0.2305342217999794,0.0,0.0,,2.5,21.0,31.43730886850153,False,0,1.0,2026-04-14
Vladimir Tarasenko,MIN,TBL,0.0,R,15.080384977469802,1.4701546926434022,0.11802860340512156,1.8288225777240685,0.22935070313089068,0.27786730578087926,0.5072180089117699,0.4919999682932383,1.0671780811294527,0.3701773265790342,0.22362641835714756,0.708581675480859,0.20495034179761373,0.24260268290784737,0.3978315219224797,0.192881180124866,0.0,0.0,0.0726560864834054,3.658536585365854,20.0,27.37920489296636,False,0,29.4,2026-04-14
Gage Goncalves,TBL,MIN,1.0,C,15.054005094067366,1.0321148436256484,0.6498337832810365,1.4197256603967214,0.18579579705964455,0.3006246161990541,0.48642041325869867,0.430681565451612,1.1697825748879156,0.38754531388043045,0.32318493483762095,0.7071921208273979,0.1695568433967709,0.25964436189614903,0.38517672688404014,0.21561988348726924,2.0,0.05555555555555555,0.036801740008523987,3.129151291512915,36.0,28.39090909090909,False,3,29.1,2026-10-05
Joel Nystrom,CAR,VAN,1.0,D,15.051647578061539,0.19200125516494423,1.005470047788491,1.1800446601532464,0.058124140689468855,0.2719767206029675,0.3301008612924364,0.808222682061717,0.6188398317910593,0.29427613319022494,0.19805519048913428,0.7478585042301812,0.05646719064734185,0.2381280031959001,0.2811487744883082,0.22468158384096637,0.0,0.0,0.03944341486921508,2.5,21.0,31.43730886850153,False,0,21.5,2026-04-14
Filip Chytil,VAN,CAR,0.0,C,15.036616841613627,1.4272063708014826,0.207180417466892,1.862626691948744,0.21727787454941355,0.2626241813093594,0.47990205585877294,0.46419539820242145,0.7310883960198564,0.37496116744473923,0.292870070040979,0.6467499716341822,0.19529366917436874,0.23096914082031716,0.3811559990178347,0.18586232984346596,1.0,0.041666666666666664,0.08459863658591162,2.762463343108504,24.0,26.299003322259136,True,0,29.2,2026-02-02
Anders Lee,UTA,BOS,0.0,L,15.031031403813488,1.4531934311548582,0.13023733329094972,2.1376374307952504,0.26819841567654035,0.29262858243087697,0.5608269981074173,0.4999323210281775,1.3175011999706165,0.49546860231569534,0.2032153324009468,0.6842124095553047,0.23524397353626691,0.2537007221091434,0.4292631296874352,0.19401915615116827,2.0,0.06451612903225806,0.09838849354300089,1.8422535211267608,31.0,24.957703927492446,False,4,29.4,2026-10-06
Adam Boqvist,NYI,CHI,1.0,D,15.022935148420943,0.7481474265859017,0.4182020064399628,1.102847882195891,0.05784203778311015,0.2356731747204045,0.29351521250351464,0.8864385082656155,0.6937009833523778,0.31933882107721917,0.238550894762256,0.5909473878269772,0.05620097975191052,0.20996116359290662,0.25436212024104454,0.19816114048913402,1.0,0.045454545454545456,0.04512573893619561,2.737012987012987,22.0,25.549689440993788,False,0,29.2,2026-04-03
Michael Callahan,BOS,UTA,1.0,D,15.021726539685421,0.21745472552264591,1.113529982470319,0.888232292185616,0.04728142661572149,0.16621397640745175,0.21349540302317324,1.1094802152778707,0.8172154876318491,0.36925208145155797,0.24412141670856835,0.6754905894506082,0.04618107021826989,0.1531349943307324,0.19224412662294044,0.14606305640467054,1.0,0.02631578947368421,0.030460671895144755,2.8125,38.0,26.479853479853478,False,0,15.7,2025-12-02
Jaden Schwartz,COL,CGY,0.0,L,14.993002241963552,1.437103102385094,0.49556230622848524,1.7379888743199448,0.22444734780357237,0.293737760800335,0.5181851086039073,0.5999402740477403,0.8025680442028978,0.3256541343345552,0.371540665067965,0.6454757378464572,0.20104235753278676,0.2545280422177182,0.4043994820848502,0.20335712455206345,2.0,0.058823529411764705,0.08034686825420409,2.3727272727272726,34.0,29.418181818181818,False,3,29.4,2026-10-07
Alexander Kerfoot,NSH,MTL,0.0,C,14.962218745981358,0.9526322616578111,1.5698489247783327,1.2129437198975543,0.18650782527714296,0.2698374135603023,0.45634523883744527,0.6661115870729086,1.0459665987736222,0.4163993184892784,0.3028562157589986,0.6365537628407982,0.1701479318964827,0.23649638041875698,0.3664049422859844,0.19625701038950172,1.0,0.04,0.048688176136240886,3.5783132530120483,25.0,28.231003039513677,False,3,29.4,2026-10-06
Linus Karlsson,VAN,CAR,0.0,C,14.952003705365007,1.0799725460037268,0.22752437690785393,1.4411240029767203,0.1928877517678663,0.2919454970743074,0.4848332488421737,0.5456926552796981,1.0415109308957016,0.3329356073344971,0.23960803852359058,0.6217479675749408,0.1754254740225757,0.2531907618474333,0.38420012645478596,0.20877465243221027,2.0,0.1,0.05477934596037688,3.3548387096774195,20.0,26.07250755287009,False,4,28.7,2026-10-04
Pius Suter,STL,SJS,1.0,C,14.945086824579272,0.6766871528115735,1.9859961971345599,1.4865751122807647,0.22465242038877486,0.29204384666430433,0.5166962670530793,0.3883941536723942,0.8553638159064435,0.2964649422529843,0.2788222846621657,0.569288503347738,0.20120618504315513,0.25326420661812077,0.40351206683966245,0.20230588179650733,0.0,0.0,0.060144276492308815,2.6956521739130435,28.0,24.893939393939394,False,3,29.4,2026-10-06
Igor Chernyshov,SJS,STL,0.0,L,14.942163855090618,1.460098888950625,0.14440163570514594,1.6371822945157213,0.24296542577937896,0.292759744814217,0.5357251705935959,0.4943321354952418,0.8699098169961396,0.35576419451072294,0.2675130731992496,0.6390299587383043,0.21570137018334423,0.253798602081891,0.4147552660455539,0.19905389586220967,0.0,0.0,0.06077770979872571,1.5897435897435896,13.0,20.164133738601823,False,3,19.3,2026-10-05
Adam Engstrom,MTL,NSH,1.0,D,14.939566465645873,0.516790134757063,0.48119057364859424,1.1326593199613542,0.05676638765190171,0.21794021514935838,0.2747066028012601,0.9747690871714074,0.8124531072083844,0.4145423907998452,0.22613504336925344,0.6395952696032878,0.055185236017442185,0.19582648237692057,0.2402049877459269,0.18501975172848473,1.0,0.034482758620689655,0.038324688334442476,3.002049180327869,29.0,24.712538226299696,False,0,11.9,2026-04-14
Ben Hutton,VGK,TOR,1.0,D,14.937705870314629,0.28943386283613887,0.33349726352655656,1.3700727869747222,0.06174174474727967,0.21477540552981408,0.2765171502770938,1.026427284508551,0.718182935826624,0.31021883269278094,0.3198078922556019,0.668646645665138,0.05987435217064796,0.19327739473165628,0.24157938810351565,0.1817050359328677,2.0,0.05714285714285714,0.05048298539588671,3.874493927125506,35.0,27.87962962962963,False,0,29.1,2026-04-09
Teddy Blueger,TOR,VGK,0.0,C,14.883566234347327,0.34283331484983387,1.612492109813447,1.1748235815639818,0.16211643366950673,0.22041266142461685,0.3825290950941236,0.49808198066225656,1.1815944321640994,0.4838689381180998,0.28874205859538016,0.537922397607593,0.14965780968550468,0.19781230226712576,0.3178659560664854,0.1682081463809807,1.0,0.02702702702702703,0.050546062068604417,4.0,37.0,27.987915407854985,False,4,29.4,2026-10-06
Gavin McKenna,TOR,VGK,0.0,L,14.88268886027117,1.7659365306146872,0.2820985877886712,1.6840530253353712,0.22397357411731622,0.28487336029824545,0.5088469344155617,0.4605946959056237,1.079878898217119,0.39355666800846645,0.28802883840062615,0.5951236054225685,0.20066374274357246,0.24789050478922348,0.3988116110511969,0.19814786830762443,4.0,0.10810810810810811,0.05197562527203937,2.197718631178707,37.0,27.987915407854985,False,4,3.8,2026-10-06
Cameron Crotty,OTT,PHI,1.0,D,14.879610874065849,0.27519179327203463,1.141900955037598,0.9541959226337969,0.04807264799269445,0.20288331020674058,0.25095595819943506,0.8878853885885852,0.9120678250486104,0.316048090025588,0.2537841563300021,0.6242481722994951,0.04693545366376484,0.18362650167751027,0.22194336218035104,0.1750079085165862,0.0,0.0,0.032845940044034315,2.3095238095238093,25.0,28.52121212121212,False,2,8.6,2026-10-06
Noel Acciari,PHI,OTT,0.0,C,14.879579559319632,0.3292131340034306,2.212847139820562,1.3138596010594448,0.1879008358307566,0.22760961846297126,0.41551045429372785,0.8417090112987982,1.2457708600226887,0.37501806858147074,0.26663355849587983,0.4898886037012409,0.17130311980401425,0.20356488728066036,0.33999670681094496,0.1686935870069307,0.0,0.0,0.04310824703427222,2.0255754475703327,15.0,26.972809667673715,False,4,29.4,2026-10-05
Pierre-Olivier Joseph,VAN,CAR,0.0,D,14.8642240597388,0.20243191649244205,0.6531087734871404,0.8387548678267122,0.043403936691463696,0.17627358400910195,0.21967752070056565,1.165885750103281,0.8831739317807169,0.4191271006947139,0.283529981557328,0.7653882230009692,0.042475467352375285,0.16161141775124677,0.19722236460515785,0.15474689725278257,1.0,0.04,0.038423421557137565,2.96969696969697,25.0,26.09907120743034,False,0,29.3,2026-04-09
Noah Cates,PHI,OTT,0.0,L,14.840888612382857,1.5285277762310117,1.472215409380656,1.4525467749016396,0.205483138140479,0.2836752875839066,0.4891584257243856,0.4557822204495785,1.3045576652433657,0.4130351522656127,0.3322913145577965,0.48237738923920936,0.1857461757150014,0.2469888829283885,0.3868578181953216,0.2011116424803202,0.0,0.0,0.05324039834951447,2.0255754475703327,15.0,26.972809667673715,False,4,29.4,2026-10-05
Max Domi,TOR,VGK,0.0,C,14.835940217135178,1.1885217658942069,0.1991639587910742,1.3375725078002327,0.1775990811450583,0.26551126942155723,0.4431103505666155,0.5062053721366719,0.7273673912137355,0.7888531654257914,0.35306943311659594,0.7061260250741226,0.162721963240806,0.2331861987110454,0.3579636458969294,0.1952416826561234,2.0,0.1,0.06334580486433612,2.42798353909465,20.0,28.015290519877677,False,0,29.4,2026-04-15
Jordan Harris,BOS,UTA,1.0,D,14.827651526292966,0.26382633192731947,0.9627722514697231,0.9224233847999229,0.05016014427846377,0.19225540753194142,0.2424155518104052,1.1458783919286546,0.795778878049627,0.279300135985367,0.22812399523845428,0.6271171158939199,0.048922897252071995,0.1749038941823604,0.21526998619036164,0.16634708893828964,0.0,0.0,0.036194611783814924,1.8085808580858085,22.0,26.613496932515336,False,0,29.2,2026-04-12
Ivar Stenberg,SJS,STL,0.0,L,14.820004705739429,1.4039317508392075,0.30527337300723095,1.5505681012875077,0.21458539440788593,0.2735836040295547,0.4881689984374406,0.4501293353744716,1.0485298385812691,0.39376224040228586,0.30031467118122945,0.5064986510476529,0.19312409390037422,0.23935125960231096,0.3862508583680756,0.19312676446770138,1.0,0.07692307692307693,0.0434760289056496,1.5897435897435896,13.0,20.164133738601823,False,3,2.9,2026-10-05
Marcus Johansson,MIN,TBL,0.0,L,14.811927581399662,1.2329295857152396,0.46298421170757803,1.5038275240258019,0.17724014514066178,0.2777205174830482,0.45496066262371,0.36980885902367927,0.8649342990100715,0.37004600504712926,0.3001741474034183,0.5316000653330506,0.16242138006588802,0.24249149768474443,0.3655270740424321,0.2031056939765441,3.0,0.15,0.05728949264752583,3.658536585365854,20.0,27.37920489296636,False,0,29.4,2026-04-14
Marat Khusnutdinov,BOS,UTA,1.0,C,14.786979551481231,0.4578993857064946,1.2299793377265904,1.0996172890796703,0.18171454273979606,0.25096873272404163,0.43268327546383767,0.5151610126241524,0.8979488620599733,0.28354245552412133,0.31012816744119515,0.6593869980369903,0.1661606680629396,0.2219533014205315,0.35123406064066054,0.18507339257772093,0.0,0.0,0.02978814223020578,1.8743961352657006,19.0,26.598187311178247,False,4,29.3,2026-10-05
Jonatan Berggren,STL,SJS,1.0,R,14.779976093004144,1.0290841854079014,0.14107716900016049,1.4939543110328728,0.2095920351516996,0.29994322297566134,0.5095352581273609,0.36926055136467395,1.0345689165088114,0.3524096468569978,0.2564656502938636,0.634400994150502,0.1890849966867738,0.2591397166700513,0.3992252808888569,0.21014028420208308,1.0,0.03571428571428571,0.04968367322742671,2.6956521739130435,28.0,24.893939393939394,False,3,29.3,2026-10-06
Isaiah George,NYI,CHI,1.0,D,14.757063275369273,0.18990198167154201,0.4136212849595746,1.0148051545447092,0.047668614864099235,0.19868940229328205,0.2463580171573813,0.9154189363425477,0.7552387274072427,0.2827431710372192,0.25589331262911996,0.7014868243672766,0.04655030621242995,0.18019551681419876,0.21835766654082067,0.17180736032839072,1.0,0.034482758620689655,0.035048530265177166,2.0689655172413794,29.0,25.581039755351682,False,0,21.2,2026-04-14
Jorian Donovan,OTT,PHI,1.0,D,14.720016005790182,0.5462831209147389,0.9706059184467836,1.1007857905446192,0.055387297983259136,0.21321496445756632,0.26860226244082547,1.018543686062203,0.9812458381784306,0.3592362918903738,0.242664237646276,0.6496822492447558,0.05388135285840934,0.19201756895818156,0.23555275542854115,0.1816714025701318,0.0,0.0,0.05971455532844972,1.7142857142857142,29.0,28.533123028391167,False,0,2.0,2026-03-26
Tyson Jost,NSH,MTL,0.0,C,14.675085443713462,0.31814498964609284,1.8901024919810323,1.59734039218053,0.18326238292311514,0.22578585588983763,0.40904823881295277,0.533664763455353,1.0378858935065236,0.4765075485283338,0.33433973521170507,0.5390136159704326,0.16745031974251767,0.20211105340921975,0.33571781263486655,0.16826749289234888,0.0,0.0,0.04441265042210857,1.823529411764706,21.0,28.28527607361963,False,0,29.3,2026-04-16
James Hagens,BOS,UTA,1.0,C,14.669038492324379,1.1941685652657483,0.3922295722780386,1.5472021355076497,0.2196246721937461,0.2844428401732451,0.5040675123669912,0.558141846781219,1.1286542467336802,0.3810124255878344,0.4052808454391798,0.6642653878129169,0.19717993788473454,0.2475666368044911,0.39593140062178345,0.1987514627370489,2.0,0.10526315789473684,0.05824471677817278,1.8743961352657006,19.0,26.598187311178247,False,4,5.5,2026-10-05
Andre Burakovsky,CHI,NYI,0.0,L,14.661001307519943,1.5714931404790085,0.1215733700772109,1.282123461390741,0.17175451419341647,0.24877933182865988,0.42053384602207633,0.4617791456368147,0.6227318584673688,0.3064972627403338,0.2908020113930371,0.6115749947895662,0.15781410752275837,0.22024797914615735,0.3433038484062737,0.18548974088351533,1.0,0.041666666666666664,0.06127468002356677,2.707612456747405,24.0,21.171779141104295,False,0,29.4,2026-04-15
Jake Neighbours,STL,SJS,1.0,L,14.657991048334802,1.9359043242311633,0.30930148858958695,1.4804023536025872,0.23807768565530804,0.34063001559399403,0.578707701249302,0.48806071792955685,1.6541622648118306,0.5462906323531955,0.26447599942217936,0.5757100461636385,0.21185853857043868,0.2886779624119199,0.4393776097482771,0.22751907117783843,0.0,0.0,0.05996182982277072,2.6956521739130435,28.0,24.893939393939394,False,3,29.4,2026-10-06
Mike Reilly,CAR,VAN,1.0,D,14.646776265341066,0.21754464869005322,0.6701169167345282,1.4065879034635085,0.056672954018610604,0.24104659326073485,0.29771954727934546,0.9047205020489525,0.6348107922677043,0.4531193098318122,0.23675258849457606,0.5989833851505009,0.055096954417085064,0.21419498768245804,0.2574904506268346,0.20239349620974956,1.0,0.029411764705882353,0.06240242719113777,2.2857142857142856,34.0,31.386706948640484,False,2,29.1,2026-10-06
Peyton Krebs,BUF,DAL,1.0,C,14.637610217363225,0.4057400897180534,0.2923992234287427,1.3025794075741315,0.17579285954139712,0.28996118187339887,0.465754041414796,0.4379239020720846,2.128416801959887,0.4597864651180693,0.3031349672394421,0.6884643332194861,0.16120828695666056,0.25170738566777084,0.3723383561665906,0.21113006920993005,1.0,0.03571428571428571,0.0361381276677265,2.607714016933208,28.0,28.63030303030303,False,3,29.4,2026-10-06
Matias Maccelli,NYI,CHI,1.0,L,14.623285210802372,2.0672779800273586,0.11680439253834873,1.6319644184283228,0.22782642451010807,0.33769524846078847,0.5655216729708965,0.26718954982092635,0.8389177514125715,0.3334072393801053,0.29478345027378294,0.791958168165556,0.2037375405124413,0.2865873316181362,0.43193627404467505,0.22819873353223374,1.0,0.05263157894736842,0.05847209910983523,1.574468085106383,19.0,25.615151515151513,False,3,29.4,2026-10-06
Matthew Kessel,STL,SJS,1.0,D,14.620444009632646,0.1838085354331845,0.7462837963072194,0.9656186632235693,0.05284831464571057,0.17688527270103935,0.22973358734674992,1.101806765365233,0.9017023279522745,0.36544499656762924,0.2008172305665986,0.6619577812969758,0.05147612124858025,0.16212409375141645,0.20525469549273256,0.1537785742441523,1.0,0.03225806451612903,0.029922209610034892,3.2527472527472523,31.0,24.86196319018405,False,0,28.4,2026-04-14
Dakota Mermis,TOR,VGK,0.0,D,14.549036840616084,0.183714082573703,0.8399505962216246,0.8823727225678025,0.04768477344796017,0.1566572024670859,0.20434197591504605,1.1748262611396005,0.9291325007745931,0.4873817977827684,0.1881453605788771,0.5454757036973327,0.04656571248479202,0.14500290051564135,0.1848164496255611,0.13825073714076908,1.0,0.04,0.03401662743020303,1.9095477386934674,25.0,28.39051094890511,False,0,26.2,2025-12-08
Luke Haymes,TOR,VGK,0.0,C,14.546750546096716,0.9152056734516226,1.0998900236564877,1.3260575813822024,0.18054379072650278,0.2566584349758197,0.4372022257023225,0.5457321596182847,1.0503587093924334,0.39057582275034186,0.3028542441603919,0.476341364432302,0.16518387730801032,0.22636758558363357,0.3541591874080865,0.18897531010007618,1.0,0.05,0.05243544290303165,2.42798353909465,20.0,28.015290519877677,False,0,3.8,2026-04-15
Noah Juulsen,COL,CGY,0.0,D,14.543466493427013,0.18048111074107362,1.0622276878030597,0.7731622562298526,0.03977033067541117,0.1694951248742252,0.20926545554963635,1.1499493505608362,1.5555659827800454,0.38591824928324703,0.23965819233141114,0.8250129683318284,0.038989871644314555,0.1559091304805139,0.18882012513921653,0.14983025349490198,1.0,0.027777777777777776,0.024099417464749754,2.109725685785536,36.0,29.398176291793312,False,2,29.2,2026-10-03
Phillip Danault,MTL,NSH,1.0,C,14.537948861392222,0.3521459601363743,2.042229728935259,1.2884590607259463,0.17949145625178628,0.2559161686271858,0.4354076248789721,0.4890140687114447,0.9358177918289227,0.3192350170000289,0.27961744157924534,0.5697096821426451,0.16430490911890328,0.22579313110346033,0.35299912033673697,0.1886942112178337,3.0,0.15,0.05778298565288519,2.0344827586206895,20.0,24.724242424242423,False,3,29.4,2026-10-06
Mason McTavish,STL,SJS,1.0,C,14.481389769612031,2.071119862999092,0.1986457633939343,1.9939077404165908,0.2814195096220024,0.3619061923678788,0.6433257019898813,0.4085769229962477,1.2167733916507528,0.32740665299244565,0.25949557438666815,0.6235430300039322,0.24528833974261466,0.30365231249432045,0.47445828064619766,0.229169940903583,2.0,0.07142857142857142,0.07953590770327035,2.6956521739130435,28.0,24.893939393939394,False,3,29.4,2026-10-06
Philipp Kurashev,SJS,STL,0.0,C,14.453322315112105,1.3976310403906285,0.6159053659120616,1.3355538660735853,0.1699045550909543,0.2664924117033245,0.4363969667942788,0.4061992505788973,0.8587202462465571,0.3728896068617945,0.24795775949425056,0.5564290958003184,0.15625465604902933,0.23393818319152393,0.3536389088892269,0.19738425284019756,1.0,0.030303030303030304,0.07162481544671515,3.7903225806451615,33.0,20.073619631901842,False,0,29.3,2026-04-16
Victor Eklund,NYI,CHI,1.0,R,14.453047826473545,1.8754510182442854,0.2692191934084666,1.9249322763624386,0.2579788925510123,0.33869467995474706,0.5966735725057594,0.3828694420325868,1.3712927263624428,0.46656329780146705,0.2950503915857707,0.5810996831896257,0.22738846020651593,0.28729998252490585,0.44935974208772445,0.22197128188120852,2.0,0.10526315789473684,0.059710664933755424,1.574468085106383,19.0,25.615151515151513,False,3,3.8,2026-10-06
Ryan Strome,CGY,COL,1.0,C,14.447043736457244,1.207825737072008,0.3894599416531571,1.3931678536249676,0.1763215501709036,0.25453750322361324,0.4308590533945168,0.4645214151551478,0.8178790252721295,0.45877567146674914,0.28286644010635925,0.7414261540465101,0.16165163106918856,0.22472502276527895,0.3500494873623996,0.18839785629321104,0.0,0.0,0.061315955328455705,2.765625,33.0,29.493939393939392,False,3,29.4,2026-10-04
Luke Schenn,VAN,CAR,0.0,D,14.416013012179269,0.198181825702148,1.5058932582680626,0.7772904293368126,0.03717303002379971,0.16260750189207648,0.1997805319158762,1.2304578173666496,2.2505255636932606,0.6900542670917736,0.1650184871461737,0.7172302286131377,0.03649059513047581,0.15007528320110042,0.18108954193319338,0.14459894680271757,0.0,0.0,0.0369634995417882,3.3548387096774195,20.0,26.07250755287009,False,4,29.4,2026-10-04
Kevin Stenlund,UTA,BOS,0.0,C,14.37459647138021,0.3184217478041024,2.1812786346348876,1.108621633482787,0.1458016310891699,0.22589448885467217,0.3716961199438421,0.6861249586739266,0.8016558850803972,0.32440832041877743,0.2740809138766981,0.5724915853811325,0.13567085778946686,0.2021977257432751,0.3104362446380724,0.17476538684860554,1.0,0.03225806451612903,0.03643917431396978,1.8422535211267608,31.0,24.957703927492446,False,4,29.4,2026-10-06
Bobby Brink,MIN,TBL,0.0,R,14.362123019533922,1.5841612022437224,0.12654518199036846,1.4460474153760279,0.19320811721958206,0.24181898370914687,0.4350271009287289,0.5428046844953519,1.1932878386774293,0.40499497708972365,0.26118660337021776,0.5892158354074284,0.17568959690288177,0.21480170162809498,0.3527528741578837,0.17706327725500193,2.0,0.1,0.05165974753357971,2.1750245821042284,20.0,27.37272727272727,False,3,29.3,2026-10-06
Vladislav Kolyachonok,BOS,UTA,1.0,D,14.343205184628294,0.1826673466563058,0.5784106784917802,0.9203845413566178,0.05275457673000098,0.1866956126746367,0.23945018940463766,1.1181913905176777,0.8438479039762541,0.3566162828744111,0.23619519722412252,0.6822053740017541,0.05138720442981182,0.17030375302557665,0.2129395236834989,0.16155231925368707,1.0,0.043478260869565216,0.03126864379922104,2.7142857142857144,23.0,26.556338028169016,False,0,25.0,2025-12-27
Daemon Hunt,MIN,TBL,0.0,D,14.321364578821028,0.39128832320847345,1.1211897109654918,0.8527769801738766,0.04021801702458381,0.16232941038570833,0.20254742741029214,1.3050533719917021,0.8238103325370303,0.3830030937350805,0.19920964506519112,0.4828668403673237,0.039420006470267,0.14983889348884416,0.18335224980828324,0.14393224333801624,0.0,0.0,0.025657125382423544,2.1750245821042284,20.0,27.37272727272727,False,3,23.8,2026-10-06
Zemgus Girgensons,TBL,MIN,1.0,C,14.311003148367758,0.3251999545064257,1.751393341302506,1.253897596879645,0.1632954323262766,0.23195600476368425,0.39525143708996086,0.5734917646726219,1.8534236106467001,0.3987723403124374,0.2612576427097345,0.553845418068192,0.15065977121396845,0.20701899007381885,0.326489327606319,0.17582955639235054,0.0,0.0,0.04202992249783506,3.129151291512915,36.0,28.39090909090909,False,3,29.4,2026-10-05
Cole O'Hara,NSH,MTL,0.0,R,14.305680610239143,1.3112109024721932,0.4394334235983682,1.6974694450450671,0.2162328742779866,0.2845693568819983,0.5008022311599849,0.4283495908604758,1.2928258834443576,0.436938835768109,0.30314489426741514,0.561560993366888,0.19445231130720253,0.2476618261755087,0.393955722960321,0.19950341165311847,1.0,0.047619047619047616,,1.823529411764706,21.0,28.28527607361963,False,0,1.0,2026-04-16
Barrett Hayton,UTA,BOS,0.0,C,14.280106268270336,1.5260725340194938,0.46873140786685963,1.6948764548263735,0.20948046743650078,0.2926042524472418,0.5020847198837426,0.4609399200035526,0.8059680666669214,0.5492722934963152,0.22241165756635947,0.5787126109608227,0.18899451970557257,0.25368256443903836,0.3947324697207769,0.20573795001520434,2.0,0.06451612903225806,0.07884800414706793,1.8422535211267608,31.0,24.957703927492446,False,4,29.4,2026-10-06
Ryan Johnson,BUF,DAL,1.0,D,14.259377711452716,0.2006029108103362,0.4249905475410933,0.9650152573895211,0.04610814505395742,0.17504726693532008,0.2211554119892775,0.9810209447136072,0.6648133860858518,0.38592035042136175,0.28654920990004284,0.5721346752146135,0.045061315289243065,0.16058265685377016,0.19840790641254114,0.15334659112329807,0.0,0.0,0.03131081420802858,4.021447721179625,27.0,28.811244979919678,False,0,23.6,2025-10-15
Connor Zary,CGY,COL,1.0,C,14.255746649006454,1.3973726175395238,0.2025075061060459,1.506062608545145,0.1866852550912411,0.2387330176425001,0.4254182727337412,0.3894639726907094,0.8221719149719284,0.3168391160489474,0.26872636795380733,0.6264139715585724,0.17029515933300066,0.21237486367988734,0.3465036117641973,0.17620845243119665,1.0,0.030303030303030304,0.05568862843905144,2.765625,33.0,29.493939393939392,False,2,29.3,2026-10-04
Matt Kiersted,MIN,TBL,0.0,D,14.207334876435077,0.19208475392306743,1.215112080401181,0.8640164970393153,0.0422343735779558,0.1731649303537841,0.2153993039317399,1.0532989801546269,0.7901245663530547,0.4079665149196648,0.17417859966353288,0.636661811058849,0.04135492683501374,0.1590011028400814,0.19378055070045708,0.15242562386544334,0.0,0.0,0.02776661491485708,3.658536585365854,20.0,27.37920489296636,False,0,18.2,2026-04-14
Rory Kerins,CGY,COL,1.0,C,14.207100419274365,1.4442872983681805,0.3291939294496306,1.2666253330523205,0.17413011065433884,0.26486259184870414,0.438992702503043,0.6609302925491451,1.0512443900571846,0.3366639583069798,0.3017231408906313,0.6314237522516573,0.15981242680846863,0.2326886224297554,0.35531451579700535,0.19550208898853672,0.0,0.0,0.03289415637962722,2.6446945337620575,21.0,29.55045871559633,False,0,7.9,2026-04-16
Michael McCarron,MIN,TBL,0.0,C,14.184669034165394,0.4991141031834476,1.766631914778303,1.4445653401804917,0.16980891870849685,0.21454333266254344,0.3843522513710403,0.752063465305288,1.8263895763445896,0.6693839001245161,0.309431947066796,0.46372622753724435,0.15617395943791412,0.19309015457772027,0.31910846004675286,0.16293450060883874,0.0,0.0,0.04476053341152849,2.1750245821042284,20.0,27.37272727272727,False,3,29.4,2026-10-06
Nick Paul,TOR,VGK,0.0,L,14.172922523415554,1.1688341102694493,0.789405641795079,1.4271766769464753,0.19459800996811902,0.22856057506663632,0.42315858503475534,0.44341017044408915,1.3567160520070296,0.42775855986063294,0.245726614828038,0.502191161169731,0.17683450412125867,0.20432190250912763,0.34502524431907255,0.16819074019781388,2.0,0.05405405405405406,0.0585262554245375,4.0,37.0,27.987915407854985,False,4,29.4,2026-10-06
Marshall Warren,NYI,CHI,1.0,D,14.168116503502805,0.29764630716036444,0.7543578978155614,1.1676854052003862,0.05448401106453633,0.2262461429110131,0.28073015397554946,0.9054116763911845,1.0006599347176832,0.35980483375897826,0.23791334743921064,0.7033946284394819,0.05302635016264634,0.2024782268266131,0.24476789563323964,0.1917415454705933,0.0,0.0,0.04677109466372637,1.6898395721925132,22.0,25.20979020979021,False,0,7.1,2026-01-01
Danila Yurov,MIN,TBL,0.0,R,14.091294781709792,1.0064701824085363,0.4228713122235142,1.3384438853526999,0.1854512297553778,0.21030951811538443,0.3957607478707622,0.5148112362034949,1.1856598529368532,0.478509273510984,0.27608588472309215,0.5281577353501198,0.16927065053343326,0.18966660571441296,0.32683226651409925,0.15756161598066598,2.0,0.1,0.03921691470772275,2.1750245821042284,20.0,27.37272727272727,False,3,27.2,2026-10-06
David Jiricek,PHI,OTT,0.0,D,14.090545023727557,0.4669377629973477,0.5750354713358409,0.8427487907666843,0.04081956067749787,0.16237802639194554,0.2031975870694434,1.016298218954638,0.7237686019750581,0.4778600646735948,0.18438462876863357,0.7187937094266165,0.03999766350810974,0.14988022392183253,0.18388302866699657,0.14388536515888684,1.0,0.06666666666666667,0.03203722055438237,2.0255754475703327,15.0,26.972809667673715,False,2,27.9,2026-10-05
Matthew Wood,NSH,MTL,0.0,R,14.044501292773568,1.588419434163492,0.4213071137797411,1.5395120943248564,0.20622930222192662,0.2625752736424177,0.4688045758643443,0.3866615617399853,1.0494511691403583,0.4067458796965446,0.23754660601371969,0.5717963763399355,0.18635351605591177,0.23093152839542808,0.3742501421666862,0.1878966261107744,1.0,0.04,0.05277356232440755,3.5783132530120483,25.0,28.231003039513677,False,3,27.5,2026-10-06
Colton Sissons,TOR,VGK,0.0,C,14.025833098382915,0.8437632625943751,1.589540392632867,1.3065839168259277,0.17377929046933127,0.20812964577579618,0.38190893624512745,0.648175541965769,1.3465455959867638,0.3650096945456691,0.2957827955685421,0.4819544571401518,0.15951762033959416,0.18789825567393859,0.3174427934024654,0.15792517306287124,2.0,0.05405405405405406,0.0437446780965932,4.0,37.0,27.987915407854985,False,4,29.4,2026-10-06
Kai Uchacz,VGK,TOR,1.0,C,14.012590456813228,0.975713724019586,0.6313622044436804,1.5758737934776053,0.21262037830146466,0.29612202582081626,0.5087424041222809,0.524438253401189,1.187139889675535,0.41385318877013993,0.31835519065166323,0.5580936071325818,0.19153701093789544,0.25630332771385334,0.3987487653680014,0.20721175443010598,1.0,0.04,0.04965557347559084,3.515492957746479,25.0,27.815181518151814,False,0,2.9,2026-02-25
Nicolas Roy,COL,CGY,0.0,C,14.002874797470431,1.1275589761103502,0.9190775867694532,1.354536804402725,0.1910625743669371,0.25727174003298403,0.4483343143999211,0.6113595609194984,0.9467691674123389,0.38843235739078075,0.2974539043945435,0.6623124933229235,0.17391910495516727,0.22684191278727717,0.361308875304163,0.18738977034899573,3.0,0.08823529411764706,0.0508993785552467,2.3727272727272726,34.0,29.418181818181818,False,3,29.4,2026-10-07
Maxim Shabanov,MIN,TBL,0.0,R,13.99248245813756,1.644636736556517,0.11841791081847478,1.4163393101527892,0.18494723039760327,0.2426353936281536,0.42758262402575686,0.4694968920546188,0.9850181356256154,0.32208892170133746,0.3050242091744882,0.6250606027852094,0.16885185794808555,0.2154424837012613,0.3479164779954388,0.17906462004735324,2.0,0.1,0.04547241866058725,2.1750245821042284,20.0,27.37272727272727,False,3,23.6,2026-10-06
Jack Drury,NSH,MTL,0.0,C,13.991570471776155,0.4665416821159499,1.6051886101712647,1.255120943859788,0.15493114522310036,0.23618839367612074,0.39111953889922113,0.5067530604607756,0.8805869180773457,0.42817609962495334,0.28543540681946933,0.5002312321810727,0.14352585221023706,0.2103681017370509,0.3237006928676278,0.18017484065739076,1.0,0.04,0.043594328102122104,3.5783132530120483,25.0,28.231003039513677,False,3,29.4,2026-10-06
Bradly Nadeau,CAR,VAN,1.0,L,13.963124686802807,1.237602971373693,0.3641664525036553,1.7148947216840518,0.26089728973700194,0.2992673134412509,0.5601646031782528,0.42867519110791785,1.3628535729108662,0.315750388749529,0.227975727696652,0.5542251874319128,0.2296399605659456,0.2586387928703672,0.4288849512407379,0.1992449906747923,0.0,0.0,0.05953578349508225,2.5,21.0,31.43730886850153,False,0,11.9,2026-04-14
Dalibor Dvorsky,STL,SJS,1.0,R,13.96273147965668,1.5144821731286533,0.12502196598372384,1.6052850078461476,0.23016249672244934,0.2758456743620242,0.5060081710844735,0.3494579867748475,0.9251590857912068,0.3874440501030395,0.21811225972806797,0.5717352253064248,0.2055954961136135,0.24106995591255265,0.3971025548422379,0.1915070587286244,1.0,0.03571428571428571,0.053495159861443944,2.6956521739130435,28.0,24.893939393939394,False,3,27.2,2026-10-06
Yakov Trenin,MIN,TBL,0.0,C,13.94609964719581,0.508173576725896,1.395224083990396,1.325476753092863,0.15654789608003353,0.2143806475990361,0.37092854367906963,0.47374586927804574,3.2455192751251745,0.48291648821876254,0.29607427427414484,0.596969683531155,0.1449094387638663,0.1929588717196825,0.3099067486781407,0.16499730991427441,0.0,0.0,0.05099227428505104,2.1750245821042284,20.0,27.37272727272727,False,3,29.4,2026-10-06
Denver Barkey,PHI,OTT,0.0,C,13.93870228366356,1.1961344933245142,0.19847624435273145,1.1184191199997482,0.16899497708221606,0.26807151202004376,0.4370664891022598,0.44769048937071815,1.1080961929357889,0.37476730973184946,0.27011533217756606,0.5702668471817545,0.15548685470452284,0.23514691704189916,0.3540715172221116,0.19858466251758877,0.0,0.0,0.04065948947670868,2.0255754475703327,15.0,26.972809667673715,False,1,23.0,2026-10-05
Ryan Donato,CHI,NYI,0.0,C,13.889345434117327,1.334820375095054,0.19448335200780603,1.4206177703072336,0.18739384703484063,0.2379505061765018,0.42534435321134245,0.42184152041340195,0.8756635400104754,0.432288080041868,0.2722678192971224,0.532680210246566,0.17088287324939866,0.21175829677593394,0.34645530383786216,0.1755724305884635,1.0,0.047619047619047616,0.0784319290966041,6.0,21.0,21.157575757575756,False,4,29.4,2026-10-06
Victor Olofsson,VGK,TOR,1.0,L,13.885416983493315,1.6510240562206573,0.12699242935690128,2.007113605636248,0.25208634236664956,0.303291833995674,0.5553781763623236,0.32815860936440155,0.6605182048413359,0.23797386361360104,0.27851507427037875,0.7033875781856129,0.2228223681841066,0.2616164205059073,0.42614479831703855,0.20332243013293194,2.0,0.07142857142857142,0.06197898239951611,2.7029702970297027,28.0,27.963746223564954,False,4,29.4,2026-10-06
Zach Metsa,BUF,DAL,1.0,D,13.87104428757427,0.26017170514603843,1.1592997718210902,0.8126564329026422,0.04320663828938428,0.16906703717920685,0.21227367546859113,0.9307301646493515,0.6082969220732821,0.3493129065337784,0.2119152025142204,0.6653272329284697,0.042286530654290555,0.15554770821110164,0.19125666593391888,0.14897013527962832,0.0,0.0,0.02303526783295019,2.607714016933208,28.0,28.63030303030303,False,3,23.4,2026-10-06
Ty Dellandrea,SJS,STL,0.0,C,13.853098883183774,0.4126219028124417,1.7670420923327244,1.1674603824817975,0.15423070929594293,0.20414434781897925,0.3583750571149222,0.6153872240236266,1.773456441171899,0.46859096788266724,0.2526140548530065,0.5062497006170381,0.14292573679978182,0.18465533053225025,0.301189068161703,0.15826333136192117,0.0,0.0,0.0408830878792027,1.5897435897435896,13.0,20.164133738601823,False,1,29.3,2026-10-05
Otto Stenberg,STL,SJS,1.0,C,13.850142543977853,0.46771723822480726,1.160868381464057,1.3097244774268098,0.197881707713976,0.2563905613869487,0.4542722691009247,0.4559150392707305,1.1617044087221127,0.299206242844697,0.2823321746363347,0.5193446246655449,0.17953309769688552,0.22616032213335424,0.3650901566215131,0.1855570589246276,2.0,0.09090909090909091,0.04187281352732909,2.714285714285714,22.0,24.87076923076923,False,0,19.7,2026-04-13
Oliver Kapanen,MTL,NSH,1.0,C,13.797828126667815,1.496286579106456,0.8163361504797763,1.5492494644156907,0.21904643799738013,0.27348268786141866,0.4925291258587988,0.5343401089677698,0.6994301326899162,0.30128720305730733,0.2575157132697712,0.5747324817658773,0.19671558563205327,0.23927449397275102,0.38892105739614147,0.1922054717640882,1.0,0.034482758620689655,0.057732647700250196,3.002049180327869,29.0,24.712538226299696,False,0,28.4,2026-04-14
Zachary Bolduc,MTL,NSH,1.0,R,13.779941976656906,1.2942439181472791,0.11727050292549361,1.5418130660119196,0.22202150806444917,0.2802940611766612,0.5023155692411104,0.5171162076463418,1.8061259067990902,0.3473190006974441,0.2695144557508441,0.7431372940986075,0.19910186161936616,0.24443847252673456,0.3948721792146336,0.19577031759526742,3.0,0.15,0.056485280993598556,1.8079847908745248,20.0,24.724242424242423,False,3,29.3,2026-10-06
Jamie Benn,DAL,BUF,0.0,L,13.773497399071577,1.537261758874142,0.12454919921632154,1.4389057820395104,0.19817310233496202,0.2680309837887738,0.4662040861237359,0.42936047352334084,1.235798231819528,0.6645502484095868,0.21894338166039068,0.5133115196728687,0.17977214250903606,0.235115918271107,0.3726207684145667,0.19284862590553065,4.0,0.15384615384615385,0.06956315875515343,1.6704545454545454,26.0,26.40909090909091,False,3,29.4,2026-10-05
Zachary L'Heureux,COL,CGY,0.0,L,13.758623693562217,0.6624957429395381,1.5033555542091732,1.4968509140693367,0.19237901539651917,0.20194232583932464,0.39432134123584384,0.5258613838119285,2.0159374057330113,0.47749262045071345,0.298729786193841,0.5448228183764208,0.17500587624704955,0.18285794543462108,0.3258626067121495,0.15085673046509995,3.0,0.08823529411764706,0.046941921136086306,2.109725685785536,34.0,29.418181818181818,False,1,28.0,2026-10-07
Braeden Bowman,VGK,TOR,1.0,R,13.756029737333465,1.501677700225619,0.13710103396682585,1.6768560543913287,0.23819628282839841,0.31426809483340556,0.552464377661804,0.38358629076663137,0.74329164801321,0.316339532663957,0.34793625012428653,0.5446384878309641,0.2119520043772597,0.269676793967106,0.42447026132900434,0.21251825695174464,1.0,0.03571428571428571,0.049878492110814396,2.7029702970297027,28.0,27.963746223564954,False,4,25.4,2026-10-06
Michael Carcone,UTA,BOS,0.0,L,13.732979611825524,1.1048357551411623,0.11683458923591884,1.842683225915579,0.20628140809361079,0.25160537007030526,0.45788677816391604,0.28970392354827923,1.7475452383886236,0.32955982095183056,0.23907395946908552,0.5886582938349308,0.18639591071068562,0.22244847736550966,0.36738090155144587,0.18098499084076025,3.0,0.0967741935483871,0.06081575251817599,1.8196202531645569,31.0,24.957703927492446,False,4,29.3,2026-10-06
Michael Misa,SJS,STL,0.0,C,13.729619599085144,1.0677162124905206,0.22384527641464447,1.3995738834038873,0.19046742563859453,0.26188067381374364,0.45234809945233817,0.5172329109597886,0.6724356214635289,0.3168541977405619,0.25475931383937267,0.6447934151861302,0.17342731763218933,0.2303971479980318,0.36386730626281594,0.1904399886306266,0.0,0.0,0.05096570430203339,1.5897435897435896,13.0,20.164133738601823,False,3,23.8,2026-10-05
Kyle Capobianco,DAL,BUF,0.0,D,13.686417738690018,0.3851093575043963,0.3292742856454369,0.8791055870730055,0.04719497529290342,0.15824698623603112,0.20544196152893454,0.9733978690966337,0.7019386712348081,0.37621580379987185,0.2376436755209458,0.5844237671470991,0.0460986077456178,0.14636108113408874,0.18571264681128163,0.13961403906566383,1.0,0.030303030303030304,0.031197732309715367,4.706382978723404,33.0,26.37730061349693,False,0,23.8,2026-04-13
Tyler Toffoli,SJS,STL,0.0,C,13.682014794059135,2.0304704649317955,0.19476224424870162,1.772150037622501,0.21724377024728217,0.3020389014743411,0.5192826717216232,0.39366172886378087,0.6910831097338792,0.27164473889781626,0.2331004300389481,0.6091339061260986,0.1952662247585516,0.2606906958918068,0.4050528326338856,0.20978660787533399,3.0,0.23076923076923078,0.10204623745884406,1.5897435897435896,13.0,20.164133738601823,False,3,29.4,2026-10-05
Reilly Smith,VGK,TOR,1.0,R,13.681834614761438,0.6325242336644761,0.5709457641168203,1.7858923558877795,0.2327644827131902,0.25915014468422853,0.49191462739741876,0.28312740798708974,0.7011852744114603,0.2545686173984672,0.23825353834350968,0.7069174660446084,0.2076598386438454,0.22829285338103944,0.3885454349282351,0.18088559628438972,5.0,0.19230769230769232,0.06536756306407249,1.136,26.0,27.93577981651376,False,0,29.4,2026-04-15
Patrik Laine,MTL,NSH,1.0,L,13.6537709251116,2.558550907015063,0.11688379866553679,1.9510095624702497,0.23791117642748602,0.30045643037381414,0.5383676068013001,0.3769998381321845,0.7543617018340405,0.32638329144537104,0.26450981803136986,0.6210864734322871,0.21172729481793684,0.259519834100572,0.41629969649279497,0.20457240167485813,0.0,0.0,0.10581615408966691,2.0342465753424657,30.0,24.204,True,0,29.0,2025-10-16
Jack McBain,UTA,BOS,0.0,C,13.628231617185344,0.4070668224494107,0.9387177075659606,1.4025576852454054,0.18253871748846154,0.23384887082706418,0.4163875883155257,0.5285075442789838,2.6771660418059384,0.7500851296364439,0.23595555829129658,0.5687199989606115,0.16684761426402506,0.208518577209869,0.34057536433669844,0.17372775007267338,1.0,0.03225806451612903,0.04429865835484,1.8422535211267608,31.0,24.957703927492446,False,4,29.4,2026-10-06
Brady Martin,NSH,MTL,0.0,C,13.608470222699202,1.5013960931501835,0.5081505206535339,1.4234749952565926,0.18879604901452884,0.28200007522610093,0.4707961242406298,0.5135036237022333,0.946248810413505,0.36110968703115776,0.25983888987810616,0.5355521843771582,0.17204464821399013,0.24572637220797722,0.375495113158546,0.20345046494455588,2.0,0.07142857142857142,0.043928984130540534,2.7056962025316458,28.0,28.358565737051794,False,0,2.9,2025-10-21
Samuel Honzek,CGY,COL,1.0,L,13.570821829346908,0.43080603493213093,1.2959917865720632,1.3492993869527539,0.1673910370895791,0.19212754869766185,0.35951858578724094,0.43612942979829533,1.517655783405533,0.31206412177718323,0.26341250622714046,0.5771108525213362,0.15413121940827046,0.17479839161152788,0.30198772177010913,0.14785650236183867,0.0,0.0,0.04333071554083598,2.765625,33.0,29.493939393939392,False,3,17.4,2026-10-04
Andrew Agozzino,UTA,BOS,0.0,L,13.56590526889552,1.3097977745026832,0.3517799296937536,1.6362373947570623,0.20193396323281815,0.2601646577692276,0.46209862100204574,0.48955399637406705,1.451349162976414,0.38042931836946764,0.26960860973068845,0.4789956049072217,0.18285111196858606,0.2290753633786401,0.37003979042883395,0.1871886784602479,0.0,0.0,0.07483009369584226,3.6460176991150446,23.0,24.0,True,0,5.5,2025-10-11
Josh Anderson,MTL,NSH,1.0,R,13.565441943278756,0.3538483646821196,1.5017697583065452,1.4589659892874773,0.22963352497081488,0.2364153835119928,0.46604890848280767,0.4307525444368364,1.543190062305487,0.711061403897853,0.24370759350615126,0.5560801490795736,0.20517516741048225,0.21054731981092678,0.37252340563137387,0.16734823822089162,0.0,0.0,0.06790487889979016,2.0344827586206895,20.0,24.724242424242423,False,3,29.4,2026-10-06
Keaton Middleton,COL,CGY,0.0,D,13.562066176732449,0.18389924169179342,0.8079796782542779,1.1259581984657818,0.04253664770295071,0.16156080892522556,0.20409745662817627,1.1021225596204602,1.3103547602240402,0.5282259355589368,0.21837172429822524,0.5879519664134845,0.04164465664456696,0.14918520724081186,0.1846170971533867,0.14297244050881974,0.0,0.0,0.03927655980276032,1.9107806691449813,21.0,29.090604026845636,False,0,23.0,2026-01-31
Alexandre Texier,MTL,NSH,1.0,L,13.560332827305475,1.348054769126713,0.1895512420922948,1.615279704529019,0.20436597720939667,0.2867897249514785,0.4911557021608751,0.3788966367804017,1.3055963594687547,0.3788431200029359,0.22778131415509226,0.5195592970845531,0.18483601485110712,0.24933044067941013,0.3880812104942647,0.20324519564315757,0.0,0.0,0.05597662736253249,2.0344827586206895,20.0,24.724242424242423,False,3,29.3,2026-10-06
Max Sasson,VAN,CAR,0.0,C,13.550982547717576,0.41698503800944225,0.8326449061225282,1.1162494638026244,0.15905354507586647,0.20816659923901906,0.36722014431488553,0.6525286079774062,0.8036894592528443,0.40025880282652254,0.2635799303752434,0.5765397159148434,0.1470493135628428,0.18792826509140148,0.30734285627349767,0.16029354271065488,1.0,0.05,0.04055653103056851,3.3548387096774195,20.0,26.07250755287009,False,4,28.4,2026-10-04
Pontus Holmberg,TBL,MIN,1.0,R,13.541868661328406,0.7415926233411431,0.17181941153133098,1.5855826135924889,0.21688263925698884,0.23569124050979462,0.4525738797667834,0.40984901013958663,1.0111659545051992,0.4715745234961944,0.2330341818901516,0.6732210401526322,0.19497555797214294,0.20997543613921232,0.3640109162896682,0.16903535831752525,3.0,0.08333333333333333,0.037475378015981206,3.129151291512915,36.0,28.39090909090909,False,3,29.3,2026-10-05
Michael Bunting,DAL,BUF,0.0,L,13.530610765865555,1.2278488122466367,0.13147570289666163,1.6509382301179811,0.19341995490790923,0.23817391678470032,0.43159387169260954,0.3608667686577587,0.9319831485399642,0.40000396704012714,0.24223530691083975,0.5964224269529661,0.17586419841889422,0.21193437866424547,0.3505269074619457,0.17466270904305148,5.0,0.17857142857142858,0.07063997179485654,3.202247191011236,28.0,26.39755351681957,False,0,29.4,2026-04-15
Parker Kelly,COL,CGY,0.0,C,13.521440469373566,0.3052734517833366,1.638557932979273,1.3712686007918538,0.17860365161252922,0.23435250434983304,0.41295615596236224,0.6381008146560024,1.5386533013243266,0.36582262505934315,0.2894410445114212,0.5802978754793716,0.1635626456965139,0.20891709342554854,0.338308706590154,0.1747460608936401,1.0,0.029411764705882353,0.03992361653574162,2.3727272727272726,34.0,29.418181818181818,False,3,29.4,2026-10-07
Dennis Gilbert,OTT,PHI,1.0,D,13.509409663934106,0.18198021431895126,0.5987419209298029,0.7133501876124835,0.03772178726946893,0.19062737892699433,0.22834916619646325,1.2229386596145748,1.5146154121353748,0.5530584795464474,0.21677927577690576,0.6077914052234465,0.037019182851232846,0.17355952007744568,0.20415367131935935,0.1671344884681265,0.0,0.0,0.018816535704407222,5.777777777777778,38.0,28.504587155963304,False,0,28.2,2026-04-15
Konsta Helenius,BUF,DAL,1.0,C,13.483502413902611,0.86179976319719,0.2711937335030051,1.5397208976919576,0.17997123099845114,0.25766203068441557,0.4376332616828667,0.40444961670352103,1.243402006458658,0.28228872065879923,0.27413667518240603,0.6426495126532347,0.1647057583530609,0.22714361028210928,0.3544375080486033,0.1897317496955424,0.0,0.0,0.06551865524221742,2.607714016933208,28.0,28.63030303030303,True,3,10.0,2026-10-06
Ryan Tverberg,TOR,VGK,0.0,C,13.422454445347785,0.9169641735095069,0.5950534289025925,1.2780241371199048,0.17444278343006056,0.2417131425907437,0.41615592602080426,0.5249442290741311,1.0781650436475403,0.38175415451695455,0.2880595418205635,0.47137323122799857,0.16007508952322536,0.21471859096384183,0.3404225828162293,0.18034749329300392,1.0,0.05,0.051430604240517576,2.42798353909465,20.0,28.015290519877677,False,0,2.0,2026-04-15
Bo Groulx,TOR,VGK,0.0,C,13.398840597177424,0.42274473184419137,1.5995780127156018,0.9898231317760274,0.1338380811417057,0.1855594771777017,0.3193975583194074,0.5262246631424825,1.6943124706184742,0.32501095621220694,0.23974104841648491,0.4532802353751264,0.1252683113064338,0.16936056997729998,0.27341336868078225,0.14814505737434847,0.0,0.0,0.036395658136276904,4.0,37.0,27.987915407854985,False,3,26.0,2026-10-06
Fedor Svechkov,COL,CGY,0.0,C,13.38984546559404,0.3448421038438072,0.580237207893726,1.1967349263371254,0.15259425742077423,0.2278601256599239,0.3804543830806981,0.5312985804325444,0.9091824537332038,0.37842626910861554,0.3164165078014518,0.6257040614185028,0.14152202777673561,0.20376437502070177,0.31644925525584844,0.17492722747911282,2.0,0.058823529411764705,0.040628481895232445,2.3727272727272726,34.0,29.418181818181818,False,3,29.0,2026-10-07
Matthew Poitras,BOS,UTA,1.0,C,13.389302459438804,1.0382282402183687,0.20259606716720577,1.2707898253181336,0.16616373854827823,0.25981297009766485,0.42597670864594306,0.4390786387746658,0.7584618497038327,0.36929606262791853,0.3541591422140919,0.6289385438527476,0.15309244857714377,0.2288041910070414,0.34686844573820474,0.19377599716106098,0.0,0.0,0.042336130322018176,1.8743961352657006,19.0,26.598187311178247,False,1,26.8,2026-10-05
Georgii Merkulov,BOS,UTA,1.0,C,13.387921038842082,1.1087678905483342,0.287980090363404,1.3071934239425083,0.17758739542647659,0.25708656443502254,0.43467395986149915,0.6689785960354603,0.8898782667330489,0.32218370248933265,0.2819890346970257,0.4814937522134189,0.16271217898812596,0.22669872951954428,0.3525242642537054,0.18981208526557947,0.0,0.0,0.04763434233700644,4.071428571428572,21.0,26.523985239852397,False,0,9.3,2025-11-28
Arber Xhekaj,MTL,NSH,1.0,D,13.383146611581981,0.20452792120628663,0.8564777365825098,0.8490643026546126,0.041522102870752926,0.15709859172473287,0.19862069459548579,0.8594708353609102,2.0466590295657467,0.646576167722775,0.15564012431591256,0.5944996728704954,0.040671868798556554,0.14538020377574445,0.1801391880004266,0.13946731920187005,0.0,0.0,0.04180704273593327,2.0344827586206895,20.0,24.724242424242423,False,3,29.3,2026-10-06
Braeden Cootes,VAN,CAR,0.0,C,13.328333773364088,1.3027503763594044,0.508150520653534,1.2462980083603266,0.17262741641484095,0.2467036254452071,0.41933104186004805,0.5542512450990343,1.082261317238345,0.3308941558514708,0.2543483075029566,0.5626335557046852,0.15854893269723158,0.21862776193308808,0.3425134963178442,0.18396456362061264,0.0,0.0,0.04738473049431722,2.337278106508876,29.0,26.092741935483872,False,0,2.9,2025-10-13
Dominic James,TBL,MIN,1.0,C,13.327170238707303,0.5377348925725699,0.399258792154379,1.587927704113767,0.18938510574785833,0.2431828720825225,0.4325679778303808,0.3803640216373467,1.160779458541673,0.30900800220848407,0.3586309366099899,0.7877421679848876,0.1725322172718392,0.2158718944803476,0.3511592551508199,0.1786270378789807,1.0,0.02631578947368421,0.04671167836973839,4.075,38.0,28.448844884488448,False,0,22.7,2026-02-28
Jordan Greenway,CHI,NYI,0.0,L,13.246651694538969,0.3362309276337712,1.4931442966236494,1.2162193763016689,0.14495012542968336,0.1854294071650039,0.3303795325946872,0.5574680802390193,1.4281295514888104,0.48577025902542753,0.23649126425927627,0.5031379436911504,0.13493456319819797,0.1692525216693196,0.28134906978587426,0.1464145065876763,1.0,0.047619047619047616,0.0488700205867643,6.0,21.0,21.157575757575756,False,4,29.3,2026-10-06
Trevor Connelly,VGK,TOR,1.0,L,13.24437463123497,1.6264794050046685,0.300921386533267,1.8548190983421053,0.2469370411506061,0.3106250259623231,0.5575620671129292,0.3656646507463877,1.0244184548814481,0.3250023171814236,0.2735724177781187,0.5738838842960713,0.21881012520116228,0.26701132393192073,0.42739666791341135,0.20858654271224908,0.0,0.0,0.06221976126765124,2.7029702970297027,28.0,27.963746223564954,False,4,3.8,2026-10-06
Anthony Duclair,NYI,CHI,1.0,L,13.231272138491267,1.3445389143138686,0.121468490230898,1.4364730556337346,0.2033522391761371,0.2669016483736182,0.4702538875497553,0.5023415205954156,0.7453527015473265,0.27131654499882224,0.25257994000922096,0.5247397945864618,0.1840092331167782,0.2342516196394553,0.37515639187001404,0.19114715875323585,0.0,0.0,0.06201265386516877,1.574468085106383,19.0,25.615151515151513,False,3,29.3,2026-10-06
Calle Jarnkrok,TOR,VGK,0.0,C,13.224766895803848,0.5261770332735076,2.1590180157741274,0.9518943947503343,0.12840935045472227,0.17724271211380627,0.3056520625685285,0.3475062600782823,0.7882107240078409,0.26531267781935475,0.22930353323289304,0.39968385733686257,0.1205067155287105,0.16242353010495225,0.26335711949613627,0.14285040396742577,0.0,0.0,0.04608643391326581,3.6032608695652173,27.0,28.01840490797546,False,0,29.3,2026-04-13
Steven Lorentz,TOR,VGK,0.0,C,13.224423494459538,0.304034102561331,2.1999365373212436,1.101317085734328,0.15488487643336873,0.18427647067936173,0.3391613471127305,0.6139802148788058,1.7145946228857742,0.2776320727628984,0.2872364636685348,0.4320681882832959,0.14348622327119798,0.1682941702381897,0.28763249862334983,0.14414627535215185,1.0,0.05,0.04319561892287642,2.42798353909465,20.0,28.015290519877677,False,0,29.4,2026-04-15
Pavol Regenda,SJS,STL,0.0,L,13.21125844627278,1.094057118870095,0.20184740828713182,1.5252149216369981,0.20859222320624152,0.22135313404812546,0.429945357254367,0.4355799105520775,1.5347785577787434,0.37776569181761194,0.24757315342408576,0.4795013501972301,0.18827382873958032,0.19856638318394848,0.3494553587025162,0.1611815299629359,0.0,0.0,0.06121295271801002,3.7903225806451615,33.0,20.073619631901842,False,0,22.7,2026-04-16
Sean Kuraly,BOS,UTA,1.0,C,13.208241321152965,0.33732416358123635,1.545502484157434,1.406694469508319,0.14962102172961134,0.22227185659948784,0.3718928783290992,0.5467022673124865,1.1890698431367002,0.28061877908122784,0.2711145592878895,0.5522084894609622,0.13896577213752903,0.19930234019921844,0.3105719087421466,0.17160613660461754,3.0,0.1111111111111111,0.05027358545993461,2.2,27.0,26.596969696969698,False,3,29.4,2026-10-03
Kirby Dach,MTL,NSH,1.0,C,13.162673056024795,1.2822349169965632,0.24880394586649535,1.3552038280272167,0.18562157806299864,0.2662500798376614,0.4518716579006601,0.6241710675642202,1.3173289482101385,0.4782946911742839,0.2536589256847328,0.5431224685033608,0.16941215181961133,0.23375251950703857,0.3635641540037068,0.19415200218409545,0.0,0.0,0.061790024686734835,2.0344827586206895,20.0,24.724242424242423,False,3,29.2,2026-10-06
Cole Smith,CHI,NYI,0.0,R,13.158386479909199,0.35835606056807673,1.221414351008464,1.1856225068264346,0.1647177601637467,0.17816580589646563,0.3428835660602123,0.34635123738222684,1.827280893101271,0.44459911658942597,0.24281228492686588,0.38841131802745293,0.1518669527573846,0.1631963349962432,0.2902791576565751,0.13841220489919048,1.0,0.047619047619047616,0.03926348867165157,6.0,21.0,21.157575757575756,False,4,29.4,2026-10-06
Justin Robidas,CAR,VAN,1.0,C,13.13613615160308,0.6905670844215969,0.5039463323167496,1.5139055519752427,0.21115878553276302,0.3117991843894236,0.5229579699221867,0.44577024058317966,1.0769981913584274,0.30384757854958594,0.27559636790336817,0.5200911629934692,0.19035450331753723,0.26787146369390114,0.4072354275870441,0.2168809242695069,1.0,0.02857142857142857,0.050139416742602354,3.4841628959276014,35.0,31.382899628252787,False,0,3.8,2025-11-28
Oskar Bck,DAL,BUF,0.0,C,13.133815385315282,0.3191822664073172,2.116257715318354,0.958128084114462,0.12980911435450637,0.1869303252480848,0.3167394396025912,0.505331156859219,0.7250488810433755,0.30176420928608516,0.28167870158073466,0.47539629466521016,0.12173693726755808,0.17049847031469234,0.2714794459973361,0.149742508729778,1.0,0.038461538461538464,0.023746289386116358,2.170212765957447,26.0,26.40909090909091,False,3,29.2,2026-10-05
Aydar Suniev,CGY,COL,1.0,L,13.132001409939832,1.6352307460717788,0.20730103834305158,1.6180903740458308,0.18727571684382846,0.2348202109141339,0.42209592775796234,0.46550176259687054,0.9988044402404636,0.3535394191868973,0.29741834876417766,0.5474028320516315,0.17078492369955856,0.20928700158287983,0.3443288606857968,0.17354393698623827,1.0,0.047619047619047616,0.05890159527082377,2.6446945337620575,21.0,29.55045871559633,False,0,6.3,2026-04-16
Justin Danforth,BUF,DAL,1.0,R,13.124455893194146,0.43009579666449266,1.4949852267100532,1.2973917385849267,0.17222300039379718,0.20513509047439057,0.3773580908681877,0.4734948025965201,1.579549295623487,0.34104064213654944,0.2524106906301727,0.4781661771673849,0.15820856758477675,0.185462727247928,0.3143295024144439,0.15612093482966716,0.0,0.0,0.04973562324375061,2.607714016933208,28.0,28.63030303030303,False,1,29.2,2026-10-06
Jack Ahcan,NSH,MTL,0.0,D,13.069887735081956,0.3837993986573843,0.4280797527311073,0.9454204333756985,0.04507046426134569,0.18758969851045845,0.23266016277180415,0.8759463597374466,0.7965863427122427,0.3582009461700775,0.1539867786462363,0.5473711512457233,0.04406987944999641,0.17104524116161612,0.20757717745312454,0.16350729800312813,0.0,0.0,0.03151101581709929,3.5783132530120483,25.0,28.231003039513677,False,2,11.9,2026-10-06
Marcus Foligno,MIN,TBL,0.0,L,13.057506356814194,0.42477228001825196,1.1009973176388321,1.2867907747002882,0.16736301914384108,0.18419696441409747,0.35155998355793855,0.60025458069339,2.3329217544682694,0.7361049289157034,0.28076616939878724,0.497049736277372,0.15410751957066549,0.16822804178508854,0.2964103551140238,0.14230283554335832,1.0,0.05,0.04310391433828323,2.1750245821042284,20.0,27.37272727272727,False,3,29.4,2026-10-06
Trevor Kuntar,BUF,DAL,1.0,C,13.054356529779142,1.1271791371550188,0.7314700289592126,1.381308233067974,0.17570038958297318,0.25186377006425387,0.42756415964722705,0.4299969827957477,1.12068861968284,0.31813010323669216,0.31439065964245183,0.5183825137573611,0.16113072033559328,0.22264937071771485,0.3479044375672963,0.186773717231703,0.0,0.0,,1.6097560975609757,15.0,28.82608695652174,False,0,1.0,2025-12-11
Arttu Hyry,DAL,BUF,0.0,R,13.053762418247393,0.38108297104751543,1.5332988370298148,1.3967319730285572,0.1669925860574671,0.1868951424986036,0.3538877285560707,0.36541865341095336,1.4375707368447164,0.43938350393612774,0.2582621278463294,0.47258194546953697,0.15379411496426554,0.17046928565678388,0.29804622770487377,0.14425211274060823,1.0,0.038461538461538464,0.04848263695830792,2.170212765957447,26.0,26.40909090909091,False,3,18.2,2026-10-05
Casey Cizikas,NYI,CHI,1.0,C,13.034958363543728,0.326350555730476,1.5648085334954476,1.3889832005074814,0.19289744745765347,0.22246787224830625,0.4153653197059597,0.4720033807861285,1.5094839886654505,0.32225763051740713,0.26666319048450576,0.5236925894959783,0.17543346880262845,0.19945927408926012,0.3399009105535553,0.16446744175092687,0.0,0.0,0.046502243692948336,1.574468085106383,19.0,25.615151515151513,False,3,29.4,2026-10-06
Alex Bump,PHI,OTT,0.0,L,13.027288873362263,0.957299662183247,0.14526497355182041,1.4043061313806942,0.20429230069648419,0.23049610518213942,0.4347884058786236,0.40722728228240773,1.28273226180528,0.3281856297007116,0.25778709580747494,0.565693555372523,0.18477595419872694,0.20586047197497392,0.3525983610327248,0.16782240683399785,3.0,0.16666666666666666,0.05206202325340001,1.5191815856777493,18.0,27.0,False,3,14.7,2026-10-03
Brandon Saad,VGK,TOR,1.0,L,13.021318496073631,0.36998932565813913,0.6611504901644919,1.7178088616305827,0.21366513039268104,0.24014730599193929,0.4538124363846203,0.31252922162525304,0.6484343179864067,0.2830753212157852,0.28603029824212395,0.5575742746081453,0.1923812132685262,0.21348800539668644,0.36479813716872045,0.17241692390019425,1.0,0.034482758620689655,0.06743411372125287,2.0866425992779782,29.0,27.90153846153846,False,0,29.4,2026-04-11
Oskar Sundqvist,STL,SJS,1.0,C,12.997321626898747,0.6176266123560366,1.4118791028061168,1.0155435730384217,0.1576740476882445,0.23607464237508566,0.39374869006333013,0.4592867029109843,1.1281792645246367,0.3984726950222143,0.2920948934035206,0.5038854417663245,0.1458718583576687,0.2102782749724258,0.32547645058762187,0.17960459222995317,1.0,0.03225806451612903,0.03618616646272656,3.2527472527472523,31.0,24.86196319018405,False,0,29.4,2026-04-14
Fabian Zetterlund,OTT,PHI,1.0,L,12.958081042438296,1.3730255377694924,0.11800867659452743,1.5798769776072166,0.20588164338277484,0.2671690180103335,0.47305066139310836,0.38065198159582053,1.6834082623377957,0.27853843855039556,0.2931814676996659,0.4882862656171766,0.1860705954867552,0.2344563301378223,0.3769014966601937,0.19083090117343848,0.0,0.0,0.08616846120449437,2.3095238095238093,25.0,28.52121212121212,True,3,29.4,2026-10-06
Nic Dowd,VGK,TOR,1.0,C,12.902687770062483,0.36803739976112887,1.2496351308059457,1.1186177343713362,0.16081675546423374,0.2482121647443972,0.4090289202086309,0.45903208195327294,1.3158725737160932,0.4341364163622701,0.28430552315587854,0.511026852727388,0.1485519199790234,0.2198056040275972,0.33570497950617206,0.18715305952714867,0.0,0.0,0.037064554265371474,2.7029702970297027,28.0,27.963746223564954,False,4,29.4,2026-10-06
Dakota Joshua,TOR,VGK,0.0,C,12.891107739335935,0.84294175714663,0.30758213010724983,1.095935285522211,0.17709212150474024,0.2220155244694722,0.39910764597421244,0.5070084729416565,2.3601507400678496,0.5539569718020156,0.22378313090081567,0.4045674519359835,0.16229738945665118,0.19909706935495075,0.3290815242068237,0.1667841347501725,1.0,0.045454545454545456,0.03950685277856273,1.8802816901408452,22.0,28.102167182662537,False,0,29.4,2026-04-08
Nick Lardis,CHI,NYI,0.0,L,12.89037411661721,1.341414334303338,0.11887787428870725,1.4236802443574326,0.18884466049394855,0.21695243263617467,0.40579709313012324,0.3812810528136016,1.181159155378331,0.31153510452586397,0.18594914764526477,0.4830658109852184,0.17208489537028904,0.19503174138764123,0.3335546199473528,0.16146972457706377,0.0,0.0,0.05726762915825642,6.0,21.0,21.157575757575756,False,4,23.2,2026-10-06
Tyson Gross,CGY,COL,1.0,C,12.837360023200018,0.5737816401532604,0.98333743588974,1.2364535257170401,0.16191713647478911,0.2070528337822178,0.36896997025700695,0.5836680789207878,0.9808202398158961,0.316828449700426,0.31193406158193515,0.500845313184411,0.14948832198377415,0.1870233037808402,0.308553825910555,0.15906550392678087,1.0,0.03225806451612903,0.046397196164074526,2.6666666666666665,31.0,29.54601226993865,False,0,5.5,2026-04-14
Warren Foegele,OTT,PHI,1.0,L,12.831392399549548,0.993444241510289,0.5134100122191605,1.4248572135922724,0.2043385074498164,0.21731993349238873,0.42165844094220517,0.3249400173669528,1.1417231467558473,0.31745558335205804,0.24749846642316042,0.6472755775227778,0.18481362218485742,0.1953275135603142,0.34404195045172814,0.15922832826687072,0.0,0.0,0.07164541220609888,2.3095238095238093,25.0,28.52121212121212,True,3,29.4,2026-10-06
Lukas Reichel,BOS,UTA,1.0,L,12.811533330953235,0.7910122259498075,0.1337491433567802,1.160624024842891,0.16346776794895596,0.21918696123530862,0.3826547291842646,0.47639914134583244,0.7364769424846624,0.2921328895957768,0.26518806233105274,0.6095900505038617,0.15080613017936895,0.1968284578281687,0.3179516499732984,0.16714551979392944,2.0,0.09090909090909091,0.05638972774679843,1.8085808580858085,22.0,26.613496932515336,False,0,29.3,2026-04-12
Ross Colton,NSH,MTL,0.0,C,12.80802756003181,0.8061426422372232,0.19789846424321592,1.6721698075364622,0.18858155194986315,0.23381708847058397,0.4223986404204471,0.40224127888722594,1.7243476593709008,0.34859820725333907,0.25052503640355694,0.5286172553520139,0.17186703517330082,0.2084934216653933,0.34452731060392616,0.17266027543062534,2.0,0.08,0.06409269666332898,3.5783132530120483,25.0,28.231003039513677,False,3,29.4,2026-10-06
Oliver Moore,CHI,NYI,0.0,C,12.786923420507819,1.3417008849632963,0.3084294225986097,1.2376701203760467,0.1578930075145945,0.23466017814474635,0.39255318565934083,0.3301088915324095,0.7699880646172528,0.38633250938945396,0.22634914741433337,0.5083619744059528,0.14605885763383164,0.2091604514661397,0.3246695724966505,0.17861071486281888,0.0,0.0,0.0493160928628603,6.0,21.0,21.157575757575756,False,4,26.0,2026-10-06
Kailer Yamamoto,UTA,BOS,0.0,R,12.769331423616846,0.3640998771209078,0.17170632406464728,1.3619917939991053,0.18056080784674147,0.20515074563840982,0.3857115534851513,0.4211562558759476,1.0892074082507615,0.3374673422092241,0.317856820271406,0.47740599821129304,0.16519808335347408,0.1854754788627182,0.32003336859900344,0.15483528524552936,2.0,0.08695652173913043,0.04481585409564731,2.4360189573459716,23.0,24.908256880733944,False,0,29.3,2026-04-16
Colin Blackwell,DAL,BUF,0.0,C,12.75872355041171,0.3051876089406073,1.8289879885705524,1.114601599467287,0.13648553434547492,0.1888604789776968,0.3253460133231717,0.4880516726134373,1.355471322794339,0.3911929435645853,0.3023406659875713,0.41514890229271334,0.12758105972066536,0.17209799162833483,0.2777226072012591,0.15014154748059372,0.0,0.0,0.04865383007526089,3.340909090909091,30.0,26.398176291793312,False,1,29.3,2026-10-03
Jeff Skinner,SJS,STL,0.0,L,12.734272361245473,1.625149811749191,0.11734611617706071,1.6571959729374008,0.19354617678004174,0.24958280805911934,0.4431289848391611,0.3669617185149809,0.7703467632875821,0.3664741547758837,0.2622913951813548,0.5689075749064928,0.17596821581788769,0.22087423973412645,0.3579756096658675,0.18200739384797981,3.0,0.15,0.08515723767428217,2.4262295081967213,20.0,19.325259515570934,False,0,29.4,2026-01-11
Mark Jankowski,CAR,VAN,1.0,L,12.661076530057647,0.7497360889933385,1.3037718886681557,1.3204942997354352,0.22769853027275297,0.2607121160351309,0.4884106463078839,0.4991506472751006,0.891374616403202,0.27673432416881305,0.23076929261542123,0.5466182136623129,0.20363569661996606,0.2294972969373017,0.38639915162304106,0.182763455003075,2.0,0.058823529411764705,0.03758086341486883,2.2857142857142856,34.0,31.386706948640484,False,4,29.3,2026-10-06
Robby Fabbri,MIN,TBL,0.0,C,12.627547564785749,0.508572288747087,0.3901870668815489,1.3274943701124415,0.15929458825454923,0.19320010086552894,0.3524946891200782,0.5019196479077642,1.3835777961240798,0.48840176939633345,0.22756810123347065,0.4021811023011483,0.14725488673056097,0.1756829889123549,0.2970676970101408,0.14981281027957982,4.0,0.2,0.05442961446305519,3.658536585365854,20.0,27.37920489296636,False,0,29.2,2026-04-14
Ethan Cardwell,SJS,STL,0.0,R,12.621861057191854,0.49525150989395944,0.5564750491343947,1.3032682952455397,0.1740130885341472,0.19616768028850132,0.3701807688226485,0.375943168988399,1.1040554302058703,0.3524682754833184,0.28524687058192066,0.5404847529454775,0.15971410052423218,0.17812558901499465,0.30939052130934785,0.14967642078511567,1.0,0.043478260869565216,0.043374932194607106,2.5520833333333335,23.0,19.09608540925267,False,0,10.6,2025-12-23
Logan O'Connor,COL,CGY,0.0,R,12.615074367749752,0.35485304495824455,1.2158907859802612,1.2423387575487104,0.158598134304884,0.1957975316968364,0.3543956660017204,0.4967282794711143,0.8944522289851833,0.3505077114542926,0.28354494621695214,0.4661547502043397,0.1466607821691468,0.17782131704979742,0.29840268577407303,0.15174190360492623,1.0,0.02857142857142857,0.045451479825263374,5.732342007434944,35.0,29.382262996941897,False,0,29.3,2026-04-16
Hunter Haight,MIN,TBL,0.0,C,12.596812875521124,0.8735397792892973,0.30719869312773623,1.3811861044584046,0.17478068974992678,0.22450189568999998,0.3992825854399268,0.44711925265863306,1.0641625297754282,0.4261160232605704,0.25498987558041164,0.4478823917192158,0.1603588575124899,0.20108593779491213,0.32919888406078246,0.16884002654829255,2.0,0.1,0.04945178640304335,3.658536585365854,20.0,27.37920489296636,False,0,7.9,2026-04-14
Jett Luchanko,PHI,OTT,0.0,C,12.587978115400423,1.2256638257416825,0.3755924912298932,1.1192491223178507,0.1716962211704345,0.23126110773191036,0.40295732890234487,0.46797562890593203,1.0288996256368608,0.3909573354382261,0.240182810233556,0.4301349228707093,0.15776501253023922,0.20646775842133014,0.3316593824571378,0.17389436992689855,1.0,0.037037037037037035,0.03676566646882811,2.1209302325581394,27.0,27.406374501992033,False,0,7.1,2025-10-20
Daniil But,UTA,BOS,0.0,L,12.571205167832364,1.1730334783246155,0.12352753867862613,1.4073281339256913,0.18494896444925943,0.220754032684043,0.40570299713330243,0.4826186091254719,1.0310485562998406,0.34946443365255414,0.22760608317579775,0.540381678805161,0.16885329920064818,0.1980860993559096,0.33349190715452504,0.16463860795387686,0.0,0.0,0.05085800164560982,1.8422535211267608,31.0,24.957703927492446,False,4,20.0,2026-10-06
Nick Foligno,MIN,TBL,0.0,L,12.560459338308247,0.7068320444682413,1.1375478922091995,1.1249703382144478,0.1485845542626694,0.1877211960529117,0.3363057503155811,0.44127654775249575,1.6452922137681185,0.5946343984753932,0.23513572660673995,0.46600136087246236,0.138072875523214,0.17115423950854391,0.2855953570248243,0.1475224815016103,0.0,0.0,0.05909209050230268,2.1750245821042284,20.0,27.37272727272727,False,3,29.4,2026-10-06
Luke Glendening,PHI,OTT,0.0,C,12.55816134764372,0.3165395464598954,1.6838102064019194,1.0045381639620283,0.13909335120803598,0.1803952328645123,0.3194885840725483,0.5628265066329131,1.3045292285367311,0.2947893731412298,0.2099409730408457,0.3306306925449013,0.12985320458781124,0.1650598495972504,0.27347950376607655,0.1436262991782653,0.0,0.0,0.027930705160276112,3.5749318801089918,25.0,27.03669724770642,False,0,29.4,2026-04-14
Sam Morton,CGY,COL,1.0,C,12.553832440962843,0.7188624121472006,1.0997287118766903,1.3299965634617492,0.17299061127850096,0.20986090958725132,0.38285152086575225,0.5040546074558364,1.2834840699848178,0.2870607369056157,0.3197720687197649,0.5097784759956551,0.15885448791149626,0.18930300169127046,0.3180858582089907,0.15923137029749446,2.0,0.06060606060606061,0.04700211290784961,3.284974093264249,33.0,29.96268656716418,False,0,3.8,2025-11-22
Barclay Goodrow,SJS,STL,0.0,C,12.536134713753077,0.3520759480263103,2.0000431718937177,0.953295014001349,0.13438263114773585,0.17709630024430115,0.311478931392037,0.5480645060496224,1.3907066680849902,0.39185446499461024,0.24950221941874712,0.47329822812978956,0.1257445167821717,0.16230088999037628,0.26763695978739166,0.14189244300521997,0.0,0.0,0.034267314000664795,1.5897435897435896,13.0,20.164133738601823,False,3,29.4,2026-10-05
Radek Faksa,DAL,BUF,0.0,C,12.521884610914151,0.3161934745757835,1.9780999082087478,1.032379568839162,0.13358442188360098,0.18864141188835126,0.32222583377195224,0.6204231013476286,1.2300159280492184,0.338044500695975,0.26034248262231974,0.3534147209292096,0.1250463993714206,0.17191660567797684,0.2754654525172101,0.15041905314578952,1.0,0.038461538461538464,0.036670765418282014,2.170212765957447,26.0,26.40909090909091,False,3,29.4,2026-10-05
Jonathan Lekkerimki,VAN,CAR,0.0,R,12.512450945188723,1.5649919960359504,0.11958384251728965,1.1853673507856166,0.16914899668742564,0.2172453657402432,0.38639436242766884,0.39558667200043185,0.9406520812418657,0.26410091950363646,0.2165654485958727,0.4408775902097479,0.15561691626948293,0.1952675087046012,0.32049749742184974,0.1648805811523668,1.0,0.05,0.04543676328101354,3.3548387096774195,20.0,26.07250755287009,False,4,22.3,2026-10-04
Aleksanteri Kaskimaki,STL,SJS,1.0,C,12.500767969146507,0.8842204963279703,0.449946461147712,1.4198123752769998,0.18659908725869684,0.2605049523215786,0.44710403958027545,0.48573961507718905,0.8736371060953242,0.29034190961028866,0.2691956592344349,0.48373070307024457,0.1702236623849046,0.22933766020113455,0.36052262614381725,0.19029896375891264,2.0,0.07692307692307693,0.05181096658952938,2.6455696202531644,26.0,24.812274368231048,False,0,4.7,2025-12-11
Aatu Rty,VAN,CAR,0.0,C,12.46723956605273,0.34835713704750476,0.8867976753526826,1.108728348323564,0.14975885486795348,0.18761649828430457,0.3373753531522581,0.4176787586612299,1.8710992349550695,0.3186966899636579,0.20458475942125076,0.4083865890120599,0.13908444300879808,0.17106745666399514,0.28635907774574976,0.14727463473695168,0.0,0.0,0.04086433779184093,3.3548387096774195,20.0,26.07250755287009,False,2,28.8,2026-10-04
Ondrej Palat,NYI,CHI,1.0,L,12.454885739024435,0.5559793522688563,0.35287407057476655,1.3242373963110725,0.1751397919161737,0.21979191107943755,0.39493170299561126,0.5560229256132065,1.5153462483875009,0.24956073711687254,0.25055460044491284,0.49644123968720416,0.16066032033441147,0.19731418939098444,0.32627394885131566,0.1656136285169042,1.0,0.05263157894736842,0.04604628863275356,1.574468085106383,19.0,25.615151515151513,False,3,29.4,2026-10-06
Anthony Richard,PHI,OTT,0.0,C,12.436502338719754,0.9180828519718176,0.20038882678300404,1.1300394122410762,0.158238311029468,0.23121336777483084,0.3894516788042989,0.47522204206607593,1.187779456815115,0.3091574148631079,0.23206691088229534,0.40783785470072126,0.14635367560801504,0.20642987432189053,0.3225717790675964,0.17621810345958133,0.0,0.0,0.04460555991769772,3.5749318801089918,25.0,27.03669724770642,False,0,21.5,2026-04-14
Jesperi Kotkaniemi,CAR,VAN,1.0,C,12.434164544931683,0.5666280489621776,0.21765004996363171,1.2431820316001265,0.17821614449766485,0.2635956404667535,0.4418117849644183,0.3979301482482485,1.1460898590597948,0.2988391303597648,0.20057162238100826,0.6486997070944802,0.16323845746201604,0.23171586012840573,0.35712937801357647,0.19389092055156043,0.0,0.0,0.04749153046727159,2.2857142857142856,34.0,31.386706948640484,False,2,29.4,2026-10-06
Ty Mueller,VAN,CAR,0.0,C,12.433005106868967,0.49961455808197713,0.3242191619967926,1.0148164992969229,0.1550152629011461,0.20681772114594293,0.361832984047089,0.679133613245683,1.0205287931050167,0.36106376019749353,0.24122782230902637,0.47905225156146286,0.1435978937968273,0.18683214021495775,0.3036013321833636,0.1600034383865363,1.0,0.08333333333333333,0.03105335937013618,1.9491525423728813,12.0,26.137614678899084,False,0,7.1,2026-04-16
Zach Dean,STL,SJS,1.0,C,12.42955334584181,0.4599919481650675,0.6141145136437862,1.3230621980389696,0.177209043679428,0.23003778153757717,0.40724682521700517,0.47344518444185546,1.0379398625206746,0.43161005170532013,0.33334254976347627,0.458283051379995,0.16239532974181037,0.20549641563075616,0.3345200871954498,0.17212475745363942,0.0,0.0,0.0498231476689095,2.6455696202531644,26.0,24.890577507598785,False,1,8.6,2026-10-03
Nick Cousins,OTT,PHI,1.0,C,12.427319115697696,0.34606439052642424,0.23508664377202182,1.1753772956009558,0.1564805800454681,0.23326329260262343,0.3897438726480915,0.4914955861060127,1.7149894293170085,0.497336561126329,0.2560516068230843,0.5315633739949729,0.1448518755206467,0.2080549671969173,0.3227696905077039,0.17791781498705717,0.0,0.0,0.041918557977048534,2.3095238095238093,25.0,28.52121212121212,False,3,29.4,2026-10-06
Steven Santini,TBL,MIN,1.0,D,12.421793478512171,0.2259406223998482,0.55846084989579,0.8956238157175804,0.040363409403147595,0.15629290857414466,0.19665631797729224,0.9733428741447055,0.8272585009535828,0.30828190731292715,0.16218459459591486,0.6112939735047772,0.039559657327995934,0.14469137355357709,0.17852708972547637,0.13896743239748044,1.0,0.03225806451612903,0.03193032684718246,2.792270531400966,31.0,28.3914373088685,False,0,13.1,2026-04-15
Nils Hoglander,NSH,MTL,0.0,L,12.386002300409647,0.600004624086361,0.11920522076458943,1.2374473034939637,0.1711358665569822,0.2081357122547996,0.3792715788117818,0.3059120182581179,1.2158702316409598,0.32197347491767336,0.21103261793370479,0.5721429546138895,0.1572929300149446,0.18790318225717573,0.315640270175757,0.15834734016081242,2.0,0.08,0.04798244591449157,3.5783132530120483,25.0,28.231003039513677,False,3,29.3,2026-10-06
Nathan Walker,STL,SJS,1.0,L,12.240042412007435,0.3494327405365453,0.7209968523523926,1.1314759935681051,0.16860136212693125,0.20409098851077231,0.37269235063770356,0.5993775314088706,2.5029748265763567,0.449170379359719,0.20014133331511508,0.549151700593583,0.15515437627065054,0.1846118231439855,0.31112286714254334,0.1559684908718928,0.0,0.0,0.03696187997826414,5.5,29.0,24.880733944954127,False,0,29.3,2026-04-16
Eric Robinson,CAR,VAN,1.0,L,12.23667439797241,0.3401694481573606,0.9837509300285364,1.3972131831122514,0.2043440732340384,0.23127044860114981,0.43561452183518823,0.2792803345517417,1.2946257041249616,0.27046316849679164,0.21711213610875885,0.5318691693195393,0.1848181593237107,0.20647517066761756,0.35313296900249025,0.16831480967877954,1.0,0.029411764705882353,0.045226409643543915,2.2857142857142856,34.0,31.386706948640484,False,4,29.4,2026-10-06
Mark Kastelic,BOS,UTA,1.0,C,12.19674346261243,0.3099385353215384,1.2277106921197694,1.195725986474841,0.17201905777091986,0.20084055899600256,0.3728596167669224,0.593504872173078,1.8640086177463902,0.6480987653342533,0.3252359652601376,0.4889233940233967,0.15803687292479973,0.1819571492700658,0.31123808331791336,0.15320121039311363,0.0,0.0,0.04055133470363712,1.8743961352657006,19.0,26.598187311178247,False,4,29.4,2026-10-05
Nikita Grebenkin,PHI,OTT,0.0,R,12.165025889934034,0.45367289496754354,0.12490099886560711,0.9130207498065495,0.1374641760738262,0.1975449357737888,0.33500911184761495,0.37993946160761966,1.3889942229527272,0.44140041433054217,0.24462625443890673,0.5006254633061094,0.1284344276613798,0.17925674093434785,0.2846684316693804,0.15623400400800058,0.0,0.0,0.02507903448475192,2.827906976744186,28.0,27.02547770700637,False,0,25.9,2026-03-21
Carl Grundstrom,PHI,OTT,0.0,R,12.108208136597014,0.33043392601180943,0.3927088094456121,1.2761441261340027,0.16657277942621254,0.17391975743989113,0.3404925368661037,0.45672897802581447,2.259091211746111,0.4080639714886334,0.21865873492677823,0.45216149535603384,0.15343879754523493,0.159635672061896,0.28858016404062814,0.1351413664953932,1.0,0.06666666666666667,0.05602020315672264,2.0255754475703327,15.0,26.972809667673715,False,4,29.3,2026-10-05
Alexey Toropchenko,STL,SJS,1.0,R,12.101878365504088,0.3430729993451129,1.2714697138125872,1.3032307734469273,0.16398222547453184,0.20074324845973643,0.36472547393426824,0.5341005555897477,1.5259120532061283,0.2891977215314423,0.2209147611636689,0.45431983723403285,0.1512428919990355,0.1818775412082838,0.3056127478853047,0.15436985588626917,0.0,0.0,0.048786383905427895,2.6160714285714284,24.0,24.89329268292683,False,1,29.4,2026-10-02
Garrett Wilson,PHI,OTT,0.0,L,12.087993647401342,0.8472145321748379,0.30527337300723084,1.3392276191676054,0.17389471621755345,0.21849222345288322,0.3923869396704367,0.364075537213961,1.2352267777131047,0.4726865330217448,0.25131434393266217,0.44544158483029694,0.15961462804843263,0.19627027033753464,0.32455729218907636,0.16494266414064374,1.0,0.04,0.05640425726765599,3.5749318801089918,25.0,27.03669724770642,False,0,2.9,2026-04-14
Jacob Quillan,TOR,VGK,0.0,C,12.07255634347046,0.34945777612661943,1.2964984066492697,0.9409100839841007,0.13027784992205163,0.1801513380306175,0.31042918795266916,0.5201187530244147,1.3728682492454267,0.26647922947193753,0.29456713652895233,0.4586164161794023,0.12214851393487491,0.16485618717285877,0.2668677628315994,0.1447192488967245,0.0,0.0,0.031866415189405146,2.42798353909465,20.0,28.015290519877677,False,0,16.6,2026-04-15
Alex Steeves,BOS,UTA,1.0,C,12.050018359889513,0.8938315781576585,0.2862594294413703,1.2829090252983837,0.16992070594856248,0.22751931038507622,0.3974400163336387,0.5094625673564458,2.0977627005775177,0.37901114637839534,0.25438962968800155,0.4791321767895468,0.15626828314989205,0.20349295950868196,0.3279617472430618,0.17169346409316977,2.0,0.09090909090909091,0.04558490941035316,1.8085808580858085,22.0,26.613496932515336,False,0,24.8,2026-04-12
Brandon Duhaime,TOR,VGK,0.0,L,12.042934589107979,0.34591733558501087,1.1812699221092762,1.046081300829908,0.139308571428671,0.16468856201519405,0.30399713344386503,0.6189715761274255,1.558965703990866,0.5315204952671778,0.20335459676101353,0.4315823984747565,0.1300404576220623,0.15184218848114506,0.26213701842678383,0.13209656080472154,1.0,0.02702702702702703,0.03910662411912956,4.0,37.0,27.987915407854985,False,4,29.4,2026-10-06
Tanner Jeannot,BOS,UTA,1.0,L,12.017360958499095,0.3600488042536528,0.6176524295145857,1.0961474472913177,0.1607377791726424,0.190604576452771,0.3513423556254134,0.530246570317574,2.3581564602434026,0.4806222469853315,0.22357979913128878,0.5082894413243533,0.1484846731117616,0.17354067497484849,0.29625721769137525,0.14777254457961364,1.0,0.05263157894736842,0.03910594711033837,1.8743961352657006,19.0,26.598187311178247,False,4,29.4,2026-10-05
Liam Foudy,NYI,CHI,1.0,C,12.008289157109367,0.4419906800989471,0.5317172469146006,1.214394893957055,0.1624135863218027,0.22421018812529658,0.3866237744470993,0.3644068762691449,0.9086302877645267,0.22556386223232397,0.3373119209225438,0.34161992941834685,0.1499104535839545,0.20085285452499535,0.3206533655834758,0.1707429119995213,1.0,0.034482758620689655,0.04341017033117447,2.0689655172413794,29.0,25.581039755351682,False,0,27.4,2026-04-14
Alexander Holtz,VGK,TOR,1.0,R,11.990404716241336,0.6392594804148115,0.15360131314897427,1.4332664671053197,0.1921429299704216,0.2380053802522123,0.4301483102226339,0.3392154517622247,1.036293417791394,0.28230296042535286,0.1821931716407202,0.5980998342268031,0.17481108416493418,0.21180154962409403,0.34958737527142725,0.17477629110649306,0.0,0.0,0.04660112681071869,1.9397590361445785,26.0,27.80592105263158,False,0,29.3,2026-02-27
Dylan Duke,TBL,MIN,1.0,L,11.990021060289108,0.9658920498331214,0.30527337300723084,1.487472487304947,0.18487519355262116,0.22286907260749494,0.4077442661601161,0.3437257923502714,1.0950087298751505,0.3309832954021213,0.2769049346889546,0.4860155146970821,0.1687919825016262,0.19978038689644662,0.3348510418288796,0.1660590593272534,1.0,0.03333333333333333,0.053606209098351454,2.708206686930091,30.0,28.45201238390093,False,0,2.9,2026-04-07
Jeffrey Viel,TBL,MIN,1.0,L,11.987690560281086,0.4163259144085132,0.11948453311393309,1.4536207630393965,0.16934027270223195,0.2179509035106433,0.38729117621287523,0.39918635990521867,1.8268118303738743,0.8338897888621061,0.24056196042196648,0.6047085202262465,0.15577841105517687,0.19583507762807806,0.32110661146148567,0.1653282004063088,1.0,0.027777777777777776,0.04475177060715363,3.129151291512915,36.0,28.39090909090909,False,3,25.3,2026-10-05
John Beecher,CGY,COL,1.0,C,11.959515815976761,0.3543017243266187,1.3845549833502726,1.1195737823380592,0.12531720955099937,0.16730641413655467,0.292623623687554,0.7592408203756057,0.8901625764307696,0.3245594810853719,0.28207324038582765,0.5175612259668877,0.11778298946706889,0.1540596364654483,0.2536970213934068,0.13591403192633789,2.0,0.06896551724137931,0.028269964942890153,2.199546485260771,29.0,29.575851393188856,False,0,29.3,2026-04-09
Paul Cotter,VAN,CAR,0.0,L,11.952293269363013,0.5596958385433499,0.520918036578724,1.0299163246997654,0.16222975776183424,0.17921720009650324,0.34144695785833745,0.38671405874703646,1.8770791549513375,0.2861337936181175,0.17862239458759438,0.425563643892163,0.14975416848240009,0.16407568316441168,0.28925883414634357,0.13950466566394348,2.0,0.1,0.04161279629439946,3.3548387096774195,20.0,26.07250755287009,False,4,29.4,2026-10-04
Lane Pederson,PHI,OTT,0.0,C,11.942522874296193,0.7538659257869831,0.32262265968131776,0.9543029604389122,0.14603004900194635,0.2042815817215401,0.3503116307234865,0.45534086974834376,1.8210045936415578,0.47907253724804305,0.22749079594906912,0.4198266366065601,0.13586826350172376,0.18476721578577293,0.2955314785266354,0.15966321502491165,0.0,0.0,0.03834867521807624,3.36144578313253,27.0,27.245791245791246,False,0,19.7,2026-01-28
Martin Pospisil,CGY,COL,1.0,C,11.91683164100529,0.36107967059911045,0.5227597186666759,1.2056557640791334,0.126364026295819,0.1792554422956427,0.3056194685914617,0.3963719242443064,2.6370511765000972,0.4288198467111728,0.2644137790684371,0.46340733678229956,0.11870602579702572,0.16410765013735407,0.2633331089836858,0.14462708318666007,1.0,0.030303030303030304,0.051854304178955216,2.765625,33.0,29.493939393939392,False,3,29.3,2026-10-04
Tyson Kozak,BUF,DAL,1.0,C,11.89198626580808,0.36114669485757106,0.9697083819552673,0.9171312512089492,0.12530054203250832,0.17571841072097677,0.3010189527534851,0.5660394594931151,1.8940478835116885,0.21286519685316768,0.28194778044265584,0.5729074838882057,0.1177682849761893,0.1611458375784337,0.2599362536319594,0.14216796865577008,0.0,0.0,0.025311691874165217,4.1307189542483655,24.0,28.654434250764528,False,0,26.5,2026-04-15
Joshua Roy,MTL,NSH,1.0,R,11.860865069391354,0.5724247595224707,0.12038435577382481,1.4621282044800075,0.19831357204466069,0.21636681000592067,0.41468038205058133,0.5284112530564702,0.9604949349255538,0.28187110593279524,0.27057577606526606,0.47840785182557255,0.1798873515861823,0.19456019569832472,0.33944862895624606,0.15956127737006376,1.0,0.03571428571428571,0.05155711255057046,4.0,28.0,24.27169811320755,False,0,21.5,2025-11-20
Boris Katchouk,TBL,MIN,1.0,L,11.812353042656458,0.3581265538664331,0.5111903244301216,1.2895715284230453,0.14619653700316837,0.18401032241417273,0.33020685941734107,0.30306645694779605,1.2377688512626672,0.2705733329035773,0.2927323202218935,0.40883379391958247,0.1360121190918787,0.1680727837149384,0.28122496733207725,0.14521284824019853,0.0,0.0,0.05677968216878094,3.955223880597015,30.0,28.3574144486692,False,0,28.9,2025-11-16
Conor Geekie,TBL,MIN,1.0,C,11.7698777102106,0.7208388505061256,0.19484211336982987,1.2249036587466593,0.15774074649606099,0.2025519250526913,0.3602926715487523,0.4247065183276672,1.4855691284465846,0.3352513693875327,0.23724588583067646,0.5166193460798433,0.14592882578658783,0.1833559227895698,0.3025278340624594,0.1565990082758716,2.0,0.05555555555555555,0.03962276801263148,3.129151291512915,36.0,28.39090909090909,False,3,26.7,2026-10-05
Zack Ostapchuk,SJS,STL,0.0,C,11.763412124970012,0.35142645935813793,1.5177547801606375,1.0126493949481303,0.13070994176798836,0.1678839980239045,0.29859393979189286,0.5697506939902389,1.4575602269185102,0.43252722078145,0.20998175676355765,0.3953410375086425,0.12252774446683656,0.15454809691206361,0.2581394116526229,0.13561166718578632,1.0,0.07692307692307693,0.025089615880023303,1.3165760869565217,13.0,20.164133738601823,False,3,29.0,2026-10-05
Beck Malenstyn,BUF,DAL,1.0,L,11.727551098358143,0.34090025317103007,1.5545458954010765,1.0710764604744325,0.140668351558502,0.1671276974454066,0.30779604900390856,0.5106030934257293,2.516537922215592,0.34753660777275236,0.25177626217053906,0.45076066653980873,0.13122260740750058,0.15390843929244202,0.2649347799939693,0.13371217258646872,0.0,0.0,0.03872180115238915,2.607714016933208,28.0,28.63030303030303,False,3,29.4,2026-10-06
Jack Finley,STL,SJS,1.0,C,11.697566676013464,0.35544268604410434,1.084013349512914,1.0055577534536053,0.14764056048867755,0.2088931273211358,0.3565336878098133,0.34221581887832836,1.2813723025096426,0.4574953877428617,0.2125932537163821,0.40048620076786834,0.137258837521121,0.188518043740188,0.299901113725775,0.162642276204654,3.0,0.10344827586206896,0.024608277996779497,1.7637130801687764,29.0,24.880733944954127,False,0,23.2,2026-04-16
Andrew Mangiapane,CHI,NYI,0.0,L,11.696053494326451,0.38713773527817186,0.17738029587198673,1.1036209779896216,0.14617201625529477,0.1708876028723641,0.3170596191276589,0.43582754879721053,1.089323111000895,0.39967507737847907,0.1842381903515856,0.44733862882944636,0.13599093320313926,0.1570836904804822,0.27171266602418764,0.13572173282104838,1.0,0.038461538461538464,0.05221389338478517,3.652482269503546,26.0,21.180428134556575,False,1,29.4,2026-09-29
Nico Sturm,MIN,TBL,0.0,C,11.695740047010542,0.30199526840142404,1.472958540994634,0.9244468222639134,0.13748348347779601,0.17046522441143172,0.30794870788922774,0.42914169415444714,1.1524241646937345,0.41052656091897005,0.24481215886317456,0.38875004783549927,0.12845125516752287,0.15672758558674826,0.26504698566627793,0.13659573049875506,0.0,0.0,0.05610607600241535,3.658536585365854,20.0,27.37920489296636,False,0,29.4,2026-04-14
Jonas Rondbjerg,VGK,TOR,1.0,R,11.690060290659183,0.33160732628729644,0.5056398611684948,1.451082544538613,0.16950520355357654,0.19754541362901637,0.3670506171825929,0.35619289574079527,0.6892672948142566,0.23047584294749013,0.33736453697011776,0.33295871221782,0.15591763775886003,0.179257133130711,0.30722542214040505,0.15130778438154502,1.0,0.03225806451612903,0.042984878564604014,2.1506849315068495,31.0,27.813333333333333,False,0,24.2,2026-02-01
Jakob Pelletier,TBL,MIN,1.0,L,11.679882078744834,0.6312565599812336,0.21637958102767413,1.271306349527344,0.16728174724999476,0.2054944782285211,0.37277622547851585,0.3787945080754808,1.0405166837964255,0.28831465419353647,0.22902501500947606,0.5130282456206274,0.15403876949310402,0.18575540937270207,0.3111806441793472,0.1571418746862432,1.0,0.03225806451612903,0.04473306254800871,2.792270531400966,31.0,28.3914373088685,False,0,28.1,2026-04-15
Cameron Hughes,DAL,BUF,0.0,C,11.66741811255355,0.7830487138756884,0.5081505206535339,1.2372607272953042,0.15904049407129422,0.2100773801593273,0.36911787423062153,0.45466935304310857,0.9728580498560551,0.31653429100474445,0.2421107218791822,0.41069464934459515,0.14703818162689286,0.1894784747412137,0.3086560859847214,0.16161790435782852,1.0,0.05263157894736842,0.05453597861474434,2.36697247706422,19.0,26.4,False,0,2.9,2026-04-11
Olle Lycksell,OTT,PHI,1.0,R,11.661999601517959,0.7096004145099788,0.11903963643339689,1.175312676702024,0.1638400089061279,0.22161825338232283,0.3854582622884507,0.35045859278283925,0.8053617178804404,0.2898834589661438,0.22699978531282805,0.49983109584419133,0.1511221760920296,0.19877883056764334,0.3198611172232618,0.16873894113123222,1.0,0.025,0.03887837248620271,2.981191222570533,40.0,28.301075268817204,False,0,24.5,2025-12-20
Florian Xhekaj,MTL,NSH,1.0,L,11.634851325106922,0.6187021217469392,0.22293442383190984,1.4124212575836343,0.17842116495799382,0.2266656801190494,0.4050868450770432,0.4267902992772321,1.2574471448053055,0.40291850474863306,0.2334419727078256,0.5381218559965291,0.1634099931138927,0.2028127467080032,0.3330811102789314,0.1696711171650387,1.0,0.05,0.05034243817891954,2.0344827586206895,20.0,24.724242424242423,False,1,5.5,2026-10-06
Xavier Bourgault,OTT,PHI,1.0,R,11.632815245873841,0.9921035045646902,0.35748062823390814,1.4764892379567713,0.18882225019113508,0.23632766154121548,0.42514991173235056,0.3278324342846943,1.1018684038400428,0.3251515962345299,0.2519407826174064,0.47470339333037526,0.17206634133419052,0.21047806442842032,0.34632821528531044,0.17426187395111992,0.0,0.0,0.06806656365482731,2.3287292817679557,23.0,28.42281879194631,False,0,2.0,2026-01-28
Brendan Gallagher,VAN,CAR,0.0,R,11.631075051310729,0.9709964008491901,0.20708040741635886,1.3146114987673587,0.1678661634436842,0.198259099636135,0.3661252630798192,0.39536917013896555,1.28862470322642,0.43514375687455426,0.17529472744692123,0.4947942326836353,0.15453301849781742,0.17984267685820188,0.3065840636463937,0.15205104514857626,1.0,0.05,0.07364358721506144,3.3548387096774195,20.0,26.07250755287009,False,4,29.4,2026-10-04
Tanner Pearson,BUF,DAL,1.0,L,11.629072487857158,0.43905979663053407,0.6386476508359418,1.2340806653605771,0.15512429804044364,0.19954386610499195,0.35466816414543556,0.37777558241044784,1.3737584928084512,0.3418333982307063,0.21698032609626675,0.50901238010826,0.1436912666292195,0.18089571088990763,0.29859384369356323,0.15490257706434374,0.0,0.0,0.046916200561883455,4.1307189542483655,24.0,28.654434250764528,False,0,29.3,2026-04-15
Dryden Hunt,CGY,COL,1.0,L,11.552763950984916,0.3709207651835989,0.11697013997780759,1.2009554493831782,0.14005474911906532,0.1843739797257079,0.32442872884477325,0.4329538510390987,1.9930394918216292,0.36328074702407165,0.33684242423881233,0.46843946495842154,0.1306893598958223,0.16837526512668355,0.27705976940081023,0.14637040950498792,1.0,0.043478260869565216,0.03373731703603924,1.84375,23.0,29.90068493150685,False,0,27.0,2026-01-15
Sacha Boisvert,CHI,NYI,0.0,C,11.552283868721583,0.5317424505797834,0.34506819094092656,1.186626544649983,0.14517516130106672,0.20004619713683022,0.3452213584378969,0.39351654685755433,0.991689848734641,0.4088318273823276,0.218401201888627,0.43930943163774744,0.13512921205026374,0.18130706906500116,0.2919363997333685,0.15680718768310475,2.0,0.058823529411764705,0.041447602960023956,3.090909090909091,34.0,21.14814814814815,False,0,6.3,2026-04-11
Adam Klapka,CGY,COL,1.0,R,11.545595317441967,0.445105417739146,0.11734413211899927,1.2395250691056305,0.13561048559183658,0.17785574207338145,0.31346622766521803,0.5775330443992115,2.574293452184462,0.5727878347259844,0.23789292021692388,0.5510027491331128,0.12681731650678363,0.16293683222356947,0.26909093690764396,0.14227362040086033,3.0,0.09090909090909091,0.03863896509092023,2.6417910447761193,33.0,29.493939393939392,False,3,28.9,2026-10-04
Riley Tufte,BOS,UTA,1.0,L,11.545070111075246,0.9009398796098107,0.140440776288267,1.1650579416361193,0.1602055570894122,0.19946302449319483,0.35966858158260706,0.3506371956732938,1.296606894697538,0.33278531966636715,0.23156173891520507,0.45146324652225767,0.14803135722892147,0.18082949050230068,0.3020924128251522,0.15406105559623073,0.0,0.0,0.03519551572695646,4.071428571428572,21.0,26.523985239852397,False,0,13.6,2025-11-28
Michael Eyssimont,BOS,UTA,1.0,C,11.528983685478758,0.5198254384605026,0.2326692326383249,1.6474538093854247,0.16853134878196324,0.2052528905664999,0.37378423934846317,0.45194211203359824,1.1409269642156774,0.38369924392054156,0.2231041911560089,0.5742894092839335,0.15509522373184237,0.1855586741622961,0.31187463380955305,0.15677941007771068,3.0,0.11538461538461539,0.0725950001521855,3.617161716171617,26.0,26.599388379204893,False,0,29.4,2026-04-14
Adam Gaudette,SJS,STL,0.0,R,11.513295608443357,0.5260532048906078,0.1306463322876383,1.3870818823735804,0.1807653426920108,0.17657744393334776,0.35734278662535857,0.4863352646727305,0.8367950043549064,0.3042848993160181,0.2142817426432794,0.4425584693867517,0.16536881197375475,0.16186613174169073,0.3004673338105348,0.13509852183678006,3.0,0.17647058823529413,0.045885530018594474,2.5573770491803276,17.0,20.083076923076923,False,0,29.2,2026-04-15
Joakim Kemell,NSH,MTL,0.0,R,11.505954636119528,0.6660901456587278,0.6127015910001788,1.2556835336479808,0.1542429726796453,0.19888914516041162,0.35313211784005694,0.4075910711195871,1.2560679311364853,0.2943598799379804,0.22633754526579994,0.4051968751109246,0.14293624736588517,0.1803592505592877,0.29751562347250493,0.15457937610661976,1.0,0.047619047619047616,0.044320481771164884,1.823529411764706,21.0,28.28527607361963,False,0,13.6,2026-04-16
Joel Kiviranta,DAL,BUF,0.0,L,11.498697756111106,0.34929930088014505,0.9382678056472062,1.2528300275365052,0.1503618259210742,0.1718729205715539,0.32223474649262807,0.352547582393637,1.1606705281877552,0.29284937266974387,0.22206090295351014,0.4367861673434845,0.13960339369700048,0.1579138218004853,0.2754719100624746,0.13586851636547415,1.0,0.038461538461538464,0.03724948156050673,2.170212765957447,26.0,26.40909090909091,False,2,29.4,2026-10-05
Rodrigo Abols,PHI,OTT,0.0,C,11.495997950786204,0.34411591060045477,0.8679751872648254,1.071345058578132,0.13785653677141477,0.19413458699390665,0.3319911237653214,0.522557814804799,1.103585210222277,0.4348931648714823,0.2508112340577083,0.408664944478566,0.1287763286586937,0.17645294191337157,0.28250630853143555,0.15372997987274184,0.0,0.0,0.04362691479421138,3.36144578313253,28.0,27.318493150684933,False,0,26.2,2026-01-17
Joseph LaBate,VAN,CAR,0.0,C,11.466919460997305,0.5317424505797836,0.34506819094092667,1.059940828682259,0.14536883793712374,0.20212056446588997,0.34748940240301374,0.8218741889389927,1.3861015513894022,0.43767839724893587,0.21209986801202582,0.398218315954943,0.13529670109521696,0.18300357873301043,0.2935404993370323,0.15824379824181534,2.0,0.08333333333333333,0.039840510252215744,2.9705882352941173,24.0,26.11904761904762,False,0,6.3,2025-10-21
Adam Erne,DAL,BUF,0.0,L,11.464159982930868,0.3501868949041677,0.19045782404031295,1.1980299800113492,0.14829778633295376,0.16104398108926926,0.309341767422223,0.43615428077822954,2.1830938631991845,0.4240304851464706,0.227052223204164,0.3838677826999794,0.13782566702212107,0.148745368822092,0.2660701061698568,0.12824443914773576,2.0,0.07142857142857142,0.033832907783011054,3.202247191011236,28.0,26.39755351681957,False,0,29.0,2026-04-15
Hugh McGing,STL,SJS,1.0,L,11.452497716129987,0.6814174317231532,0.18645906463153167,1.3881580153627837,0.19119347325198718,0.23272469606834792,0.4239181693203351,0.42626136860444575,0.9593408081321428,0.2852780431737236,0.3187689289826152,0.4702209425779684,0.17402723094634953,0.2076283134601148,0.3455225639489399,0.17149533300259034,2.0,0.09090909090909091,0.04054564699787392,2.289855072463768,22.0,24.82078853046595,False,0,7.9,2025-12-15
Arthur Kaliyev,OTT,PHI,1.0,R,11.439217508809287,0.7763664245499955,0.11681248012323217,1.6111965310876453,0.17888734254914326,0.20744653532083607,0.3863338778699793,0.27808739260577653,0.8249654448044323,0.27084070335551036,0.1877898494851497,0.3986313610812769,0.16379990173768977,0.18734331095920975,0.3204563967705675,0.1566564950328777,3.0,0.09375,0.06550403098466707,2.8709677419354835,32.0,28.45019920318725,False,0,28.9,2025-10-18
William Stromgren,CGY,COL,1.0,L,11.428523432682448,0.8472145321748379,0.30527337300723084,1.3455369941980502,0.16254859798059948,0.19515643864913473,0.3577050366297342,0.37497676735909985,0.9668744775787148,0.30299200971802365,0.2539786565899678,0.4495641586140918,0.1500252178363115,0.17729405501823692,0.3007206936293545,0.150695475793043,1.0,0.03125,0.04939555052993939,4.293929712460064,32.0,29.893470790378007,False,0,2.9,2026-01-13
Nicolas Aube-Kubel,MIN,TBL,0.0,R,11.426262871254723,0.38989156260653834,0.13304125377756212,1.0708041267599835,0.13299071902300127,0.16178984491402704,0.29478056393702834,0.3926773388966726,1.6770408394703118,0.5434323824765588,0.31824821964167815,0.3914422832601167,0.1245267826821409,0.14938005213406025,0.25530501752705625,0.13077823484491535,1.0,0.05,0.04465222334248847,3.658536585365854,20.0,27.37920489296636,False,0,29.1,2026-04-14
Kyle MacLean,NYI,CHI,1.0,C,11.337802472415019,0.3218012001792234,0.21464163570521586,1.036807183951651,0.14367512025700668,0.2023938664422979,0.3460689866993046,0.3937389573797187,1.674117356162347,0.33179329238299793,0.24804486952997165,0.5365203981719696,0.13383089685093452,0.18322683496008718,0.29253632016115505,0.15870542331022053,1.0,0.030303030303030304,0.02900060333496815,1.9350180505415164,33.0,25.558282208588956,False,0,29.3,2026-04-12
Landon Slaggert,CHI,NYI,0.0,L,11.329812844981467,0.3277634885452563,1.1163527611989306,1.0408752336042972,0.12938354590243123,0.15022493094587389,0.27960847684830514,0.401801881157409,1.1370664260017904,0.2781454817388318,0.18553156015463323,0.3329942555583739,0.12136309667369705,0.13948560166253332,0.24392029377707158,0.12255719710337454,0.0,0.0,0.0419670246111488,2.707612456747405,24.0,21.171779141104295,False,0,28.5,2026-04-15
Brennan Othmann,CGY,COL,1.0,L,11.323855422863295,0.6251399077604008,0.149979861898599,1.181127993954164,0.1435389724617282,0.16709712004349264,0.31063609250522084,0.43113725738398023,1.6681655682949967,0.3255570663156736,0.2087605630402754,0.44338614550185684,0.13371296180908665,0.15388256761519192,0.26701943553766416,0.1333064737285775,1.0,0.041666666666666664,0.03844026361148095,2.857142857142857,24.0,29.51063829787234,False,1,23.2,2026-10-03
William Carrier,CAR,VAN,1.0,L,11.303667722057423,0.3379851936150552,0.1656136986496597,1.3586863652832137,0.19277475127961616,0.25477711543196585,0.447551866711582,0.3280156046711046,1.9520642788907423,0.2700920989688639,0.2074515022127947,0.40493959775823263,0.1753322914338017,0.22491076586060932,0.3608089373479392,0.18547664591413748,1.0,0.029411764705882353,0.04921913359403249,2.2857142857142856,34.0,31.386706948640484,False,4,29.3,2026-10-06
Nils Aman,VAN,CAR,0.0,C,11.174815862809572,0.3065973541339147,0.43464752133189827,0.7746380091747687,0.12036215203028186,0.18126791570388068,0.30163006773416257,0.4340788587925341,1.0159786369788364,0.2526890397350169,0.2009066247600538,0.31905086677795175,0.11340070516509582,0.1657881696959581,0.2603883795095018,0.14698767434440596,0.0,0.0,0.026905494284074655,2.2031473533619454,22.0,26.110671936758894,False,0,29.1,2025-10-23
Tanner Laczynski,VGK,TOR,1.0,C,11.143025399350027,0.6269681656637834,0.27823373904209414,1.194242950773622,0.15950419084879194,0.22644451366811003,0.385948704516902,0.38935348836982225,0.780377013383689,0.2787869042894557,0.29037779381623696,0.3879290042257372,0.14743360558790775,0.20263641613397365,0.32019460426783797,0.17276099867993022,0.0,0.0,0.03159523442711346,3.515492957746479,25.0,27.815181518151814,False,0,24.2,2026-02-25
Matt Luff,STL,SJS,1.0,R,11.129081096046303,0.41535139925733416,0.12979213886665544,1.3591079417031613,0.17622967373030057,0.20526307961576,0.3814927533460606,0.4458014776046753,1.1089466204567995,0.24542329236007412,0.28908505376414695,0.3542574405672174,0.16157460306659077,0.1855669725028084,0.31715866564498885,0.15558406257839807,0.0,0.0,0.052736062022362466,3.338432122370937,27.0,24.814946619217082,False,0,16.6,2025-12-18
Mitchell Chaffee,TBL,MIN,1.0,R,11.102250557400538,0.9140833668404397,0.16468588873793033,1.2039485992340866,0.15422698265328505,0.1901530021208733,0.3443799847741583,0.361859537345256,1.6151842042683944,0.30942583841917687,0.18382544915750207,0.4733519486398245,0.14292254278432015,0.17316738287908873,0.2913404029750235,0.14841786019070335,0.0,0.0,0.036767208085033656,2.792270531400966,31.0,28.3914373088685,False,0,28.6,2026-04-15
Adam Edstrom,NSH,MTL,0.0,C,11.067995305425315,0.30931473805235515,0.36909946182013903,1.1544551811582238,0.14662392428252352,0.17106864809975228,0.3176925723822758,0.5674704198528491,1.6021217730044253,0.2555124427737713,0.20194697649246096,0.4314905518104784,0.13638129762497198,0.15723628264195033,0.2721734920064861,0.13579219438151413,3.0,0.12,0.03232024449216023,1.78494623655914,25.0,28.231003039513677,False,3,28.4,2026-10-06
Justin Kirkland,CGY,COL,1.0,C,11.032558635224976,0.3233261214969004,1.195102216987086,0.8958977651403173,0.11749003303311077,0.16571317719337572,0.2832032102264865,0.5354965991372898,1.2764355426688099,0.2691696209644651,0.2464950038387455,0.520015477421207,0.11085062617534758,0.1527107787869254,0.2466333195100172,0.13578269333466964,1.0,0.03333333333333333,0.022514235324633845,3.2109375,30.0,29.78187919463087,False,0,24.2,2026-01-29
Dillon Dube,STL,SJS,1.0,C,11.021411718402055,0.41293515509713397,0.905326256485576,1.132422122421396,0.14421169762997302,0.19804698178917388,0.3422586794191469,0.33177534429279326,0.8996306993251771,0.2500759477564754,0.21103224533738305,0.34802993456671055,0.13429553892348733,0.1796686884002714,0.2898355239873682,0.1555399850638809,0.0,0.0,0.05086732323546052,2.6956521739130435,28.0,24.893939393939394,False,2,29.0,2026-10-06
Arshdeep Bains,VAN,CAR,0.0,L,11.021122852103575,0.44629350956011316,0.473740303857378,0.9356716286128142,0.1371343998457745,0.17375357381891,0.31088797366468446,0.41319375108367984,1.0031572164537461,0.33598478368142787,0.20207140519216152,0.4304621599552723,0.12814695865681747,0.1594960056701239,0.2672040362824045,0.13905707762558706,2.0,0.1,0.025556540845962133,1.8375,20.0,26.07250755287009,False,4,24.7,2026-10-04
Sam Carrick,BUF,DAL,1.0,C,10.99111561436724,0.3022516829480978,0.7859959118030986,1.1038403596229005,0.13796715970106432,0.1655066927492666,0.3034738524503309,0.3862148502494384,1.331208597366051,0.48468167362581477,0.24212482641624938,0.4672491997991316,0.12887270064302359,0.15253580867940253,0.26175080771314396,0.13287810707012038,1.0,0.03571428571428571,0.04096296855565285,2.5742574257425743,28.0,28.632218844984802,False,2,29.4,2026-10-03
Patrick Giles,SJS,STL,0.0,R,10.990828953048165,0.38625546291654633,0.5026374383661099,1.1813176839372388,0.1428742366521684,0.17135937826045317,0.3142336149126216,0.39602022300483297,0.9782241149402499,0.2562385680916625,0.19513259082614087,0.4209912029561415,0.1331369183562997,0.15748126385949068,0.26965161204668253,0.13651469369038283,0.0,0.0,0.03912954208610757,3.0,18.0,18.56420233463035,False,0,14.7,2025-11-02
Alex Barr-Boulet,COL,CGY,0.0,C,10.967728965636065,1.1501244258976606,0.19920454666242732,1.1120655958183518,0.15228017236446245,0.2100297825650908,0.36230995492955326,0.34893392758510494,0.8475205609313753,0.27971400347486775,0.2860860333678507,0.3215358306826101,0.1412523503258757,0.1894398949483891,0.30393341486731784,0.16268106454144216,0.0,0.0,0.04481357713953109,5.732342007434944,35.0,29.382262996941897,False,0,22.3,2026-04-16
Ross Johnston,STL,SJS,1.0,L,10.933139274004294,0.34580070744592667,0.11680241467766665,0.9527820560251283,0.14685286600798836,0.20141936838971428,0.3482722343977026,0.361131891154659,2.1610706523801935,0.6539292610381083,0.1859590499649608,0.4913714345867143,0.13657899334957369,0.1824305031524749,0.2940933220252273,0.15751432867565363,1.0,0.03571428571428571,0.018652516175720606,2.6956521739130435,28.0,24.893939393939394,False,2,29.3,2026-10-06
Ozzy Wiesblatt,NSH,MTL,0.0,C,10.884181859292267,0.3094789302137762,0.7677863202682187,0.8627325040992997,0.11789314817954955,0.17447859500390725,0.2923717431834568,0.43450281235034,1.609540046460049,0.49276630881841754,0.21771744915290872,0.3640871597209161,0.11120898352089303,0.16010516801760022,0.2535090185468142,0.14230003502592115,1.0,0.047619047619047616,0.027169125396715378,1.823529411764706,21.0,28.28527607361963,False,0,23.2,2026-04-16
Jared Davidson,MTL,NSH,1.0,C,10.83749086591736,0.45164433362853207,0.29559371700638776,1.208599389845705,0.15464337972828202,0.21483966936824822,0.36948304909653024,0.3507411822580563,1.123672199323096,0.3830268217384412,0.23520774349293438,0.4704834261501958,0.14327935303802208,0.19332923615704,0.30890850131514647,0.16562914827712438,1.0,0.034482758620689655,0.042247578380052796,2.712328767123288,29.0,24.32,False,0,8.6,2025-12-11
Matj  Blmel,BOS,UTA,1.0,R,10.82550663418919,0.8548875904869008,0.14306121072937442,1.317174646192836,0.16648030811348755,0.19070174878970894,0.3571820569031965,0.3565938316378101,0.9878776999901097,0.2547444021854009,0.24981259774271003,0.49119605576177966,0.15336051129998174,0.17362098005706583,0.30035488908309205,0.1469943777831103,0.0,0.0,0.05136931416935334,3.3125,14.0,26.57037037037037,False,0,13.1,2025-11-26
Josh Dunne,BUF,DAL,1.0,C,10.823687584754778,0.34298891770812096,0.2911670296490484,1.0462163659260826,0.1328705108134318,0.1708491797517628,0.3037196905651946,0.44007990090980137,1.254161767963202,0.45089259111895436,0.24394009824577786,0.4555084011115279,0.12442153728860772,0.15705130238324283,0.2619322751961495,0.13751073790754176,1.0,0.041666666666666664,0.03333387450395491,4.1307189542483655,24.0,28.654434250764528,False,0,23.0,2026-04-15
Marc Gatcomb,VGK,TOR,1.0,C,10.818710401072577,0.31530747071499565,0.19448016511729918,1.393499406856551,0.1640513431524751,0.2029517682262712,0.3670031113787463,0.3948821882342901,2.1965907954785933,0.34776759422445536,0.20806796944322348,0.351730813369668,0.15130155409216117,0.18368238707747897,0.3071925105454597,0.15589095645329853,3.0,0.10714285714285714,0.041032720972064944,1.9130434782608696,28.0,27.963746223564954,False,4,28.1,2026-10-06
Noah Philp,CAR,VAN,1.0,C,10.774015507846128,0.3291084539072322,0.6966359262172716,1.1366503921506796,0.15169603676513727,0.20628062170302686,0.3579766584681641,0.3274569548212094,1.1564510947062077,0.24590576692556484,0.2497540137706444,0.44833664925015526,0.14075057871580177,0.1863952708998392,0.3009106073666,0.16016002865079826,1.0,0.030303030303030304,0.03605450110573062,2.321112515802781,33.0,31.288194444444443,False,0,19.7,2026-01-06
Owen Beck,MTL,NSH,1.0,C,10.736625589759159,0.3248459685346735,0.2092334305889556,1.071465591454854,0.14487131846549176,0.1940119709429916,0.33888328940848333,0.4839995958251751,1.2334893882309845,0.2781042806485858,0.2267995762980313,0.5678290625566067,0.13486638733096523,0.17635195563422346,0.28743439181005026,0.15256800447908503,0.0,0.0,0.034915847690426716,3.6159695817490496,41.0,24.460481099656356,False,0,18.2,2026-01-12
Kevin Rooney,UTA,BOS,0.0,C,10.707318089221577,0.35072149497475835,1.4037287613213787,1.0081925318609284,0.12643129986516374,0.15990109074522063,0.2863323906103844,0.45196656998880724,1.2126939721381444,0.24712653640214213,0.22333711067967182,0.41370931311141673,0.11876531159410642,0.14777192195824107,0.24898705519611708,0.13022174360201066,1.0,0.03333333333333333,0.028222055342020793,2.1835443037974684,30.0,24.414814814814815,False,0,28.9,2025-11-28
Maxim Tsyplakov,CGY,COL,1.0,R,10.684190009314344,0.4671974118390741,0.11747510183935779,1.1342990576620429,0.12947371792988555,0.15557863679359274,0.2850523547234783,0.32050135359207776,1.4318069019805852,0.24181954098464825,0.24384390505112105,0.5502156707160052,0.12144232157267754,0.14408023250362367,0.24802511614833,0.12658279457565247,0.0,0.0,0.0452892645488494,2.765625,33.0,29.493939393939392,False,3,29.0,2026-10-04
Mackenzie MacEachern,VAN,CAR,0.0,L,10.671936375347851,0.40678914837444774,0.16815546902828846,0.9973057965154039,0.13538691023109767,0.18166921902165137,0.31705612925274906,0.47693957603145104,1.141738361904666,0.2932774003875515,0.20900510527014635,0.38992499510426076,0.12662207254827462,0.1661228745076151,0.27171012438805864,0.14508805183978402,1.0,0.03225806451612903,0.03320762234514919,2.9705882352941173,31.0,26.16417910447761,False,0,12.5,2025-11-23
Raphael Lavoie,VGK,TOR,1.0,C,10.663942493745092,0.6537769370886096,0.23813615973553853,1.2545273836147017,0.16616389741611057,0.21046007546838388,0.37662397288449445,0.2838323124886665,1.1174499643346447,0.2623601056493742,0.21748526525596928,0.41375353642906443,0.15309258312349994,0.18978859818164173,0.31382595456212614,0.1607333714386262,0.0,0.0,0.03714260768534014,1.937246963562753,29.0,27.781045751633986,False,0,13.1,2026-03-03
Stephen Halliday,OTT,PHI,1.0,C,10.66190835891793,1.8074845406527895,0.20480489948096853,1.2908719765350516,0.17251313993208378,0.2452965985006139,0.41780973843269764,0.36832992854350727,0.9044815653400633,0.23147643615112987,0.20707079606123718,0.46666533994807935,0.1584527691343358,0.21752757632648,0.3415124986288044,0.18305972949446858,2.0,0.08,0.0398156143359801,2.3095238095238093,25.0,28.52121212121212,False,3,20.0,2026-10-06
Jacob Gaucher,PHI,OTT,0.0,C,10.641371422177603,0.508159240051852,0.47499517679531733,1.0434735394042751,0.13585529034546653,0.18550639778810143,0.32136168813356797,0.4083753693601737,0.9187669231267217,0.27978116525796287,0.2189625113709619,0.3961729144223399,0.1270310496159821,0.169316478973225,0.274839078547956,0.14780802893197387,1.0,0.04,0.04641301964001593,3.5749318801089918,25.0,27.03669724770642,False,0,7.1,2026-04-14
Tristen Nielsen,COL,CGY,0.0,C,10.6383492419257,0.6905670844215968,0.44813562333586276,1.1874089107451793,0.14511496423720716,0.20611393572081985,0.351228899958027,0.41982661348664424,0.9709537250077251,0.2714750688355267,0.23430683634061758,0.40730066211031346,0.13507714780116953,0.1862596430931278,0.2961773695548139,0.16110022175364436,2.0,0.07692307692307693,0.04084095383439974,2.0482758620689654,26.0,28.378277153558052,False,0,3.8,2025-11-23
Liam O'Brien,UTA,BOS,0.0,C,10.62677710451169,0.3107645509609497,0.1945835626599498,1.135452072675455,0.1378807694218952,0.16072911548489785,0.2986098849067931,0.42556800648149873,2.2053403645766223,0.47758265162591174,0.1641218516970892,0.35288726274468696,0.128797440461613,0.1484772958169025,0.25815124061063677,0.12935380014902376,1.0,0.043478260869565216,0.03830659605067044,2.4360189573459716,23.0,24.908256880733944,False,0,29.3,2026-04-16
Dominic Toninato,CHI,NYI,0.0,C,10.588162865682918,0.326985849891558,0.26868786343649603,1.026627956954281,0.12378709288356474,0.17171233965554686,0.2954994325391116,0.4204433145667369,1.121422211770653,0.3386505151866279,0.22428418365958525,0.348914733411711,0.1164320612396319,0.15777858797293776,0.2558401629954019,0.13940810175577,1.0,0.0625,0.03523604492338305,3.6666666666666665,16.0,21.18769230769231,False,0,20.0,2026-04-13
Reid Schaefer,NSH,MTL,0.0,L,10.362109075625305,0.3311960449057406,0.15930579969489866,1.0601549430483306,0.1319574212937709,0.15312127734119735,0.28507869863496826,0.44189639989995144,1.516083897559813,0.33758765954377573,0.16893733127707405,0.3880128613906689,0.12362169066044981,0.14197434356915606,0.2480449258471793,0.12442323518672949,1.0,0.05,0.03324036639139244,2.68936170212766,20.0,28.262996941896024,False,1,23.8,2026-10-01
Brandon Tanev,UTA,BOS,0.0,L,10.35203890596316,0.3274195074143445,0.15045474668644016,1.06824892492297,0.1310520845764647,0.1599373000417245,0.2909893846181892,0.5367262265880097,1.8673436828968446,0.5077013061917677,0.1922402811362221,0.4748371693558376,0.12282791393536396,0.1478027799787308,0.2524763867754597,0.12964847284009573,1.0,0.043478260869565216,0.043675757026373066,2.4360189573459716,23.0,24.908256880733944,False,0,29.4,2026-04-16
Ben Jones,MIN,TBL,0.0,C,10.34617744618256,0.3547518155377202,0.5073975173152885,1.0530580254534654,0.11649642234263433,0.15469731249997762,0.27119373484261194,0.4288831294612057,1.4290272646293183,0.27815948643670024,0.17958547088474142,0.35642162270155475,0.10996671879489428,0.1433255571111135,0.23753123467104842,0.12756451587615414,0.0,0.0,0.036182106812246075,3.658536585365854,20.0,27.37920489296636,False,0,24.8,2026-04-14
Jansen Harkins,TBL,MIN,1.0,C,10.264427690485112,0.4350024138549182,0.3001192276129454,1.099466034274274,0.12933102210110153,0.18051471718298484,0.3098457392840864,0.4453108260502321,1.5438547172826358,0.3168400728823437,0.20859262761880495,0.5265883384525326,0.12131694611155486,0.1651596058923115,0.2664398929960231,0.14512294688446825,1.0,0.041666666666666664,0.030397458610159005,2.8401639344262297,24.0,28.399390243902438,False,1,29.3,2026-10-01
T.J. Tynan,COL,CGY,0.0,C,10.209197581631612,0.9047187922224434,0.29475895555273435,1.085695995890926,0.13724473290723566,0.19908489869998441,0.33632963160722007,0.42393878661786366,0.7252790161133807,0.29840579453963,0.20313093723918443,0.39432624411700623,0.12824314756550714,0.18051968243410288,0.28561241772673485,0.1573692701612277,1.0,0.03225806451612903,0.036308396703427954,1.7539936102236422,31.0,28.91695501730104,False,0,8.6,2026-01-10
Nathan Bastian,DAL,BUF,0.0,R,10.173595822653656,0.34267564727996663,0.14146195170869108,0.9581052779862798,0.13612600698171848,0.14715672984377795,0.28328273682549643,0.29082859181198906,1.7510075085372074,0.4190606225281293,0.14651770845445594,0.36778674608335016,0.1272673448478142,0.1368413159113675,0.24669322981766095,0.11942588496984674,0.0,0.0,0.034804049577515254,3.340909090909091,26.0,26.531446540880502,False,0,29.3,2026-03-28
Sam Lafferty,CHI,NYI,0.0,C,10.017934448998963,0.3049687635431609,0.20707297351282045,0.8034509316677256,0.1038772308339613,0.13906266739431858,0.24293989822827988,0.3185864491336812,1.0761675889548847,0.24279657891623743,0.17168145918729139,0.3924534640285965,0.09866405310858528,0.12982650475600988,0.2156813487044461,0.11701729559586083,0.0,0.0,0.03931271187821053,2.707612456747405,24.0,21.171779141104295,False,0,29.3,2026-04-15
Nicolas Deslauriers,CAR,VAN,1.0,L,9.971305389004447,0.3258093265260849,0.1717013910937294,1.039880899755302,0.1461027117221121,0.18133885629298027,0.3274415680150924,0.295929271435173,2.417556066988052,0.5591018226596236,0.17647229912806264,0.3848371463566795,0.13593105138308248,0.1658473470755698,0.27923459420157515,0.14330354281849267,0.0,0.0,0.030342514628116643,2.420824295010846,33.0,31.35562310030395,False,2,29.3,2026-10-02
Sammy Blais,MTL,NSH,1.0,L,9.89432621247891,0.35078143689675084,0.11680655815598202,1.0496099428684782,0.14145511387479978,0.18653356223998943,0.3279886761147892,0.4158661963658487,2.3491496439857853,0.3477339987548853,0.2466681202498926,0.3245930092700754,0.13190585990733994,0.17016928949348653,0.27962882294036706,0.14772296303302712,2.0,0.08695652173913043,0.03360601667408727,2.076923076923077,23.0,24.51877133105802,False,0,29.2,2026-01-15
Gavin Brindley,COL,CGY,0.0,C,9.891760417420276,1.0380048302515439,0.19976818705350183,1.124894594275045,0.14321171367058086,0.18907202973580667,0.33228374340638756,0.35513285245327747,0.6665464954399158,0.21218158233178244,0.17603557285970986,0.3469416930153873,0.13342941536617914,0.17227311640130416,0.28271623056274764,0.1492868151965685,1.0,0.041666666666666664,0.03454430199785133,1.9333333333333333,24.0,29.254777070063696,False,0,25.3,2026-03-22
Scott Sabourin,TBL,MIN,1.0,R,9.652434527057274,0.3485378360065582,0.12515607309775953,0.9494099726087495,0.12853544003686473,0.1691556475424308,0.2976910875792955,0.3502237624233203,1.515965924868256,0.6468769095434291,0.17611724075079757,0.40825943759916605,0.12061760347839201,0.15562253212026655,0.2574693187270729,0.1368517152486809,1.0,0.03225806451612903,0.02314650202723855,2.792270531400966,31.0,28.3914373088685,False,0,19.0,2026-04-15
Tyler Pitlick,MIN,TBL,0.0,C,9.53990960411535,0.32409942665243924,0.20789913323309814,0.954069579349599,0.11042059878166845,0.13571197280529537,0.24613257158696383,0.49644122166050125,1.5888137132326094,0.3211669502605587,0.2019056400588896,0.30130721265179694,0.10454257222243934,0.1269059288875839,0.2181814288738373,0.11363885665139795,0.0,0.0,0.03529720765617511,1.829268292682927,23.0,27.169934640522875,False,0,29.0,2026-03-01
Ivan Ivan,COL,CGY,0.0,C,9.399790279792827,0.5728318510490813,0.1980516938029323,0.8410562176059906,0.1155726210995974,0.1609567283843667,0.2765293494839641,0.3188638127362701,0.5575001949049508,0.2427378340497159,0.1625927628502275,0.3901203982200098,0.10914412504530935,0.14867109131255118,0.24158864017702086,0.13244451513171152,0.0,0.0,0.030791724061404343,3.8215613382899627,49.0,29.191693290734825,False,0,24.0,2026-03-20
Jason Polin,COL,CGY,0.0,R,9.393346962272394,0.45981271213256475,0.15775114961726502,1.0900163098033495,0.13280307050084109,0.15811881252776613,0.2909218830286072,0.37552702587049575,1.1283012487988837,0.2716610630002537,0.17863872106862913,0.30118536461482376,0.12436248601218891,0.14625166005603552,0.2524259260402463,0.12806344002805736,0.0,0.0,0.036549507229960074,5.732342007434944,35.0,29.382262996941897,False,0,10.6,2026-04-16
Zakhar Bardakov,COL,CGY,0.0,C,9.109155174890846,0.30921293185994536,0.20373415559489536,0.9022726227373972,0.10910440372771867,0.1619150257760583,0.27101942950377694,0.3909289588441552,0.7763056959513197,0.2623270945665371,0.19544003751964878,0.3819452682315978,0.1033631996130373,0.14948652680796037,0.2373983207110868,0.1340351210980495,1.0,0.02857142857142857,0.02009164648854684,5.732342007434944,35.0,29.382262996941897,False,0,25.7,2026-04-16
Hayden Hodgson,OTT,PHI,1.0,R,8.960637643916067,0.42416207400767053,0.14941686439545826,0.9325997557113631,0.12959802619923896,0.16018106241599384,0.2897790886152328,0.22871768107412274,1.4452854979311662,0.41807422787510234,0.1869476985654711,0.3671882180642302,0.12155152676951486,0.14801048827966612,0.2515711142208862,0.13001958745137132,0.0,0.0,0.027388623516557173,1.6098765432098767,24.0,28.534954407294833,False,2,11.9,2026-10-05
Ryan Reaves,SJS,STL,0.0,R,8.909009310215348,0.3356854868590263,0.11779126937925928,0.7889488680217212,0.11248399430886412,0.12994613464458749,0.24243012895345162,0.30454594382344874,1.7582961851640821,0.4132587812330525,0.1841385701280412,0.35803988153738414,0.10638835013388426,0.12185726888305648,0.21528142522865124,0.10889307509476698,0.0,0.0,0.020378178736540648,2.6609071274298057,25.0,19.865384615384617,False,0,29.3,2026-03-21
Mason Geertsen,BUF,DAL,1.0,L,8.741676555504457,0.6812475437534155,0.24291132253488298,1.0065278687376735,0.12753114374457408,0.1594622322887291,0.2869933760333032,0.2438272433895024,1.007217444383053,0.25767517648413185,0.19521944047579676,0.3473386499188943,0.11973399937216356,0.14739783237914927,0.24948329978176953,0.12974930040960597,1.0,0.05555555555555555,0.03256362901074499,1.6819787985865724,18.0,28.887596899224807,False,0,4.7,2025-11-04
Taylor Makar,COL,CGY,0.0,L,8.719796775532577,0.4521480599154004,0.1629206748787981,1.0134810470273556,0.12415802129709103,0.15043611240173094,0.27459413369882196,0.27266816175599723,0.9216087763031954,0.2862115261809663,0.18417790890190763,0.3031072142732587,0.11675974091679053,0.13966730715886932,0.24011952947724446,0.12335978856045393,0.0,0.0,0.03222122821255706,2.577777777777778,42.0,29.036666666666665,False,0,10.0,2026-02-04
Zack MacEwen,TOR,VGK,0.0,R,8.613019083959127,0.34955188698889755,0.1168415291226741,0.9826969603386428,0.11411822350181357,0.1294471551704567,0.2435653786722703,0.3215879961494596,1.4107018944854675,0.48739578846329107,0.194096840828778,0.3128792001209964,0.10784752374244899,0.12141898434647191,0.21617177129183074,0.10832424754938175,0.0,0.0,0.039276516004648696,1.6351648351648351,28.0,27.990853658536587,False,1,28.7,2026-09-29
Michael Pezzetta,TOR,VGK,0.0,L,8.255950704057886,0.3480313032309926,0.1275800424482476,0.757289000256305,0.10069780544410994,0.12309631806653598,0.22379412351064593,0.34757549337736854,1.9718067829090498,0.554876323235114,0.14085409540415442,0.3074213832366288,0.09579376219426805,0.11582150390386459,0.2005202884961833,0.10472652630191526,0.0,0.0,0.03583769131430382,2.42798353909465,20.0,28.015290519877677,False,0,29.2,2026-04-15
Kurtis MacDermid,OTT,PHI,1.0,L,6.713252031359597,0.3628310788291618,0.11693214521371054,0.6392687544042943,0.08822451320166888,0.11491474042175467,0.20313925362342355,0.2569091561727745,1.0069299096979218,0.52275266104958,0.12513432603692137,0.2676040398814095,0.08444470060479503,0.10855785535182749,0.1838354203631387,0.09939071975834368,2.0,0.05263157894736842,0.01431378559858505,4.0,38.0,28.504587155963304,False,0,29.0,2026-04-15
