name,team,opponent,is_home,position,toi,pp_toi,pk_toi,sog,goals,assists,points,blocks,hits,pim,takeaways,giveaways,p_goals,p_assists,p_points,p_assist_only,gp_30d,games_used,last_played
Quinn Hughes,MIN,BOS,1.0,D,26.17824280551717,2.628211635413035,0.37383885959901464,2.415918188016409,0.12789253526148633,0.5707253713141132,0.6986179065755995,1.4613095985490656,0.5776857029942399,0.5365394820278525,0.5037944957472081,1.4749268080996982,0.12005206256128587,0.43488462848762943,0.5027278944227769,0.382675831861491,1,29.4,2026-10-01
Zach Werenski,CBJ,UTA,1.0,D,25.807967275067845,2.6847418134118204,0.8967280736520692,2.9155267737275903,0.1655377761584882,0.5259212620920222,0.6914590382505104,1.5176083597106282,0.7262590942294845,0.433715821190755,0.5058998556558175,1.4966929828941309,0.1525621503462654,0.408989362209209,0.49915521598809,0.34659306564182457,1,29.3,2026-10-01
Matthew Schaefer,NYI,NJD,1.0,D,24.85796948492217,3.0700045181528957,0.7682053141022385,2.725177259885118,0.1783628057093716,0.47486344570625794,0.6532262514156295,1.6260770320786584,0.8413627721072182,0.48120524723744384,0.44343812279267336,1.071926726770635,0.1633611689250284,0.37803001666187297,0.47963576017626974,0.31627459125124135,1,27.7,2026-09-30
Filip Hronek,VAN,CGY,1.0,D,24.7435821802588,1.992034114416144,2.218472094341835,2.004992365452595,0.09901687571732333,0.4340301868403836,0.533047062557707,1.4270091267241898,1.4058418327949374,0.5575838089472072,0.4312391545499503,1.318866081258786,0.09427257690538737,0.3521073026432877,0.4131858167812873,0.3189132398758999,2,29.4,2026-10-01
Roman Josi,NSH,DAL,1.0,D,24.38105958770554,2.6570846878441268,1.5249589893648696,2.3248213349964137,0.139529886140974,0.4343464939212851,0.573876380062259,1.4245705707639424,0.8851066044098299,0.45508749051517067,0.34455983065952606,1.1240059098413864,0.1302329711640735,0.352312203283656,0.4366625094367379,0.3064295382726644,1,29.4,2026-10-01
Evan Bouchard,EDM,SEA,1.0,D,23.773023929309584,3.1649272577815792,1.4322933238264914,2.63431045802059,0.17745085965121568,0.6209261758615052,0.7983770355127209,1.3167758956066127,0.7318636660550147,0.40274693343333823,0.35405203876783836,1.3102650482654443,0.16259785144164507,0.4625535629046371,0.5499411988413103,0.38734334739966525,2,29.4,2026-10-01
Charlie McAvoy,BOS,MIN,0.0,D,23.60123078371081,2.1299472076859076,1.9172516728144877,1.7005563781274002,0.11926735090463904,0.4149619959759884,0.5342293468806274,1.8456788420876902,1.125528307551375,0.6950657278566591,0.335027595444307,1.111521190682136,0.11242952373085668,0.3396346232302606,0.41387918802883017,0.3014496642979735,0,29.4,2026-04-14
Lane Hutson,MTL,PIT,0.0,D,23.503598477011874,3.212192382007219,1.0034882167125738,1.4615319033490768,0.11266955451938117,0.4886140243132004,0.6012835788325815,1.7823444141129496,0.6778801236779726,0.4950963577270375,0.4550881239957001,1.0311036603955577,0.10655415351602282,0.38652393185043754,0.45189235499445213,0.3453382014784293,1,29.3,2026-09-29
Brock Faber,MIN,BOS,1.0,D,23.46920614773834,0.6037902411072574,2.004686236589777,2.049085345089541,0.10177140388062365,0.3721318350852573,0.473903238965881,1.572566838101616,0.8687834152236383,0.5412704863011755,0.3906439687708488,1.0868141455807567,0.09676399568369154,0.3107366325607194,0.37743251007254064,0.2806685143888491,0,29.4,2026-04-11
Jake Sanderson,OTT,TOR,0.0,D,23.313252963265967,2.4648759434170495,2.332060468156219,2.2002955941038733,0.14682908308237497,0.45697454434953433,0.6038036274319093,1.670184720833105,0.6969388885186375,0.3402781723489834,0.36480052732857915,1.0340095910229636,0.13655845842781023,0.3668035417146728,0.4532718739400663,0.31671341551225607,0,29.4,2026-04-11
Travis Sanheim,PHI,CAR,1.0,D,23.17898138713774,0.6476702624515441,2.793705927295675,1.3434274776564907,0.10692838136244188,0.31586098394383094,0.4227893653062728,1.8055210879236838,0.9264856613269922,0.337821011978409,0.36029945180179845,1.2987890733359233,0.10140997352075687,0.27083919181786864,0.3447833700679922,0.24337339654723533,2,29.4,2026-10-01
Mikhail Sergachev,UTA,CBJ,0.0,D,23.104663133236016,2.5537433399901133,2.3731646613260775,1.9033304865339824,0.0983533728054784,0.44061404121161196,0.5389674140170904,1.643000118024795,0.8065276422624076,0.506012544849078,0.3823774993016371,1.0180042876512954,0.09367142471176493,0.3563589224301559,0.41664969916913874,0.3229782744573738,1,29.4,2026-10-01
Ivan Provorov,CBJ,UTA,1.0,D,23.0856328423545,0.8978892705759632,2.4640423026590508,1.7493448022590412,0.08583491047718966,0.3108429657720245,0.3966778762492142,1.5231902030798725,0.6925657833364991,0.40475899547837774,0.41753479753141914,1.108368844290829,0.08225427108108607,0.2671710539381005,0.3274493647235426,0.2451950936424565,0,29.4,2026-04-14
Miro Heiskanen,DAL,NSH,0.0,D,23.04512097051472,2.946007210527523,2.6863854614992335,1.7266108071392692,0.1017436996506807,0.44338836721367475,0.5451320668643554,1.6421696420419774,0.6253856445102371,0.4885176070717177,0.3310142823985269,0.9851652584389887,0.09673897187910419,0.35814211788114636,0.4202347894898235,0.3234958176107193,1,29.4,2026-10-02
Cale Makar,COL,STL,1.0,D,22.835581108881467,2.9898871735083397,1.8056492162418476,2.3178368148057755,0.1673134445252259,0.5245917638198209,0.6919052083450468,1.4752057351206522,0.694305616174686,0.35885231673865803,0.44803404299240107,1.1299787306453386,0.15406558373409085,0.40820309203080707,0.4993786281091108,0.34531304437502,1,29.4,2026-09-30
Thomas Chabot,OTT,TOR,0.0,D,22.807607947398093,2.3094558716493845,1.8924843133689468,1.9401150419716116,0.10754338027766694,0.40248940416966933,0.5100327844473362,1.7191819912345374,0.8058549520820703,0.4306088405913835,0.38076215915316125,1.0310122434041196,0.1019624355130978,0.331346576173147,0.39952410778070446,0.29756167226760666,0,29.4,2026-04-11
John Carlson,TBL,WSH,1.0,D,22.748341866220507,2.555661962423238,1.5859133362043867,2.175855806085064,0.12826286248146213,0.47841577530025264,0.6066786377817148,1.568411987568081,0.7172991084260859,0.4903222495470644,0.4948531866950177,1.458374834513638,0.1203778709031087,0.3802355393492064,0.4548414655837625,0.3344635946806538,1,29.4,2026-10-01
Rasmus Dahlin,BUF,CHI,1.0,D,22.687086262760182,2.8813982302712917,0.8610321509007912,2.3419462418480332,0.1775210132258208,0.5169127071777093,0.6944337204035301,1.0347506853843795,1.0851353384781073,0.6640218589769586,0.4006601675812049,1.1389227023177082,0.16265659613514927,0.4036411567916295,0.5006428563029981,0.33798626016784883,1,29.4,2026-10-01
Drew Doughty,LAK,SJS,0.0,D,22.634781748977222,1.2727736652482724,1.400125938539227,1.4905186986655845,0.08032808452216306,0.3471752395607873,0.42750332408295033,1.2240304973380651,0.9717237383244186,0.5627549532606544,0.25601445843900067,0.9158658786054484,0.07718646412233265,0.2933185211455621,0.3478647657590771,0.27067830163674444,1,29.4,2026-09-30
Philip Broberg,STL,COL,0.0,D,22.498667026535152,1.9265818539769268,2.0908018967075255,1.247027407585756,0.0808892995515064,0.32048338142265015,0.40137268097415657,1.42021144773918,0.7202892739632784,0.40333377144269444,0.3196849546358234,1.100224902936204,0.07770421564939001,0.27420188505945287,0.3305994583007139,0.2528952426513239,1,29.3,2026-10-02
Luke Hughes,NJD,NYI,0.0,D,22.484262924182836,1.9947158453287588,1.1078441834770665,2.035955536120304,0.10858895025887885,0.3459621642194813,0.45455111447836016,1.100332341365746,0.6327139109850645,0.4479278055897054,0.4362441935240435,1.1231917705361016,0.10290090592878254,0.2924607430998971,0.3652671736150953,0.26236626768631277,1,29.3,2026-10-01
Mike Matheson,MTL,PIT,0.0,D,22.358023382578494,0.43620524842439135,3.027844317400376,1.4852278000495704,0.07852789578999636,0.30368398312092776,0.3822118789109241,1.4659319254198295,0.9650740380808998,0.4639318959480259,0.27635936458274496,1.0344640591329168,0.07552372942405305,0.26190592021346915,0.31764953778476246,0.2421258083607094,1,29.4,2026-09-29
Thomas Harley,DAL,NSH,0.0,D,22.312437418089647,2.0505571384409857,1.360976886875467,1.7669556126356198,0.09442576524354442,0.37047583203410717,0.46490159727765157,1.809249688562163,0.770509145748071,0.510186209637785,0.3838093953403103,0.9738566058221643,0.09010472202667252,0.30959426469992635,0.37180308156475994,0.2816983595380874,1,29.3,2026-10-02
Brady Skjei,NSH,DAL,1.0,D,22.22537761155911,0.7716892836919638,2.406764165201859,1.300305349602959,0.07026611000342518,0.28739995742818314,0.35766606743160834,1.1562447180706055,1.1729311883194367,0.5287436798304752,0.4271885162720998,1.233365639725217,0.06785426640607184,0.2497883838836623,0.3006934427445501,0.23283917633847828,1,29.4,2026-10-01
Jacob Trouba,SJS,LAK,1.0,D,22.20710929931363,0.5269026089075748,2.678997892852845,1.879371185550372,0.08098372252355339,0.31005739264014215,0.39104111516369555,1.7731627581261395,1.591777435826535,0.5179326138058533,0.309815885696918,1.095668050615439,0.07779129744712909,0.2665951370249998,0.32364765286985897,0.24585635542272988,1,29.4,2026-10-01
Devon Toews,COL,STL,1.0,D,22.177127938590925,1.9606131720234574,2.1643053472037894,1.700443339624176,0.09431552970232877,0.3959986317001604,0.4903141614024892,1.2704974030860001,0.7169246257667948,0.48535214397794973,0.4441836005610699,0.937895794284885,0.0900044136995859,0.3269923831870295,0.3875660391536364,0.2975616254540505,1,29.4,2026-09-30
Erik Karlsson,PIT,MTL,1.0,D,22.092143882509387,2.8980569690162543,1.2655477330570173,2.309616900645582,0.1536555934220293,0.4889366512445669,0.6425922446665963,1.105326109483376,0.6905081709455857,0.40285347358217916,0.4207659570660919,1.2203654545655003,0.14243267801651627,0.38672182382741427,0.47407267682876053,0.33163999881224426,1,29.4,2026-09-30
Brandon Montour,SEA,EDM,0.0,D,22.080681344154772,1.4659262368158632,0.6060412978677431,2.3714080683597745,0.12073195028173266,0.2985168218011295,0.41924877208286215,1.369460328693722,1.1189355836316197,0.5889075314989702,0.4201827291054843,1.136024035001162,0.11372850741997731,0.2580821986485754,0.3424594028245842,0.2287308954046069,1,29.4,2026-10-01
Artem Zub,OTT,TOR,0.0,D,21.942810717371344,0.3023973625601104,2.4378937952881596,1.4050726449569293,0.06878682680120203,0.32991968739848265,0.39870651419968467,1.4697956578589735,0.8425619676899548,0.6454646436378866,0.32842838828179827,0.8446975137490406,0.0664743384798806,0.28101852561411733,0.328812343503208,0.2623380050233274,0,29.4,2026-04-15
Darren Raddysh,TOR,OTT,1.0,D,21.87177386531876,3.395680026993701,0.5133674467732315,2.5885257929331655,0.14918329328748278,0.47582341688898855,0.6250067101764714,1.2547947799666266,0.9976033500421436,0.6692221803358152,0.29713738096331793,1.0386400608199393,0.1385887904645665,0.378626803427522,0.464742163167603,0.32615337270303646,2,29.4,2026-09-30
Damon Severson,CBJ,UTA,1.0,D,21.758215756399878,0.9700521404434248,1.03648757392474,1.437399347664587,0.10592257449146159,0.34444578777171886,0.45036836226318044,1.4435158400896495,0.7765904206094378,0.5886725706341934,0.44054867900818473,1.0902939429321208,0.10050571081734239,0.29138703336653116,0.36260668327241374,0.26210097245507136,0,29.4,2026-03-26
K'Andre Miller,CAR,PHI,0.0,D,21.71989296718232,1.0188742950265737,1.8729920549659314,1.5233680369914415,0.08291266132250207,0.3308166444751933,0.4137293057976954,1.3138243533590312,1.3095009380840443,0.6336990785104226,0.39734762492809234,0.8418359917219077,0.07956846701750142,0.2816631320002445,0.33882009538913826,0.25925162837163684,2,29.4,2026-10-02
Bowen Byram,CHI,BUF,0.0,D,21.70228326166556,1.6341009950662995,1.300861512889695,1.3750217173616825,0.09473499599955734,0.32740181267251284,0.42213680867207015,1.2541279517739388,0.8692356908344674,0.49261842365881375,0.3149504288133071,0.7917149822070972,0.09038604613209822,0.2792059393563603,0.3443556645734387,0.2539696184413405,2,29.4,2026-10-01
Zach Whitecloud,CGY,VAN,0.0,D,21.669222277985185,0.2094294874907809,3.007008756609478,1.115739986235604,0.06482544219272693,0.29092847144212847,0.3557539136348554,1.8628947945458143,1.4328504090813978,0.432147609124365,0.2498361314813471,0.9288072970468659,0.06276894990366833,0.2524308513511583,0.2993549817922254,0.2365860318885571,1,29.4,2026-10-01
Jakob Chychrun,WSH,TBL,0.0,D,21.620277356846483,2.0592566538151598,0.6695447666058932,1.9384888220551675,0.13204050136952875,0.3408749867650563,0.47291548813458506,1.601014650510902,0.8464466642819234,0.7302382674697829,0.401010124406059,0.979618701408527,0.12369449721235348,0.2888521944626842,0.37681726471229104,0.25312276749993756,1,29.4,2026-10-02
Cam York,PHI,CAR,1.0,D,21.53045809641385,0.8911141714865587,2.481387877021174,1.1024950537843632,0.07751657770254192,0.26485415927637695,0.34237073697891884,1.8943993520684739,0.9694877483014761,0.3956907737694761,0.32553547439813035,1.0601823533276935,0.07458831693013546,0.2326821519937854,0.2899150988270225,0.21532678189688703,2,29.4,2026-10-01
Noah Dobson,MTL,PIT,0.0,D,21.412077668732767,1.3612091064454477,2.0983229566492514,1.6893622459787485,0.09933166460376622,0.32699168431076814,0.4263233489145344,1.9166032478649713,1.0841893524853432,0.4113779610267873,0.38985371364825616,1.0162930751695063,0.09455764496184205,0.278910260640144,0.3470948082001606,0.25253716323831854,1,29.4,2026-09-29
Esa Lindell,DAL,NSH,0.0,D,21.40410153720986,0.8098417339607689,3.2719516258680743,1.1778250027306278,0.07713864265695393,0.2953002791076219,0.3724389217645758,1.8071826026967397,0.6821349322822049,0.37146973358981783,0.28053270122973145,0.9773265931281357,0.07423850532463805,0.255691946251839,0.31094826366319284,0.2367097583385548,1,29.4,2026-10-02
Rasmus Ristolainen,PHI,CAR,1.0,D,21.39591716566605,1.50124853318394,1.6093999133646406,1.414837533039563,0.09681429998137822,0.3245626063509834,0.4213769063323616,1.702631352791008,1.3776702101113096,0.4054218263497078,0.3447166172033385,0.9774228532444991,0.09227544505021323,0.2771565483576146,0.343857249559548,0.25158180450933476,2,29.3,2026-10-01
Connor McDavid,EDM,SEA,1.0,C,21.393001904213225,3.1392177057074284,0.8956375007550522,3.1770238196437273,0.41526667588656396,0.705071434941141,1.120338110827705,0.4864623273322698,0.8700261110121424,0.5303001402899435,0.46506710894225084,1.2770721943778156,0.339835792646506,0.5059267211001017,0.6738305054605069,0.33399471281400095,2,29.4,2026-10-01
Jordan Spence,OTT,TOR,0.0,D,21.360207224999982,1.6937131843467637,0.6302940023298599,1.8279746006401558,0.10559056900666428,0.3651416373563428,0.47073220636300706,1.16950919634529,0.9646741347794515,0.48833831226246205,0.27193354788990803,0.9723086008281826,0.10020702419973593,0.305901666337574,0.37545519485588097,0.27524817065614504,0,29.3,2026-04-15
Owen Power,BUF,CHI,1.0,D,21.33907756799564,0.5449290781727857,1.7315911660988221,1.5449136895037001,0.08344990182092528,0.3348093266961505,0.41825922851707575,1.2282223089928477,0.6784612482981837,0.3684893669692529,0.311807567726476,0.9639682832756263,0.08006282730597103,0.28452550476679317,0.34180841572047616,0.2617455884145051,1,29.4,2026-10-01
Jaccob Slavin,CAR,PHI,0.0,D,21.289165000650392,0.23854888452442785,2.6060321262620345,1.5559791629263613,0.07048374487260753,0.2576121753726681,0.3280959202452757,1.3871500290381378,0.5976969616360202,0.32085967844921376,0.5022469109721188,0.8230179234752776,0.06805711174695128,0.22710507832536053,0.27970607437842265,0.21164896263147137,2,29.4,2026-10-02
Mattias Samuelsson,BUF,CHI,1.0,D,21.28816903824623,0.2130826219745667,2.5462426266796117,1.4108696461732608,0.1047261977074168,0.30553860802519106,0.4102648057326079,1.446621069135351,1.5966922989657437,0.4896718880943126,0.30652520759972157,1.0427765135927938,0.09942893274467379,0.2632735392733375,0.3365254649881505,0.2370965322434767,1,29.3,2026-10-01
Jake McCabe,TOR,OTT,1.0,D,21.05897287826165,0.4192053070658451,2.7124444400896564,1.1206741422477786,0.06738180013478101,0.26356100139942035,0.33094280153420136,1.780857928864362,1.349143731210091,0.6603641759492115,0.3427302844084504,0.9191751393906508,0.06516178816348417,0.2316892470214298,0.2817537495507464,0.21659196138726222,2,29.4,2026-09-30
Jake Livanavage,PIT,MTL,1.0,D,20.988027267448,1.3883464435293704,1.163510101010101,1.459505068716238,0.08858866583617872,0.3246525820664324,0.4132412479026111,1.4975982800626124,1.26044060436951,0.5187735732125516,0.3405998262584674,0.9201128986141249,0.08477804178189174,0.27722158378848516,0.3384973225571144,0.25371928077522266,0,1.0,2026-04-14
Mikey Anderson,LAK,SJS,0.0,D,20.982335036146527,0.3240602946190286,1.5000112483553643,1.0853597097759482,0.06482439286521355,0.29709144288855643,0.36191583575376995,1.6849352551029817,1.362317897615204,0.40653939928022914,0.23929946883349865,0.66796701490378,0.06276796644082516,0.2570239306223764,0.3036590276114072,0.240891061170582,1,29.4,2026-09-30
Kevin Bahl,CGY,VAN,0.0,D,20.96488092634203,0.38816843515823796,2.3588595277085815,0.9477233977194215,0.05804183084390046,0.276787198749566,0.33482902959346644,1.1633897869332188,1.3343862243425912,0.5629253268942482,0.3221727262371127,0.8742359551656681,0.05638952541125242,0.24178417077938086,0.2845396015484307,0.2281500761371783,1,29.4,2026-10-01
Jack Hughes,NJD,NYI,0.0,C,20.920318809815786,2.591221323739255,0.48545745018103253,3.2156653790387577,0.3486470544319351,0.5204650828058649,0.8691121372378,0.6401345580478728,0.589031886661823,0.39930319505322787,0.4383298721646176,1.3664549114924345,0.2943578604101904,0.40575588902637016,0.5806763140939236,0.2863184536837332,1,29.4,2026-10-01
Darnell Nurse,SJS,LAK,1.0,D,20.908419959539284,0.23076224782905988,2.000681616175287,1.7636623722472102,0.0720783821171509,0.266219193134431,0.3382975752515819,1.7618827553206517,1.7161668267414008,0.6197376256620275,0.30101866240833974,1.010150922470653,0.06954203831207939,0.2337288522830081,0.2870169097949843,0.2174748714829049,1,29.4,2026-10-01
Olli Maatta,MIN,BOS,1.0,D,20.901662556506192,0.2463473222354189,2.296054655718473,1.1805115901078844,0.06631272660430197,0.301690420815528,0.36800314741983,1.5686609905711557,0.6473269649141207,0.33003364851343914,0.390092210373859,1.1927296855767933,0.06416184296369487,0.26043301600282354,0.30788499669118374,0.24372315372748887,1,29.4,2026-10-01
Colton Parayko,STL,COL,0.0,D,20.886802218112845,0.27009260837544574,2.077708208636331,1.4422348327636918,0.06972534732741428,0.201125917702157,0.27085126502957124,1.9764347542011969,1.248248245798349,0.4159601895201444,0.38526660711894456,0.9611492203090071,0.06735006046915248,0.18219055161624942,0.23727006741713919,0.1699200069479867,1,29.4,2026-10-02
Martin Necas,COL,STL,1.0,C,20.883054766324108,3.3100786595658285,0.19955433494184613,2.7076308353608347,0.3559028982442721,0.5928628327885492,0.9487657310328214,0.44202845281811265,1.1584866021892242,0.3510003997153045,0.4034843001316639,1.1480881978672712,0.2994593593410856,0.44725739217699834,0.6127813393961954,0.3133219800551098,1,29.4,2026-09-30
Artyom Levshunov,CHI,BUF,0.0,D,20.869068171057076,2.1371426894924577,1.2435338922632775,1.4212026384320122,0.07327626164094801,0.2847817238286183,0.35805798546956635,1.3450957972198432,1.5453249501919464,0.6225924704048532,0.3309887129295828,1.0454759484380582,0.07065594755440596,0.24782158097238993,0.3009674598987607,0.23031151234435476,2,27.9,2026-10-01
Nathan MacKinnon,COL,STL,1.0,C,20.85706033021212,3.384141600162031,0.2323152455096069,3.589819991072845,0.4401518582636336,0.6128324490806375,1.052984307344271,0.45516974672754307,0.9950592587467165,0.47438286801323987,0.39374490617789354,1.4863319706362341,0.35606137374381686,0.458185967062549,0.6511050159439354,0.2950436422001186,1,29.4,2026-09-30
Dougie Hamilton,NJD,NYI,0.0,D,20.809251171688988,1.6251571227123103,1.4370414552660091,2.26405354136287,0.11521190712487274,0.33939519295416143,0.45460710007903415,1.2283802978724536,1.1796568070235613,0.5241543456987161,0.25951730796753103,1.1887853872362366,0.10882272291811312,0.28779906332512684,0.3653027085189172,0.2564799856008041,1,29.4,2026-10-01
Jamie Drysdale,PHI,CAR,1.0,D,20.785514312819387,1.937516154997075,0.3337416069652359,1.3319393530581536,0.08720892431529972,0.30775947720209706,0.39496840151739676,1.7371176417182614,0.6321650807382443,0.4053021653592773,0.28196107143764665,0.8734051353010273,0.0835144004966083,0.2649078968428451,0.3262986731478058,0.2427842726511975,2,29.3,2026-10-01
Zeev Buium,VAN,CGY,1.0,D,20.754096579069383,1.0133144215731156,0.34686355352293247,1.3212165817797186,0.0766798478695519,0.2890187019746292,0.3656985498441811,1.2720174436154,0.7527436669690141,0.5215311148717111,0.30931124556647827,1.1773231447418668,0.07381367332860289,0.25100180247360515,0.3062881107495309,0.232474437420928,2,27.4,2026-10-01
Sean Walker,CAR,PHI,0.0,D,20.61006996574745,0.5354597498014918,1.9551757531551663,1.856315746394361,0.09360059754174474,0.29736645520951926,0.390967052751264,1.380233981235307,1.5880393773854196,0.6698768431323509,0.3683582247073329,0.9642488187970182,0.0893535959714088,0.2572282301019111,0.32359755872835316,0.23424396275694437,2,29.4,2026-10-02
Hampus Lindholm,BOS,MIN,0.0,D,20.515594120013738,1.0111135423954953,2.0198694886772226,1.416775485003307,0.07428768489029951,0.27400942925895827,0.3482971141492578,1.3743431190100546,0.5719271077871793,0.5706030185968067,0.329177966960638,0.9864418674466916,0.07159543254712464,0.23967509407334908,0.2941108845895194,0.22251545204239476,2,29.3,2026-10-02
Logan Mailloux,STL,COL,0.0,D,20.446742158883534,1.2070137234281428,1.4407189908033102,1.5150285402746644,0.07507165591564369,0.24093321529088563,0.3160048712065293,1.3981290087143923,1.4184562232380893,0.6060380325382851,0.3374789072844817,0.9631493967849303,0.0723229895987173,0.2141058896546828,0.2709441012228804,0.19862111162416307,0,27.2,2026-04-16
Adam Larsson,SEA,EDM,0.0,D,20.412430886375407,0.20340816849520033,2.0872932832194304,1.4526610261386748,0.07174237617031873,0.24476155479185538,0.3165039309621741,1.6126084922938166,1.273190199078374,0.4823808340022458,0.26135381314875183,0.7439853366162876,0.06922934637344147,0.2171088073590559,0.27130785290711246,0.202078506533671,1,29.4,2026-10-01
Alex Vlasic,CHI,BUF,0.0,D,20.34630577891683,0.26650824237873416,2.2696167072904925,1.2101488671764966,0.048729469031891355,0.2256745758091716,0.27440404484106296,1.3585475396179214,0.6807684800154279,0.3870854852117531,0.3287786826703791,0.9258444139716328,0.047561240971878305,0.20202225932246565,0.23997507093702486,0.19241382996514655,2,29.4,2026-10-01
Wyatt Kaiser,CHI,BUF,0.0,D,20.33087920536801,0.26721666422130164,1.5981128506408258,1.121098121807229,0.06069938903370876,0.22199679353632323,0.282696182570032,1.1904661474213571,0.835675913442139,0.4845754066136934,0.3823134786899334,0.9460742931245284,0.05889389592684724,0.19908206755519964,0.24625124491454942,0.18735734898770218,2,29.3,2026-10-01
MacKenzie Weegar,UTA,CBJ,0.0,D,20.328637928082024,1.0991781188448908,1.5008908456370413,1.6450252297458403,0.07128027764014822,0.29014258012168065,0.36142285776182886,1.973599904391131,1.6046266860434228,0.6592722497793417,0.3612636865545225,1.1250022556712136,0.06879913923108605,0.25184311232655165,0.3033156622082932,0.23451652297720715,1,29.4,2026-10-01
J.J. Moser,TBL,WSH,1.0,D,20.291605380243208,0.2688903863193788,1.732022309859715,1.3897701405500062,0.07702288053294455,0.28335479551163495,0.3603776760445795,1.1267725265651365,0.9349173247806001,0.6566187132655018,0.29058835572357467,0.96456543731298,0.07413133100444458,0.24674751015807106,0.3025871198124651,0.22845578880802053,1,29.4,2026-10-01
Brandt Clarke,LAK,SJS,0.0,D,20.289904015735075,2.2103287479032026,0.3238167901518177,1.8039468978271678,0.08968101561634569,0.3531114065388194,0.44279242215516507,2.36942582230548,0.5733650599150965,0.6677603785091216,0.2922084544411276,0.9073029414950873,0.08577723845126839,0.29750107395629877,0.35775949184730926,0.2719822533960409,1,29.3,2026-09-30
Kris Letang,PIT,MTL,1.0,D,20.28465858562733,1.4731612222904547,0.6528140366684335,1.3942293479701673,0.07797485899667586,0.3586560135080445,0.4366308725047203,1.2471515888031914,1.2912689807643631,0.5132018288096403,0.35906983983877333,1.1037761907766128,0.07501231863041469,0.30138537598232673,0.3537900787590078,0.2787777601285931,1,29.4,2026-09-30
Adam Pelech,NYI,NJD,1.0,D,20.27646275092795,0.35908109464141175,1.9616475275703231,1.5315864670864543,0.0692242018773706,0.25820493579274356,0.32742913767011417,1.3328292762170868,1.065295449872315,0.5452429072342612,0.31480530176381094,0.8586817679877212,0.06688255005990029,0.22756308408655235,0.27922563478324847,0.21234308472334817,1,29.4,2026-09-30
Vince Dunn,SEA,EDM,0.0,D,20.261469006759597,1.8939404491903662,0.3152599344825287,1.8878844513350574,0.1065297517963991,0.33165767863572293,0.43818743043212205,1.340553752652764,0.6706562391842404,0.5991685319934618,0.32288586420606086,0.8533451125181061,0.10105169756350063,0.2822670238625611,0.3547951594985528,0.25374346193505215,1,29.4,2026-10-01
Viking Gustafsson-Nyberg,MIN,BOS,1.0,D,20.231902789589316,0.5464138495399199,2.2944747991411,1.358348923095791,0.07412561618740054,0.2768730306168344,0.3509986468042349,1.4503664888708327,1.3030612230747372,0.48489763740895625,0.3784751516179654,0.8580724869809163,0.07144495502959336,0.24184924706694577,0.29601529351590017,0.2245703384863068,0,2.0,2026-04-14
Connor Murphy,EDM,SEA,1.0,D,20.189777801069614,0.19967838142871253,1.9905322719524279,1.2142253269421919,0.06217532269900413,0.23809244688178186,0.300267769580786,1.8837147941700145,1.3166121810068412,0.6640775710615892,0.28028702546513806,0.9186092150771223,0.06028188156913217,0.21187017241917905,0.2593801213465068,0.19909823977737462,2,29.4,2026-10-01
Morgan Rielly,TOR,OTT,1.0,D,20.15747053877769,1.568918335517971,0.8937113629571428,1.4587618185458078,0.09160724503376028,0.3117375094003759,0.4033447544341362,1.5121091951894945,0.8403305309532225,0.506471590502293,0.30467581737229577,0.9526445599973251,0.08753654626942475,0.2678263082819775,0.3319182645243077,0.24438171825488297,2,29.4,2026-09-30
Matt Roy,WSH,TBL,0.0,D,20.149001999780182,0.25749823666581184,2.725226525490387,1.1071595079941394,0.054399806611699235,0.218161759502259,0.2725615661139582,1.6668978423357241,1.4395175209914126,0.3788426011900724,0.24542540633783858,0.7683539817085234,0.052946607407310275,0.19600462274477726,0.23857345034160182,0.18562684293429155,1,29.4,2026-10-02
Cam Fowler,STL,COL,0.0,D,20.143770370697325,0.8716396290370991,1.8029457797011073,1.0719689827338774,0.05456055061802058,0.24244730000736908,0.29700785062538965,1.2150274699640933,0.5236775458877895,0.3443910506799122,0.2748162070168631,0.6767069110883326,0.05309882832920765,0.21529489955792414,0.2569618209753515,0.20386299264614383,1,29.4,2026-10-02
Kirill Kaprizov,MIN,BOS,1.0,L,20.12480744245442,2.75330892290232,0.12121159045038621,3.0727137990411797,0.41743354278508615,0.47764644981112286,0.895079992596209,0.42320592530501994,1.1395258178700365,0.4725897108437441,0.35939758593282123,1.1136106034069024,0.3412647318953207,0.37975855529790237,0.5914250856345301,0.2501603537392094,1,29.4,2026-10-01
Dmitry Orlov,SJS,LAK,1.0,D,20.109101708198267,1.715899775811715,0.578272534211252,1.3757141370919361,0.07446056644179412,0.33178183983344167,0.4062424062752358,1.2823902409100898,1.3430097270831818,0.45866706309310606,0.2862705995485539,1.1820684351387658,0.07175592269586784,0.28235613291646267,0.33385133076607254,0.2620954080702047,1,29.4,2026-10-01
Macklin Celebrini,SJS,LAK,1.0,C,20.097462342226724,2.7449100283580106,0.4112536239825635,3.0844506621064567,0.36396085642206644,0.532618224837484,0.8965790812595504,0.7326725579678925,0.9565514167479333,0.4361527728835895,0.44102135619317256,1.3985589867551802,0.30508160419708263,0.4129341147589579,0.5920371167976755,0.2869555126005928,1,29.2,2026-10-01
Ryan O'Reilly,NSH,DAL,1.0,C,20.06381139397805,2.645977188918836,1.9318731093142343,1.9676621122348459,0.2824588389087052,0.45330057930796946,0.7357594182166747,0.704281918277751,0.8081340909507212,0.3973879712110398,0.5123456113238454,0.7282105799796059,0.2460723261935246,0.36447292137522624,0.5208585479713994,0.2747862217778748,1,29.4,2026-10-01
Bo Horvat,NYI,NJD,1.0,C,20.005118641539955,3.080843775566653,1.6373791618160707,2.8327092276710486,0.32647862995806104,0.44985670535589056,0.7763353353139516,0.5900448666175148,0.9689281786674125,0.3643289219693089,0.4096217954832163,0.8961791449028619,0.27854020749010067,0.36228047313253064,0.5399110024666843,0.26137079497658366,1,29.4,2026-09-30
Brett Pesce,NJD,NYI,0.0,D,20.00357684501464,0.23864454837382765,2.0217687756215423,1.2418847225840142,0.05649661151846571,0.2207694775202383,0.277266089038704,1.6321277167695218,0.6156377171935069,0.3758268970416404,0.35700966166891857,0.7468771657810036,0.054930313159096245,0.19809848468910274,0.2421471860478842,0.18721687288878797,1,29.4,2026-10-01
Brett Kulak,COL,STL,1.0,D,20.00050013893431,0.21109055716148412,1.6336150132255693,1.3427801822462044,0.05818127587446724,0.2408822162533038,0.29906349212777106,1.2772263719326145,0.6402980742987064,0.441400104211062,0.2880566329260783,0.892490572991757,0.056521098028937455,0.21406580878937986,0.25848767225508906,0.2019665742261516,1,29.4,2026-09-30
Mattias Ekholm,EDM,SEA,1.0,D,19.97239916114576,0.5130073605288589,1.587239933163176,1.4846650069495044,0.07499174888731017,0.3466541735651444,0.4216459224524546,1.264496462305935,0.899385009909187,0.3752944740822086,0.28534708301389805,1.0835963463570946,0.07224885872381326,0.2929501975050518,0.34403373879620935,0.2717848800723961,2,29.4,2026-10-01
Nikita Zadorov,BOS,MIN,0.0,D,19.965613806035293,0.2307354426007321,1.5171125560489214,1.3869945597969828,0.05880717857580126,0.24107275624618396,0.2998799348219852,1.1877648733328734,1.873632469514384,0.8281418041410048,0.26996957165858465,0.9488704612426787,0.057111439254976415,0.21421554641862095,0.2590928275068387,0.2019813882518623,2,29.4,2026-10-02
Simon Nemec,CGY,VAN,0.0,D,19.936286376499833,1.1521822133239177,0.46154027597310554,1.582582126490373,0.11490523162210614,0.29522319175208916,0.4101284233741953,1.582680838130583,0.6597727433855427,0.4221193045730655,0.28917691218351543,0.993424222296503,0.10854937876677473,0.25563456730070644,0.3364349725956761,0.2278855938289014,1,29.2,2026-10-01
Alexander Romanov,NYI,NJD,1.0,D,19.880303398068857,0.2957517885095408,1.9612124361513161,1.485851276305859,0.06227027531343649,0.2362855189935819,0.2985557943070184,1.9213103090962995,1.7149502725269914,0.32096143985737,0.34963357881637636,1.1103723490980792,0.06037110602519191,0.2104447912615396,0.2581111124810318,0.1977400064558399,1,29.3,2026-09-30
Vincent Desharnais,WSH,TBL,0.0,D,19.878689730441533,0.19703281024181968,2.805579552112027,0.8834813898094661,0.041896422538619436,0.19692794193188573,0.23882436447050517,1.6231810995114768,1.8767786989431088,0.7195316788645089,0.2754686384357435,0.8475860855563668,0.04103089698615481,0.17875019114474,0.21244680745177957,0.17141591046562477,1,29.3,2026-10-02
Tom Willander,VAN,CGY,1.0,D,19.81056364852219,0.9234015537938054,1.0333697704204903,1.1641846029763665,0.07196659072689787,0.26142552073954134,0.3333921114664392,1.4625106619820991,0.9540031949945632,0.40934144391347943,0.31266566874029084,0.8828304875922789,0.06943801530864058,0.23004678116480626,0.2835108045612216,0.214072789252581,2,26.9,2026-10-01
Jalen Chatfield,CAR,PHI,0.0,D,19.799005569005534,0.22340483073917802,2.163905736981057,1.2888235357648565,0.06288453141122004,0.23250478866896374,0.29538932008018376,0.9755002101302478,0.7813112520252966,0.35743387611763144,0.32860309013439104,0.8530689895553302,0.06094810157331043,0.2074540459025217,0.2557582172143711,0.19481011564106065,2,29.4,2026-10-02
Tony DeAngelo,NYI,NJD,1.0,D,19.779345338827845,1.3644120423099015,0.33673642266535514,1.8897978723509428,0.09194675751087933,0.3314664782111263,0.4234132357220056,1.2552291833495695,0.734588789802783,0.40527307396256085,0.3408594447995864,1.0126056493181634,0.08784628641358427,0.282129779892642,0.3451920128559758,0.2573457264423915,1,29.3,2026-09-30
Jake Guentzel,TBL,WSH,1.0,C,19.756581305973732,3.440952594052785,1.5321279207661012,2.5744842892647863,0.352343801629249,0.48783385737569235,0.8401776590049413,0.5111761895070442,0.8313804485769472,0.5508595082547436,0.3565243351509248,0.8457449959294756,0.2969616253164752,0.38604513135724317,0.5683661670203592,0.27140454170388406,1,29.4,2026-10-01
Nick Suzuki,MTL,PIT,0.0,C,19.67996974019885,3.3334887000061424,0.4894321739071138,2.10321663628957,0.31652368472530573,0.5433023267483489,0.8598260114736547,0.675173909008761,0.9842807158113559,0.35760317294912464,0.3605085188883307,0.8267438470335482,0.27132224717701103,0.4191729987219418,0.5767642859297892,0.3054420387527782,1,29.4,2026-09-29
Ryan Pulock,NYI,NJD,1.0,D,19.649146110382116,0.2657626058610446,2.3471298742024587,1.2610691001958485,0.06035297095489894,0.25149697219544465,0.3118499431503436,1.7529836929953788,0.8538021532401002,0.3321633852135702,0.34996399588314503,0.8518365319179488,0.058567823282849485,0.2223641878645426,0.26790862468810717,0.20934080140525768,1,29.4,2026-09-30
Connor Bedard,CHI,BUF,0.0,C,19.642974851615257,3.1483411318566765,0.1969806556197811,2.750512724450513,0.3005848251931384,0.4467148831669928,0.7472997083601312,0.5008366797623495,0.8537314516281899,0.6271047697467849,0.365690684491729,0.850615237100446,0.25961490181445435,0.3602737209942556,0.526356196106458,0.26674129429200366,0,29.3,2026-04-15
Auston Matthews,TOR,OTT,1.0,C,19.63789938300714,2.5708621387541544,0.8854824670388157,2.903917113439341,0.3642682784592417,0.4664938216125774,0.830762100071819,0.9231174062761486,1.086434118242191,0.37670764065238954,0.4711761189169661,0.7482618235474287,0.30529520459157455,0.3728025161122688,0.5642829002750944,0.25898769568351987,2,29.4,2026-09-30
Jason Robertson,DAL,NSH,0.0,L,19.622267042705985,3.7724628361120964,0.12118244945745207,3.074577481245238,0.38777200722506877,0.4946459798210168,0.8824179870460855,0.4812723179884193,0.8858881122088538,0.49964053277207293,0.2913980903121811,0.9365117463903029,0.3214329659896914,0.39021325409863017,0.5862188164549098,0.2647858504652184,1,29.4,2026-10-02
John Marino,UTA,CBJ,0.0,D,19.576101825604333,0.29567694360241026,1.1185779138394047,0.8769130741921508,0.05471377496594599,0.28936710525833,0.34408088022427596,1.0720427808246697,0.6296082156145145,0.3321874633534317,0.2947248359549044,0.8474856271055282,0.05324390552882319,0.251262710451872,0.29112840796247963,0.23788450243365644,1,29.4,2026-10-01
Martin Fehrvry,WSH,TBL,0.0,D,19.56175167253327,0.20500953389003448,2.5114156546984447,0.9437471247044772,0.06072308833599553,0.23292440800985167,0.2936474963458472,1.9686128633248932,1.3851741249173746,0.4998519556255806,0.2574039932277784,0.6851877328399298,0.058916199220604315,0.20778654374726135,0.2544607495610912,0.1955445503404869,1,29.4,2026-10-02
Rasmus Sandin,WSH,TBL,0.0,D,19.55441881175954,0.48455341686729725,1.462039320222314,1.236188283735123,0.06434710221157083,0.25375706883429816,0.31810417104586897,1.708653300808881,1.199613584886713,0.40568462514327763,0.4018456307822413,0.9329944003175794,0.06232052758021378,0.22411973534903418,0.27247300278115827,0.2101524752009445,0,29.4,2026-04-11
Kaiden Guhle,MTL,PIT,0.0,D,19.54472620622027,0.20856387509558538,1.5928231133573816,1.199765183525624,0.06372353796366491,0.24808093301870573,0.31180447098237063,1.6225373663669544,1.7676861349103528,0.6572500893484671,0.3590893943155785,0.8085472564525271,0.06173564184725333,0.2197032110521825,0.2678753341492267,0.20613969230197338,0,29.3,2026-04-14
Artemi Panarin,LAK,SJS,0.0,L,19.544298004217804,2.8635635025461337,0.1185559120334134,2.5310614350173872,0.3329138860526669,0.48844359460527204,0.8213574806579389,0.35757000729938326,0.6246114925323841,0.39629446847578315,0.34436016468992003,0.9661190171570891,0.28316807927583054,0.3864193683932151,0.5601658173261593,0.2769977380503288,1,29.4,2026-09-30
Ryan Shea,EDM,SEA,1.0,D,19.53376861580734,0.48591140054478416,1.8989756101978696,1.1368239193843388,0.07581132781728289,0.31616984420452343,0.3919811720218063,1.1152482753875457,0.7691852372832935,0.29039162967846505,0.3274638357269491,0.7712942928242664,0.07300891250688368,0.27106436583972693,0.32428316377728406,0.2512742512704004,2,29.2,2026-10-01
Sam Malinski,COL,STL,1.0,D,19.50841261188782,0.6561909077092111,1.0594159971680825,2.1287096837534007,0.09749818136535515,0.31732514816812274,0.4148233295334779,1.363776856061277,0.8360403446433806,0.3508349793207506,0.3520658977900771,0.966526330744034,0.09289600875495341,0.2719060217892387,0.3395430463635345,0.2466470376085811,1,29.3,2026-09-30
David Pastrnak,BOS,MIN,0.0,R,19.499624285326693,2.4665323731241657,0.1366842635372767,2.915623954298493,0.2940554021987985,0.4830853572469318,0.7771407594457302,0.501897389030775,1.1089162237936374,0.6584115499058277,0.3801874000610119,1.1828523112911888,0.25476479736929414,0.3831228338103577,0.5402814200564063,0.2855166226871122,2,29.4,2026-10-02
Brandon Hagel,TBL,WSH,1.0,L,19.491671958870715,2.528269222591539,1.2886740093972564,2.891706926574082,0.38452294351416805,0.48908991653662676,0.8736128600507949,0.4995681764863599,0.8829539465378329,0.6574514682107923,0.4875421922081951,0.9226374042724482,0.31922467296434687,0.38681581088353845,0.5825593331211492,0.2633346601568023,1,29.4,2026-10-01
Yan Kuznetsov,CGY,VAN,0.0,D,19.489684658881618,0.22320588971337055,1.8400670273639894,1.2786402536198338,0.06752329764126777,0.24478057397927055,0.3123038716205383,1.633468184632927,1.2386784768176804,0.38197408059055576,0.2312943539703356,0.8920355818034806,0.06529405608141658,0.21712369717177793,0.2682408663934559,0.20294681031203932,1,25.6,2026-10-01
Nikita Kucherov,TBL,WSH,1.0,R,19.48191630432505,3.4381714962327403,0.12925783750001715,2.823334713463996,0.3952390832452629,0.6125461154797545,1.0077851987250175,0.4528913035788176,0.8613194236960191,0.5082251135046275,0.3655694994249702,1.2615830117221176,0.3264810071086748,0.45803080528653417,0.6349734537984639,0.30849244668978915,1,29.4,2026-10-01
Mathew Barzal,NYI,NJD,1.0,C,19.47073388660575,2.9277730101643633,0.1988911803939032,2.2984331002792047,0.30353405467503336,0.5328022726384669,0.8363363273135003,0.6464591339960886,0.7395557981155139,0.3841464778082883,0.4803661453760692,0.9773666990887873,0.26179525061911,0.41304215300176317,0.5667049296595198,0.3049096790404098,0,29.4,2026-04-14
Oliver Ekman-Larsson,TOR,OTT,1.0,D,19.432414482797412,1.555086528463973,0.6709198856292442,1.3109740882937195,0.07451119611405897,0.3021252496192025,0.3766364457332615,1.2009322635889805,1.1113794083557602,0.6490736424636279,0.25640546854799356,1.0922094240669185,0.07180291819959006,0.2607545311226288,0.31383451305384824,0.24203159485425818,2,29.4,2026-09-30
Domenick Fensore,CAR,PHI,0.0,D,19.40699468419766,0.5595161215267166,1.6227024355553312,1.5301939055107396,0.06671782966669015,0.24000141500775957,0.3067192446744497,1.4481622196750088,1.182307975948348,0.5251694070002763,0.26588519558278095,0.7054182141604153,0.06454087708788414,0.21337325201718638,0.2641428322727871,0.19960195518490298,0,2.9,2025-10-28
Jonas Siegenthaler,NJD,NYI,0.0,D,19.385688982919376,0.2133077876334149,1.6900488634652928,0.9139485042334137,0.05033110193522623,0.2474625111619874,0.29779361309721364,1.5722648579083582,0.9690664544913574,0.4428803710608687,0.2502897442424855,0.7781209765739568,0.04908547726741308,0.21922050922187286,0.25754544316732497,0.2084599658999119,1,29.4,2026-10-01
Nico Hischier,NJD,NYI,0.0,C,19.353710605668372,2.547789565989013,1.6564957712982518,2.180460657384079,0.2893860732232375,0.4156641037332957,0.7050501769565332,0.6217046918861906,0.9104490620576547,0.37604265808950516,0.3161583749690198,0.7010862183021608,0.2512769123398142,0.3400981081567269,0.5059162179863066,0.2546393056464924,1,29.4,2026-10-01
Ryker Evans,SEA,EDM,0.0,D,19.27916478999035,0.2685979229758581,1.0324264802279768,0.8979092873765087,0.05827774309532218,0.21849171200168974,0.2767694550970119,1.3683877745098916,0.9992207303037363,0.5502167423407596,0.25087836449154477,0.7847465159051874,0.05661210842671527,0.19626985926890006,0.24177071714178822,0.18515860871507295,1,29.3,2026-10-01
Wyatt Johnston,DAL,NSH,0.0,C,19.24938461179144,3.3957933222001997,0.4471055552223926,2.303608817060648,0.36835536671805635,0.44533585150634397,0.8136912182244003,0.6197320344164657,1.0501186049318358,0.4849408208951863,0.3055338498707782,0.7349418766354994,0.30812873002562935,0.35939090962885156,0.5567809750877871,0.24865224506215777,1,29.4,2026-10-02
William Nylander,TOR,OTT,1.0,R,19.230514725043765,2.464603234266447,0.2644414695975837,2.443764768820872,0.3449788533450965,0.4736874854173861,0.8186663387624826,0.49796507396847556,0.8543300639366918,0.38737831229474334,0.42083880594000955,0.9295492609642464,0.2917646698824371,0.37729817443623714,0.5589805670070394,0.26721589712460225,2,29.4,2026-09-30
Mikko Rantanen,DAL,NSH,0.0,R,19.20177847884854,3.7546297036799436,0.1236344041310843,2.06236268804629,0.31261667127148185,0.5172429285496656,0.8298595998211474,0.4698820575696893,0.9974161321208235,0.7023253289557166,0.38383089257876607,0.9075801878396225,0.26846972459977325,0.40383805471527146,0.5638894879827276,0.2954197633829544,1,29.4,2026-10-02
Alexander Wennberg,SJS,LAK,1.0,C,19.176190424517692,2.692421118354739,1.8896972811559547,1.445651427310121,0.24415604295804705,0.42156415958425986,0.6657202025423069,0.9208728022442451,0.7545927032648354,0.3090492268903715,0.4537962819035001,0.6225902893684309,0.2166346139269485,0.3439801029205728,0.48609672005277094,0.26946210612582244,1,29.4,2026-10-01
Timothy Liljegren,WSH,TBL,0.0,D,19.162204376974678,0.570902324774106,1.6293795019697488,1.1406318098621966,0.056431241438889466,0.21779126303071894,0.2742225044696084,1.6324791442591915,0.9858915747364329,0.618083347359555,0.2734630970153634,0.8377136314112252,0.054868531859160186,0.19570669010628206,0.23983708320429487,0.18496855134513468,1,29.3,2026-10-02
Tyler Kleven,OTT,TOR,0.0,D,19.15280598708475,0.3385571827612559,2.009617993826121,1.4633733092651093,0.06802802696858148,0.26176719811744004,0.32979522508602155,1.2241275604128503,1.5593326692708651,0.5588893190531952,0.41491549481717166,0.9958832447547016,0.06576571054479385,0.23030981182335075,0.28092903394814417,0.21516332340335032,0,29.3,2026-04-02
Quinton Byfield,LAK,SJS,0.0,R,19.11501050766923,1.6665683142410572,1.1761238579831053,2.3585544623845887,0.3265835208919657,0.35341113407257346,0.6799946549645391,0.5998836718581199,1.0860588636292723,0.5834145638059969,0.4463044477794962,0.6959714423564134,0.27861587811286115,0.2977116006749636,0.4933802997413842,0.21476442162852305,1,29.4,2026-09-30
Leon Draisaitl,EDM,SEA,1.0,C,19.11355891175683,3.3463235610578104,0.2421413985502927,2.7480887228252406,0.3673200556946663,0.6146216274091332,0.9819416831037995,0.36252033614046764,0.8096482567874991,0.37787368248778225,0.41065931029103914,1.2004608610151564,0.3074120571474075,0.45915450228886723,0.62541692933916,0.31800487219175255,2,29.4,2026-10-01
Anze Kopitar,LAK,SJS,0.0,C,19.113548734316552,2.2045210493893896,0.5181556634435884,1.7659747873193299,0.2651618016785629,0.4157906658786867,0.6809524675572496,0.833472375423406,0.7469906167126737,0.3237576849118835,0.38751462186332203,0.6926591241326169,0.23291817519255276,0.34018162147098263,0.4938653141564704,0.26094713896391764,0,29.4,2026-04-16
John Klingberg,SJS,LAK,1.0,D,19.10592771569534,1.6403093025750148,0.3213245191145627,1.368428227891535,0.08815766988974455,0.34548706394419404,0.4336447338339386,1.2894710368614715,0.9442066414739128,0.41855132774080184,0.28996005192845054,1.06528604404375,0.08438349981092452,0.2921245111385431,0.351857522319042,0.26747402250811747,0,29.2,2026-04-16
Brock Nelson,COL,STL,1.0,C,19.090252877943456,2.7854083856349927,1.6120801959364743,2.1987360276303676,0.325699219583355,0.4678166904965674,0.7935159100799224,0.7200083898455218,0.7420803375334606,0.4495051925126163,0.36201245027214707,0.8263441892845887,0.2779776750495523,0.37363166759755395,0.5477480803634511,0.26977040531389884,1,29.4,2026-09-30
Denton Mateychuk,CBJ,UTA,1.0,D,19.07063691736002,0.7098611715169555,1.0695938606806985,1.3247020528176487,0.08594113459313193,0.2684095968544068,0.3543507314475387,1.245767581081575,0.6667088025125848,0.3239837165406591,0.2595001126859446,1.0044580742743956,0.0823517526322628,0.2354054585628168,0.2983711591032301,0.2160194064709673,1,28.9,2026-10-01
Sam Rinzel,CHI,BUF,0.0,D,19.053376108480197,1.3803512376575515,0.36457801821567926,1.5756026654617847,0.07431394483433164,0.2344326433489347,0.30874658818326634,1.3245733639362591,1.063554443946883,0.507553224967072,0.2724876915953689,0.9473861790040665,0.07161981207900114,0.20898048747768605,0.2656331563153572,0.19401334423635608,2,26.2,2026-10-01
Andrew Peeke,UTA,CBJ,0.0,D,19.041648026667723,0.20398525574921197,1.655466284167652,1.1538067098935167,0.055111102511625126,0.2042094347419813,0.25932053725360643,1.6153975837464802,1.3044357474952142,0.3933361793630342,0.20066224124806478,0.7450309898756131,0.053620003082289425,0.18470839708098408,0.22842433534246642,0.174804332260177,1,29.4,2026-10-01
Samuel Girard,PIT,MTL,1.0,D,19.041601430771177,0.3579179685530374,0.9502230018195879,1.027164937893027,0.05909870138826089,0.3040335671772722,0.3631322685655331,1.1196881516282686,0.7591238787876154,0.45700398476358395,0.2860252245976375,0.9046818932331137,0.057386272717982356,0.26216390104022547,0.3045055646363033,0.24711929191832094,1,29.4,2026-09-30
Alex Laferriere,LAK,SJS,0.0,R,19.02526005598454,1.9822068356848748,1.1442475258260614,2.5800524626881765,0.3282819359049718,0.4017643111203142,0.730046247025286,0.5750911282901089,2.404718486289565,0.3921570849715064,0.33325274147127065,0.7769790701886998,0.2798400478672025,0.33086156440502157,0.5181132962517053,0.2382732483845028,1,29.3,2026-09-30
Troy Stecher,TOR,OTT,1.0,D,19.025113562625787,0.19258618949179274,2.138815386115927,1.0512659292099036,0.05732938907442788,0.22025890308628074,0.2775882921607086,1.233713846383413,0.8551481672416229,0.36218785662589387,0.2444812498241285,0.9395950314395639,0.055717018362433146,0.1976889497366916,0.24239132925659534,0.1866743108941622,2,29.4,2026-09-30
Alexander Nikishin,CAR,PHI,0.0,D,19.01736326114971,1.4724438355380254,1.0111840954269056,1.3695792236079505,0.0846682082021613,0.29515940425360065,0.37982761245576196,1.2612654077687182,1.347277723834484,0.4726676394065851,0.30499546965555624,0.8193561615605893,0.08118291019319368,0.2555870845774072,0.3160206914368131,0.23483778124361943,0,27.6,2026-04-14
Ryan McDonagh,TBL,WSH,1.0,D,19.013646872759082,0.25497825905074883,2.590878567703493,1.0320621285888016,0.06996924223458999,0.2828705553001514,0.35283979753474143,1.3627612137010328,0.6873099295470623,0.3224899685672255,0.29466039230196006,0.9277273930020868,0.06757750130262385,0.24638266668427833,0.2973102430081015,0.22973274170547764,1,29.4,2026-10-01
Shayne Gostisbehere,CAR,PHI,0.0,D,18.943951591971924,2.588470530270139,0.32138159724660886,1.7665975188760916,0.11390661487854442,0.3702402876052672,0.48414690248381165,1.2587392731067566,0.780545683435103,0.4331786143654038,0.3061065394807371,0.7559036178662879,0.10765871660929771,0.3094316243215718,0.3837773293780786,0.2761186127687809,2,29.4,2026-10-02
Nicolas Hague,NSH,DAL,1.0,D,18.93473977490991,0.2079981582253473,1.920077873030612,1.106902050377961,0.05599530461685591,0.2132697783824856,0.2692650829993415,0.9403555723619715,1.2918390993550002,0.5377117536458006,0.2839453956407322,0.7760145294123484,0.05445642443066001,0.19206185643269658,0.2360592788925171,0.1816028544618571,1,29.4,2026-10-01
Chris Tanev,TOR,OTT,1.0,D,18.896686463217865,0.19931278767072738,2.034803538402071,0.8474151893769063,0.047423219157368274,0.23287235805830053,0.2802955772156688,1.7116999246802558,0.701772619943324,0.36173254777082947,0.27958397223604936,0.9061932909600543,0.04631630504072337,0.20774530800209534,0.2444396179866145,0.19812331294589114,2,29.3,2026-09-30
Zayne Parekh,CGY,VAN,0.0,D,18.882911251839005,2.0634587976121357,0.33596382578664186,1.6459275935822741,0.11594946029950381,0.3163384652383412,0.432287925537845,1.2677283200074774,0.7494093729712489,0.38638275857859583,0.25081918657951074,1.2033505237515636,0.1094797712141703,0.2711872693575953,0.3509775203663005,0.24149774915213018,1,21.8,2026-10-01
Nick Schmaltz,UTA,CBJ,0.0,C,18.87412988156921,2.7029445797901417,1.443758193475905,2.308081721130766,0.30409561194894774,0.41230086468395044,0.7163964766328982,0.6481156265586299,0.6440596213229552,0.3829790906800498,0.4656689709201654,0.8554127751759302,0.262209678492379,0.3378749639582206,0.5114905567804904,0.2492808782881114,1,29.4,2026-10-01
Simon Lundmark,TBL,WSH,1.0,D,18.867193934114667,0.6716797768627037,1.1635101010101012,1.4495410129543251,0.06970672828487576,0.2671918763302321,0.3368986046151079,1.4375792112685406,1.1886948756216873,0.4553790806276232,0.3155939390906124,0.8164761853979216,0.06733269525859353,0.23447382897992652,0.28601876936569903,0.2186860741071055,0,1.0,2026-01-24
Louis Crevier,BUF,CHI,1.0,D,18.862750671587737,0.2592885448609219,1.9474066108926742,1.538727392330625,0.08326024700773002,0.2571221562355157,0.34038240324324576,1.256610935568411,1.5214578654797986,0.526119741970362,0.2963978096761511,0.9088128703183483,0.07988834024770008,0.22672625221429032,0.28850180848200935,0.20861346823430926,1,29.1,2026-10-01
Adam Jiricek,STL,COL,0.0,D,18.825527267448,1.3091797768627038,1.1635101010101012,1.4542927213963648,0.07049335619279606,0.23855817112065844,0.30905152731345453,1.6229378442689864,1.114909627640836,0.4595187699037426,0.2872648551580064,0.7983709104400953,0.06806606890540257,0.2122371381242204,0.2658570593617743,0.19779099045637172,1,1.0,2026-10-02
Johnathan Kovacevic,NJD,NYI,0.0,D,18.808275518781983,0.20818150681157396,1.7567067343339058,1.0387652980419957,0.04854664268936531,0.22194389362664727,0.27049053631601255,1.2180113563773411,1.3497072678678128,0.6240256148547035,0.2915885996675316,0.7967651700394146,0.0473870941582577,0.19903969794825116,0.23699487919860396,0.18960778504034626,0,29.4,2026-04-14
Alexandre Carrier,MTL,PIT,0.0,D,18.80447269231446,0.1819779216255066,2.3251937886606746,0.95630184930766,0.06405068857019147,0.22860824213773479,0.29265893070792626,1.7275852859425551,0.8052297011461941,0.4706752429857409,0.29415123230265594,0.6561840959903021,0.06204254539652676,0.2043598292496367,0.25372337066271644,0.19168082526618968,1,29.4,2026-09-29
Oliver Bonk,PHI,CAR,1.0,D,18.796360600781334,0.6716797768627037,1.667676767676768,1.3166480756724281,0.0756840413891378,0.277032100590493,0.3527161419796308,1.4736299593265043,1.335345507944924,0.43518959975138266,0.3080125749002382,0.8828320842427727,0.0728909116126375,0.24196983649591108,0.2972233461436008,0.2243324345309633,0,1.0,2026-04-14
Matt Boldy,MIN,BOS,1.0,L,18.79633999042976,2.600625475461541,1.347180383756522,2.995649368671426,0.3362016773331484,0.45023851454427616,0.7864401918774245,0.6780306827846609,1.1320157044736543,0.465405735454919,0.4421945868020735,0.9229934935085007,0.28552100293390725,0.36252391383059646,0.5445367253000665,0.2590157223661592,1,29.4,2026-10-01
Jonas Brodin,MIN,BOS,1.0,D,18.7958092012814,0.2826251848878453,1.8116421671731118,1.3911757377551708,0.05828216157650274,0.2414723661487647,0.29975452772526745,1.6993606504316787,0.591997847324272,0.3922090156306221,0.29232227678652706,0.7463789849829793,0.05661627675915126,0.21452949093571938,0.25899990666305417,0.2023836299039029,1,29.3,2026-10-01
Vincent Trocheck,UTA,CBJ,0.0,C,18.795211434098682,2.8877034799330366,1.4792974629668307,1.7406926222841819,0.2397673230501203,0.42244134338117784,0.6622086664312982,0.6840537892772361,1.8769660202860046,0.5792125507199621,0.36506635582325553,0.8315732452694432,0.21318908746694065,0.34455530063080875,0.4842889579743699,0.27109987050742923,1,29.4,2026-10-01
Juraj Slafkovsk,MTL,PIT,0.0,L,18.789881832659383,3.3538094767235105,0.15218146193612822,2.2749241304828867,0.3629857501498023,0.4739791952213625,0.8369649453711647,0.7671007634239886,1.2500936054411684,0.4669678958343732,0.3023612971568477,0.9586141372954663,0.30440365442780537,0.3774797961719998,0.5669772211723854,0.26257356674458,1,29.4,2026-09-29
Brandon Carlo,STL,COL,0.0,D,18.78804056466145,0.1962887179098885,2.7464923693079766,1.0945609911705847,0.04965753597371036,0.17411869454707646,0.22377623052078682,1.6531373017833377,1.1737485044169584,0.6434622270807591,0.23278661850592305,0.7968911054929614,0.048444757853419285,0.15980283508226256,0.2005059832858317,0.1520612254324124,1,29.4,2026-10-02
Tim Sttzle,OTT,TOR,0.0,C,18.76572862329765,2.9603626864023296,1.4524938635910767,2.2527933651345964,0.31744224242353497,0.4765887545058413,0.7940309969293763,0.4831280697011397,1.2926074888055488,0.4365442941978305,0.37911080157856236,0.735697743052037,0.2719912724202105,0.3791021817732937,0.5479809693957081,0.2759896969754976,0,29.4,2026-04-11
Tage Thompson,BUF,CHI,1.0,C,18.728178068097016,2.908129555013732,0.21669044137304275,2.9670766432869056,0.37275074915108103,0.4650739911514055,0.8378247403024865,0.5389185805553371,1.2777955812849675,0.41089892569526837,0.35994924393818983,0.7797997630571527,0.3111630953683562,0.3719113695306502,0.5673493719531647,0.2561862765848085,1,29.4,2026-10-01
Nate Schmidt,UTA,CBJ,0.0,D,18.723543562176864,0.24995383971672913,1.8337356672045428,1.1042479676601287,0.061492699720937995,0.23564716738239538,0.2971398671033334,1.206212195215345,0.9126218651483979,0.3714688264893859,0.21498891535394044,0.759522317574765,0.05964018939659299,0.20994061651866158,0.2570599077840441,0.1974197183874511,1,29.4,2026-10-01
Jared Spurgeon,MIN,BOS,1.0,D,18.683787731084948,0.950829813684929,1.6349052776461175,1.315905988929981,0.0665099772992217,0.26935885528105197,0.33586883258027367,1.4707277490503508,1.0080021655254372,0.35696689187044517,0.2616008191578443,0.7390626042606222,0.06434641948598052,0.23613091199837455,0.28528315276730054,0.22093673328132002,1,29.3,2026-10-01
Luca Cagnoni,SJS,LAK,1.0,D,18.66672745281031,2.3936761526504884,0.4712101926865981,1.609901794777412,0.0971860926491224,0.3151008671773484,0.4122869598264708,1.634611071499268,0.9535401772656884,0.5545470051476007,0.3499145781003219,0.8198774404668318,0.092612867654563,0.2702847337623714,0.33786575713995115,0.24525288948538815,1,8.6,2026-10-01
Adam Fantilli,CBJ,UTA,1.0,C,18.66484876832796,2.5391184841723287,0.31146998682660615,2.303012645679347,0.3024386258742044,0.4159986552939366,0.718437281168141,0.6453229537636735,1.8402677755040548,0.47364007862834345,0.3697333048380178,0.9626995246561423,0.2609861568043028,0.34031884243895494,0.5124864924670258,0.251500335662723,1,29.3,2026-10-01
Nick Perbix,NSH,DAL,1.0,D,18.657479049446234,0.2094237409200867,2.5581628701469574,1.035106216699294,0.05380655183093873,0.20200475965192172,0.25581131148286046,1.1921617942595992,0.7393096721233597,0.3574822292803319,0.3556632454352565,1.1181065374828552,0.0523845967632518,0.182908961135952,0.22571194572571174,0.17332734896245994,1,29.4,2026-10-01
Robert Thomas,STL,COL,0.0,C,18.644600418467117,2.394692391266488,1.0514896361963262,1.6974390555813226,0.2600343792678128,0.400652882438197,0.6606872617060098,0.6922329178313957,0.6158396937482161,0.443264237689557,0.4109503444701251,1.0085608595480164,0.22897492192973867,0.330117451317679,0.4835037556043078,0.25452883367456913,1,29.4,2026-10-02
Joel Edmundson,LAK,SJS,0.0,D,18.592805584695352,0.20908541618293677,1.6422927381398544,1.3521048985233157,0.06618875784639672,0.2540318790838078,0.3202206369302045,1.424408098109815,1.0856527004579015,0.3901087849640262,0.21591828186626436,0.8209835818752331,0.06404582107837076,0.2243329259033362,0.27401116054731445,0.2099653394689437,1,29.4,2026-09-30
Alex Tuch,WSH,TBL,0.0,R,18.5905633701035,1.611392742866849,2.367836742369248,2.2352036860740605,0.28725941596521565,0.31390706768852233,0.601166483653738,0.8534060697158455,1.209803393938752,0.5646271445068611,0.47903879056379195,0.64718896884836,0.24968294063619756,0.2694130798640796,0.45182817047395907,0.2021452298377615,1,29.4,2026-10-02
Kirill Marchenko,TOR,OTT,1.0,R,18.581050296896017,2.9771361288632137,0.1310526916263369,2.45014035994834,0.3161539062163039,0.4512583240851766,0.7674122303014805,0.47228773076048136,1.2789604595586763,0.4810525718705861,0.48930510093133434,1.0210540020277121,0.27105274797959444,0.36317368664679495,0.5357872088668956,0.2647344608873011,2,29.4,2026-09-30
Zach Hyman,EDM,SEA,1.0,L,18.5776686151664,3.071882467700031,0.12724587931990106,2.5224875597665446,0.42116881960473057,0.45337503446602534,0.874543854070756,0.37358142859243604,1.1554289991236852,0.46808807265895186,0.260414851353386,0.6213390092011759,0.34372070075524586,0.3645202378828132,0.5829477870335096,0.23922708627826372,1,29.4,2026-09-29
Charle-Edouard D'Astous,TBL,WSH,1.0,D,18.54723047438211,0.9520324520173952,0.4375141884972157,1.359069937433431,0.07941608630715905,0.28995071647566806,0.3693668027828271,1.231196885466994,1.2874409839927974,0.8199754378374801,0.32613451874719795,0.9709451658456308,0.0763444759373294,0.25169955444696457,0.3088281598063811,0.23248368386905172,1,26.9,2026-10-01
Adrian Kempe,LAK,SJS,0.0,R,18.540194537183446,2.554206895375876,0.29796411650553667,2.6334039038452417,0.36320534592857334,0.40790423364377243,0.7711095795723457,0.43853476291800114,1.2563047669972784,0.5467407669650118,0.3015399866964474,0.7143463053484796,0.30455638767861926,0.33495743552398216,0.5375003966133234,0.23294400893470413,1,29.4,2026-09-30
Trevor van Riemsdyk,PIT,MTL,1.0,D,18.4958366082163,0.2105089115622,1.6563401246291352,0.993990311088716,0.06688955262137998,0.2462589730584376,0.3131485256798176,1.4898968288733487,0.6748690453491432,0.3610299205179981,0.2937042225712685,0.7639904178956648,0.06470150310048073,0.21828024564622883,0.2688586887562564,0.20415718565577567,1,29.4,2026-09-30
Ronan Seeley,CAR,PHI,0.0,D,18.479693934114668,0.6716797768627037,1.3260101010101013,1.250095853259224,0.06764691901733015,0.2476059717172255,0.31525289073455565,1.357294231634826,1.0778032367139223,0.4724835410525308,0.2717201981441497,0.7279370891464451,0.06540959857450934,0.21933251224693828,0.2703956592410367,0.20498606066652736,0,1.0,2026-04-14
Hunter McDonald,PHI,CAR,1.0,D,18.475527267448,0.6716797768627037,1.4593434343434344,1.2555247393646438,0.07126711391379287,0.2747339975028322,0.34600111141662504,1.5225156752946551,1.4900129994852593,0.5434861346929901,0.30295125173819265,0.8170019197553805,0.06878688107709163,0.24022580181844455,0.29248829923420194,0.2237014181571103,0,1.0,2026-04-14
William Villeneuve,TOR,OTT,1.0,D,18.468983270234464,0.46661437217171936,0.8082877496090776,1.2485461699552183,0.06655590783243429,0.25286007594344095,0.3194159837758752,1.4305253510498066,1.1417424952023374,0.45043737636975395,0.32203434337269743,0.7855853959946012,0.06438939356691709,0.22342346403896307,0.27342675624779134,0.20903736268087425,0,2.9,2026-04-15
Clayton Keller,UTA,CBJ,0.0,R,18.463842865700375,2.7967428756982358,0.12087285808908277,2.56271692049299,0.295333580022893,0.5027717799383048,0.7981053599611978,0.47972243601972403,0.5787062211760312,0.567647174813169,0.31578369334068296,0.9683572792475247,0.2557167319785765,0.39514818203713875,0.5498189122579025,0.294102180279326,1,29.4,2026-10-01
Bryan Rust,PIT,MTL,1.0,R,18.45707509933915,2.957458930495647,1.1566284218079976,2.3603095567949826,0.34326017341273085,0.4547653515137643,0.7980255249264951,0.6789312942044224,0.9953885725549104,0.4493037292797827,0.29839021999783955,0.9430431517127197,0.29054639341940214,0.36540314232880655,0.5497829706004574,0.2592365771810553,0,29.4,2026-04-12
Nick Leddy,SJS,LAK,1.0,D,18.456017495377047,0.2053315202597833,1.0250469674913507,0.865443688249836,0.05129805467684956,0.2219661495875392,0.2732642042643888,1.2964473731342212,0.6150240231271895,0.28173351041697375,0.25606400750559344,0.8166981121022554,0.05000452226407048,0.19905752389104214,0.2391082697698722,0.18910374750580172,0,29.3,2026-04-11
Henry Thrun,TOR,OTT,1.0,D,18.437463178789756,0.2443663380950786,1.576238076904155,1.0056027565260572,0.05127108941118618,0.19764448049488031,0.2489155699060665,1.1089832205725905,0.9643288573390364,0.45534204756559943,0.25173250325765417,0.7419154410639195,0.0499789050382482,0.17933843752685963,0.22035420382624504,0.17037529878799684,0,28.9,2025-12-18
Sam Dickinson,SJS,LAK,1.0,D,18.437273784901446,0.5095222968965994,1.064682630855254,1.2299939324066917,0.06602420077550218,0.250477502679027,0.3165017034545292,1.2850266906789118,1.1539768825987422,0.3621057289601276,0.32734268641075587,1.0335119180729453,0.06389179052713534,0.22157100761635107,0.27130622973797625,0.2074144392108409,0,26.9,2026-04-16
Connor Clifton,BOS,MIN,0.0,D,18.422982422360604,0.1922767528313443,1.9128664754090465,1.0816097243787772,0.05097274728611339,0.1929390700143634,0.24391181730047679,1.5402084756065604,2.245720426482253,0.7424181220556955,0.2753363039177829,0.738945762402265,0.049695431441958426,0.17546778865558932,0.21644327263614183,0.1667478411941834,2,29.4,2026-10-02
Sebastian Aho,CAR,PHI,0.0,C,18.420061196399992,2.9222220282232536,1.4538105214403216,2.1876229930764937,0.2808309328781835,0.45806801834026833,0.7388989512184518,0.39957380051044883,0.8639989379034902,0.5806189651579527,0.32199065721931314,0.8897070281414564,0.24484400326086575,0.36749554715890365,0.5223604694728411,0.27751646621197534,2,29.4,2026-10-02
Charlie Coyle,CBJ,UTA,1.0,C,18.39532618965405,2.582284545575877,1.8807388681900261,1.7996647169314608,0.2727378262176117,0.4172764865066472,0.690014312724259,0.6636792661321017,1.3778347610232367,0.3306239017898261,0.4362205684532935,0.7104699274191728,0.23870764763700714,0.34116126526080615,0.49843110980254124,0.2597234621655341,1,29.4,2026-10-01
Emil Lilleberg,TBL,WSH,1.0,D,18.38101893661782,0.2013275548221571,1.745267066557562,1.1012665494224383,0.06434685349667439,0.22846848466324643,0.29281533815992083,1.0779312130798135,1.6603339072232364,0.7470804255653704,0.2214854392376649,0.9117428348211368,0.06232029436533193,0.2042486248181269,0.2538400847610789,0.19151979039574696,0,29.3,2026-04-15
Connor Brown,NJD,NYI,0.0,R,18.35415348369414,2.109704166840624,1.3498680787588766,1.8314541842619485,0.27041352705185007,0.3574469271908505,0.6278604542427006,0.4637818554554493,0.7958818764523178,0.322350357427772,0.3171187383066647,0.7512873200636359,0.23693611847316776,0.30054017974479763,0.46626747458400486,0.2293313561108371,0,29.3,2026-04-14
Brock Boeser,VAN,CGY,1.0,R,18.353728136759685,2.3536107328780944,0.909548352391374,2.228587873033773,0.29468011748678763,0.3885359282420369,0.6832160457288246,0.39746152518352723,1.0799017429568354,0.32152825986040634,0.3474948101866154,0.8914704869240364,0.25523021180263294,0.32195113966131506,0.49500969389809146,0.23977948209545852,2,29.4,2026-10-01
Brent Burns,COL,STL,1.0,D,18.33733570667796,0.5625230910979798,1.9630481914578597,1.8445583617617791,0.08441205709150575,0.2831769846081498,0.3675890416996555,1.058456179541712,0.6150291475689666,0.4006633104155786,0.2871496748531899,1.053098972812173,0.08094752402922378,0.24661356174390847,0.3075983285579347,0.2266508045287109,1,29.4,2026-09-30
Kevin Fiala,LAK,SJS,0.0,L,18.320505790369214,2.95833820126558,0.17130836116529677,2.4045042815006203,0.3088931088561899,0.41643157740031655,0.7253246862565065,0.47506143819306756,0.9754194362272564,0.5423756162976396,0.32782094383524013,0.8730481681215742,0.265740748357045,0.3406043711849128,0.5158326590495983,0.2500919106925533,0,29.4,2026-02-05
Henri Jokiharju,BOS,MIN,0.0,D,18.318827561705312,0.3769967950486562,0.8939643493525596,1.135473191127447,0.05616450651986743,0.23959871584209988,0.2957632223619673,1.1184352053895361,0.847054156288361,0.417661477077106,0.22106242633390574,0.9008677745419537,0.054616398668672295,0.2130564142912259,0.2560364388980507,0.20142004022937843,0,29.3,2026-04-12
Brenden Dillon,NJD,NYI,0.0,D,18.3133589604997,0.19543070962187942,1.7136432184026686,0.8640536263378709,0.04152347449501253,0.19544701089507585,0.2369704853900884,1.232924592214862,1.8232367495603767,0.7373575414105985,0.17778327296206922,0.7592699054432972,0.040673184635391824,0.1775330758043343,0.21098542486864746,0.17031224023325564,1,29.4,2026-10-01
Filip Forsberg,NSH,DAL,1.0,L,18.30305160760175,2.832030165860727,0.11992109023081891,2.6089970244738705,0.3389115319301359,0.40092512649855927,0.7398366584286952,0.4704988223465883,1.4350746874347564,0.4143822746062908,0.4383112179001575,1.0227741013785239,0.2874545161754857,0.33029979804016574,0.5228081455771549,0.23535362940166926,1,29.4,2026-10-01
Tyler Myers,DAL,NSH,0.0,D,18.286885190386965,0.23653572689527655,1.6383991058278575,1.2547293356221418,0.05792717537796493,0.21537105928110403,0.27329823465906894,1.5166492810741241,1.021628273231421,0.5781192789124644,0.23474144218919543,0.8937333427677512,0.056281329110096645,0.19375777899218782,0.23913416277518373,0.1828528336650871,1,29.4,2026-10-02
Hunter Brzustewicz,CGY,VAN,0.0,D,18.257404636862404,1.1653082502374432,0.6110165176262553,1.2403590989956619,0.07513270154099164,0.27486716803928907,0.34999986958028073,1.1042620132672534,0.9368978131506333,0.35627071354370005,0.23107122570870464,0.735269815862539,0.07237961849344743,0.2403269746192349,0.2953118183760577,0.22293219988261026,0,20.6,2026-04-16
Mason Lohrei,BOS,MIN,0.0,D,18.257198630440037,1.064468354976712,0.44899319449554226,1.1580527784815615,0.07205500457298085,0.250022054542327,0.3220770591153079,1.3249682514600438,0.5876508206126294,0.4095677740294804,0.2518770102150864,0.974316256283728,0.06952028623572759,0.2212163928340256,0.2753576521198966,0.205837365884169,2,29.3,2026-10-02
Ryan Nugent-Hopkins,EDM,SEA,1.0,C,18.239503280167185,2.924044160512272,1.0071127075396118,2.0058589077338898,0.2708096895917399,0.43893693183419846,0.7097466214259384,0.4920139149533368,0.7224700064219041,0.3265742431682338,0.3366494124762171,0.6675478840121157,0.23723835592704,0.35527856025373394,0.5082312146500523,0.27099285872301226,0,29.4,2026-04-16
Christian Dvorak,PHI,CAR,1.0,C,18.167773402772745,1.9327600352649192,1.472349377375354,1.7206883984197556,0.25746606269975625,0.37725363644341897,0.6347196991431752,0.7990432843039318,0.9570782903571274,0.41968722571370654,0.33449820137672104,0.7796809254375535,0.22699214033183956,0.3142578773563257,0.4699159494909121,0.24292380915907252,2,29.4,2026-10-01
Dante Fabbro,CBJ,UTA,1.0,D,18.15687072522982,0.2052934092237254,1.3260171960968814,1.0740392817159614,0.057683199709615635,0.20448627773330974,0.2621694774429254,1.5393088044426562,1.0626951327355827,0.5178717511828543,0.32848630491939274,0.8689518660393423,0.05605105662733334,0.18493407360721748,0.2306193800024693,0.17456832337513595,0,29.4,2026-04-14
Tom Wilson,WSH,TBL,0.0,R,18.143333537352124,2.0213633423093658,1.9520040858809067,1.857367084625672,0.26361667070882067,0.34654499843204906,0.6101616691408698,0.7005261497577066,1.95973557775338,0.8631802882605595,0.33640327792752656,0.8230587677407485,0.23173201715994984,0.2928730010348686,0.45673696689332033,0.22500494973337049,1,29.4,2026-10-02
Cole Hutson,WSH,TBL,0.0,D,18.138195810448575,1.7359096692906644,0.4317058694186499,1.5870077716590933,0.1108898011276144,0.27748730179897413,0.38837710292658856,1.2286820745136944,1.1383859523154378,0.6644642604439924,0.3766439907896675,0.8210678391416837,0.1049626243958085,0.24231481421930823,0.32184343978467533,0.21688081538886683,1,11.9,2026-10-02
Cody Ceci,LAK,SJS,0.0,D,18.130856811925412,0.19222506693833286,1.7286767462139399,0.947463535828028,0.04817342347204242,0.20863298950956288,0.2568064129816053,1.4638703719648611,0.6944403457943382,0.3365132508622787,0.1881249472588448,0.690541407352406,0.04703149436091647,0.18830691914040054,0.22648205769564367,0.1794505633347272,1,29.4,2026-09-30
Conor Timmins,BUF,CHI,1.0,D,18.1127281792151,0.18368259467085238,2.4993777330992373,1.3127230734917397,0.0530018448073536,0.2378773595798313,0.2908792043871849,1.385750754313343,1.0149192487762158,0.41078228012975526,0.2506023916337771,0.95734479852446,0.05162173709450901,0.21170063746922407,0.2523940199135568,0.2007722828190478,0,29.2,2026-04-15
Dylan Holloway,STL,COL,0.0,L,18.100297286896357,2.3718700399430666,0.40451036189186396,2.4756594108493744,0.2907871897194236,0.3760658222717074,0.6668530119911309,0.7121234606558333,1.6742950599066804,0.4379861971714639,0.30746545137661996,0.6915135993265112,0.25232522603270835,0.31344285919567516,0.4866785449334964,0.23435331890078803,1,29.3,2026-10-02
Patrick Kane,CHI,BUF,0.0,R,18.096783146415714,2.6853067139783313,0.13046129969579826,2.3798310841101236,0.26826229589259,0.4120215849483313,0.6802838808409213,0.39636065363082074,0.8910822063259086,0.4354033060374656,0.2602832685488631,0.7515053304793478,0.2352928247561329,0.3376900200288643,0.4935268060804505,0.25823398132431763,2,29.4,2026-10-01
Jesper Bratt,NJD,NYI,0.0,L,18.083569053121824,2.4745585214635297,0.589434736936007,2.148255961875798,0.26768473408803545,0.42465369394268204,0.6923384280307174,0.3633578087660397,1.0609102226098772,0.319528615954317,0.2698188209230846,0.9603741668603438,0.23485103153087805,0.3460037712263311,0.4995954601711313,0.26474442864025327,1,29.4,2026-10-01
Brayden Point,TBL,WSH,1.0,C,18.0804913522137,3.2367258431591677,0.2149209695273097,2.054342663411703,0.29794996728883166,0.4533410803878392,0.7512910476766709,0.5071128064530915,0.5922327644855716,0.33541171648139845,0.3237382074161934,0.717837621430831,0.2576615199745875,0.36449866038696466,0.5282429014975458,0.2705813815229583,1,29.4,2026-10-01
Adam Wilsby,NSH,DAL,1.0,D,18.050433071436697,0.18860665582563385,1.2512090612178517,1.1763666929108907,0.060996276436108575,0.23820084945218384,0.2991971258882924,1.0097889721407014,0.9094168364518002,0.42391838629964684,0.29345030633775293,0.8847127143424021,0.05917325700202425,0.21195560308776362,0.25858675671525655,0.1994134997132323,1,27.6,2026-10-01
Erik Gudbranson,CBJ,UTA,1.0,D,18.02572527676293,0.18349299515415946,2.37046504918326,1.0567723859122358,0.04698644575212547,0.18563646019375235,0.2326229059458778,1.6223348821822756,1.210090939439478,0.4554632260671389,0.24720843084211572,0.8538620030189682,0.04589967038490628,0.16942451264459246,0.20754765374398843,0.16164798335908215,1,29.3,2026-10-01
Topias Vilen,NJD,NYI,0.0,D,18.01925698993957,0.5464138495399199,0.9993602146967339,1.1939751029036147,0.0640738017207227,0.2304881980773465,0.2945619997980692,1.303759183491033,0.9957212611114673,0.4281041351681066,0.2600389345833101,0.7023458227002601,0.062064224297832093,0.20585419260567983,0.25514223612098386,0.19307801182315176,0,2.0,2026-04-14
Rickard Rakell,PIT,MTL,1.0,R,18.015347432678887,2.8557693104451203,0.6493455311852766,2.5098178672037,0.3630014300558761,0.42560904707940656,0.7886104771352827,0.5442332377092557,1.2868360271918367,0.3477799590535029,0.374326500528005,0.7875796134065536,0.3044145612276602,0.346628270218862,0.5455241386587446,0.2411095774310844,1,29.4,2026-09-30
Shane Pinto,OTT,TOR,0.0,C,18.00178272591938,1.7428344427538454,1.830115006890448,2.052034737423569,0.3032352594150735,0.38348541537839154,0.6867206747934651,0.6323407647997188,1.1755793981310636,0.43767355566835836,0.37711943475461734,0.6592291488750271,0.2615746455828869,0.3185179828663689,0.4967763999692093,0.2352017543863224,0,29.4,2026-04-15
John Tavares,TOR,OTT,1.0,C,17.990329475845513,2.4442357606879437,0.21112672817770958,1.9638940061847792,0.34471494451254137,0.4450147999375199,0.7897297444500613,0.5176817447061586,1.1743127525749264,0.46068346529535664,0.31940974813755174,0.8663783172826864,0.29157773565757994,0.3591852080567456,0.546032534067443,0.25445479840986307,2,29.4,2026-09-30
Jamie Oleksiak,VAN,CGY,1.0,D,17.986046385494493,0.1808109572035467,1.5713396065798313,1.1987623231140092,0.06517990346467109,0.22883234152536364,0.29401224499003475,1.3456130406599536,1.3567480603243873,0.5474694599856261,0.286691416531261,0.9688747335924909,0.06310110314258355,0.20453811174742942,0.25473263440404914,0.1916315312614656,2,29.4,2026-10-01
Chandler Stephenson,SEA,EDM,0.0,C,17.94832744078639,1.9782721511325485,1.3849312556980506,1.220675517398496,0.20390098355166703,0.35200075841760664,0.5559017419692737,0.5974524786958713,0.6189964822188729,0.3172136277872624,0.4099013907046298,0.6921647440368094,0.1844568806273299,0.2967204114034837,0.42644517052486897,0.24198828989753907,1,29.4,2026-10-01
Tyler Bertuzzi,CHI,BUF,0.0,L,17.892497437779525,3.022599611404399,0.11679312004818035,1.9547591847049623,0.28765181743297985,0.3531787152350756,0.6408305326680555,0.36664044240250565,0.98897836719648,0.4771445093261381,0.314275605050333,0.7907024541812726,0.24997730839263343,0.297548356651846,0.4731453277319997,0.22316801933936625,2,29.4,2026-10-01
Matty Beniers,SEA,EDM,0.0,C,17.884126898281462,1.9834662286775466,0.3797723993530076,1.6708992330986436,0.25631033699220224,0.36157389458675404,0.6178842315789563,0.7566194615342311,0.7070103350496904,0.35422189208488525,0.34661076510585886,0.800150701757247,0.22609823882330182,0.3034208792526242,0.46091619165469,0.23481795283138818,1,29.4,2026-10-01
Steven Stamkos,NSH,DAL,1.0,C,17.87071712972529,2.8259047642885156,0.21109239277431224,2.3480151443318755,0.3256164658980746,0.3931275304747882,0.7187439963728628,0.5041044441477108,1.2963268984407528,0.4941223311959045,0.32167123600371744,0.7300504231862482,0.2779179225689731,0.3250573336614343,0.512635997343412,0.23471807477443896,1,29.4,2026-10-01
Seth Jarvis,CAR,PHI,0.0,C,17.870014438799828,2.484459732164193,1.3134669609790384,2.381660112292459,0.3149513968787639,0.4149771035826771,0.729928500461441,0.4361698639915759,1.042098360513708,0.4527044326632588,0.42176052617224363,0.6002892005380722,0.2701756548518196,0.33964459969528327,0.5180565524075456,0.24788089755572595,0,29.4,2026-04-11
Nick Jensen,OTT,TOR,0.0,D,17.868298228249145,0.20946566317561138,0.8532304273532517,0.924337493166037,0.05613627895611318,0.24403943435576345,0.30017571331187665,1.166528828982216,0.7494616476405168,0.2905269995680148,0.21384230800016865,0.7432021242061936,0.05458971241615129,0.2165432614580628,0.25931193950556297,0.20472222708941168,0,29.4,2026-03-11
Kyle Palmieri,NYI,NJD,1.0,C,17.83992098437052,2.9992931862409997,1.302877246699884,2.2851222331651346,0.2900755100322088,0.39279603537765645,0.6828715454098653,0.5618571127327658,0.904474910902375,0.31262084005596735,0.34209165678879955,0.7360686764276785,0.25179293169436556,0.32483355638821276,0.49483569460688326,0.2430427629125177,1,29.4,2026-09-30
Will Borgen,BOS,MIN,0.0,D,17.81711792671218,0.18742397028894422,1.966287711470696,1.0051077689912982,0.04724611155437825,0.1946432762046681,0.24188938775904634,1.2577275185217152,1.2462534857061505,0.5068964657759505,0.2654129861212221,0.6825156455381812,0.04614738544946806,0.17687176488198053,0.21485698082231208,0.16870959537284402,2,29.4,2026-10-02
Ian Cole,CHI,BUF,0.0,D,17.806548334496785,0.2070815128376033,2.2993969624566395,0.9409085439669109,0.051489888295205954,0.21031929700073648,0.26180918529594244,1.4637715629697052,0.905365685016405,0.5906659533781569,0.23500668046708473,0.9050553385369063,0.050186745855122505,0.18967452983302802,0.2303421282642304,0.1801553824091079,2,29.4,2026-10-01
Ryan Lindgren,SEA,EDM,0.0,D,17.79664255262753,0.20621060155622573,2.164762917089679,0.8006179169282265,0.048734587820509635,0.1788009226511886,0.22753551047169823,1.2971596995251322,0.7916748341984534,0.458086265249495,0.24938812442105993,0.7640956445726741,0.04756611629207974,0.16372763428790038,0.20350586288721484,0.1559397465951351,1,29.4,2026-10-01
Jake Middleton,CGY,VAN,0.0,D,17.786089603370808,0.18550458241268042,2.0068943013690013,1.0615129905086793,0.06602734522426679,0.24025534624730072,0.3062826914715675,1.453859545547286,1.0134174884078473,0.49472496402067223,0.19179308691904118,0.6108448763299734,0.06389473406681023,0.21357297576323553,0.2638215213397965,0.1999267872729863,1,29.4,2026-10-01
Elias Pettersson,VAN,CGY,1.0,C,17.78142596260073,2.256050955724842,0.8619663363696299,1.859594905455781,0.24169301953138136,0.4211649783702638,0.6628579979016451,0.9697225248398194,1.147069441556926,0.32906782510866317,0.41486402721835935,0.8267958785765099,0.21470278854043556,0.34371817982774,0.4846237166871169,0.26992092814668134,2,29.4,2026-10-01
Simon Benoit,PHI,CAR,1.0,D,17.770173387723766,0.1791954532181929,1.6133298946671542,1.0531303229377629,0.05046294371202129,0.1853937568916134,0.23585670060363467,1.5878393702514553,2.269725315321273,0.45502395594296025,0.22311019495237533,0.9735061768174705,0.04921083926351466,0.16922290476667634,0.21010614286401297,0.1608953036004983,2,29.4,2026-10-01
Angus Booth,LAK,SJS,0.0,D,17.754693934114666,0.6716797768627037,1.1635101010101012,1.3750743676078958,0.07769490414061535,0.2608134047802931,0.33850830892090844,1.3536887211857727,1.0664680176324468,0.445860941339829,0.2675610338550952,0.698809508391867,0.07475332758601039,0.22957533623692084,0.28716714350754424,0.21241381592153386,0,1.0,2026-03-02
Mikael Backlund,CGY,VAN,0.0,C,17.744054262467717,0.9994166682158601,2.2947948331808647,1.963471506410505,0.25513849149067813,0.342953364953314,0.5980918564439921,0.44715397528884165,0.6222345564000556,0.31690125834738975,0.36887763891723346,0.8452820403051401,0.22519081394880813,0.2903286936569828,0.45014015276848063,0.2249493388196725,1,29.4,2026-10-01
Joel Eriksson Ek,MIN,BOS,1.0,C,17.71665186602259,2.60646963795995,1.2393381533496621,2.478115379966311,0.31706452484725195,0.4340530804865427,0.7511176053337947,0.5446853356314824,1.4497583936900145,0.46285574982726574,0.3603719924534831,0.6048300553680103,0.27171623878886775,0.35212213509966495,0.5281610717449463,0.25644483295607856,1,29.4,2026-10-01
Victor Hedman,TBL,WSH,1.0,D,17.695283110339364,1.2506012627534593,1.5991988912614843,1.5314514351080248,0.07701186626578045,0.31054732973592153,0.38755919600170197,1.3187197917017661,0.7760670095127293,0.34813945449923217,0.2657759984722377,1.0018448068755141,0.07412113318340474,0.2669543712653202,0.321288543942276,0.24716741075887128,1,29.4,2026-10-01
Dawson Mercer,NJD,NYI,0.0,C,17.67998699698473,1.0570626686186957,1.6036718665746097,1.801970225884127,0.2516874807875302,0.30339886771990343,0.5550863485074337,0.49426027488339164,0.748951296244858,0.3262543690847602,0.33539124531262443,0.7723210974610308,0.22251232005759214,0.2616954482209396,0.42597730694637903,0.2034649868887869,1,29.4,2026-10-01
Sidney Crosby,PIT,MTL,1.0,C,17.655985195172782,2.7539744646371678,0.2119217859282515,2.1812142115048676,0.2929186545193931,0.5042858231507913,0.7972044776701843,0.4858435438733136,1.0874930036381119,0.45186242059045617,0.35922280245185373,0.8571653419015939,0.25391717130488645,0.39606326091739674,0.5494131693523486,0.2954959980474622,1,29.4,2026-09-30
Will Smith,SJS,LAK,1.0,C,17.651823341420165,2.6182597845668263,0.2526503649509535,2.186549415367408,0.2822825342258491,0.4297991753968649,0.712081709622714,0.3781869775650649,0.6761703598544101,0.28942999157160765,0.31124269326650444,1.0369575776665547,0.2459393934961135,0.3493602539273363,0.5093781984609125,0.263438804964799,1,29.2,2026-10-01
Mats Zuccarello,LAK,SJS,0.0,R,17.650636866618424,2.6563685664800563,0.12023095927392272,2.0797098703703383,0.2842488186991291,0.46862622624338884,0.7528750449425179,0.4830229312723416,0.6660125319879905,0.46243465045571736,0.2723985938053752,0.758541221312532,0.24742063441084805,0.3741385299640275,0.5289895719336337,0.28156893752278567,1,29.4,2026-09-30
Travis Konecny,PHI,CAR,1.0,R,17.629641470007783,2.3361706824672552,0.4574421764955066,1.9178546055624046,0.27610328791073896,0.3970696415912161,0.6731729295019551,0.5355958083008645,1.650848594837065,0.5144110152801837,0.26576848544866977,0.9242832075339953,0.24126544139350092,0.3277127951483607,0.4899124643700944,0.24864702297659347,2,29.4,2026-10-01
Jonathan Aspirot,BOS,MIN,0.0,D,17.624907518981214,0.20464474362759233,0.9550755373977519,1.120004345324877,0.056163131780464615,0.20477106738149925,0.26093419916196386,1.423345953911629,1.1177870363466405,0.6151126438827043,0.21816929351880712,0.8285103625565299,0.05461509901169137,0.18516616289576415,0.2296683935872883,0.17505329457559693,2,26.0,2026-10-02
Josh Manson,COL,STL,1.0,D,17.597234784022994,0.20291154616951373,1.8795645627457633,1.6208572608294836,0.06749275445160002,0.28249013167541115,0.3499828861270112,1.1022374186628536,1.5508850677258246,0.6411425833384166,0.3122977807857594,0.9771655467091162,0.06526550674449627,0.246095918307201,0.29529985023562566,0.2300343434911294,1,29.3,2026-09-30
Trevor Zegras,PHI,CAR,1.0,C,17.593146132816674,2.4020306083948024,0.2176629237861562,1.7208084770583236,0.2513822556757716,0.41292482471401654,0.6643070803897881,0.5685981118521629,1.0139089317333927,0.5865055203272482,0.35500061220654805,0.9423886213746375,0.22227497507360872,0.3382879746511349,0.485369998591461,0.2630950235178523,2,29.4,2026-10-01
Matthew Knies,CBJ,UTA,1.0,L,17.57452202255439,2.233159250859183,1.3408692573918841,1.6891554182200395,0.29215558313908974,0.3758025100012662,0.6679580931403559,0.41759727428433674,1.5845586704728012,0.41446902161684174,0.3900361106495498,0.741294567179898,0.25334763958192996,0.31326205647339933,0.48724549347721235,0.2338978538952824,1,29.3,2026-10-01
Timo Meier,NJD,NYI,0.0,R,17.548193882350493,1.4367583244030688,0.16130207824873935,2.8260429318485616,0.3061290479171478,0.3235978521541005,0.6297269000712482,0.6299163715976503,1.4913803011524283,0.3888229258934063,0.3523985103413269,0.8423902652295105,0.26370840357196235,0.2764588456022381,0.4672627283470867,0.20355432477512436,1,29.4,2026-10-01
Cole Caufield,MTL,PIT,0.0,R,17.52757230002245,3.3031512621850725,0.12051964411732048,2.838761155702539,0.35780376261652047,0.4023447953339908,0.7601485579505113,0.34897576814286196,0.896717612790699,0.33924500623120263,0.23862780968049313,0.6626518944255455,0.3007897272611524,0.33124987598837285,0.532403043395692,0.23161331613453962,1,29.4,2026-09-29
Shakir Mukhamadullin,EDM,SEA,1.0,D,17.483000750876116,0.2462914782031149,1.301084622560997,1.1803665939176227,0.061891922163615595,0.19822374199242251,0.2601156641560381,1.1614328277044776,0.9234115672890072,0.39641918072965027,0.22830284681651217,1.0899569705026908,0.060015527210553365,0.1798136775151108,0.22903759206992635,0.169022064859373,2,27.8,2026-10-01
Jake Walman,EDM,SEA,1.0,D,17.44766609860964,0.7166962000164003,0.8080102005003146,1.7355040987841388,0.08099932534755515,0.23903643969659036,0.3200357650441455,1.4688573356046144,0.6256444557885171,0.30767769252571886,0.275565307164764,0.9978977586033935,0.07780568639495355,0.21261381026393777,0.2738769332142592,0.19607124681930566,2,29.4,2026-10-01
Ty Murchison,PHI,CAR,1.0,D,17.40631588172075,0.46661437217171936,1.276371764460263,1.107297478001131,0.06003939527584181,0.23249260248447784,0.29253199776031963,1.3750778684691984,1.300307773967164,0.3904748746146609,0.27042368898905617,0.8406489776208032,0.05827256675853598,0.20744438773246354,0.2536286375581759,0.1953560707996399,0,2.9,2025-12-13
Jordan Eberle,SEA,EDM,0.0,R,17.369598097660475,2.0453429287257334,0.216107082507922,1.842345882086665,0.2965632977582934,0.3502029038553606,0.646766201613654,0.5179366517906775,0.8686597995707456,0.4158094142577286,0.34525966719865764,0.6265872559368143,0.25663142778932635,0.29545487970650297,0.4762632998694257,0.21963187208009938,1,29.4,2026-10-01
Hunter Skinner,STL,COL,0.0,D,17.367193934114667,0.6716797768627037,1.1635101010101012,1.2133248126712544,0.05868135018308253,0.20903903456654238,0.2677203847496249,1.4840042596171745,1.2134407675655883,0.43119714587373703,0.2681671547693003,0.6805009000855989,0.05699278963827625,0.18863643619975412,0.23487830911158358,0.17788551947330733,0,1.0,2025-11-14
Elias Lindholm,BOS,MIN,0.0,C,17.325052866460283,1.6617167705253633,1.013853848962341,1.7664410125241674,0.23951081648928435,0.32772779147622494,0.5672386079655093,0.701276606559899,0.8170256029129802,0.4234350891331813,0.2858329771878187,0.6605675622943128,0.21298723941917108,0.2794408646495584,0.43291076572611376,0.21992352630694267,2,29.4,2026-10-02
Jordan Oesterle,NSH,DAL,1.0,D,17.32001515572172,0.29502755404159386,0.939792288156963,1.1556891075630726,0.06278547743112006,0.20018066152739603,0.26296613895851606,1.3514383656067455,1.0087720319517093,0.31028875851333837,0.36256277662275,1.0051344420683983,0.060855080138255246,0.18141714671009224,0.23123207184685124,0.170376991708596,0,28.8,2026-04-09
Blake Coleman,MIN,BOS,1.0,L,17.30986833329463,1.6249395700530778,1.993292914435823,2.4990747744825357,0.2850516277091693,0.3266356642909067,0.611687292000076,0.6082778463798031,1.8111469544033374,0.5939724373622041,0.4666211077103864,0.8056350047461792,0.24802456945163076,0.2786534925522375,0.45756514948740634,0.20954058003577558,1,29.4,2026-10-01
Erik Cernak,TBL,WSH,1.0,D,17.30564768906225,0.20376195965178948,2.3195224686942457,1.0892975026963547,0.0598174245462695,0.20265904785175903,0.2624764723980285,1.2439513010351728,1.4921865702708255,0.6857230660657537,0.30850507169967145,0.8551355491032334,0.05806350763147594,0.1834433993035145,0.23085553971958694,0.172792032088111,1,29.4,2026-10-01
Trevor Moore,LAK,SJS,0.0,L,17.294355142038395,0.9890673064725897,1.2748362505245718,2.411405926529474,0.27098756063592067,0.3375158591891689,0.6085034198250896,0.5178293851776798,1.0835953005141794,0.3244582528657247,0.3341585108981227,0.6128619835087104,0.23737401707167993,0.2864593415595126,0.4558353539975025,0.2184613369258226,1,29.4,2026-09-30
Jimmy Snuggerud,STL,COL,0.0,R,17.279503447137895,2.3415923641893017,0.1262378224084159,2.3638229946646523,0.27598600672734014,0.36382071413825573,0.6398067208655959,0.608352112246063,1.0903398139854314,0.4077544115413111,0.3227133626360915,0.8881131414555412,0.24117645088822803,0.3049842099216641,0.4726056514840349,0.23142920059580685,1,27.4,2026-10-02
Nikolas Matinpalo,OTT,TOR,0.0,D,17.249704456585373,0.1843517219095566,1.7700984587258013,1.0825132912303805,0.05184718799581942,0.1970246732644018,0.2488718612602212,1.1089152333062227,1.0021667627133004,0.4039213539061604,0.24671953424541282,0.8022020512678854,0.05052605322564652,0.1788296278910061,0.220320125819509,0.16979407259386248,0,28.3,2026-04-15
Carson Lambos,MIN,BOS,1.0,D,17.246360600781333,0.6716797768627037,1.4718434343434346,1.3927111193543216,0.06620782183962728,0.2516569434243027,0.31786476526393004,1.2831472555317418,1.0955438460588454,0.4367159155248493,0.3027687065033287,0.8175131552415866,0.06406366393242335,0.2224885772713856,0.2722988077606918,0.20823514382826847,0,1.0,2025-12-18
Max Crozier,TBL,WSH,1.0,D,17.225965647240145,0.188022366138986,1.4626615961051714,1.3730983848596066,0.05734301676764866,0.22422256208769054,0.28156557885533917,1.053251276212901,1.1349342132312743,0.5505499379898967,0.23829720644449678,0.7905308021115423,0.05572988667353762,0.2008627430805402,0.24539857184526337,0.18966868517172575,0,24.7,2026-04-15
Frank Nazar,CHI,BUF,0.0,C,17.214076200995706,2.806466050395952,0.9248052982756717,1.9327499099313294,0.2552981762101198,0.3322491970088078,0.5875473732189276,0.5321310599500568,0.8651427935723206,0.40971382014290064,0.36104042967175204,0.7815173349266207,0.2253145292583184,0.2826914505644438,0.44431148871348336,0.21899695945516495,2,28.9,2026-10-01
Aliaksei Protas,WSH,TBL,0.0,L,17.20413726591108,0.461095393086337,1.7898378054596247,1.851794410714504,0.2555384826136956,0.29600695562113405,0.5515454382348297,0.5223102649541936,0.823750273629508,0.414545184140874,0.36433138805578213,0.7395881760875582,0.2255006687715405,0.25621774546538156,0.42394114128334215,0.19844047251180164,1,29.4,2026-10-02
Anton Frondell,CHI,BUF,0.0,C,17.189560026440766,2.812865792826016,0.4445240926367406,2.2889014111914476,0.2561564922468762,0.3644322963957576,0.6205887886426338,0.7259889336156357,1.1067909301069878,0.4289560460750806,0.31390537617202385,0.6231018671717924,0.22597916894504355,0.3054091392946823,0.46237220475369245,0.2363930358086489,2,11.3,2026-10-01
Evgeni Malkin,PIT,MTL,1.0,C,17.134379746638288,2.820660774657896,0.19643346803774595,2.3380136180164097,0.3060892653949764,0.4819225782810901,0.7880118436760665,0.42994271973787107,0.8091144251756472,0.6600604911663027,0.46536702268893304,1.1150028604386182,0.2636791114525495,0.38240512482941624,0.5452519927520441,0.28157288129949454,1,29.4,2026-09-30
Mavrik Bourque,NSH,DAL,1.0,C,17.129945913243684,1.4222617625830365,0.29831614837408343,1.9510930026027289,0.26329051867885067,0.33515395276780185,0.5984444714466526,0.37171217106214643,1.4739002902308789,0.435565659242473,0.31547553541946627,0.7101819717782599,0.23148140413103313,0.28477203344890656,0.45033400741993723,0.2188526032889041,1,29.2,2026-10-01
Dylan Guenther,UTA,CBJ,0.0,R,17.129226094866393,2.911765134208325,0.26942711941441827,2.650858904414282,0.3300657556071094,0.3936926444629961,0.7237584000701055,0.4360649453082543,0.9727135448632728,0.38651677187979744,0.265242968446195,0.7598767293207139,0.2811235382804239,0.3254386454509597,0.5150737202290214,0.2339501819485975,1,29.3,2026-10-01
Nils Lundkvist,DAL,NSH,0.0,D,17.101814252092602,0.3128746962956586,0.46223882692798096,1.1557145228744476,0.053282220177377874,0.2155720450503524,0.26885426522773026,1.0966726393983006,0.6651918224004231,0.38796470427010893,0.19580164796306726,0.7565313546127036,0.051887601728204946,0.19391980592207858,0.2357453739933879,0.18385777226518296,1,29.3,2026-10-02
Anthony Cirelli,TBL,WSH,1.0,C,17.098911697877604,1.0835158244660141,2.013473140919313,1.771501447571812,0.27240680814969537,0.37736757758430534,0.6497743857340007,0.643073095796056,0.9006108123238894,0.49106098775321494,0.36590588057263207,0.7474874249420606,0.23845560440027724,0.31433600714495047,0.47783642897670864,0.2393808245764314,1,29.4,2026-10-01
David Reinbacher,MTL,PIT,0.0,D,17.09692269627693,0.5464138495399199,0.9465195397738825,1.318177403017298,0.06198771974518343,0.23726661021490628,0.2992543299600897,1.3013740087941006,1.02325416917266,0.4046706875006805,0.24721802328177442,0.7301898542546567,0.0601055711366939,0.2112190370805922,0.25862916735861463,0.19852359622192073,0,2.0,2026-04-14
Jack St. Ivany,PIT,MTL,1.0,D,17.088964225883,0.1865439264088541,1.4440984285822613,0.9863413160771937,0.05248026070742127,0.23330197668509348,0.28578223739251474,1.1989525611022607,1.8653427166127972,0.47359686097403536,0.29624862252187295,0.9261334157497545,0.05112694904628401,0.20808560227132933,0.24857376933302167,0.19744682028673766,0,24.7,2026-04-14
Matt Grzelcyk,BUF,CHI,1.0,D,17.050387378671626,0.7000777892998847,0.8237044626505331,1.100663805690188,0.05057171712117782,0.2246181614467175,0.27518987856789534,0.9147626020347094,0.7163235654350144,0.39223984128336464,0.3244251042403064,0.7165502421263695,0.04931425421741642,0.20117881874336518,0.24057208955011178,0.19125783533269536,1,29.4,2026-10-01
Brian Dumoulin,LAK,SJS,0.0,D,17.032784613315147,0.2623598134392525,0.7984751563423729,0.8501500993340072,0.05420986643237399,0.21081700678372353,0.2650268732160975,1.1335508599528974,0.6229614627511466,0.38608220446261704,0.2607012498098442,0.8368681846859874,0.05276670683145768,0.1900777363986842,0.23281466703840537,0.1800479602069477,1,29.4,2026-09-30
Artturi Lehkonen,COL,STL,1.0,L,17.02522118651776,1.4187177923139267,1.147165974673247,1.9360904595148702,0.29037263583834083,0.35434303338296286,0.6447156692213036,0.4380286839289167,0.8835692301921919,0.37769051783119423,0.2864384479047553,0.674983458783008,0.25201521029869944,0.2983657578983152,0.4751882589743399,0.22317304867564047,1,29.4,2026-09-30
Nick Seeler,PHI,CAR,1.0,D,17.02018683316996,0.22941995206330426,1.7469487352097444,1.0877877738280048,0.06149946859359594,0.18700305068295292,0.24850251927654887,1.9169473623769144,1.4874661138718128,0.46296392675035697,0.20378796813938238,0.8155256598879094,0.0596465545508611,0.17055879398060336,0.22003210412217145,0.16038554957131035,2,29.4,2026-10-01
Kirill Kudryavtsev,VAN,CGY,1.0,D,17.00155565627525,0.3712931564959374,0.8962077750647189,1.401423731873676,0.06273186784274094,0.25642317388952374,0.31915504173226467,1.3234844080467913,0.9157495015206633,0.374308692341832,0.2792102025841783,0.7621706700817061,0.06080473161610345,0.2261855585703274,0.27323713800212357,0.21243240638602012,0,4.7,2026-04-16
Morgan Geekie,BOS,MIN,0.0,C,16.985720629171396,2.002450438020926,0.1973192547093323,1.8924243565735224,0.24271858667537569,0.3357687761975189,0.5784873628728946,0.5326490150141756,1.180333668935065,0.37468048009308136,0.28432496960074716,0.7979657015179143,0.21550775071684458,0.28521163720713805,0.4392540695112036,0.22374631879435902,2,29.4,2026-10-02
Matt Duchene,DAL,NSH,0.0,C,16.98517897847407,2.8969672762210545,0.20787775390866278,1.7859952179250325,0.266770176695398,0.4469667470170641,0.7137369237124621,0.4759293091581395,0.8219667125548986,0.3024677353202161,0.2542636344035555,0.821617917059533,0.2341509387966002,0.3604348246289353,0.5101896108636823,0.2760386720670821,0,29.4,2026-04-15
Daniil Miromanov,CGY,VAN,0.0,D,16.953328622053867,0.3774155104184479,0.776835250500485,1.2662909881233242,0.06445344147278344,0.2284248874051918,0.2928783288779752,1.1884251780769293,0.6313301517485743,0.3594582972861768,0.2256935616739387,0.7437258865240722,0.06242023442109523,0.20421393148381417,0.25388708442963626,0.19146685000854102,0,27.7,2025-10-14
Simon Holmstrom,NYI,NJD,1.0,R,16.950686697764013,1.7578131324754982,1.5357716347919816,1.6398177464156918,0.24959815682406766,0.32128337131561524,0.5708815281396828,0.4639526936746219,0.7349802382595394,0.29032175692271067,0.41755470042140486,0.7346805632174723,0.22088619826051137,0.2747822840281301,0.4349728682203279,0.2140866699598165,1,29.4,2026-09-30
Kevin Gravel,NSH,DAL,1.0,D,16.930853937237675,0.18983055734553722,1.1802769021445811,1.1203893306709194,0.04998367592404519,0.18894630991484546,0.23892998583889064,1.407459000699218,1.1870933209668761,0.3280235582953127,0.21554979173579508,0.8079002732932196,0.04875504743116965,0.1721690481841116,0.21252998550488555,0.1637749380737159,0,19.0,2026-04-16
Bobby McMann,SEA,EDM,0.0,C,16.929673767069783,1.4416737607551537,0.20974074764321912,2.3623921365945444,0.2744849296824054,0.3018972005683144,0.5763821302507198,0.4237097855523121,1.5540431360923541,0.35079900778333223,0.3008098887216844,0.6728911423979055,0.24003654294671806,0.2605859276708802,0.4380723253989166,0.19803578245219855,1,29.3,2026-10-01
Carson Soucy,CBJ,UTA,1.0,D,16.91767863875059,0.2104080615855713,1.4038474756176413,1.0094456009803063,0.05512084198616574,0.1904047641046395,0.24552560609080523,1.191372039718286,1.2546827210050449,0.5106683777041441,0.2875515321972503,0.9046445952451613,0.05362922028128969,0.1733755216971974,0.21770674793400457,0.16407752765271488,1,29.4,2026-10-01
Theo Lindstein,STL,COL,0.0,D,16.89301487515937,0.2667525412964512,0.8377435911968774,1.2332201829113096,0.06358331552568941,0.18550911820601715,0.24909243373170656,1.2860391917667453,0.8107073433770196,0.4028554483023601,0.2511995979683566,0.635429071696492,0.06160406690682374,0.16931873877648407,0.2204920827711423,0.15888801586431855,1,13.6,2026-10-02
Ryan McLeod,BUF,CHI,1.0,C,16.879914116848916,1.6434547940523652,1.9445583228339454,1.351550071244995,0.2164162997606982,0.40745114620056117,0.6238674459612594,0.4248900465353388,0.6477832155874812,0.33646417085060987,0.43848843432630485,0.9688364974951431,0.19460005573038797,0.33465604481580036,0.46413201557452244,0.26953195984413447,1,29.4,2026-10-01
Nazem Kadri,COL,STL,1.0,C,16.866997969512692,2.5055913008673176,0.22419426194512243,2.301678122051358,0.2710365635054469,0.3991164190810337,0.6701529825864806,0.47375168157106123,0.8162029470033024,0.3626309677439897,0.2994734545162552,0.7663347877825981,0.2374113870175939,0.32908741022046073,0.4883696987275872,0.2509583117099933,1,29.4,2026-09-30
Brayden Schenn,NYI,NJD,1.0,C,16.864063140568973,2.6995758956273144,0.2356333433485156,1.7271679538867744,0.2822026998531529,0.37814064599180786,0.6603433458449608,0.6028567248948014,1.8358204753303469,0.47607399690328245,0.2894992896201165,0.6033541399904386,0.24587919113754153,0.3148658674804572,0.4833260938050836,0.2374469026675421,1,29.4,2026-09-30
Harrison Brunicke,PIT,MTL,1.0,D,16.8619329717975,0.5077822201333001,0.5149481674633803,1.240645778777752,0.06639840625406737,0.23279079960835927,0.29918920586242664,1.3130135682429735,0.9544217434441052,0.4914996350586293,0.2555694634551705,0.9633543187207425,0.06424202181432981,0.2076806903024334,0.2585808846799392,0.19433886286560942,0,7.9,2025-11-03
Gabriel Landeskog,COL,STL,1.0,L,16.846610010351053,2.481778781370412,0.14031490148561174,2.275068046954502,0.30128939433850227,0.38597599085590745,0.6872653851944097,0.5550572780311955,1.3257599100089306,0.5605187344655221,0.3015365520603435,0.7677370942874662,0.2601363705833485,0.32021315341525336,0.4970504364561088,0.23691406587276032,1,25.8,2026-09-30
Carter Yakemchuk,OTT,TOR,0.0,D,16.840937200620637,1.3530815307685549,0.7167620936698699,1.4912052424867104,0.07881159794163008,0.2650838464865217,0.3438954444281518,1.2284963016097097,0.8067574198318171,0.3920498888113247,0.26593184783685453,0.799323206774871,0.07578596813054816,0.23285837485074534,0.2909969456059237,0.21521097747537554,0,3.8,2026-03-31
Tyson Foerster,PHI,CAR,1.0,R,16.826362626126127,1.8468547729465494,1.0501458185821695,1.8623696184993854,0.2709698177546168,0.2986639299410928,0.5696337476957096,0.7536865922468649,1.289552909501322,0.4171274045368324,0.3547466937976884,0.6323877057940648,0.23736048576934377,0.2581913327688824,0.4342673983707699,0.19690691260142612,2,29.3,2026-10-01
Jackson Blake,CAR,PHI,0.0,R,16.81905524818549,2.3598101786465686,0.14870947348334218,2.0637896628938464,0.2911955620807142,0.3859968012389971,0.6771923633197112,0.48333939681612975,0.6481851939788328,0.4401739753447399,0.31558097156925174,0.8675683243181871,0.25263049341000854,0.3202272998927528,0.4919586125275003,0.23932811911749174,2,29.3,2026-10-02
Mason Marchment,SJS,LAK,1.0,L,16.800301646553244,2.5168520000041825,0.12580689502228992,1.990545918788777,0.2870189375566225,0.3956002246161547,0.6826191621727772,0.5062292924779164,1.311021760544517,0.5076053367447408,0.43553247821234903,0.9137095912149344,0.24950248388671514,0.326724198765162,0.4947081835140724,0.24520569962735728,1,29.4,2026-10-01
Joel Farabee,CGY,VAN,0.0,L,16.794537790056815,0.9906564722686961,1.7958910014208924,1.7840368259764017,0.25291780431367283,0.3091304467474903,0.5620482510611631,0.5530269830553486,0.8519131854061217,0.46285873315977544,0.31345398519324114,0.6736275886994634,0.2234682932427735,0.26591499522098816,0.4299597183340671,0.2064914250912936,1,29.4,2026-10-01
Ridly Greig,OTT,TOR,0.0,C,16.785990441031704,0.836023079132604,1.9155655045071547,1.7684510828525313,0.24947391971262273,0.3383431662349193,0.587817085947542,0.5896901203686826,1.1841924751835176,0.5477323574263308,0.3213897274957746,0.5939156692437834,0.22078939739929127,0.28704941465419975,0.4444613447681709,0.22367194736887963,0,29.4,2026-04-15
Logan Cooley,UTA,CBJ,0.0,C,16.763583631664584,2.357860279491467,0.6379947679550415,1.7902142433969714,0.2694523681502689,0.375283705337766,0.644736073488035,0.5874484417661985,1.002936818717191,0.4156881305803945,0.383932587488148,0.7866432260206779,0.23620234024871734,0.312905681189109,0.4751989672638397,0.23899662701512236,1,29.3,2026-10-01
Lian Bichsel,DAL,NSH,0.0,D,16.758588570142138,0.18725893057051177,1.1100721628536445,0.9388503513437568,0.0536096614446012,0.18430995070207598,0.23791961214667717,1.0028030797581586,2.0502818918423276,0.5818436805912486,0.27412796464808364,0.6662891638493411,0.052198002031657476,0.16832201530213242,0.2117339444370766,0.15953594240541913,1,28.0,2026-10-02
Jonathan Huberdeau,CGY,VAN,0.0,L,16.756453769102468,2.237670464701785,1.0087689343578317,1.7878203473585654,0.27703852106578425,0.36674468502967095,0.6437832060954551,0.5326678448427545,0.859609310097533,0.47908151782607017,0.24251503999154472,0.7788853149354682,0.241974703394222,0.3070134476990656,0.4746986631482687,0.2327239597540467,0,29.4,2026-02-04
Logan Stanley,NYI,NJD,1.0,D,16.7371415418117,0.44858254483890436,1.6286093744021,1.321983220467992,0.06420576905887072,0.23379514423982722,0.29800091329869793,1.1171515917339907,1.198161186893334,0.7173060132068398,0.26655088147537026,0.8457316357822204,0.06218799301861144,0.20847605247181678,0.2576993381947631,0.19551134517615165,1,29.3,2026-09-30
Lawson Crouse,UTA,CBJ,0.0,L,16.712055592182708,1.1349463687919346,1.9543464489304867,1.842395226759111,0.256856228863867,0.29556114384358706,0.5524173727074541,0.5270796131044296,1.9626643740788632,0.45923013871094903,0.30375351342603873,0.6070182712444023,0.22652059021461113,0.25588608465272444,0.4244432079440945,0.19792261772948339,1,29.4,2026-10-01
Matt Savoie,EDM,SEA,1.0,C,16.70989256086071,1.5223062467677548,1.4320875230578443,2.140291010617234,0.2738393926418148,0.34860418326136006,0.6224435759031748,0.4770312767781579,0.6659339175260198,0.32936126696993284,0.4528911996040011,0.6126259955794361,0.23954580000636394,0.29432760805718683,0.46336846572753243,0.2238226657211685,0,27.9,2026-04-16
Andrei Svechnikov,CAR,PHI,0.0,R,16.695254292093,2.869321151573331,0.12709046319412534,2.2122655730651153,0.31464304971647183,0.404002923104829,0.7186459728213008,0.34622681497453534,1.8396995049720373,0.704224671939129,0.27844314820691235,0.8043740137101684,0.2699505808873457,0.33235783032197364,0.5125882218514447,0.242637640964099,2,29.4,2026-10-02
Matt Benning,TOR,OTT,1.0,D,16.661829783490752,0.2557043550714585,1.7952006073055031,0.9258182938544808,0.04528097090901011,0.20637376460735712,0.25165473551636725,1.34731566286611,1.2164283424062619,0.47146207348524466,0.25347604524533934,0.6768834156227204,0.04427108791647194,0.18647104887813915,0.22248686059585032,0.17821577267937838,0,28.4,2026-01-03
Nolan Allan,SJS,LAK,1.0,D,16.61550970973916,0.1849194944891793,1.6313768600339904,0.797452462679521,0.04897534187503949,0.18764774487744149,0.23662308675248098,1.3711656943297834,1.3876471996887503,0.3550994131056291,0.2845739862031997,0.6725137191720286,0.0477953910107376,0.17109335757725497,0.21071127466324768,0.16291588365251009,1,23.0,2026-10-01
Dylan Cozens,OTT,TOR,0.0,C,16.60585120644105,2.7449338438159137,0.28654432686162457,2.472711225532496,0.32823591781223954,0.4074381174130063,0.7356740352252458,0.3911994867392427,1.744028506269573,0.47208206387851737,0.2871671762355205,0.5757700376324766,0.27980690671720276,0.3346473761342863,0.5208176356943262,0.2410107289771234,0,29.4,2026-04-15
Owen Tippett,PHI,CAR,1.0,R,16.60567861633742,1.8711010328077322,0.3983606103786639,2.3418107631155496,0.29346100819787957,0.3316732860348021,0.6251342942326816,0.6648964282714582,2.1328366545901933,0.3579230453015301,0.37094420610822315,0.8764476391388978,0.2543217023621154,0.28227822572013583,0.4648104491773487,0.21048874681523333,2,29.4,2026-10-01
Roope Hintz,DAL,NSH,0.0,C,16.603965781423003,2.8161733866751604,0.5921628307642988,2.0463513833831373,0.2837036570032177,0.42505411125933085,0.7087577682625485,0.4922879846222349,1.1518921000759654,0.4079532633601676,0.22214309202239285,0.6458205125987655,0.2470102451134969,0.3462655902194276,0.507744687018454,0.2607344419049571,1,29.4,2026-10-02
Pavel Buchnevich,STL,COL,0.0,L,16.590954509356266,1.7888346186657704,1.6392480130212939,1.6587412499750736,0.22089104774652946,0.26659328019274703,0.4874843279392765,0.5516641012299378,0.7210133328852861,0.38189227996433484,0.30801743080377536,0.6503378078587144,0.198195966112243,0.23401545079279107,0.38583049854996476,0.18763453243772177,1,29.4,2026-10-02
Jonathan Marchessault,NSH,DAL,1.0,R,16.589225240978543,2.5539027967755317,0.1168400292410919,1.9351233977506743,0.24410907899367593,0.3454950968310456,0.5896041758247216,0.2913022054979127,1.2679250033783596,0.40223444000907005,0.303852309824796,0.8373302955480365,0.21659782311895304,0.2921301973994116,0.44545325569434213,0.2288554325753891,1,29.4,2026-10-01
Michael Amadio,OTT,TOR,0.0,R,16.57738459008449,0.38368764900242996,1.4554937190221848,1.4776284917083782,0.23454444260593718,0.29931616121112553,0.5338606038170627,0.5849124384610114,1.2022257518999946,0.33406176309043606,0.36971903262689043,0.6431602238220464,0.20906891792813898,0.25867500582753866,0.4136630201922592,0.20459410226412023,0,29.4,2026-04-12
Declan Carlile,PIT,MTL,1.0,D,16.55888520127818,0.18285968914507056,1.128548725620201,1.0942398014821504,0.05504286532117893,0.19618379395739924,0.2512266592785782,1.078991348624514,1.2974915712300044,0.6653155570656797,0.22686843779516935,0.6842317093709394,0.05355542256683388,0.17813883232042949,0.22215395444678043,0.16859853187994656,1,23.6,2026-09-30
Nikolaj Ehlers,CAR,PHI,0.0,L,16.532748425753727,2.6313645593164607,0.12385065474680511,2.274522607090319,0.2625306266097923,0.3981425771761538,0.6606732037859462,0.4005425514316246,0.7887451858842498,0.35834850925057277,0.2767325657539509,0.7310020375936748,0.2308971910037596,0.3284337291866912,0.4834964946903544,0.2525993036865948,2,29.4,2026-10-02
Logan Stankoven,CAR,PHI,0.0,C,16.527017721293497,1.7967528291531933,0.4496895548065438,1.9375851479824984,0.2674483683501004,0.3428002743728293,0.6102486427229297,0.40345996198477,0.9811871642283323,0.32678549569796167,0.3280973926534302,0.5488552862109299,0.2346701551546686,0.29022004134813095,0.4567842143706393,0.22211405921597072,2,29.3,2026-10-02
William Eklund,SJS,LAK,1.0,L,16.521131347832192,1.5811758927188537,0.46473620053024156,1.9330693137385664,0.23812547351265154,0.37298695499649975,0.6111124285091513,0.5570187888838262,1.1611075621490587,0.38131743076964497,0.2848089080830835,0.6887885956489762,0.21189620126224717,0.3113257834570752,0.4572532338497751,0.24535703258752795,0,29.4,2026-04-16
Ryan Greene,CHI,BUF,0.0,C,16.508658668623035,1.297350591881044,1.502523006760324,1.4870294505773394,0.20140756621331204,0.27260875404080254,0.47401632025411455,0.4947272861502249,0.920701328993377,0.3313853861203364,0.28420187437011096,0.5969527712894143,0.18242085399611163,0.23860937963420337,0.3775029068259611,0.19508205282984947,2,27.8,2026-10-01
Valeri Nichushkin,CBJ,UTA,1.0,R,16.500215546955086,1.2698913733830475,1.355339499589475,1.9517742554478081,0.2663471767953607,0.3557555786416723,0.622102755437033,0.41535223641974045,1.035510012510521,0.3435754130483408,0.3235814873815871,0.7201635614493542,0.2338269161943347,0.2993561483699858,0.463185539547153,0.2293586233528183,1,29.3,2026-10-01
Easton Cowan,TOR,OTT,1.0,R,16.498047948978268,1.792818239470707,0.2193910941351704,1.605567267173002,0.23006681927424694,0.3489898633080676,0.5790566825823145,0.46835218519775185,1.4177292413113307,0.5767200871999248,0.30909049866066673,1.0558285429899894,0.20551948588166669,0.2945997193409522,0.43957322236278307,0.23405373648111638,2,26.6,2026-09-30
Ryan Hartman,MIN,BOS,1.0,R,16.494050447423152,1.1264209380193573,0.1459079708348108,2.2595260418923115,0.29593784051377475,0.3475339928600594,0.6434718333738342,0.851744523093362,1.1379209058974562,0.6468836554635361,0.3283985171784929,0.8342250807871241,0.25616633709848047,0.29357199998673167,0.47453507317393595,0.21836873607545548,1,29.4,2026-10-01
Jordan Staal,CAR,PHI,0.0,C,16.48457403745424,1.3778855993428405,1.899195230836717,1.5367177053843377,0.23840454879863215,0.3101798858397388,0.548584434638371,0.6240957774409406,1.9647108772070794,0.3179572546589617,0.27383286518162886,0.517746137732589,0.21211611086816695,0.26668496863127256,0.4222329011263749,0.21011679025820795,2,29.4,2026-10-02
Fraser Minten,BOS,MIN,0.0,C,16.475286820185836,1.2698339657575364,1.1090908738835448,1.6089731673445875,0.20040307802473856,0.2757446628477312,0.47614774087246975,0.5418387429784635,1.3637984458327725,0.35858099344458644,0.3193242018930881,0.5828731203855894,0.18159919279532888,0.24099329136762115,0.37882829698150056,0.19722910418617168,2,28.7,2026-10-02
Josh Mahura,SEA,EDM,0.0,D,16.464349174006124,0.21881477905532787,1.2014222527959286,0.9145780410299357,0.049764118629248136,0.18053082183579525,0.2302949404650434,1.3490247307553151,1.149453439717553,0.3921344413896085,0.1882705878530214,0.6658695766396108,0.04854617173344178,0.1651730505987492,0.20570070305208765,0.15715453131864587,1,29.3,2026-10-01
Chris Kreider,MTL,PIT,0.0,L,16.460598318358805,2.6487635052509635,0.37280390725432194,1.771968501310853,0.2675248471856655,0.38131116074980814,0.6488360079354736,0.3286959672039662,1.1730429994282476,0.4437351129036612,0.255437879030471,0.705017408224032,0.23472868445187078,0.3170346554549295,0.47734621230621255,0.24261752785434176,1,29.4,2026-09-29
Marco Rossi,VAN,CGY,1.0,C,16.440304336568946,2.2367479391196703,0.2610145679248866,1.6186741346937754,0.25677091400665397,0.37980402691265974,0.6365749409193138,0.5513389359790015,1.0773401082811984,0.3422734314311938,0.35448372911446424,0.744256423758688,0.22645459811419488,0.3160045592231071,0.47089847187618006,0.24444387376198518,2,29.3,2026-10-01
Dylan Strome,WSH,TBL,0.0,C,16.43912693151891,2.334544979329154,0.22454829856068984,1.583575614702858,0.2179530422309782,0.34965210482704623,0.5676051470580245,0.6779714102713781,0.5671795056696668,0.5107867375557652,0.30108558843760486,0.7474399309304772,0.19583679751011096,0.29506671004691953,0.43311858800959724,0.23728179049948628,1,29.4,2026-10-02
Derek Forbort,VAN,CGY,1.0,D,16.41098965728956,0.1971867635466066,1.857322478300334,0.9242683463506892,0.048046124990100685,0.19189470617743615,0.23994083116753684,1.3681506250028046,1.229232524326488,0.5513139231316783,0.22267399539610325,0.9196093848995804,0.04691017519510132,0.17460622721818375,0.21332559370432447,0.16641541850922315,0,29.2,2025-10-11
Ilya Mikheyev,TBL,WSH,1.0,R,16.39998507814448,0.38549216163188593,1.7267037076808747,1.647834337618513,0.23844997085905204,0.2752232451865765,0.5136732160456285,0.3534005988360292,0.7614139920630544,0.3322962617906326,0.3165632376947391,0.7307645013904417,0.2121518973650286,0.2405974286688729,0.40170612504065295,0.18955422767562435,1,29.4,2026-10-01
Maxim Groshev,TBL,WSH,1.0,D,16.399351676702118,0.5464138495399198,0.9558443647602678,1.2290144583274385,0.05995552459411301,0.24375825569279938,0.30371378028691237,1.1841833239225514,0.928261047418479,0.3930630423611831,0.2710441417517355,0.7372297400879335,0.05819358012442222,0.21632293916631729,0.26192791299761387,0.20373433287319165,0,2.0,2026-01-26
Justin Barron,NSH,DAL,1.0,D,16.39694690608774,0.3110348337112351,0.777488518850055,0.9379478491445645,0.05447060213085136,0.20748777073250455,0.2619583728633559,1.1956766127032321,1.0469752804111787,0.3821235220256347,0.21643999150836615,0.8751708742713467,0.053013652170641135,0.1873768205014329,0.2304569430851704,0.17744329091452926,0,29.3,2026-04-16
Elias Pettersson,VAN,CGY,1.0,D,16.37168402922291,0.22296326039203235,1.354642993313439,0.9962384629526785,0.053353420591034525,0.1800717940239387,0.23342521461497323,1.260500927228717,1.6575691389240168,0.49469088697233254,0.241446309604136,0.8893799963534291,0.051955105319984596,0.16478975384568206,0.2081831901489598,0.1562280848289752,2,28.4,2026-10-01
Matt Coronato,CGY,VAN,0.0,R,16.369187026151128,2.0691276870952118,0.1832758941407113,2.2723494850418327,0.28284298854249856,0.39269554443019544,0.675538532972694,0.3539392745351048,0.7608003619334324,0.45465620003673174,0.2683266798047584,0.5973978135416151,0.24636189161153843,0.3247657048634255,0.49111770309425573,0.2447558114827173,1,29.3,2026-10-01
Teuvo Teravainen,CHI,BUF,0.0,C,16.351084707487324,2.4780065148865216,1.5941445727541017,1.3860170006067352,0.18589158659172925,0.30665077823410036,0.4925423648258296,0.48651428676285596,0.6449215818560734,0.28935399996606814,0.2946769627655272,0.6550609939637425,0.16963638734836506,0.26409244902714624,0.38892914739656403,0.21929276004819898,1,29.4,2026-10-01
Maveric Lamoureux,UTA,CBJ,0.0,D,16.338498469728492,0.22000412017525295,0.7322448593782886,1.1977355654892567,0.055214893797875,0.19879010230028707,0.2540049960981621,1.2596616107006,1.1709976902500576,0.743425664131135,0.23321931919091823,0.73905551694357,0.05371822398212567,0.18027806697492765,0.2243120733762295,0.17059384939410382,0,14.7,2025-12-10
Spencer Stastney,EDM,SEA,1.0,D,16.311667503491776,0.2225245913911285,1.2738839549451801,0.9566201603481544,0.047539554890813775,0.18566218108993873,0.2332017359807525,1.045291922760548,0.5613734248181282,0.3594014151705021,0.2655288132963962,0.913771051388024,0.046427246079522755,0.16944587551574042,0.20800621623553361,0.16157897015601086,0,28.8,2026-03-19
Philippe Myers,TOR,OTT,1.0,D,16.287722528345626,0.18608587399731205,1.0741145964803926,1.1375765277521968,0.04946087136666387,0.17247128974096718,0.22193216110763103,1.2794122971060944,1.4936389941104415,0.5189784112237057,0.23580354991935687,0.967037446540513,0.0482576022127974,0.15841754948492104,0.199030300611149,0.1507726983983516,0,28.1,2026-04-09
Ethan Del Mastro,CHI,BUF,0.0,D,16.27770440936983,0.19365581795452055,0.982988313468186,1.0378986533325747,0.04469214472021613,0.1677240654046907,0.21241621012490683,1.0777535009794545,1.1405170752907805,0.42302105466211304,0.26894468117561476,0.7470607942504052,0.04370816398773836,0.15441287076153554,0.19137193167221123,0.14766376768447287,0,23.0,2026-04-15
Kiefer Sherwood,SJS,LAK,1.0,L,16.25355724746788,1.151618004155375,0.7848912574088146,2.1236597634724266,0.24881973200818505,0.2973059274530147,0.5461256594611997,0.4217603917426515,3.4207105228038954,0.47440018099738335,0.35187753776381264,0.8438881396618026,0.22027948063144787,0.25718327043244404,0.4208105538259359,0.20053107319448804,1,29.4,2026-10-01
Collin Graf,SJS,LAK,1.0,R,16.24996311636414,0.45576848774655315,1.8254961148295656,1.6951007148460457,0.24694324636898504,0.2878688509407638,0.5348120973097489,0.5026733557504514,1.239830674576505,0.3971827139773914,0.4598694713743713,0.6501589924772946,0.21881497263989114,0.25014007078522515,0.41422065068010683,0.1954056780402157,1,28.9,2026-10-01
Liam Ohgren,VAN,CGY,1.0,L,16.22762446817358,0.6731939791886967,1.0844858277169893,1.633346050544756,0.2014272560521433,0.26820790043883264,0.4696351564909759,0.6560316359236904,1.1056718978585867,0.2929413705299325,0.39873596601376937,0.841022478422799,0.1824369518392457,0.23525122703099066,0.37476966209426,0.1923327102550143,2,28.4,2026-10-01
Egor Chinakhov,PIT,MTL,1.0,R,16.217612063589062,1.9106460139299473,0.1223250551798859,2.3423573060376888,0.2869052169412119,0.3731690265004596,0.6600742434416715,0.5078305760667974,1.0111037321671232,0.3317009466236328,0.2422684752144605,0.6347526593452145,0.24941713199427573,0.31145115999332595,0.483187036905776,0.2337699049115003,1,29.3,2026-09-30
Erik Haula,LAK,SJS,0.0,L,16.203468668784666,1.4366781232588646,1.6083016545618087,1.7467694525712565,0.234132147460202,0.29994976332651535,0.5340819107867174,0.569360271414207,1.3838849763948702,0.5200815551592394,0.24510043124390912,0.5883932164170845,0.2087427536490355,0.2591445621403925,0.4137927662950689,0.2050500126460334,1,29.4,2026-09-30
Drake Batherson,OTT,TOR,0.0,R,16.203080920620824,2.866094434554407,0.12422786609146556,2.12455203208745,0.30063396105903906,0.38222707781704574,0.6828610388760847,0.3288593590815018,1.3447854511881483,0.44086713628394875,0.2523586661460539,0.6584194996204763,0.2596512803836001,0.31765990868656635,0.49483038705316196,0.23517910666956188,0,29.4,2026-04-15
Vasily Podkolzin,EDM,SEA,1.0,R,16.184731028795376,1.882230917320128,0.1956681394495484,2.207304078335405,0.2913623131836401,0.3383053623458173,0.6296676755294575,0.6078515439269682,2.302878185940638,0.46764835312975483,0.34590621343517924,0.6812743648797093,0.25275510770945087,0.2870224618398788,0.4672311762919594,0.21447606858250856,2,29.3,2026-10-01
Alex Ovechkin,WSH,TBL,0.0,L,16.17340144848641,3.5720391278688535,0.11757960279939791,2.6037270974317375,0.3082502412045174,0.3545150076587812,0.6627652488632986,0.3554066429151997,1.446579180572654,0.44430581543942144,0.2107856539710981,0.5803419835066133,0.2652685650768061,0.2984864105641152,0.484575913815652,0.21930734873884594,1,29.4,2026-10-02
Connor McMichael,STL,COL,0.0,L,16.15827014111938,1.5861201730034844,1.7234490404194263,1.6313584517878401,0.221546827004414,0.2863936028605914,0.5079404298650054,0.5868437839758541,0.8911347195663457,0.44379282227623373,0.3269962102548762,0.6283139405425026,0.1987216001977522,0.24903302498143176,0.398266383952787,0.19954478375503482,1,29.4,2026-10-02
Justin Holl,STL,COL,0.0,D,16.143961127954896,0.18369343095285642,0.9519990866141886,0.8958143150586811,0.043490307598062876,0.1650506992358446,0.20854100683390747,1.2242631985909767,0.7665109510100752,0.38631775774296084,0.25563309351838476,0.6286702631270885,0.04255816604291918,0.15214928238525904,0.18823225400511523,0.14567408796219605,0,29.3,2026-04-16
Jack Quinn,BUF,CHI,1.0,R,16.13732476844053,2.596785203531387,0.1990876406346588,2.6482803480916552,0.311750610325462,0.375019943672395,0.686770553997857,0.3019167853238956,1.0885100109699994,0.33796394888576586,0.2717315988313268,0.7388638786525131,0.2678359003718299,0.3127244281445608,0.4968014997360267,0.2289655993641968,1,29.4,2026-10-01
Mathew Dumba,PIT,MTL,1.0,D,16.13195250009942,0.5219058618769541,0.3764142141191594,1.1506088209408922,0.05913111229895668,0.22247793432639218,0.28160904662534886,1.0961005512329633,1.2213032698703217,0.5728506875120031,0.3085247398266729,0.7955107841436122,0.05741682319223085,0.1994673291520298,0.245431371973712,0.18801454878148116,0,29.3,2025-12-07
Jake DeBrusk,VAN,CGY,1.0,L,16.13035933462838,2.0932092276903886,0.41253429213512505,2.4309995093080716,0.3121880812800806,0.3256285103694407,0.6378165916495213,0.4663896791288156,0.9979249816591721,0.3606520918342697,0.28810368920862833,0.6092654383655134,0.2681561308485584,0.27792661961350285,0.4715550234866853,0.20339889263812694,2,29.4,2026-10-01
Tyler Tucker,STL,COL,0.0,D,16.128344090198006,0.18390898986793763,0.9361538166906309,1.0426350281990096,0.05253977290324533,0.18848848628527673,0.24102825918852205,1.1385426207032978,1.37978221839127,0.654488262202054,0.258198455975368,0.7725734632308014,0.051183416884825306,0.17178996084213205,0.2141805805445467,0.1629971636597214,0,29.2,2026-04-16
Kevin Korchinski,CHI,BUF,0.0,D,16.12658937891038,0.3966944231059846,0.38818414239420207,0.9900188850665661,0.046584179423087596,0.17039848314996411,0.2169826625730517,1.0519293132707825,0.6121089129741608,0.41400297228812394,0.22631906635682003,0.7309753250215721,0.045515790742027384,0.15667130264387308,0.19505607515948098,0.1495402844174536,0,28.6,2026-04-15
David Spacek,MIN,BOS,1.0,D,16.112292531129732,0.5464138495399199,0.9465195397738825,1.1095125829887411,0.06334873513023236,0.22931269287819103,0.2926614280084234,1.2283587816316526,1.0455908697517002,0.4065810897444459,0.2756618803005801,0.7188349796138079,0.06138391179671665,0.2049201211848538,0.2537252343373868,0.19234132254067016,0,2.0,2026-01-20
Cale Fleury,SEA,EDM,0.0,D,16.102682619535564,0.25138741373171786,0.9738357982327045,1.0425545282040463,0.051579232192663804,0.1830038560418133,0.2345830882344771,1.4626546584998914,1.6170921396948756,0.3390735086193458,0.2355681299087971,0.740133906038992,0.05027160208235548,0.16723505544554718,0.20909948336632334,0.15882788128396785,0,24.2,2026-04-16
Yanni Gourde,TBL,WSH,1.0,C,16.089462797968995,0.34962124220479657,1.789674464923937,1.463891364104565,0.17753560367342722,0.26722247320161385,0.4447580768750411,0.422864591923382,1.3581897929249842,0.4901318092284356,0.40107743524609557,0.7922490486832523,0.16266881326108507,0.23449725132739352,0.359020675002065,0.19635186174097996,0,29.4,2026-04-15
Evan Rodrigues,NJD,NYI,0.0,C,16.0772738220941,1.5133248799148573,1.0425761994525717,1.917228068118787,0.19757152639934583,0.29123168398088517,0.488803210380231,0.43491302140037397,0.9841871289259438,0.4327810377925329,0.3738633377713122,0.5833373118119947,0.17927856472087278,0.25265748932914156,0.3866399819971066,0.2073614172762338,1,29.4,2026-10-01
Victor Soderstrom,BOS,MIN,0.0,D,16.033252513114665,0.6059675034789612,0.41265890473200306,1.109802009328692,0.04995851920275262,0.19667883406759748,0.2466373532703501,1.3074056520436488,0.6898568241429298,0.44891949371138085,0.1927423384149862,0.7267848527886975,0.04873111692601162,0.1785455858754762,0.21857597697956677,0.16984486005355515,0,22.3,2025-12-21
Luke Evangelista,NJD,NYI,0.0,R,16.00870036223183,1.8088957978232074,0.12163499994156404,2.047115545833819,0.22614277443929023,0.3370811593142849,0.5632239337535752,0.3802641295942354,0.768189564923794,0.37725994594861084,0.2960764593948004,0.5893085230171896,0.20239578395883118,0.28614909809805233,0.43062951101821567,0.2282337270593845,1,29.4,2026-10-01
Jake Bean,CGY,VAN,0.0,D,16.003691092320253,0.23369494657506196,0.5458230628560579,1.1720948574932692,0.055870523127601775,0.20261424230276706,0.25848476543036886,1.2097322195678994,0.5890363444369253,0.3358363445743782,0.2805157254433213,0.6795547310359693,0.05433843073358424,0.1834068122170912,0.2277792045889495,0.17344077385536527,0,29.3,2025-12-06
Jared McCann,SEA,EDM,0.0,L,15.991275387015705,2.5602308287373847,0.1939700800181031,2.0192946812232897,0.27820741979277797,0.3735176394337522,0.6517250592265302,0.4452707483631445,0.8818780330233922,0.34771082644204854,0.2981761389247662,0.8102335609446252,0.2428602405460013,0.3116911551890107,0.4788540068097479,0.23599376626374657,1,29.4,2026-10-01
Ivan Demidov,MTL,PIT,0.0,R,15.9363227536044,3.276845902753386,0.12921273990336135,1.7974055799824928,0.2642171679448177,0.37151007207667314,0.6357272400214908,0.36139363761931176,0.7621013406770311,0.4455374905356119,0.25585975039747366,0.7060519572015783,0.2321932214703344,0.3103079408371562,0.4704497618766854,0.23825654040635103,1,27.8,2026-09-29
Sean Monahan,CBJ,UTA,1.0,C,15.906644536624759,1.237808997894705,1.542439711856042,1.5751786939975712,0.21887283301915694,0.29852049595044433,0.5173933289696013,0.45857641395749354,0.8808138214155964,0.2647826423116479,0.37548935775645037,0.6518628376169678,0.19657611935312003,0.25808492456034926,0.403927710979853,0.207351591626733,1,29.3,2026-10-01
Pavel Zacha,BOS,MIN,0.0,C,15.902181140485023,2.0614595652687417,0.47976105002301883,1.7700725504645634,0.2579436225326866,0.34776833984488126,0.6057119623775679,0.42740806149879174,0.8896096735548836,0.31974480000865385,0.24715199925451897,0.6596841698129526,0.22736120970278872,0.29373752986205737,0.4543142194402997,0.22695300973751098,2,29.4,2026-10-02
Roman Kantserov,CHI,BUF,0.0,R,15.892326247958977,2.28311501863986,0.35729417794789825,1.8560977987133256,0.2395963185872298,0.30205688069317677,0.5416531992804066,0.43742947177184077,1.367585606689168,0.4639106495407908,0.3229353320063291,0.5288326860475409,0.2130545277846213,0.26070398797608163,0.4182143507108913,0.20515982292627,2,2.0,2026-10-01
Morgan Frost,CGY,VAN,0.0,C,15.886649228545759,2.0002228333886194,0.29028599422667994,1.802099492589085,0.269884542974812,0.3529954975044251,0.6228800404792372,0.5291274441152627,0.935802476514623,0.3410548751751615,0.3004456460178543,0.5891151195015586,0.23653236304939707,0.29741964326493275,0.46360263527556667,0.2270702722261696,1,29.4,2026-10-01
Anthony Beauvillier,WSH,TBL,0.0,R,15.871229755971354,0.4306724222617489,1.4716381888930314,1.654170907811183,0.19941573367610782,0.22522563144045643,0.42464136511656425,0.5717197342281334,1.1914466502242296,0.47166122179974734,0.33170223230620877,0.5223309710983729,0.1807907503435533,0.20166393128076865,0.345995708170841,0.16520495782728772,1,29.4,2026-10-02
Joel Hanley,CGY,VAN,0.0,D,15.865191247864638,0.18271356340549047,1.0392462752019391,0.918297511440221,0.04662163691463703,0.19051749851431415,0.23713913542895118,1.3061225544023842,0.7660410663190801,0.48199275325129753,0.18414276004616248,0.7015031639715485,0.04555154265663697,0.17346870546717408,0.21111848098713148,0.16556693833049452,0,29.3,2026-03-26
Pierre-Luc Dubois,WSH,TBL,0.0,C,15.863672134461986,1.9339201387456386,0.2505747144806003,1.4668185920203722,0.2019571372823468,0.3554678818851765,0.5574250191675233,0.5599482095375972,0.9333523802430295,0.5804892041251116,0.2651586652920721,0.6629670913541688,0.18287004839797183,0.29915454640768824,0.42731818842561287,0.24444814002764104,1,29.4,2026-10-02
Ryan Graves,PIT,MTL,1.0,D,15.863068363185564,0.18022038651458516,0.7954621951035825,1.0129972121097188,0.050464331400897455,0.1762268265039232,0.22669115790482067,1.3340844669341883,1.233182928620855,0.41283388032823365,0.305348605470151,0.8742787451678067,0.049212158662141126,0.16157221587628667,0.20283305701533028,0.15362089835318915,0,29.3,2026-04-14
Ilya Lyubushkin,DAL,NSH,0.0,D,15.857664300928203,0.18698629679106896,1.2940291683707632,0.8398879484933225,0.044534758038024105,0.18541857916054397,0.2299533371985681,1.4703022169442677,1.0386730319542292,0.49109377422161055,0.20539738897358684,0.7450927384701316,0.04355764454389388,0.16924352628321815,0.20542932146791248,0.1618716769240186,0,29.4,2026-04-15
Porter Martone,PHI,CAR,1.0,R,15.84804723291808,1.8587945201981377,0.21197951698011844,2.1261662908022045,0.279473481931314,0.3410968698958893,0.6205703518272032,0.44853957091573154,1.5116200379551554,0.4625087962876472,0.28660535787564717,0.7603230256302067,0.2438182199703237,0.28900996865989803,0.4623622925178864,0.2185440725475627,2,9.3,2026-10-01
Jean-Gabriel Pageau,NYI,NJD,1.0,C,15.830903067211631,0.8382237058175139,1.6994472680282016,1.3507129702987766,0.21883557712781168,0.281767421360738,0.5006029984885497,0.5345499931221741,1.4061871200599525,0.24219068042660458,0.3068207937228842,0.6626934938774758,0.1965461865227347,0.24555086711775298,0.39383496711114263,0.19728878058840793,1,29.4,2026-09-30
Zach Benson,BUF,CHI,1.0,L,15.823821297290916,1.4896586954364077,1.0979795766739282,1.9366849882505677,0.28180315741740847,0.3787379385135582,0.6605410959309667,0.36507957165312765,1.060965494548613,0.4466871500883048,0.3767021767237314,0.6711558030955574,0.24557782767298575,0.3152749707848723,0.4834282560128451,0.23785042833985937,1,29.3,2026-10-01
Ryan Ufko,NSH,DAL,1.0,D,15.799731020524586,1.4427323081953547,0.42718783829143714,1.0582506782791226,0.06160476572689209,0.26382587257312945,0.32543063830002156,1.0269071498937228,0.9211761890659205,0.38007270645098307,0.2326923138367387,0.7532422022169528,0.05974556586005708,0.23189272344363554,0.27778372732272294,0.21803816146266586,1,14.7,2026-10-01
Jeff Petry,MIN,BOS,1.0,D,15.788671706448085,0.36024198446304095,1.1274182630713403,1.0508653210285732,0.048518514777660095,0.19831626233216185,0.24683477710982193,1.0809144892104334,1.1430893672355078,0.384603131616952,0.29641441633798166,0.756538946709718,0.0473602987697056,0.179889557922022,0.21873023348299037,0.17136993471328477,0,29.4,2026-04-14
Frederick Gaudreau,SEA,EDM,0.0,C,15.774184296117102,0.3911292134529065,1.604236050851509,1.210041750043569,0.17423992629525265,0.24363098556927423,0.41787091186452685,0.6507350116376123,0.8023058692196657,0.2744312468499886,0.34186792462979243,0.4935780524162264,0.15990468747938136,0.21622319414283508,0.3415527793370128,0.18164809185763142,1,29.4,2026-10-01
Matvei Gridin,CGY,VAN,0.0,R,15.771304554297691,1.8442090916748557,0.13848743668414992,1.9116070913098806,0.25306914487474025,0.3605327478140459,0.6136018926887861,0.605005319811136,0.7751209559329555,0.34865472844874146,0.24144809799505515,0.7322981171928967,0.2235858050945817,0.3026952604768456,0.4586027020593977,0.23501689696481598,1,21.5,2026-10-01
Dmitri Simashev,UTA,CBJ,0.0,D,15.758239668842013,0.20060954627246597,0.5182324038451013,1.0628509315248293,0.046182445193637775,0.18393680245069718,0.23011924764433495,1.1375610067146849,0.7464822024044493,0.4163336552271558,0.1626265145717398,0.7781643662126552,0.045132264731093885,0.1680116182079674,0.20556113810819987,0.16042887337710598,1,18.6,2026-10-01
Adam Ginning,PHI,CAR,1.0,D,15.751526519641242,0.22517095862064263,1.1996416302860178,0.8811755470334481,0.04985621545852465,0.1821159694680919,0.23197218492661653,1.2537085613921173,1.298012817887927,0.31598937565266466,0.22713152176746224,0.7703431689013283,0.048633793579319184,0.16649532628301222,0.2070318205319619,0.1583980269526427,0,12.5,2025-10-25
Yegor Sharangovich,CGY,VAN,0.0,C,15.740902257138025,1.0550786945309423,1.5064736055463237,1.6714487165783618,0.2214970697058894,0.3080128414540022,0.5295099111598915,0.4526401858041832,0.6585266062859532,0.30267247391844543,0.2798892213975843,0.5817972308903974,0.19868172975729737,0.26509411931158844,0.41110649089557205,0.2124247611382747,1,29.4,2026-10-01
Tommy Novak,PIT,MTL,1.0,C,15.733082651075597,1.5951028081507288,0.1967407793015604,1.7634835875523567,0.23420723903056298,0.3542225200694756,0.5884297591000386,0.5124337077284298,0.625849243111869,0.33815092515265965,0.3508891676129383,0.7037160125861471,0.2088021681674309,0.29828119653566076,0.44480160414287007,0.23599943597543915,1,29.4,2026-09-30
Caleb Jones,PIT,MTL,1.0,D,15.716583657662872,0.3701408385782437,0.9366804602889174,1.0449329641439367,0.05032857268427414,0.21141205430330334,0.2617406269875775,1.2716279561921595,1.3488452194957368,0.36104916015093763,0.2585632030853964,0.6115377496437249,0.049083072162909525,0.1905595352718641,0.23028936001369416,0.18120628785078463,0,28.9,2025-10-23
Boone Jenner,WSH,TBL,0.0,C,15.699637167898294,0.476265502489686,1.619382453059209,1.735351317101405,0.2100820247115662,0.2624554430063251,0.4725374677178913,0.8406800225553286,1.7093717735660285,0.5503948035457039,0.3141748988152079,0.6628712603668425,0.18948223924203622,0.23083936490938262,0.37658164438317954,0.18709940514114332,1,29.3,2026-10-02
JJ Peterka,BOS,MIN,0.0,R,15.686126258034209,1.5237177970811302,0.12038174840238655,2.018810885619088,0.23291374854214283,0.27033831998068725,0.5032520685228301,0.3312308425991937,0.6269138839160981,0.37630587004214816,0.2498359140362339,0.7633500369986644,0.20777809912849843,0.23687872851548963,0.395438615709064,0.1876605165805656,2,29.4,2026-10-02
Emil Heineman,NYI,NJD,1.0,L,15.679470728781117,1.4955401123206171,0.5696963988313879,1.8647045664947666,0.24207161743250835,0.262379769992984,0.5044513874254923,0.5575381575773614,2.0595608395143463,0.3042718117707906,0.2520798684533902,0.6999875630264729,0.21500004414273088,0.23078115800406374,0.3961632429886104,0.1811631988458795,1,29.2,2026-09-30
Anthony Mantha,NJD,NYI,0.0,R,15.671409870837179,2.1227937115192033,0.1194499785943848,1.851503732932742,0.25165381686190363,0.3185879468624933,0.5702417637243969,0.4882485272092017,0.9571174305153359,0.543191662458464,0.28952565377211076,0.7345587470067686,0.22248614632960617,0.27282487762722085,0.4346112683107003,0.21212512198109412,1,29.3,2026-10-01
Calum Ritchie,NYI,NJD,1.0,C,15.654044131000505,2.5027343271540414,0.19456810515575823,1.5835687246558565,0.260104338801861,0.37265697171215395,0.632761310514015,0.5773757592449923,0.7460809582906821,0.31093826592803114,0.2798732774864897,0.7734218533835797,0.22902886059815597,0.3110984949786192,0.4688768217380208,0.23984796113986484,1,27.0,2026-09-30
Tyler Seguin,DAL,NSH,0.0,C,15.650713694119789,1.739250249328088,0.4298571655779489,1.6715666642602853,0.23670366760848469,0.3571783758329427,0.5938820434414274,0.3794248275647643,0.8417872230978718,0.355361366805271,0.23476626859145833,0.5750412818070537,0.21077487366190406,0.3003523136355458,0.4478204663368571,0.23704559267495307,1,29.3,2026-10-02
Josh Norris,BUF,CHI,1.0,C,15.642493206884346,2.6935176921005413,0.36529828793131974,1.7312114978228115,0.26125569116242015,0.4049263478377134,0.6661820390001336,0.5815983481043868,1.1390445815442198,0.4976541731147866,0.2976850172450103,0.5324026907271908,0.22991600923109157,0.3329740630481116,0.4863340045257195,0.25641799529462794,1,29.2,2026-10-01
Anders Lee,UTA,CBJ,0.0,L,15.632194919995703,1.6573990709740223,0.1341644304422596,2.227972593142483,0.28744392643771566,0.3002531397773246,0.5876970662150403,0.4950027033365512,1.2196738651240888,0.4715067432333827,0.18944672659714848,0.6938447514553678,0.24982136922019116,0.25936928614398413,0.44439466516602166,0.1945732959458305,1,29.4,2026-10-01
Jack Roslovic,TOR,OTT,1.0,C,15.62201004990473,1.6873316279581274,0.19498237121716638,1.832386838533564,0.24756381469855876,0.3295970418345065,0.5771608565330653,0.48993525360043894,1.0860484798242462,0.3091984737828931,0.2556490971751174,0.771986300376727,0.21929960093936807,0.28078651200375726,0.4385097429115443,0.21921014197217625,2,29.4,2026-09-30
Drew O'Connor,VAN,CGY,1.0,L,15.601159668772041,0.8280852863703918,0.6415889636011198,1.9807115186306279,0.24467742294984898,0.27239037719143727,0.5170678001412863,0.4393683087787477,1.2399726765669314,0.4693239634904532,0.382616387727004,0.677846425810158,0.21704293851013345,0.23844309139330133,0.4037336406799924,0.18669070216985895,2,29.4,2026-10-01
Cameron Crotty,OTT,TOR,0.0,D,15.594524493071994,0.29771753559674763,1.2976362710409464,1.1306887519379591,0.05297296882041739,0.2175133410255867,0.2704863098460041,0.9841248797390637,0.8691081753034384,0.33015412631070934,0.25721671875998614,0.5951036256378375,0.05159435134078538,0.1954831282319388,0.23699165437352976,0.18539730303274438,0,7.1,2026-04-15
Scott Mayfield,NYI,NJD,1.0,D,15.579796910803571,0.18902642162680197,1.4131196794184684,0.9597801704824641,0.04621094140059863,0.20185936488993342,0.24807030629053206,1.0100495020957942,0.9787001200552112,0.43120608265622884,0.3016728125154413,0.8095644943223863,0.04515947445200963,0.18279015174191116,0.21969491900625293,0.1745354445542433,0,29.4,2026-04-14
Abram Wiebe,CGY,VAN,0.0,D,15.579683604540731,0.4115050836939284,0.7128252747629783,1.041847012434846,0.059595195904823116,0.23065530629666242,0.2902505022014855,1.0604438283420101,0.8849869514519306,0.40839112951833234,0.2080837310953989,0.606942757170181,0.057854159103690295,0.20598688980972513,0.2519238506170892,0.19406969151339892,0,3.8,2026-04-16
Arseny Gritsyuk,NJD,NYI,0.0,R,15.575452389417599,1.2783758052938115,0.11761897782218031,2.113634502547324,0.21420980792806024,0.2865510871886691,0.5007608951167294,0.40690016241765437,1.0384098009806084,0.4221785706000192,0.3380619183814264,0.6144145816966352,0.19282098530096325,0.24915128119890617,0.39393067097009904,0.20110968566913578,1,26.5,2026-10-01
Teddy Blueger,TOR,OTT,1.0,C,15.575072087893304,0.35119059544155845,1.6560218561636855,1.2985862401575075,0.18662101471698386,0.2600923345621452,0.4467133492791291,0.5032390620902096,1.3800070635050241,0.5369787687331601,0.32286152491176234,0.6659158643051927,0.1702418570714529,0.22901960562023516,0.3602727397251275,0.19003088265367463,2,29.4,2026-09-30
Justin Hryckowian,DAL,NSH,0.0,C,15.55736680667405,1.397070241189596,1.5667690292065772,1.3953883619575247,0.20921147778306154,0.28649061856577934,0.4957020963488409,0.6136408673966642,1.292165532913803,0.42990464822025987,0.33175235117353585,0.4715718934205241,0.18877633827953322,0.24910587703813203,0.3908569200064951,0.20208058172696186,1,27.9,2026-10-02
Skyler Brind'Amour,CAR,PHI,0.0,C,15.548985153410786,0.6778761263604371,1.7359007905897554,1.3050740759072703,0.19257023762033584,0.2553066375093389,0.4478768751296748,0.44421362302694667,1.130620065855243,0.4435776064573018,0.2976968436597051,0.5817317809419211,0.1751636183756483,0.2253210840761558,0.361016646068701,0.18585302769305267,0,5.5,2026-04-14
Brayden Pachal,CGY,VAN,0.0,D,15.53112281279913,0.18154509935028634,1.132901672653034,0.9998820152564315,0.052300273763804965,0.22061854019207125,0.2729188139558762,1.1715035583465672,1.6368123641510115,0.5691291972711864,0.19420360124475533,0.6962994712115714,0.050956148915527244,0.19797743868197804,0.23884541975011164,0.1878892708345844,0,29.3,2026-04-16
Charles Alexis Legault,CAR,PHI,0.0,D,15.527630128852302,0.234307115469144,1.177218707564337,1.0743297140432773,0.061950635948715325,0.18318847347241896,0.2451391094211343,1.031428823751452,1.0502392275614871,0.6205270680634971,0.31024688269920986,0.7570064647386339,0.06007071563670929,0.16738878417897074,0.21740433576049056,0.15733362012378127,2,11.3,2026-10-02
Noah Cates,PHI,CAR,1.0,L,15.520085578686327,1.7404012282644006,1.4950463988010216,1.6061031352754742,0.2316566455974019,0.3195836824417567,0.5512403280391587,0.5372357583436621,1.4011272845773353,0.3814627877850386,0.3739569646091868,0.5867428733886285,0.2067815684044062,0.27354859139535237,0.42376535303621155,0.21698378463180534,2,29.4,2026-10-01
Jiri Kulich,BUF,CHI,1.0,C,15.490799352581028,1.3326138087171977,0.22127258158798263,1.9566603292056808,0.25491590672145553,0.31991173750348595,0.5748276442249415,0.607515225363136,0.9878320871209341,0.3338497510380241,0.2911778029311381,0.6366938843379213,0.22501833402994997,0.2737868683709246,0.43719813740077185,0.21217980337082187,1,27.2,2026-10-01
Ty Emberson,EDM,SEA,1.0,D,15.487607350756262,0.1863519424158611,0.8602590954063006,0.9199263827121414,0.0440720399190843,0.18204907542440119,0.2261211153434855,1.149712619346108,1.3462328955619791,0.3376397995612909,0.23360519738101831,0.7439371085678425,0.04311497892950089,0.1664395679200218,0.20237850838561566,0.15926352945611477,0,29.3,2026-04-16
Taylor Hall,CAR,PHI,0.0,L,15.470743483868754,1.8037143271633467,0.1173262421131124,1.73642007148661,0.23124060004857885,0.33907599633322105,0.5703165963817999,0.40384721021350456,1.0250530896001366,0.5047315393156468,0.2588680512577976,0.6402679091232788,0.2064514847465394,0.2875716949070247,0.4346535762689301,0.22820209152239068,2,29.3,2026-10-02
Alex Formenton,EDM,SEA,1.0,L,15.454368242220657,0.9914998149111257,1.0121178361768541,1.8453253112352273,0.2375406512265977,0.30495966313466855,0.5425003143612662,0.45533237176161767,1.471137333065774,0.3817123708741604,0.34982330709830994,0.6189690192462555,0.21143516579825472,0.2628468917624057,0.41870698142132035,0.20727181562306563,2,2.0,2026-10-01
Dennis Cholowski,NJD,NYI,0.0,D,15.445516699755576,0.4223491864296537,0.36848937810670707,0.9330037227345637,0.04443550285974959,0.17487808132730973,0.21931358418705932,1.1027576566213197,0.5418091039989563,0.32821617131078706,0.24772043250098627,0.8035131726049369,0.043462707975998716,0.1604406275058735,0.19693015134109848,0.15346744336509976,0,25.4,2026-04-11
Marshall Rifai,TOR,OTT,1.0,D,15.437550119002829,0.46661437217171947,0.8082877496090778,1.1040691126285023,0.05668037616107634,0.21822504763421183,0.27490542379528815,1.1300098073545561,1.1313203003555972,0.3856021343589249,0.24675393380371724,0.6786699780752501,0.05510396759607927,0.19605550450017983,0.24035603592924826,0.18525206833316898,0,2.9,2026-01-31
Sean Couturier,PHI,CAR,1.0,C,15.435529337349685,0.47519429418266645,2.163389788776243,1.3569045760541836,0.19685811987113358,0.26282694545931273,0.4596850653304463,0.48955157839812347,1.4531768040494109,0.3757393341997094,0.3481019918225215,0.7140543463457693,0.17869284778880112,0.2311250569011366,0.3685175100769249,0.18982466228812378,2,29.3,2026-10-01
Jason Zucker,BUF,CHI,1.0,L,15.434278843010173,2.9251272579395167,0.12019748966764651,2.1198511805131703,0.31627145451138655,0.3818163452967875,0.698087799808174,0.3781925544018786,1.1064980439260257,0.3769136894340488,0.25731374377261573,0.8049401665460676,0.27113842945032063,0.31737959185750997,0.5024642172320015,0.2313257877816809,0,29.4,2026-04-13
Kasperi Kapanen,EDM,SEA,1.0,R,15.417535521051338,0.90588157683651,1.1792483726189191,1.693547345858772,0.20982649327496325,0.2615434242676423,0.4713699175426056,0.41158620792594264,1.5375921587007046,0.4010362673310548,0.2893499058991319,0.6538347184854539,0.18927510001007197,0.23013755601433694,0.37585334709372176,0.18657824708364978,2,29.4,2026-10-01
Jonathan Drouin,STL,COL,0.0,L,15.413411129953918,1.8420939325915606,0.12559065357897062,1.4499866704238003,0.1756710401615632,0.25423693974509326,0.42990797990665647,0.5822842097109505,0.7313503721496822,0.2927455722354964,0.26934913855721976,0.6082911296472061,0.16110609964629685,0.22449196839925079,0.3494310426148246,0.18832494296852775,0,29.4,2026-04-14
Josh Doan,BUF,CHI,1.0,R,15.368070571027115,2.0559798334192725,0.12396185787724577,1.9943133654132923,0.2877175747019398,0.34619691889471566,0.6339144935966554,0.3666014360137068,1.2126462266765672,0.32150228753747406,0.4170159315618168,0.6760953140795185,0.25002662621497107,0.29262682175373333,0.4694889509856087,0.21946232477063765,1,29.2,2026-10-01
Lassi Thomson,OTT,TOR,0.0,D,15.357944243096936,0.6711444876147655,0.46929881064727685,1.2162511881160585,0.05659595862592625,0.22985831511748836,0.2864542737434146,1.0220078688643595,0.7839258504402696,0.36313971567500836,0.26549736695519616,0.5843500887233573,0.05502419843514006,0.20535381612119263,0.2490785854286669,0.19405438699352684,0,10.6,2026-04-15
Gavin McKenna,TOR,OTT,1.0,L,15.33969828170982,1.8433112580927213,0.3776317654547056,1.7180849314898712,0.2441998842929736,0.316895250968747,0.5610951352617206,0.43395708381147347,1.3001975894709843,0.4321402279098374,0.33019298865931046,0.6812533200024317,0.2166689569583815,0.27159294893737407,0.4294161449322438,0.21274718797386227,2,2.0,2026-09-30
Jayden Struble,MTL,PIT,0.0,D,15.339087080140985,0.20849311505522528,0.4622898254838755,0.7926680454642432,0.04746322183171273,0.18266705945501105,0.23013028128672378,0.9235910630863001,1.690082626999855,0.46751375314078014,0.27143151644527114,0.7378914593206398,0.046354454175961624,0.16695453581823783,0.20556990361414396,0.15921544943818233,1,29.3,2026-09-29
Alexander Petrovic,DAL,NSH,0.0,D,15.338148799818743,0.18076242875966986,0.714345086421334,1.097713231976423,0.04787730172013184,0.18306754538269318,0.23094484710282503,1.2821569703040019,1.2890883138335765,0.3833698703494112,0.18054768786343742,0.6983195776552987,0.046749257871391614,0.16728809200702388,0.206216755726366,0.15946749785497438,0,25.7,2026-04-13
Cole McWard,NYI,NJD,1.0,D,15.326402111480672,0.29446193202764404,0.5192013295729045,1.1438963897440464,0.05811952042555897,0.18873784685470663,0.24685736728026558,1.2677183784260764,1.0094504255439323,0.2951163506887909,0.27473052545085785,0.7392587962188272,0.05646283126668428,0.17199645802190677,0.21874788230083275,0.16228505103414848,0,7.9,2026-01-08
Justin Sourdif,WSH,TBL,0.0,C,15.320341901805964,1.5814617295144389,0.3319803339534339,1.419715409542042,0.19692354906297832,0.29206617410405294,0.48898972316703126,0.5761910072554914,1.1683339856059298,0.518573132400279,0.3152365123244161,0.625021200477847,0.17874658349406547,0.25328087913042774,0.38675437081555586,0.2080077873214904,1,27.7,2026-10-02
Scott Laughton,LAK,SJS,0.0,C,15.316442937899927,0.8429265924505644,1.4574741668166797,1.726021415883432,0.20803438434200572,0.26287695528917826,0.470911339631184,0.6089501839042193,1.4723717986784595,0.4581772878480583,0.26615558763365965,0.7054526981074574,0.18782089001246693,0.2311635072447733,0.3755670615881236,0.18774617157565665,1,29.4,2026-09-30
Seamus Casey,NJD,NYI,0.0,D,15.312514072371354,0.7503761736110401,0.38772560872677947,1.1661764178344738,0.05822997716087913,0.20004270282407505,0.2582726799849542,0.9957885515312509,0.839925322274443,0.30165258551892665,0.2543780196520075,0.7838396873405998,0.05656704554630532,0.1813042082908518,0.22761541042903155,0.17104836488272623,0,12.5,2025-10-30
Casey Mittelstadt,BOS,MIN,0.0,C,15.312442000875766,1.417597550088345,0.1992854695081674,1.3939583671447855,0.18898603900321992,0.30743157416498,0.49641761316819993,0.4033040440097855,0.6743655031099443,0.34052542858931634,0.2742474602606958,0.691764915761368,0.17220193649983973,0.2646668183866402,0.391292616233049,0.21909067973320928,2,29.4,2026-10-02
Jake Evans,MTL,PIT,0.0,C,15.291503572290134,0.32232241887590857,2.1655781897151822,1.2139655714896977,0.1999818501464815,0.246311828497122,0.4462936786436035,0.627816890776656,1.3011434910214654,0.34193306033767185,0.2913439679659253,0.560477180609296,0.18125438694392593,0.21832156269484848,0.3600042086358797,0.17874982169195375,1,29.4,2026-09-29
Sam Steel,DAL,NSH,0.0,C,15.245371614566766,0.478561462033404,1.8126713178971332,1.3283147654355392,0.18510736417779974,0.27459475990795096,0.45970212408575073,0.4295623809723404,1.09308017426361,0.34517883173668634,0.2759793190667926,0.5805244366011777,0.1689849421860502,0.24012000532118305,0.368528282290319,0.19954334010426877,1,29.4,2026-10-02
Jason Dickinson,EDM,SEA,1.0,C,15.229386851450034,0.37062553630323075,1.6215235262474614,1.3254684583943699,0.1784284591959719,0.25377435780965907,0.43220281700563096,0.6135458243406259,1.3438726064931539,0.35555378960798195,0.30807397902603706,0.5838536655297067,0.1634160953782373,0.22413314940785478,0.3509222806650334,0.18750618528679608,0,29.4,2026-04-08
Nick Blankenburg,COL,STL,1.0,D,15.214859884267508,0.47166849978255165,0.9006075731036886,1.1608900089603036,0.07291072744634376,0.2120222839051815,0.28493301135152527,0.9755595127054476,0.8645704139909387,0.2616945460693946,0.26344550059960276,0.7157840014686789,0.0703161784298515,0.19105332912526263,0.247935367574725,0.1776191891448735,0,29.3,2026-04-16
Victor Mancini,VAN,CGY,1.0,D,15.20192743239894,0.2424322150944056,0.5608771957203162,0.9211687457988609,0.044021597202358195,0.1947086770012278,0.238730274203586,1.203821916119127,1.1240797789913457,0.35727392136848307,0.19874248394593558,0.7459265691452457,0.04306670983204153,0.17692559636389793,0.2123727028754746,0.16930599304343308,0,25.0,2026-04-11
Zach Bogosian,MIN,BOS,1.0,D,15.180925902037465,0.19183897080218917,0.9856430534768669,0.9701968657671927,0.04590417931588969,0.18344347233002126,0.22934765164591095,0.9939739069730084,1.2119873303351345,0.46232650884293486,0.2717195225133005,0.813783792739995,0.044866520650565844,0.1676010720201031,0.20494791571182203,0.16008139506125618,1,29.3,2026-10-01
Jaden Schwartz,COL,STL,1.0,L,15.172815861687825,1.4041898806655033,0.5671654536764251,1.6976150917463528,0.2342442756620093,0.3083984816967768,0.5426427573587861,0.5456931144993039,0.794140315058202,0.3083243014543875,0.4092742031743646,0.729692550601132,0.2088314709272885,0.26537747395384537,0.4187897766443841,0.20995830571709562,1,29.4,2026-09-30
Kaedan Korczak,PIT,MTL,1.0,D,15.170582940329366,0.19399619868013057,0.572362410276333,0.9275233692188307,0.04600805236296405,0.22464206584850296,0.270650118211467,1.0256237140755284,1.1138461999597702,0.351749030804378,0.1988878524920147,0.867575422723432,0.04496572812284816,0.2011979138576071,0.23711663128704996,0.1921509031642018,1,29.2,2026-09-30
Noah Ostlund,BUF,CHI,1.0,C,15.165157600727735,1.4571814593542354,0.26168838309595177,1.4397757115501764,0.2033906116958015,0.3396238527202124,0.5430144644160139,0.45397383970265404,0.6500586068208767,0.3453857477429473,0.3471852670596428,0.6261022367491966,0.18404054413778115,0.2879618964072914,0.41900577643932735,0.2349652323015462,1,26.7,2026-10-01
Josiah Slavin,CAR,PHI,0.0,L,15.162636389766327,0.9914998149111255,1.0506384877598551,1.5478795531836957,0.210017689426584,0.2687411317396887,0.4787588211662727,0.4478922389377901,1.2238698740695038,0.47801456587637714,0.32252656251281314,0.5004804304450687,0.18943009267350053,0.23565890631069286,0.3804481105224231,0.19101801784892258,0,2.0,2026-04-11
Marat Khusnutdinov,BOS,MIN,0.0,C,15.161944948187145,0.4880279952694689,1.3652793643181103,1.151721181141572,0.17365700013154087,0.2401265293952478,0.41378352952678865,0.5242232347314187,0.7794910312543739,0.3160673793527702,0.2767196961773403,0.5633340551029947,0.15941483118054622,0.21347166418442476,0.3388559460571806,0.1794411148766344,2,29.3,2026-10-02
Evander Kane,VAN,CGY,1.0,L,15.141833708452834,1.1831375202367997,0.11894101140252762,2.2089876496076477,0.24491604300817688,0.2810204024895572,0.525936445497734,0.43673114553492554,1.4075609518708196,0.5245318148915175,0.3309205279264815,0.8722085245270826,0.21722974548098284,0.24498706882037846,0.40899833569537847,0.19176859021439563,0,29.3,2026-04-04
Nick DeSimone,UTA,CBJ,0.0,D,15.118281520677876,0.19364954963162087,0.4556910034815726,1.0009919120271564,0.050165817567816094,0.19454958168450084,0.24471539925231695,1.0735068360773439,0.6850797316698424,0.3163740636611972,0.19428668338446395,0.6987855336549879,0.04892829297236656,0.17679463866385947,0.217072671759737,0.16814437878737043,0,28.4,2026-04-16
Felix Unger Sorum,CAR,PHI,0.0,R,15.10747830273885,1.4146354830220054,0.4475375627291597,1.661546909650738,0.2229714504010749,0.2906220872263555,0.5135935376274304,0.4741821117460568,1.2295669849581772,0.441902823472427,0.28934701495503307,0.6059199178047484,0.19986230742132272,0.2522017728725904,0.4016584520318488,0.20179614461052608,0,1.0,2026-04-14
Mike Reilly,CAR,PHI,0.0,D,15.093792589655877,0.22497660334709224,0.7225531303288397,1.2889413842746265,0.04716987471576637,0.20037127948205327,0.24754115419781964,0.9282919282836003,0.6405477564802666,0.5328797794491534,0.2139134422804582,0.5502915312747854,0.04607466396964033,0.18157316842856097,0.2192819096769525,0.17320724570731216,0,29.0,2026-04-14
Vladimir Tarasenko,MIN,BOS,1.0,R,15.080862808240061,1.469957444459482,0.11796768306287328,2.0146841399190505,0.2542699886662703,0.3197290107029506,0.5739989993692209,0.46929047002598884,1.1104335422103384,0.32552303024354884,0.24558159358189824,0.8112110270934509,0.22451759767954693,0.2736541576443412,0.4367315812545607,0.21221398357501375,0,29.4,2026-04-14
Joel Nystrom,CAR,PHI,0.0,D,15.052810729428023,0.19204527903667504,1.0053490866947177,1.0477854848051378,0.046919680101731254,0.21821114387816773,0.26513082397989896,0.8036655166569092,0.6163536727345191,0.3258300462806576,0.18252516320685633,0.6720678858190295,0.04583596712928717,0.19604432657433402,0.23289441239487674,0.18705844526558957,0,21.5,2026-04-14
Ilya Protas,WSH,TBL,0.0,L,15.041950024856003,1.862081566779062,0.24278462787792934,1.6839629481073526,0.22051807104129478,0.3080368938586122,0.528554964899907,0.479878692095048,1.0834443071465312,0.49951264876596635,0.2980537785485231,0.5448083955436424,0.19789685610837526,0.26511179535260454,0.4105438606434524,0.21264700453507712,1,4.7,2026-10-02
Filip Chytil,VAN,CGY,1.0,C,15.037842506202653,1.4273848851921709,0.20704311213536924,2.183617748411642,0.24436439719689232,0.2926398414391739,0.5370042386360662,0.4172688057365126,0.6907569947512241,0.3591625945326705,0.3680326104571008,0.7053621192637157,0.21679781442335344,0.2537091246516029,0.41550335535122673,0.1987055409278733,0,29.2,2026-02-02
Alec Regula,EDM,SEA,1.0,D,15.030560972606686,0.22867492250541682,0.8542050789070275,0.9474162486199013,0.044750455557363115,0.19432653604924213,0.23907699160660525,1.341210558868791,0.7592502267672433,0.4881160185523502,0.2765553411830445,0.8477430606405022,0.04376392453951505,0.17661100582260125,0.2126457396304482,0.16888181509093314,0,20.0,2026-01-20
Jordan Martinook,CAR,PHI,0.0,L,15.025764136831475,0.33855914730790365,1.7564282978398633,1.429697152098684,0.19092368544863209,0.2441418506767097,0.4350655361253418,0.5154806254727227,1.2705361099307508,0.4328918652298563,0.24126994386362377,0.5583325515679539,0.17380436350524853,0.21662349610610598,0.3527777507503511,0.1789733872451026,2,29.4,2026-10-02
Adam Boqvist,NYI,NJD,1.0,D,15.024063694514439,0.7481901406899247,0.41808464409678336,1.0501723501651374,0.05531748091939417,0.22249858813780124,0.2778160690571954,1.0229280559908864,0.6408227862194743,0.3047870020820541,0.2345825414431918,0.602002829540444,0.05381529532645335,0.19948386303209587,0.24256387535661517,0.18874858003016182,0,29.2,2026-04-03
Michael Callahan,BOS,MIN,0.0,D,15.023007543688022,0.21750320997404424,1.1133967653760115,0.9034062094933204,0.043707569164172295,0.1534419194480215,0.19714948861219378,1.07406673252584,0.7320796604447415,0.3985610276507983,0.20735979736979915,0.5948653936383596,0.042766158759993456,0.14224941862066443,0.17893211616040972,0.13616595740041626,0,15.7,2025-12-02
Matvei Michkov,PHI,CAR,1.0,R,14.97419250280347,1.961255960636364,0.11849109396959479,1.8768381708962016,0.23462002578177985,0.34209306375287546,0.5767130895346553,0.3936653533696754,0.8483955156859203,0.5294246785932726,0.3116598359848281,0.8663292559049713,0.2091286967520296,0.28971789988458285,0.43825826980801463,0.22912957305598503,2,29.3,2026-10-01
Owen Pickering,PIT,MTL,1.0,D,14.967828861548925,0.20195075971442927,0.8928528737780917,0.921112475222188,0.04698756601093548,0.1806608741133485,0.22764844012428398,0.899534758866344,0.8016145922013374,0.38751790641638983,0.2472209786632387,0.6450240242114257,0.04590073922360738,0.1652816146852253,0.20359580561470947,0.1576950663911021,0,18.6,2025-11-03
Alex Newhook,MTL,PIT,0.0,C,14.964054787984796,1.3683398439071597,0.8460371399285596,1.502550460948002,0.20694210944592387,0.26409863774839243,0.4710407471943163,0.4861680888169643,1.128951472756805,0.3314999625612654,0.20638408453991278,0.45602169245333535,0.18693328249204721,0.23210220778823043,0.37564786270477246,0.18871458021272525,1,29.4,2026-09-29
Claude Giroux,OTT,TOR,0.0,R,14.963341513667194,1.9035861458997072,0.5948133677017847,1.867480978651731,0.23273011347405245,0.3319285530241558,0.5646586664982083,0.3473372576357673,0.8586293418732414,0.3134595887692084,0.33026705535441087,0.5269648745863996,0.2076326060473822,0.2824614130148204,0.43144581977010954,0.22381321372272733,0,29.4,2026-04-15
Pius Suter,STL,COL,0.0,C,14.95552419174647,0.7421732164813942,1.9529036778497237,1.3923832685769022,0.17757631002754265,0.2276495435606158,0.40522585358815844,0.46173540264897783,0.8614100169857803,0.317141082525494,0.2586715156515156,0.520237753226276,0.1627028972671618,0.20359668439554757,0.33317381123756573,0.17047091397040393,1,29.4,2026-10-02
Cole Sillinger,CBJ,UTA,1.0,C,14.94294109125045,0.3545145523718147,0.6488523004912627,1.6088828444746337,0.1947135117004798,0.27168683873762234,0.46640035043810213,0.5502400550424239,1.4072430773155755,0.45782945846333606,0.3721374875951941,0.618362569228456,0.17692957567148215,0.23790711830659717,0.372743888486868,0.19581431281538586,1,29.4,2026-10-01
Adam Engstrom,MTL,PIT,0.0,D,14.941010128561043,0.516844775651474,0.48104044095710524,1.0374537737168044,0.051716222457112625,0.19336479965952477,0.2450810221166374,0.9998609443794053,0.7958222450820278,0.42139604399050895,0.20443667074847705,0.5878614063360253,0.05040169671568817,0.17581874175048007,0.21735887556752664,0.16695717885183847,0,11.9,2026-04-14
Emil Andrae,CBJ,UTA,1.0,D,14.937316872368593,0.27495165614494543,0.49281559010012566,0.7719637317812401,0.05070040554822279,0.18805233066266883,0.2387527362108916,1.0985908016245054,1.0881799519102782,0.34618935999318506,0.20160800274881854,0.7645631176315429,0.04943658859897693,0.17142865358948578,0.21239039436688278,0.16295380576790586,1,28.7,2026-10-01
Connor Dewar,PIT,MTL,1.0,C,14.932270467752982,0.3258092707638897,2.2470579586809145,1.4026867360990605,0.19764270753825197,0.26899601070508133,0.4666387182433333,0.5802453962209639,1.6313271732544439,0.4104013143591244,0.2722447895290765,0.5087453464591278,0.17933698252821295,0.23585369595291372,0.37289338833080454,0.1935564058025916,1,29.4,2026-09-30
Ilya Solovyov,PIT,MTL,1.0,D,14.909007867577992,0.1928765296805183,0.5911865550100138,1.0389667037231718,0.047745476366399774,0.22652037268332312,0.2742658490497229,1.156356726846726,1.2266676653469906,0.47567203233585154,0.231165775368737,0.7216360798793725,0.04662358697199176,0.20269690105602023,0.23987003143267338,0.19324644446068162,0,23.2,2026-04-14
Andrei Kuzmenko,LAK,SJS,0.0,L,14.889193542069929,2.418562203411884,0.11675693276921485,1.5398481719102126,0.2382575982586265,0.33078952708556114,0.5690471253441877,0.36802359547824215,0.6132869601574654,0.3764096638916926,0.24451642600267534,0.6384875773067441,0.21200032239781652,0.2816436523153899,0.43393542962104514,0.22193510722322862,0,29.4,2026-02-25
Gage Goncalves,TBL,WSH,1.0,C,14.888490707888348,1.0954732037739208,0.6924001127533879,1.4042631518253632,0.18684763724597478,0.3113791782370938,0.4982268154830686,0.4482422242292379,1.1742411086875448,0.38965336774253523,0.3197487698730032,0.7245412380268631,0.1704298776545995,0.26756390061968605,0.39239289542688494,0.22196301777228544,1,29.1,2026-10-01
James Hagens,BOS,MIN,0.0,C,14.880734933113708,0.8245979910070057,0.44781914720274024,1.5232455225283625,0.192704306464251,0.26195446582846305,0.454658772292714,0.5485238507450472,1.0386362617912934,0.4212676448058511,0.3773795104799482,0.6012270484302575,0.1752741958230909,0.23045393644772205,0.3653355038856727,0.1900613080625818,2,3.8,2026-10-02
Noel Acciari,PHI,CAR,1.0,C,14.875326965215425,0.3349933794689064,2.171743073357138,1.3887080246583572,0.20156750385101926,0.24207871605583903,0.44364621990685826,0.9332354356019193,1.211553364003072,0.3337568290490826,0.3006212914344056,0.5597639989662622,0.1825516052170627,0.21500561654195383,0.3583076013285986,0.17575599611153592,2,29.4,2026-10-01
Pierre-Olivier Joseph,VAN,CGY,1.0,D,14.865352602402917,0.20247463046666708,0.6529914115005968,0.9835036032074508,0.04882326806832408,0.19663753198720996,0.24546080005553403,1.0479202884177004,0.835973292198548,0.4015129645569491,0.35591940186278964,0.8345207864716275,0.0476505746199658,0.17851165739857577,0.21765604896713697,0.17000547434717117,0,29.3,2026-04-09
T.J. Hughes,COL,STL,1.0,R,14.85747830273885,2.085468816355339,0.4392042293958264,1.8957507914398788,0.2471154980815059,0.3152152659662592,0.562330764047765,0.4200820321922158,1.2144345599156012,0.4280708033339788,0.3214434193910721,0.5906609072866352,0.2189495215101802,0.27036820753033874,0.43012073937018613,0.21117121786000592,1,1.0,2026-09-30
Ivar Stenberg,SJS,LAK,1.0,L,14.85747830273885,1.3396354830220052,0.43920422939582626,1.7457564322562071,0.23276487183022815,0.2955300187844026,0.5282948906146308,0.4800066465911576,1.2305142360273962,0.38410913658714774,0.3620802038292749,0.5708150392709054,0.2076601469568421,0.2558629237026282,0.4103905383225752,0.20273039136573312,1,1.0,2026-10-01
Max Domi,TOR,OTT,1.0,C,14.837165879852474,1.1887002800122835,0.1990266536692324,1.4049352891794349,0.19332263718486342,0.2958141703748781,0.48913680755974154,0.4769185808689821,0.801426436143008,0.8132029396694924,0.37266698613428784,0.8147650127473168,0.1757839914964896,0.2560743413976302,0.38684456304340964,0.21106057154692004,0,29.4,2026-04-15
Jordan Harris,BOS,MIN,0.0,D,14.828780069664228,0.2638690459283091,0.9626548894096404,0.9380392685511472,0.0463581844462809,0.17744669233423713,0.22380487678051803,1.1092371715428044,0.7127132261508565,0.30143917391710096,0.19373429208153828,0.5524439793913037,0.045300057728923204,0.16259436171418218,0.20052888547105552,0.1552288277421323,0,29.2,2026-04-12
Marcus Johansson,MIN,BOS,1.0,L,14.812405412169918,1.2327323375313193,0.4629232913653298,1.656695013001483,0.19649032949228196,0.319544107646387,0.5160344371386689,0.3527485458301332,0.899876444935113,0.3253880635085849,0.32946603510263156,0.6083625013867013,0.17839072336431316,0.27351984166063215,0.4031171626166127,0.22472643925229951,0,29.4,2026-04-14
Igor Chernyshov,SJS,LAK,1.0,L,14.808261329917894,1.3658345056105388,0.1273855007504289,1.6970138415419376,0.2469795989217352,0.30796240343543935,0.5549420023571745,0.5331721510460208,0.9780184436279101,0.3390535079816619,0.3088499678725835,0.6703389028403964,0.21884337019364097,0.26505705118032263,0.4258944430000734,0.20705107280643242,1,18.6,2026-10-01
Linus Karlsson,VAN,CGY,1.0,C,14.807727084275845,0.9599134797854061,0.23364986717138134,1.6435035105171156,0.21685843729561105,0.29791609723579043,0.5147745345314014,0.5054237100324759,0.9963527972330302,0.321803006260427,0.2869627996993711,0.6604075693319728,0.19495607456592146,0.25763637650509164,0.4023646744421925,0.20740859987627103,2,28.7,2026-10-01
Jordan Kyrou,WSH,TBL,0.0,R,14.803553678427916,1.6201078934285373,0.12202064712268741,2.0144080674438936,0.22198569076148603,0.2911610247000427,0.5131467154615287,0.4417433385933692,0.6779668741726339,0.37161544822833537,0.2794924071182142,0.6608381306318069,0.19907317509436728,0.25260468077910936,0.40139104002708015,0.20231786493271287,1,29.4,2026-10-02
Luke Schenn,VAN,CGY,1.0,D,14.785626122816415,0.1791175630612123,1.50704089155639,0.9527480927161823,0.042912885496629985,0.18040929514264972,0.22332218063927972,1.1261973839414412,2.191656979057938,0.5770977602134789,0.21440033622101243,0.790876951688571,0.04200515832308116,0.16507159067532007,0.20014289069744162,0.15813773237436046,2,29.4,2026-10-01
Phillip Danault,MTL,PIT,0.0,C,14.779453796135464,0.36226525947319915,2.0063051412130273,1.1823828310380586,0.16350448524185823,0.22527889118084407,0.38878337642270233,0.5286302902563585,0.957263285201615,0.3370054171150412,0.26049159642401337,0.5329478382565794,0.1508373097070005,0.20170644932027082,0.3221189008612503,0.1712815911542498,1,29.4,2026-09-29
Isaiah George,NYI,NJD,1.0,D,14.758229664137334,0.18994612807500502,0.41349998719454123,0.9663563618312602,0.0455909765766314,0.18761348790341803,0.23320446448004944,1.056416335798222,0.6976816711080182,0.2697565865280336,0.25167199410946994,0.7147420975975651,0.04456732337621916,0.17106496125755444,0.20800837718706777,0.1634410538108486,0,21.2,2026-04-14
Jorian Donovan,OTT,TOR,0.0,D,14.723469976852694,0.5464138495399199,0.9702467251984909,1.1820373512759053,0.05685321802776378,0.2127764266905275,0.26962964471829126,1.0354173811118534,0.884033298722474,0.35160251755331867,0.22583955177485165,0.5974763596843511,0.05526727107689977,0.19166316044198606,0.23633773167528327,0.1810704605983835,0,2.0,2026-03-26
Declan Chisholm,NJD,NYI,0.0,D,14.720850423386011,0.3412765797553971,0.430491114580839,0.9604675648885712,0.041311716980629666,0.18257049280263007,0.22388220978325973,1.080433388055734,0.6690861775772282,0.2878817294391135,0.2144849512197816,0.7960546810312575,0.04047001846326681,0.16687408752223176,0.2005907085824331,0.1601206901191663,1,29.0,2026-10-01
Noah Juulsen,COL,STL,1.0,D,14.716767068677171,0.180703917892772,1.1169636180463458,0.7676727392750499,0.0418442281587638,0.18172590598006802,0.2235701341388318,1.0356841056807373,1.5387957178670375,0.3648164105892015,0.2570842839682766,0.9228187355372902,0.040980842882262225,0.1661701431257827,0.2003411934808843,0.15936035059862208,1,29.2,2026-09-30
Jonatan Berggren,STL,COL,0.0,R,14.681549910352302,1.1596299402803387,0.12024650460089091,1.3093473312953658,0.16259371455388902,0.2315979778834614,0.3941916924373504,0.4359240169657435,1.0616880719190387,0.3444720924880438,0.2376805708135336,0.6140492695188527,0.1500635649208143,0.20673503072725274,0.32577519994312143,0.17571163502230713,1,29.3,2026-10-02
Tyson Jost,NSH,DAL,1.0,C,14.6763111064351,0.3183235037648024,1.8899651868587037,1.6117912851933496,0.1839713600806994,0.2221215335219271,0.40609289360262646,0.5016010631474657,1.1382599526616692,0.4238753315545847,0.3890580476018527,0.6140253727158606,0.1680403692578446,0.19918196781565467,0.3337517256522524,0.16571135639440782,0,29.3,2026-04-16
Andre Burakovsky,CHI,BUF,0.0,L,14.661479138290336,1.5712958922950322,0.12151244973494532,1.313085077123214,0.17521800598388854,0.2517960118145735,0.42701401779846204,0.4477908721660886,0.6620344068850923,0.3358294920583676,0.29850812541917227,0.6011780804220408,0.16072596593771427,0.22259669701516793,0.3475455938105747,0.18681962787286044,0,29.4,2026-04-15
Jake Neighbours,STL,COL,0.0,L,14.656445478306376,1.9699655665926148,0.1953608305511233,1.3648718883506934,0.18703252446331442,0.26423320467459294,0.45126572913790736,0.5447845700658097,1.5699346300213306,0.5970869927771266,0.2450210314403375,0.5421630873446598,0.17058324038826667,0.2322055344814309,0.3631784023617656,0.1925951619734989,1,29.4,2026-10-02
Victor Eklund,NYI,NJD,1.0,R,14.648515352250445,1.9732412706585245,0.3572941779478983,1.8955262739001282,0.24577134897229225,0.3174410371779637,0.5632123861502559,0.43405282428043934,1.248798927377561,0.3915636100802809,0.30886719279472996,0.5673791794803285,0.21789896731269576,0.2719903949903869,0.4306229361157051,0.21272396880300937,1,2.0,2026-09-30
Matias Maccelli,NYI,NJD,1.0,L,14.642820607131751,1.789860982745827,0.1167438478464058,1.5344412926454403,0.21653983307503868,0.3122683542404601,0.5288081873154988,0.3179567522393408,0.7983171636464415,0.3276242146491414,0.30196021175610627,0.8151719362560288,0.1946995433097315,0.2682148757646251,0.41069310525410774,0.21599356194437624,1,29.4,2026-09-30
Kaapo Kakko,SEA,EDM,0.0,R,14.63906249646443,1.4326090170361516,0.11687294305989115,1.3049711086969151,0.20939450889449493,0.3079494237508987,0.5173439326453936,0.34718090466910007,0.7450018508243292,0.33883447503944003,0.31171686468939885,0.6286807207754552,0.18892480386063437,0.26504751179078256,0.4038982664725942,0.21497346261195982,1,29.4,2026-10-01
Tristan Broz,PIT,MTL,1.0,C,14.633967711836059,1.1278507420644002,0.7309534603264027,1.657512946239101,0.21302969877773822,0.300580676117382,0.5136103748951202,0.49078644449023323,1.147299274902714,0.38087684515107806,0.3367505836941028,0.5948953241565021,0.19186786367660824,0.25961182989422016,0.4016685263838494,0.20980066270724118,0,1.0,2025-11-26
Luca Pinelli,CBJ,UTA,1.0,C,14.63089755521654,1.092637920008269,0.5077916616308489,1.6224946188594371,0.20572926353481313,0.2895659462062183,0.4952952097410314,0.5310016871862899,1.1297320960209256,0.3465524687597507,0.3282057345488141,0.6068547757841308,0.18594655959779893,0.2514115752835424,0.39060901741430365,0.20466245781650472,0,2.9,2025-12-01
Matthew Kessel,STL,COL,0.0,D,14.621572722408565,0.18385125584593548,0.7461664166300207,0.8697671888272889,0.040758373118928194,0.1345183336328708,0.175276706751799,1.2701008308099844,0.9227816983520545,0.38305017094782384,0.18367172677251226,0.6204152445728326,0.03993892151179723,0.12586314737447202,0.16077523052205245,0.12083630901025522,0,28.4,2026-04-14
Ryan Strome,CGY,VAN,0.0,C,14.61844249397429,1.3105668782126787,0.42622436961001464,1.453735595106105,0.21445112282111756,0.32327547888192437,0.537726601703042,0.434162132065541,0.7189010727680398,0.49871263129416094,0.22737903982411659,0.641848798516971,0.19301574611828543,0.2762255576718645,0.41592542167917557,0.22290967556089014,1,29.4,2026-10-01
Bobby Brink,MIN,BOS,1.0,R,14.613951156828136,1.5912192140616224,0.12832766399607243,1.59397134632872,0.2181339817838963,0.2828559273503407,0.500989909134237,0.5075110731098935,1.2630009120803445,0.36832028989082277,0.2986751156840793,0.6544989700022967,0.1959822892774381,0.24637164272712142,0.3940694534498551,0.198087164172417,1,29.3,2026-10-01
Peyton Krebs,BUF,CHI,1.0,C,14.61145031357633,0.42599977969411684,0.3107990729100684,1.412903648993926,0.19608058409119153,0.3129621413407009,0.5090427254318924,0.4373270951229338,2.1709976205048465,0.4348275428226476,0.3145076213323016,0.6741156363094034,0.17805400376177516,0.26872240276576664,0.3989293068146128,0.22087530305283765,1,29.4,2026-10-01
Ben Kindel,PIT,MTL,1.0,C,14.570066679956119,1.5464053024126938,0.7870753437838222,1.763576508546052,0.2354711544161998,0.30330306659339606,0.5387742210095958,0.5485567098978942,0.7418266521883456,0.30025589004959774,0.36260978688339524,0.8331522973262492,0.2098015435841436,0.2616247144250391,0.4165369890830487,0.2067354454989051,0,27.3,2026-04-14
Dakota Mermis,TOR,OTT,1.0,D,14.550168923889828,0.18375693055571807,0.839832866031917,0.9269603250893457,0.05191129523465332,0.17474156171401645,0.22665285694866977,1.1067902214386407,1.025498279756768,0.5022092113422184,0.19848973162526476,0.6287997035306654,0.05058691942771598,0.16032600336095992,0.2028025241744873,0.15221560474677132,0,26.2,2025-12-08
Luke Haymes,TOR,OTT,1.0,C,14.549575589999517,0.9156171326677021,1.0995735475233657,1.3933170801945947,0.19663721220926203,0.2860319792596231,0.4826691914688851,0.5142784466526138,1.1568792620323436,0.4021417349509498,0.3202339298800432,0.5490635115970154,0.17851139470467736,0.24876140849121053,0.38286605721742195,0.2043546625127446,0,3.8,2026-04-15
Alexander Kerfoot,NSH,DAL,1.0,C,14.527764545843915,0.9749170360277485,1.629523884312244,1.1987857151495764,0.18651106408682153,0.25967026872644383,0.44618133281326533,0.6196331573158084,1.1330983249041364,0.37090407709142675,0.33771699644877434,0.7336474860906864,0.1701506196250402,0.22869413245505188,0.3599323037382539,0.18978168411321372,1,29.4,2026-10-01
Ryan Leonard,WSH,TBL,0.0,R,14.498799248371759,1.9434967286090254,0.11763457037254897,1.9293751686685476,0.22280224644333713,0.26446768406521975,0.4872699305085569,0.4280822896993585,1.627686745779417,0.6101440793749081,0.2502593456580377,0.6269444038915178,0.19972690950239436,0.23238554535458755,0.3856988080702817,0.18597189856788732,1,27.8,2026-10-02
Ryan Donato,CHI,BUF,0.0,C,14.498238264647195,1.4095633406897379,0.19435682194458287,1.5102874521423153,0.194848537081798,0.25234101071886234,0.44718954780066034,0.39544281713485047,0.9291509952738028,0.506997974864426,0.2972644185289433,0.5599190275163125,0.1770407035666668,0.22302026553081267,0.3605773043782795,0.18353660081161272,2,29.4,2026-10-01
Barrett Hayton,UTA,CBJ,0.0,C,14.45573595065975,1.8903145940654762,0.34776374667044685,1.7427328716466142,0.22522512069412134,0.30668953309219654,0.5319146537863179,0.5015057649286838,0.7405833464590239,0.4923458582373968,0.21941479293165833,0.5322182911507115,0.2016635235334433,0.2641209684672191,0.41252092686049746,0.21085740332705416,1,29.4,2026-10-01
Philipp Kurashev,SJS,LAK,1.0,C,14.454547977830396,1.3978095545088498,0.6157680607901083,1.3765488548163405,0.17753127363437227,0.28351928730929293,0.4610505609436652,0.43925807485960167,0.9345954381327845,0.3485390684635542,0.27864820529897477,0.5971720690661209,0.16266518757649484,0.24687140382419026,0.3693792081903505,0.2067140206138557,0,29.3,2026-04-16
Michael Kesselring,SJS,LAK,1.0,D,14.364577697127187,0.19062518890882957,0.9553810846153559,1.3420758793290604,0.05051014455961296,0.17993216665562467,0.23044231121523762,1.0535016078301693,0.8315168182978765,0.6248266394871572,0.23525523347902472,0.8029797792259927,0.04925571625865788,0.16467312749509688,0.20581775091043042,0.15656203465177254,1,29.3,2026-10-01
Vladislav Kolyachonok,BOS,MIN,0.0,D,14.344341478156359,0.18271035399135224,0.5782925104596881,0.9359676644434809,0.04875512339739635,0.17232187824928324,0.2210770016466796,1.082448797641274,0.7557723018191325,0.3849994589172372,0.20058743294178302,0.6010110389971133,0.047585674870504135,0.15829179800149007,0.19834505083762777,0.15075937596712363,0,25.0,2025-12-27
Cole O'Hara,NSH,DAL,1.0,R,14.307478302738849,1.3104688163553384,0.43920422939582626,1.7133585990468727,0.21688959891309176,0.2801288637307251,0.4970184626438169,0.402614079575599,1.417595397051381,0.388932767789164,0.35285976769593574,0.6386309124716835,0.19498116064591753,0.2443136453818695,0.391658247889595,0.1966770872436775,0,1.0,2026-04-16
Zach Metsa,BUF,CHI,1.0,D,14.304568727035528,0.2759480471234558,0.9682267387515802,0.9320980682468445,0.05123749240430499,0.189950079578798,0.24118757198310298,0.9233681329591998,0.5988349227047924,0.36225126616185016,0.22378556470940664,0.6869519706027933,0.04994698663680508,0.17299958287792616,0.2143057616605546,0.16435877502374951,1,23.0,2026-10-01
Kevin Stenlund,UTA,CBJ,0.0,C,14.296075074795867,0.32418528626486226,2.2385072889829742,1.0699807957852503,0.15037256104013474,0.2335032617286824,0.38387582276881715,0.6479637194548425,0.7123192356329743,0.29174768869993495,0.25787647157328164,0.5344377862537406,0.1396126301074314,0.2082449867540005,0.31878398655401863,0.17917135644658722,1,29.4,2026-10-01
Dalibor Dvorsky,STL,COL,0.0,R,14.281626852410225,1.6183233539219746,0.12651821216763945,1.4426736932152762,0.17744709446401327,0.21378142007563206,0.39122851453964536,0.42117952050095964,0.9672811035072693,0.3956645302010327,0.20609614254199804,0.5459110622127834,0.1625946984598563,0.19247512554056045,0.3237743890021264,0.1611796905422701,1,27.1,2026-10-02
Berkly Catton,SEA,EDM,0.0,C,14.276275760065403,1.0725287537951405,0.19475878982713465,1.3468446441605422,0.1928760136600034,0.2524245990768541,0.4453006127368575,0.48430609552427994,0.5695745584198741,0.4573511930905141,0.311448570668733,0.5747844778412605,0.1754157950210422,0.2230852092767014,0.3593683349550355,0.1839525399339933,1,26.5,2026-10-01
Blake Lizotte,PIT,MTL,1.0,C,14.269451863000704,0.31525033082594983,2.040589051692483,1.1774683444237308,0.17230397578697854,0.2632690995903109,0.43557307537728945,0.572806257350861,1.0470423684943924,0.418776830638381,0.30872783117058517,0.5850859242331096,0.15827672921724856,0.23146494298689302,0.35310615809971924,0.19482942888247068,1,29.4,2026-09-30
Ryan Johnson,BUF,CHI,1.0,D,14.260521863065268,0.20064621556437165,0.4248715623131297,1.0414156831248171,0.05158764655838862,0.19699279608496795,0.24858044264335658,0.9481180966683683,0.6466305542062949,0.376369780621975,0.2893068018815391,0.5538777917791553,0.05027959341081378,0.17880345087848615,0.22009287947867917,0.1698132860678654,0,23.6,2025-10-15
Connor Zary,CGY,VAN,0.0,C,14.254774093573943,1.4908686939316733,0.20310160328483295,1.561264871225747,0.22628586439103868,0.29719049216102605,0.5234763565520647,0.35423411286029655,0.746207448963136,0.3337482840830349,0.22561243729237168,0.5375789611186051,0.2025099049426411,0.2570975182170515,0.4075426291845686,0.20503272424192753,1,29.3,2026-10-01
Zemgus Girgensons,TBL,WSH,1.0,C,14.2450875925181,0.313754984397673,1.7488193097375881,1.2468703153096719,0.16672376087292826,0.22933714258413354,0.3960609034570618,0.5283749618620621,1.810667916687032,0.3774996421910205,0.2542428335394892,0.5814053236030816,0.153566602931951,0.2049395604164489,0.3270342912488785,0.1734676883169275,1,29.4,2026-10-01
Bo Groulx,TOR,OTT,1.0,C,14.219587009958078,0.4463174297854722,1.8663875445429892,1.0979040489214267,0.15482315526787158,0.21779764092111517,0.37262079618898675,0.5137703089773055,1.9500356504667615,0.3575140283842518,0.27270309464269304,0.5428336998206014,0.14343335661115475,0.1957118197845007,0.3110735731554871,0.16764021654433237,1,25.8,2026-09-30
Rory Kerins,CGY,VAN,0.0,C,14.209036997733602,1.4445693552430925,0.3289769838433481,1.3014794000575811,0.20755004882517455,0.32450952577506736,0.5320595746002419,0.5958177575598033,0.9692149232361782,0.3503789046158688,0.25118438644174085,0.5459640772931527,0.18742742754724007,0.27711817839256336,0.4126060586371081,0.22517863108986802,0,7.9,2026-04-16
Matt Kiersted,MIN,BOS,1.0,D,14.208549366058131,0.19213072088568672,1.214985780422164,0.9521939069275744,0.0468648045424817,0.19931904915232376,0.24618385369480547,1.0048426456830601,0.8235778005635509,0.35834694755089913,0.1911588779051411,0.728528706269309,0.04578360540769133,0.1807115416583055,0.2182215211500973,0.17243791574240597,0,18.2,2026-04-14
Mason McTavish,STL,COL,0.0,C,14.178360844328653,2.183391861153062,0.19930679118053898,1.7609544360341434,0.2146375379868351,0.27758619578350413,0.49222373377033923,0.4740545017881081,1.1742122707535136,0.34350255757759696,0.23705505757043532,0.5961266071521101,0.19316616620097637,0.24238974102138333,0.3887344102228115,0.19556824402183515,1,29.4,2026-10-02
Marshall Warren,NYI,NJD,1.0,D,14.169998424602754,0.2977175355967477,0.7541621887778519,1.1121889164965408,0.0521175103165173,0.21365177806379956,0.2657692883803169,1.0450007519796751,0.9245527092962256,0.3432972777074583,0.23408333204448717,0.7162913428180835,0.050782682538502266,0.1923704296048816,0.23338402568696381,0.18260134314846155,0,7.1,2026-01-01
Nicolas Roy,COL,STL,1.0,C,14.167356187297308,1.2843919351385111,0.8624258908760333,1.3148839914423038,0.19986704287316792,0.2733678712313564,0.47323491410452434,0.540219824945056,0.9345510579087732,0.3482710168800431,0.3031408243025394,0.7184368709978969,0.18116038359652276,0.2391871450192864,0.377016293672758,0.19585591007623526,1,29.4,2026-09-30
Daemon Hunt,MIN,BOS,1.0,D,14.149341872071332,0.4322024319780444,1.1717989008082959,0.9432528922922577,0.044466617629877234,0.19134534054798075,0.235811958177858,1.244773381455754,0.8817627988529636,0.3067762908010235,0.20100155025437405,0.5412008787969907,0.043492469950937696,0.1741526596728482,0.2100708003060886,0.1665783303551509,1,23.4,2026-10-01
Danila Yurov,MIN,BOS,1.0,R,14.128576769419194,0.9917926782752967,0.4033993495017701,1.4712408193693234,0.2084886728060013,0.24418024786722983,0.45266892067323117,0.49378971080154327,1.2195664670958344,0.43407190642333177,0.29350153813246144,0.6087139991097369,0.1881897698175684,0.2166535749854991,0.36407135839639315,0.17588158857882474,1,27.1,2026-10-01
Zachary L'Heureux,NSH,DAL,1.0,L,14.122537764390607,0.6929336856046439,1.6288419133719065,1.4432203873303004,0.19424244897887147,0.2048750553509445,0.39911750432981596,0.45270797521399025,2.3358062163811,0.4688975755889599,0.32586406444203164,0.6292286969112995,0.17654176654328224,0.18525089140647066,0.3290881383271368,0.15254637178385455,0,27.9,2026-04-16
Colton White,NJD,NYI,0.0,D,14.10147573760428,0.18210759319425088,0.516352539685083,0.8089166440925155,0.03657359687782797,0.1590900478999384,0.19566364477776638,0.913871431132341,0.8994201136001806,0.27016643305148286,0.19464588760943508,0.5951933308514797,0.035912862518002076,0.14708044810343912,0.17771123070961614,0.14179836819161407,0,26.7,2026-01-06
Andreas Englund,NSH,DAL,1.0,D,14.092144894532128,0.17891471653565744,0.5706365546596275,0.7402045550653322,0.036157735018667925,0.1542816312477689,0.19043936626643682,1.0294487800789498,1.833219533160232,0.6231629613141695,0.22205029163089132,0.6248684831737678,0.03551185207192098,0.14296937958292655,0.17340412419628426,0.13789227212436328,0,29.3,2026-02-02
David Kampf,WSH,TBL,0.0,C,14.068148522511677,0.32133654502729786,0.9817428415755414,1.0571586053680249,0.13724581282453743,0.19919826400445198,0.3364440768289894,0.6036237781139565,1.1439752398652017,0.4120697657247829,0.27375777496596937,0.4368077683893033,0.1282440889903067,0.1806125778041534,0.2856941712937756,0.1574500823034689,0,29.4,2026-04-02
Michael Carcone,UTA,CBJ,0.0,L,14.021607581013324,1.1951472889676484,0.11678322181052402,1.7938683698275912,0.21358503143291643,0.2673082718608156,0.48089330329373203,0.3123352732064248,1.628157997057278,0.301684069595562,0.24389252077633927,0.5981814129917978,0.19231652125297571,0.23456292761933573,0.38176912261764717,0.18945260136467146,1,29.3,2026-10-01
Jack Ahcan,COL,STL,1.0,D,13.994946194536874,0.286254579716932,0.4582534763682644,1.0677670426192671,0.05086244463331083,0.21033653447302506,0.2611989791063359,0.8961810365571808,0.8006715881221758,0.3397311450684671,0.1917711195942196,0.6818386470949002,0.04959060454583997,0.18968849767547924,0.22987233494619996,0.18028173040036,0,10.6,2026-04-14
Nick Paul,TOR,OTT,1.0,L,13.980291284549764,1.1621357390741942,0.5772289390772896,1.4630560992792199,0.20911347975757907,0.2556899345310378,0.4648034142886168,0.43284310009538707,1.4477737059141618,0.4513983646767676,0.25801182711941734,0.5936815541329159,0.18869683606699372,0.2256179592980735,0.37174140028562896,0.18304456421863524,2,29.4,2026-09-30
Denver Barkey,PHI,CAR,1.0,C,13.97002649195268,1.1251170792801855,0.19870999087383104,1.1667009160965842,0.1789916820197012,0.28190215030588817,0.46089383232558934,0.5032127884701885,1.19704743562074,0.3302581632292488,0.2861340806356725,0.6465634119121124,0.163887145861641,0.24565250640656477,0.3692803641194754,0.2053932182578344,0,22.7,2026-04-14
Colton Sissons,TOR,OTT,1.0,C,13.967535143571105,0.9469000534147727,1.385690283459517,1.3107814746617041,0.19139537078398694,0.23679752598259957,0.4281928967665865,0.6426070202198078,1.4248451873249235,0.38769225444224675,0.3165033438255917,0.5230863528283746,0.17419397597664898,0.2108489455728838,0.3483143053897082,0.17412032941305922,2,29.4,2026-09-30
Bradly Nadeau,CAR,PHI,0.0,L,13.963735941118086,1.2373506460503618,0.3640885215197055,1.5225895544817045,0.21046093510303002,0.24006466472370033,0.45052559982673035,0.4261975611243265,1.3548419453495442,0.3499850955987666,0.21039364173383132,0.4976477913556352,0.189789294667134,0.21342300436212025,0.3627068975656268,0.17291760289849278,0,11.9,2026-04-14
Alexandre Texier,MTL,PIT,0.0,L,13.945983838980482,1.3969017359337126,0.20325492852511615,1.5412241366370394,0.19284543674478455,0.2536263692809783,0.44647180602576286,0.39017560730463263,1.2956480298008968,0.4050106202802393,0.19920577662225236,0.5018441728199176,0.17539058139424035,0.22401832151778778,0.36011819925806143,0.18472761786382108,1,29.2,2026-09-29
Conor Garland,CBJ,UTA,1.0,R,13.94066962810031,1.1787742605614595,0.25997156387910675,1.5871325203822277,0.19283009447362373,0.2540741542461097,0.44690424871973344,0.43365988382146764,0.8952052099499328,0.3823221360854439,0.32045331658588855,0.6743221845660744,0.1753779299158873,0.2243657166616636,0.3603948516453339,0.18501692172944662,1,29.4,2026-10-01
Jack Drury,NSH,DAL,1.0,C,13.874347406115334,0.49830546597945624,1.6242453052385744,1.286250891123944,0.1576768184983373,0.2350019062627366,0.3926787247610739,0.4555120053109021,0.9420457478251328,0.36171827866337963,0.32841982408917436,0.5834048626414817,0.14587422498126534,0.2094306574055793,0.3247543475504888,0.17888012256922348,1,29.4,2026-10-01
Yakov Trenin,MIN,BOS,1.0,C,13.871710433035815,0.5478144112583553,1.420509730192136,1.4242431347956286,0.17554784575063664,0.25145886138478535,0.427006707135422,0.4453686905343129,3.3466936207739404,0.4353493944793867,0.3321296042807727,0.6973059491435017,0.16100274624026256,0.222334550968605,0.34754082391882657,0.186538077678564,1,29.4,2026-10-01
Zachary Bolduc,MTL,PIT,0.0,R,13.86124594211454,1.331811024871963,0.11729814964045525,1.416423385516211,0.19760564142425613,0.25050514140324937,0.4481107828275055,0.5347587398833283,1.7889283046564806,0.36313469303937795,0.2513854746307383,0.6649410212457691,0.1793065631754951,0.2215925221032804,0.3611660917150463,0.18185952853955123,1,29.3,2026-09-29
Otto Stenberg,STL,COL,0.0,C,13.851432770288037,0.4679051558375659,1.1607238435922402,1.1796164577373998,0.1526017050020895,0.194783383040252,0.34738508804234147,0.5256006435185447,1.187082645604405,0.31345375618346855,0.25867490054322295,0.4868706850978822,0.14152842133743282,0.17698708269568708,0.2934668016220816,0.1519383802846488,0,19.7,2026-04-13
Shane Wright,SEA,EDM,0.0,C,13.850495199275484,1.5067904748690577,0.20367995202178873,1.2774148048305631,0.1980029052978718,0.2677306648264094,0.4657335701242812,0.7008955831569933,0.7468678049991532,0.2837624657462303,0.2504564097861129,0.6236821664098697,0.17963253027749515,0.23488617458088656,0.3723255069912156,0.19269297671372043,1,29.3,2026-10-01
Michael McCarron,MIN,BOS,1.0,C,13.842676180153399,0.5370408208705763,1.7105875698024668,1.5454057925283435,0.18911423816669387,0.23436425561242002,0.4234784937791139,0.6995794469390203,1.8771971715008018,0.6009001570947937,0.3410926751053811,0.485425304864247,0.17230805271695537,0.20892638959389087,0.3452347429587389,0.17292669024178353,1,29.4,2026-10-01
Mathieu Olivier,CBJ,UTA,1.0,R,13.836612476464593,0.3384781349461588,0.47327343761407514,1.6738466049613725,0.2450133894414613,0.2376906722661378,0.4827040617075991,0.5562900447178448,2.5163218935869938,0.751624730464749,0.2892093568692386,0.49827268932635393,0.21730594166456796,0.211553458241027,0.3828875764501327,0.16558163478556476,1,29.4,2026-10-01
Oliver Kapanen,MTL,PIT,0.0,C,13.799053958818046,1.4964651179019341,0.8161988263771743,1.418562356730396,0.19947934499919923,0.24239745351429695,0.44187679851349615,0.548087178527908,0.6835379128709603,0.3062669984139251,0.23310659047823706,0.528857807637765,0.18084285967042346,0.21525578378568733,0.3571711719557087,0.17632831228528523,0,28.4,2026-04-14
Joel Armia,LAK,SJS,0.0,R,13.789065819141134,0.7007848718780252,0.910211393671882,1.527187609422643,0.1987723189230116,0.23952689610959255,0.43829921503260416,0.535282234637023,1.0582110240671463,0.38120668703976746,0.30872084796669164,0.564159529638694,0.18026348942091297,0.21299989418379672,0.35486727943285323,0.17460379001194026,1,29.4,2026-09-30
Ty Dellandrea,SJS,LAK,1.0,C,13.786697646912328,0.4230291587546763,1.7896716466026081,1.2208069907618913,0.16230802813345255,0.21816628101979987,0.3804743091532524,0.6563218123532607,1.931580761882803,0.4436834765060095,0.2687596513154552,0.5327587564176917,0.14982071493525817,0.19600825801575983,0.31646287560188235,0.16664216066662418,0,29.3,2026-04-16
Amadeus Lombardi,NJD,NYI,0.0,C,13.77146771183606,1.1278507420644004,0.7309534603264028,1.4248397653228757,0.18248702566407624,0.25542699331489016,0.4379140189789664,0.49096875183660843,0.9892875103024652,0.34422074296922633,0.28675444619473867,0.47578991683920163,0.166804545984086,0.22541431557053704,0.3546187289875662,0.18781418300348018,1,1.0,2026-10-01
Ryan Winterton,SEA,EDM,0.0,C,13.732641300598505,0.33257693460202464,0.871933000236612,1.570659139397725,0.17687416587965557,0.2433741117189652,0.42024827759862077,0.5428806936935766,1.1327129135168856,0.2980928275469208,0.3688307050146547,0.5533878861318682,0.16211478756170294,0.21602183651628437,0.343116289942461,0.18100150238075807,1,28.1,2026-10-01
Jamie Benn,DAL,NSH,0.0,L,13.714477716239099,1.6096278986752466,0.125954027052178,1.3785965082615081,0.2043051611240638,0.2868117708975843,0.4911169320216481,0.44199021732997995,1.157899065922078,0.65043923678291,0.21356596794537547,0.5427981291799049,0.1847864382611143,0.2493469897176379,0.38805748585769917,0.20327104759658488,1,29.4,2026-10-02
Kyle Capobianco,DAL,NSH,0.0,D,13.68756057840956,0.38515261260486877,0.32915543684684806,0.8923910412807867,0.04958655151673328,0.17038688936838098,0.21997344088511425,1.0160625086374446,0.659704144050324,0.3549109111107935,0.22776141369837077,0.6008996318299511,0.04837720982387006,0.15666152521847454,0.1974598875655229,0.14908267774165285,0,23.8,2026-04-13
Josh Anderson,MTL,PIT,0.0,R,13.686813445518466,0.3592688124991392,1.481112227689975,1.3313978283802888,0.21323175814585366,0.2143429619800996,0.42757472012595327,0.46287549939034667,1.5317010482193474,0.7371525412231026,0.2099150155798742,0.5164725920465344,0.1920311378493339,0.19292845730216657,0.3479113239722488,0.15588018612291488,1,29.4,2026-09-29
Nick Robertson,PIT,MTL,1.0,L,13.685960217097096,1.140672006312553,0.2604139490995317,1.7898578487720305,0.21688630832363331,0.24508459465520255,0.46197090297883586,0.4215110928598152,1.069346133942345,0.37918379800530216,0.2855530957870432,0.7176952208875508,0.19497851165505253,0.2173616715781319,0.369959328018026,0.17498081636297347,1,29.3,2026-09-30
Jack McBain,UTA,CBJ,0.0,C,13.666641017930425,0.43914372538993346,0.929085670445692,1.4031097199829554,0.18881072058728135,0.24421565576504226,0.4330263763523236,0.49519176800261344,2.3884209283791544,0.568229282368416,0.23485919376751666,0.5676387117921333,0.17205679553205933,0.2166813111446253,0.3514566146294553,0.179399819097396,1,29.4,2026-10-01
David Jiricek,PHI,CAR,1.0,D,13.666600545502671,0.26603343596507184,0.6252072614236112,0.8311029977634533,0.0404028743228012,0.16031686054001879,0.20071973486282,1.0471260684654426,0.7508215095915421,0.4203858533107084,0.2038961990454685,0.8161829769013741,0.03959756028102812,0.14812617900157743,0.18185830398039216,0.14226074369936403,0,27.8,2026-04-14
Patrik Laine,MTL,PIT,0.0,L,13.654248760790741,2.558353656804759,0.11682287769743746,1.7863418491077852,0.21654121102934668,0.2664650062511089,0.48300621728045556,0.38667413983241067,0.7374088515716173,0.33214948128336647,0.2392687747514391,0.5712716584077414,0.19470065297620054,0.2339171886333279,0.3830740122402623,0.18837335926406173,0,29.0,2025-10-16
Matthew Wood,NSH,DAL,1.0,R,13.62339085857823,1.4489949042358001,0.24324827436716562,1.4894552975666737,0.19812927237446865,0.2464671940176599,0.4445964663921286,0.3719513126195376,1.1300177838763679,0.36448984876789997,0.2741598617926113,0.6435395945504742,0.17973619116657946,0.21844299913839127,0.3589170776528319,0.1791808864862524,1,27.4,2026-10-01
Filip Hallander,PIT,MTL,1.0,C,13.615768080571568,0.5843796775015088,1.089913817544782,1.6214557537389218,0.20914880329616248,0.2798919081117918,0.4890407114079543,0.47642639344245563,0.8785479663667022,0.316264654721727,0.3196288269921033,0.6399358448545942,0.188725493659461,0.24413456003719014,0.38678563833429713,0.19806014467483612,1,12.5,2026-09-30
Brady Martin,NSH,DAL,1.0,C,13.611673600103996,1.501862655512091,0.5077916616308491,1.436986979187307,0.189644307089027,0.2774744225647674,0.4671187296537944,0.4828111165032731,1.037307283767449,0.3210142176450063,0.30269689264737915,0.609717243854082,0.17274667023644752,0.24230505575150485,0.37319433442542316,0.20044766418897564,0,2.9,2025-10-21
Cody Glass,NJD,NYI,0.0,C,13.607807068451246,0.5587995978312146,1.1205497209700153,1.3823870168935788,0.1801205277437525,0.20022852207343436,0.38034904981718687,0.5082359348905174,0.7736602975635645,0.3229473265920043,0.22577170958622986,0.4854073143605065,0.16483045575601796,0.18145632359490727,0.3163772508329652,0.15154679507694724,1,29.4,2026-10-01
Owen Michaels,EDM,SEA,1.0,R,13.60628947720588,1.015227000335734,0.4315977320669144,1.6568941017719192,0.22177051238214698,0.2668947342256255,0.48866524660777244,0.4189482287591566,1.1982168402407143,0.34417897735435515,0.3029030336080404,0.5909583442823007,0.19890081441473406,0.23424632512352472,0.3865553546975311,0.18765454028279704,2,2.0,2026-10-01
Maxim Shabanov,MIN,BOS,1.0,R,13.593788982740998,1.533447980714524,0.11866669138944663,1.5342864706053287,0.1962193735823121,0.26937658409810833,0.4655959576804204,0.4154694684142965,0.9477689057206984,0.27860008223537214,0.3010488414730196,0.6606963654020294,0.17816807331231121,0.23614445437364517,0.372239125226817,0.1940710519145058,1,23.2,2026-10-01
Ville Koivunen,PIT,MTL,1.0,R,13.57916258016666,1.2369643792928742,0.11850082484642509,1.3658016447506767,0.1898033876719881,0.26398590935146415,0.4537892970234523,0.3876071070854344,0.721106488967161,0.36368709954433864,0.329466003656901,0.5503734126491999,0.1728782597114601,0.2320156390218222,0.3647834388333474,0.19190517912188731,1,23.8,2026-09-30
Andrew Agozzino,UTA,CBJ,0.0,L,13.56681727858829,1.3094212975848831,0.35166365433838614,1.6102218720619181,0.2038456354084826,0.2636676553819804,0.467513290790463,0.5052175684560667,1.3150327504076307,0.3354882762499051,0.2613794743535778,0.47600338505675754,0.18441174058078846,0.23177118605343894,0.37344159879763894,0.18902985821685048,0,5.5,2025-10-11
Keaton Middleton,COL,STL,1.0,D,13.563215045153234,0.1839427249713128,0.8078602025052186,1.1276717484681216,0.044570808111223936,0.17063824572899305,0.215209053840217,0.9866776728451063,1.319212952702095,0.488555148859449,0.22877733091667565,0.6516056400506542,0.04359212373932697,0.1568734770694209,0.19362715278491927,0.1500350290455923,0,23.0,2026-01-31
Michael Bunting,DAL,NSH,0.0,L,13.531088596635811,1.2276515640627168,0.1314147825544135,1.6754142671821433,0.2030759619038619,0.2563705422376705,0.4594465041415324,0.37664725861989845,0.8743812308772877,0.3777253998845414,0.2323666162630556,0.6134029083565079,0.18378376226870063,0.2261448303662601,0.3683668448926324,0.18458308262393175,0,29.4,2026-04-15
Tyler Toffoli,SJS,LAK,1.0,C,13.515966223018868,2.0696676330066692,0.1946884825817751,1.7782219766788374,0.22372956782465503,0.3187612584054368,0.5424908262300918,0.4126259381413205,0.7235501149453891,0.22907609139626686,0.2647356052528677,0.6373417167186399,0.20046867586904504,0.27295089454926036,0.4187014660107439,0.21823279014169883,1,29.4,2026-10-01
Dennis Gilbert,OTT,TOR,0.0,D,13.510538468977401,0.18202293822391077,0.5986245316573244,0.7656876504921423,0.038708756105664176,0.19018231536725574,0.22889107147291993,1.2428401986841509,1.3632861051491183,0.5418837984270072,0.20164281002382783,0.5595119877008242,0.037969146038468016,0.17319161967208008,0.20458482781058007,0.16661568177211206,0,28.2,2026-04-15
Matthew Poitras,BOS,MIN,0.0,C,13.488858557767673,1.1053939161818804,0.19835859563527902,1.3252713886018588,0.1546649192021684,0.2439309018852656,0.39859582108743397,0.43389933646779677,0.6502320517670074,0.37567897256385513,0.3073655197258121,0.5679211334273054,0.1432978061512894,0.21645822634824885,0.3287380435404349,0.1854402373891455,0,26.7,2026-02-04
Michael Misa,SJS,LAK,1.0,C,13.488103356046329,1.0475070646429452,0.19994335909815455,1.4909636171863627,0.200411582555534,0.2737860940518617,0.47419767660739576,0.5528466201678945,0.7198910228090762,0.29909521408175527,0.29017555723713645,0.5814160256518147,0.18160615288060056,0.239505267789635,0.37761579039232196,0.1960096375117214,1,23.4,2026-10-01
Brendan Smith,CBJ,UTA,1.0,D,13.461963777335926,0.19039468290739225,1.0234622562890234,0.8926289600120597,0.046321856698612746,0.16817453004517144,0.21449638674378418,1.018162662405936,1.036085755390497,0.5098842555734322,0.2622260268516734,0.743208761260807,0.04526537500035277,0.1547936920839934,0.193052272564475,0.14778689756412222,0,29.3,2025-12-29
Arber Xhekaj,MTL,PIT,0.0,D,13.457416259661375,0.19896048285626813,0.6587725385001167,0.808676248228544,0.038824312534383336,0.14248671340446403,0.18131102593884738,0.9003951258137639,2.0344941908674445,0.6694475228192167,0.1402106230661336,0.5679205174675388,0.03808030846537924,0.13280092366091312,0.16582413198879753,0.1277438235234183,1,29.3,2026-09-29
Kirby Dach,MTL,PIT,0.0,C,13.456541070591769,1.3972126576163282,0.20822980803528443,1.3041914883278425,0.17690162143548283,0.2470049586289435,0.42390658006442633,0.6016700807966646,1.2880133094814,0.48752024556476675,0.23736650115891358,0.5083283294118336,0.16213779185013066,0.2188631798458721,0.34551497899849504,0.18337718714836437,1,29.2,2026-09-29
Egor Zamula,CBJ,UTA,1.0,D,13.449519414221998,0.18248202522834514,0.5610802710436227,0.7261546921235047,0.03488422214184981,0.15700336034217358,0.19188758248402338,1.1519005014589578,0.5676623947169596,0.2390372104636357,0.23011680708848564,0.7210515556302042,0.03428278154353637,0.14529881327558414,0.17460034734505847,0.1403175658015221,0,29.3,2026-04-12
Nick Lardis,CHI,BUF,0.0,L,13.444816052203873,1.4145712380818047,0.11921617400008468,1.5400063206915926,0.20361827703183696,0.21988337083211457,0.4235016478639515,0.39530698325941493,1.2825389807965286,0.359743935776849,0.20048378192224425,0.4896422726739096,0.1842262886768926,0.1973875994796146,0.3452499032735369,0.16102361459664427,2,22.7,2026-10-01
Justin Danforth,BUF,CHI,1.0,R,13.436857601807258,0.4394868047807145,1.4952624978489235,1.4496929614058998,0.1987019507548018,0.2379851280694163,0.4366870788242181,0.4764378366727884,1.596380257203215,0.34354316259837114,0.261253192405793,0.47790100187115836,0.18020580403466513,0.21178558672335623,0.35382639881958566,0.17362059478492053,0,29.1,2025-10-15
Ryan Tverberg,TOR,OTT,1.0,C,13.426205658091481,0.9175105264540886,0.5946331985116706,1.3430664961565526,0.1900162911724349,0.2694264913462405,0.45944278251867543,0.4947487923626953,1.187738460097815,0.3931018895967601,0.3045805385734544,0.5433763554503103,0.17305433808074755,0.23618257535063347,0.3683644941878709,0.19531015610712332,0,2.0,2026-04-15
Bogdan Trineyev,WSH,TBL,0.0,R,13.406817811423334,1.08162606692979,0.3572941779478982,1.506013219834224,0.18953566356636273,0.23089978253934276,0.4204354461057055,0.4951642969368391,1.1600998161087326,0.4396227593526955,0.3017278330462613,0.4827047189520461,0.17265678963818232,0.20618098342493785,0.34323922638052706,0.17058243674234475,0,2.0,2025-12-18
Oskar Bck,DAL,NSH,0.0,C,13.398351309507424,0.3217475487508384,2.2532509039022743,0.9540222503342664,0.13804748612943507,0.1986032935511053,0.33665077968054036,0.531014494262761,0.6833655240172104,0.2646830220260404,0.28202565983736394,0.48053834217865665,0.12894267237730983,0.18012492144192493,0.28584180508675994,0.1568991327094501,1,29.2,2026-10-02
Georgii Merkulov,BOS,MIN,0.0,C,13.389694000994714,1.10902611719633,0.2877814739080342,1.3294170348645633,0.16414713266635245,0.2370699685655234,0.4012171012318758,0.6476810286911869,0.7953110154167116,0.34767272596030513,0.23994308554099067,0.4240883525785789,0.15138284661017565,0.21106391463977547,0.3304953050350947,0.17911245842491907,0,9.3,2025-11-28
Corey Perry,TBL,WSH,1.0,R,13.378740895890664,1.610519512162534,0.11724928215787034,1.5534474261424855,0.21314486151568066,0.2611573656535896,0.4743022271692703,0.3448370950551936,0.7521757855486279,0.575841126397739,0.20623219334053003,0.5719871814505897,0.19196092502734374,0.22984028660818534,0.37768085760967196,0.18571993258232822,0,29.4,2026-04-15
Pontus Holmberg,TBL,WSH,1.0,R,13.377172095015492,0.7324354157015461,0.1797526045056822,1.5355320724034343,0.20766317299232073,0.23198943197388905,0.4396526049662098,0.4095377494165432,1.0252047769442019,0.4501503376771121,0.24159255273275154,0.6895344769608482,0.18751934394366365,0.2070454967737011,0.35573980499587043,0.16822046105220678,1,29.3,2026-10-01
Sean Kuraly,BOS,MIN,0.0,C,13.354010970914725,0.34091639186162226,1.6422853103333326,1.404254276478409,0.14020815141161974,0.20742393804680706,0.34763208945842683,0.5227331055775583,1.089493146637892,0.30742572861977635,0.2360776513753791,0.48314369282955116,0.13082270391305584,0.18732494692582824,0.29364129477167755,0.16281859085862171,2,29.4,2026-10-02
Parker Kelly,COL,STL,1.0,C,13.343422247622614,0.30652413904173803,1.6462333716597062,1.3689608588529485,0.1890636783583011,0.23255391049908428,0.4216175888573854,0.5536618176900642,1.5306790540981583,0.3437636711030648,0.27319135255402116,0.6082923528759345,0.17226620371276258,0.2074929762540687,0.34401515265048044,0.17174894893771786,1,29.4,2026-09-30
Max Sasson,VAN,CGY,1.0,C,13.342494716921243,0.4145611009643348,0.6236171391544462,1.2486945998874774,0.17564993991271335,0.23240753689167631,0.40805747680438964,0.5385852753457776,0.7543068462603264,0.3939271197601623,0.33286817629116583,0.6488753872476977,0.1610883985894931,0.2073769656518688,0.335059340940154,0.1739709423506609,2,28.3,2026-10-01
Braeden Cootes,VAN,CGY,1.0,C,13.331537150768881,1.3032169387213115,0.507791661630849,1.461833525752392,0.19433845332508007,0.2749985255130814,0.4693369788381615,0.498359909339432,1.0224252506741978,0.31674619693036826,0.3201084048797513,0.6132573610056405,0.17662081831789767,0.24042675679504644,0.3745832045822848,0.1979623862643871,0,2.9,2025-10-13
Dominic James,TBL,WSH,1.0,C,13.328420013654009,0.5379169185649227,0.3991187858550022,1.5597605444710572,0.1920309191676307,0.24940570493981126,0.441436624107442,0.3878242934478168,1.1716970434115057,0.30543573570264043,0.36757812725272626,0.8047375542146137,0.1747186489152408,0.2207362419120884,0.35688815287382136,0.18216950395858056,0,22.7,2026-02-28
Shane Lachance,NJD,NYI,0.0,L,13.315811636072182,1.2188021496886718,0.43920422939582626,1.5823749007784227,0.19262274360015855,0.24145965833468383,0.4340824019348424,0.4125859532312911,1.1244522074324965,0.37116286100993134,0.2632600538426072,0.47128962350489095,0.17520692608109212,0.21451950925910168,0.35214113153848225,0.17693420545739014,0,1.0,2025-11-15
Konsta Helenius,BUF,CHI,1.0,C,13.289072451429817,0.668951413925856,0.2928824510856658,1.620360522616371,0.19427782870218663,0.2830340503005964,0.47731187900278305,0.4068944056545803,1.2133156576065938,0.27904923784950225,0.28602951068447646,0.5478910495805562,0.17657089975237805,0.24650586927874563,0.37955100589833346,0.2029801061459554,1,8.6,2026-10-01
Isac Lundestrm,CBJ,UTA,1.0,C,13.282980927611108,0.3172841563123168,1.418740573190165,0.9618726087823041,0.1368744319746094,0.1980750122711074,0.3349494442457168,0.5571536741260872,0.8389891191548235,0.22105034582932814,0.26050688132038335,0.5303084807130934,0.12792027541378737,0.17969168236001332,0.2846257482767409,0.15670547286295355,0,29.4,2026-04-14
Nick Cousins,OTT,TOR,0.0,C,13.270870584810007,0.3508139514026972,0.19508575573175985,1.37404370631946,0.17471050457027212,0.245856287098064,0.4205667916683361,0.5214883916157699,1.5570511350030727,0.5176706873675108,0.2596278638799221,0.5269832386953069,0.16029992507999158,0.21796539468742815,0.34332548332899415,0.18302555824900257,0,29.4,2026-04-15
Calle Jarnkrok,TOR,OTT,1.0,C,13.225992558550386,0.5263555473958437,2.1588807106490098,0.9998916706601276,0.1397879825448059,0.19751365200531457,0.33730163455012047,0.3274133251045876,0.8683326604754236,0.27316505729728274,0.24239752549774599,0.4609569287516062,0.13045742593965648,0.1792310645906302,0.2863064671953687,0.1558490412557122,0,29.3,2026-04-13
Steven Lorentz,TOR,OTT,1.0,C,13.225649157164737,0.30421261667775507,2.1997992321873596,1.1568159410096133,0.16860130035507043,0.20535072674343827,0.3739520270985087,0.5784342464585135,1.8902024562649162,0.28585375132363805,0.3034630577877293,0.4983603888574051,0.1551543240829627,0.1856383520902012,0.31199008313073373,0.15683575904777103,0,29.4,2026-04-15
Fedor Svechkov,COL,STL,1.0,C,13.219643824092538,0.353579626227394,0.5651721365848567,1.1413867161293194,0.15318232936690057,0.23175024819081946,0.38493257755772003,0.47023231847932984,0.9371965961177567,0.32844296054821687,0.3386251989988985,0.6980565069195714,0.14202672617453815,0.20685581223198857,0.3195034846050423,0.17747675843050414,1,28.9,2026-09-30
Pavol Regenda,SJS,LAK,1.0,L,13.211745677316856,1.093855990260186,0.2017852894705829,1.5720167484546095,0.21783548411993997,0.2356895835027416,0.4535250676226816,0.47094319798219536,1.6710048228316134,0.3533656686535227,0.2780918742680657,0.5141141610143354,0.19574225604611073,0.20997412706185337,0.3646155737655642,0.16887331771945346,0,22.7,2026-04-16
Anthony Duclair,NYI,NJD,1.0,L,13.168590908860608,1.241248263431056,0.12229042602706816,1.4016208761831739,0.1956935377398225,0.2527621528522502,0.4484556905920727,0.5868194475569338,0.6788801697725713,0.26106617807709626,0.25428560103948356,0.53183503413027,0.1777358109892052,0.2233474155406242,0.3613863924963736,0.1836505815071684,1,29.3,2026-09-30
Samuel Honzek,CGY,VAN,0.0,L,13.163017315649155,0.45008251525227877,1.1546493612781736,1.4286560393106589,0.2009524943887709,0.2363896294300604,0.4373421238188313,0.4045460737978613,1.3811884430639505,0.32494292755160537,0.21695043193763902,0.4902048399851581,0.18204871209320772,0.21052698792010605,0.3542495330015961,0.1722008209083884,1,16.6,2026-10-01
Justin Robidas,CAR,PHI,0.0,C,13.13896119550588,0.6909785436376759,0.5036298561836269,1.344550362852052,0.17053198988268803,0.24998729466620326,0.4205192845488913,0.44338396625574195,1.0702625182189338,0.3363234586033784,0.25452558732971203,0.46730725130283496,0.15678388518743835,0.2211893219418256,0.3432942858732495,0.18651040068581115,0,3.8,2025-11-28
Adam Henrique,EDM,SEA,1.0,C,13.135650972054217,0.5982170877019175,1.4478348931641387,1.3854058954359143,0.1657112992806794,0.22665464439651414,0.3923659436771936,0.7088018808288474,0.7778987509505718,0.2852592539148841,0.3043679379045294,0.518382322935261,0.15270918765024544,0.20280394912212352,0.32454311044966766,0.17183392279942222,0,29.4,2026-04-16
Aydar Suniev,CGY,VAN,0.0,L,13.132849464506911,1.6348806697819407,0.20719291685383917,1.662467309976374,0.2230403707571327,0.287887446971223,0.5109278177283557,0.41956017869158746,0.9207853305410135,0.36841429171656653,0.24746126811255525,0.47277672407307275,0.19991745129570093,0.2501540150736543,0.40006131324444394,0.200143861948743,0,6.3,2026-04-16
Colin Blackwell,DAL,NSH,0.0,C,13.089657183937005,0.3058712305259929,1.9139882668591301,1.1697927194240871,0.14751409696113316,0.20881749947561615,0.3563315964367493,0.5282511435039499,1.304533641314927,0.38224554217474727,0.3011906983134389,0.4412711784796154,0.13714972533114544,0.1884566707874351,0.2997596154832617,0.16260989015211624,0,29.3,2026-04-13
Nick Foligno,MIN,BOS,1.0,L,13.079811451086751,0.7790395159862761,1.3221650464558214,1.294003071572032,0.1732747033364705,0.22718947812330822,0.4004641814597787,0.4458771641683916,1.8296886878878709,0.5566547089190197,0.2728631584600942,0.5485133816149306,0.1590934167305803,0.20323020245950885,0.3299910318979583,0.170897615167378,1,29.4,2026-10-01
Warren Foegele,OTT,TOR,0.0,L,13.065236056466373,1.1858789910578096,0.3747069326141987,1.6511834544293673,0.22379998361899656,0.22817100281850758,0.4519709864375041,0.3507648980615729,1.0237389022582775,0.29718877585846376,0.23735415399513748,0.6251494524478841,0.2005249735201895,0.20401186801740545,0.3636273671056003,0.1631023935854108,0,29.4,2026-04-15
Trevor Kuntar,BUF,CHI,1.0,C,13.05896771183606,1.1278507420644002,0.7309534603264027,1.4912938553118877,0.1967585058882933,0.28328843498198325,0.48004694087027655,0.41579226062977426,1.0875330524429625,0.310075253631727,0.3182468979924874,0.5019316862788592,0.1786110300372057,0.24669752226529051,0.3812456537430662,0.2026346237058605,0,1.0,2025-12-11
Jordan Greenway,CHI,BUF,0.0,L,13.020157882230542,0.33831803104540215,1.627694004647135,1.2031048276105405,0.14146804951771663,0.18456998417250736,0.326038033690224,0.5344901911104921,1.4972382918924887,0.5403990838656859,0.24548131920116553,0.4575463804578771,0.13191708919052525,0.16853825129925804,0.2782222649611238,0.14630517577059854,2,29.3,2026-10-01
Marcus Foligno,MIN,BOS,1.0,L,13.017581117716379,0.4436120372448746,1.2278854583273353,1.4168203936599488,0.18775696282532062,0.21430504498631212,0.4020620078116327,0.5924764605372322,2.368878341723028,0.6699742398835257,0.29952254833708,0.5494138085202137,0.17118388411607233,0.19289785499532597,0.3310607350556395,0.15987685093956716,1,29.4,2026-10-01
Oskar Sundqvist,STL,COL,0.0,C,12.998547289616253,0.6178051264741434,1.4117417976842515,0.9146570071314166,0.12159350324706662,0.17935793446778117,0.3009514377148478,0.5294685328243968,1.152973183440205,0.4177313377019751,0.2675158166242124,0.4724642449524215,0.11449174841901655,0.16419331816973903,0.2598862865127822,0.14539453809376568,0,29.4,2026-04-14
Philip Tomasino,PIT,MTL,1.0,R,12.993556045648774,0.816740599155912,0.11676574761595884,1.5637321061244756,0.18830334183955522,0.24020061059037168,0.4285039524299269,0.4412464070289173,1.2104168687806498,0.2903617922664279,0.2808475736257052,0.5148119791274386,0.1716366081577303,0.21352992898535106,0.34851698439187473,0.17688037623414443,0,29.1,2025-11-16
Riley Stillman,EDM,SEA,1.0,D,12.973815591242998,0.19631621224810833,0.5302134441747757,0.8005874735721117,0.044654812621613846,0.16950340052388443,0.21415821314549827,0.8362708885450242,1.255689023095437,0.409551589039533,0.16887403464292491,0.5293061822141032,0.043672462940230417,0.15591611585192633,0.1927793380008288,0.1491068750605984,0,25.6,2026-01-08
Oliver Moore,CHI,BUF,0.0,C,12.959307764536995,1.4200470422504066,0.3299495836043189,1.3088495927506303,0.1618881766308203,0.24378325045905638,0.4056714270898767,0.3292895325667708,0.7639349333783056,0.4111005958018239,0.24009311665687655,0.5222054539520654,0.14946369094163137,0.21634252674647925,0.3334708651329432,0.18400717419131185,2,25.8,2026-10-01
Ben Meyers,SEA,EDM,0.0,C,12.954338601947736,0.32694961279502543,1.6795136482693247,1.1502111994746218,0.15898315843141325,0.19826293336749043,0.35724609179890365,0.3581307452779242,1.1215151979252267,0.35199978940978355,0.29099607949079465,0.4988990061602638,0.1469892751132127,0.1798458211150208,0.30039968935039607,0.15341041423718338,0,28.9,2026-04-16
Alex Bump,PHI,CAR,1.0,L,12.94357191541414,1.006263284891527,0.14823919489863524,1.3924423324249218,0.2111855818287809,0.24247125021123375,0.4536568320400146,0.4562010643332739,1.3179616452238898,0.2861959333914975,0.2890643507969785,0.6352081344236961,0.19037619852725896,0.21531369317999693,0.3646992893087835,0.17432309078152453,2,14.2,2026-10-01
Kent Johnson,CBJ,UTA,1.0,C,12.920872848001757,1.4533965655935246,0.19483200463020028,1.3830095212113938,0.17403233624056508,0.26443944991023555,0.4384717861508006,0.4670672785574491,0.6073487805049976,0.35257127073889855,0.2290806705745676,0.5814313861753857,0.15973027394488126,0.23236387210314546,0.3549786011020979,0.19524832715721663,1,29.4,2026-10-01
Kenny Connors,LAK,SJS,0.0,C,12.915021355446553,1.036146453577131,0.6353083735252854,1.5696915974717496,0.19533550833281937,0.2694853972910124,0.46482090562383177,0.4875214260604518,0.9585459728709906,0.33028411454835077,0.26566263410650287,0.4529148154374384,0.17744136352193307,0.23622756741250273,0.37175238927129195,0.19431102574935888,0,2.0,2026-03-05
Justin Brazeau,PIT,MTL,1.0,R,12.912527584351126,0.9355850802351573,0.11714803306696714,1.5435160839072115,0.20038853051823877,0.25258343728549615,0.45297196780373494,0.5656691041488627,1.4573312032626697,0.3287767293391323,0.2308558436968386,0.583177253508854,0.18158728701766713,0.22320860323023073,0.3642640455483174,0.18267675853065024,0,29.2,2026-04-14
Dakota Joshua,TOR,OTT,1.0,C,12.892333402053502,0.8431202712647459,0.3074448249853778,1.151201147339065,0.1927681817607941,0.2473629393053252,0.4401311210661193,0.4776770388097397,2.6025473584185326,0.5709424746226532,0.23638404340885755,0.46656254287984683,0.17532687374597256,0.21914276168766345,0.3560480201228793,0.18072114637690673,0,29.4,2026-04-08
Tyson Gross,CGY,VAN,0.0,C,12.839699379197624,0.5741223603749712,0.9830753690456159,1.2705756217829816,0.19304340533650563,0.2537166199694778,0.44676002530598347,0.5261986533015612,0.9041115889513899,0.32969152742481417,0.2597527785568266,0.4329752606413834,0.1755538120017618,0.224088351238371,0.3603025989550471,0.18474878695328534,0,5.5,2026-04-14
Daniil But,UTA,CBJ,0.0,L,12.83793220348717,1.3121824342691764,0.12558536141192114,1.5053648281102285,0.19810374183932083,0.23659666767431728,0.4347004095136381,0.5173516340337823,0.8712548362664067,0.3233574381212316,0.21417192984334765,0.5429370167227333,0.17971524912524794,0.21069042210726785,0.3525413895352044,0.17282614040995647,1,19.0,2026-10-01
Jesperi Kotkaniemi,CAR,PHI,0.0,C,12.832870522815757,0.5589357509712666,0.22190682398486095,1.148295275098547,0.15021519252767515,0.21964863531804527,0.3698638278457204,0.41817822286222517,1.1777764095867447,0.31826002727132313,0.1924422693099608,0.6066501248703352,0.13947722157265197,0.19719917573117252,0.3091716041764234,0.16969438260377145,0,29.4,2026-04-14
Casey Cizikas,NYI,NJD,1.0,C,12.829248821357725,0.3315891810193278,1.458348324371103,1.3056391072132254,0.1786380944379682,0.2008040350599117,0.3794421294978799,0.5631750256995005,1.4071756740174604,0.288158152447909,0.24581381070804223,0.5451151793562409,0.1635914544661683,0.18192727057962577,0.3157569782446129,0.1521655237784446,1,29.4,2026-09-30
Cole Smith,CHI,BUF,0.0,R,12.817969907867282,0.35738291039868264,1.2285773562638485,1.2095877018227372,0.1577207451184498,0.17529340526689377,0.33301415038534354,0.33849958764328236,1.9213908326251294,0.4624174617035705,0.23495013710284018,0.3814729878985645,0.14591174301568666,0.16078924421252927,0.28323994834699084,0.1373282053313042,2,29.4,2026-10-01
Lukas Reichel,BOS,MIN,0.0,L,12.812011161758658,0.7908149777513706,0.13368822301004854,1.1800931228174487,0.15097481725514236,0.20227532305537746,0.3532501403105198,0.46111013227179126,0.6583727921105741,0.31564523481220247,0.22538394686471358,0.5370761696906918,0.14013064774293538,0.18313000616366426,0.29759852752171767,0.1574678797787823,0,29.3,2026-04-12
Rafael Harvey-Pinard,PIT,MTL,1.0,L,12.800058004991248,0.5133460367973479,1.234289192915611,1.0439616021018638,0.16542461307698797,0.20499328985186777,0.37041790292885574,0.6675021430538669,1.1839539659718614,0.28275520496567114,0.23320345961739591,0.43177374920501965,0.15246624624151905,0.1853472171660766,0.3095542689549723,0.15708802271345323,0,27.6,2026-04-14
Kailer Yamamoto,UTA,CBJ,0.0,R,12.76980925441935,0.36390262892367586,0.1716454037182878,1.3400294724336002,0.18228025089562414,0.20793811600948836,0.39021836690511247,0.43458290840692543,0.9870692281780336,0.29760638437402426,0.3078271941119685,0.47492324316902607,0.16663224437380764,0.18774269912025,0.32309095617485384,0.1564587118010462,0,29.3,2026-04-16
Joona Koppanen,PIT,MTL,1.0,L,12.764952742928262,0.35391712227285255,1.3242877260921622,1.1412182392659662,0.14989953190957586,0.19571559027718297,0.3456151221867588,0.346471762310076,1.492674339930061,0.31603525821099054,0.29488325621398376,0.5439277093716913,0.1392055455440694,0.1777539438010156,0.2922151546256547,0.15300960908158534,0,20.0,2026-04-14
Aatu Rty,VAN,CGY,1.0,C,12.762838569025373,0.3367901360877818,0.9587198773275966,1.3016711440129678,0.1610720050909579,0.21188621358597037,0.37295821867692824,0.3913605657925311,1.8242786235996031,0.2902154194467381,0.2674465746948587,0.446174697996686,0.14876922404905257,0.19094324800431517,0.3113059932103599,0.16253676916130733,0,28.8,2026-04-16
Rutger McGroarty,PIT,MTL,1.0,R,12.743345448146345,0.5361852002922853,0.35875825338708006,1.5313271886131203,0.19204403880175785,0.23503285867689594,0.4270768974786538,0.3845213224148484,1.2181990957273015,0.3269422930842444,0.27355770221514025,0.5692675347560294,0.17472947623359358,0.20945512705659364,0.34758661864514784,0.17285714241155425,0,19.7,2026-04-14
Jeff Skinner,SJS,LAK,1.0,L,12.73475019201581,1.6249525635652373,0.11728519583480224,1.7079789473016682,0.20211549628163447,0.26570632887299106,0.46782182515462556,0.3967732718352041,0.8384207575373522,0.34284459878605444,0.2945369193940186,0.6103026130359829,0.18299943803411844,0.23333575840348675,0.37363488377650234,0.1906354457423839,0,29.4,2026-01-11
Elmer Soderblom,PIT,MTL,1.0,L,12.678194173113779,0.44431445663353436,0.39764192691710004,1.4210490795841189,0.18573079105511583,0.22313650112243893,0.4088672921775548,0.36596444101766384,1.578872916041793,0.4165756389726844,0.30472272705567066,0.6735931245599177,0.16950285785049857,0.19999435982670122,0.33559760213259304,0.16609474428209448,1,28.6,2026-09-30
Arttu Hyry,DAL,NSH,0.0,R,12.672990945270637,0.3926280046083833,1.559415340540191,1.3992821296033449,0.17209714920743235,0.1977975704319496,0.3698947196393819,0.3879506160108136,1.2940727917232246,0.3857909632118502,0.24958538294582094,0.49217688861992515,0.1581026204676902,0.17946406293757533,0.3091929447750563,0.15109032430736613,1,17.4,2026-10-02
Jonathan Lekkerimki,VAN,CGY,1.0,R,12.661820625852359,1.5222941161362142,0.12006224258046136,1.408405950295427,0.1900077359749911,0.2462258269196096,0.4362335628946007,0.37183760595646953,0.9067200446982332,0.2580411905605738,0.2829920742811206,0.49854202862621133,0.17304726336707177,0.21825433422529705,0.3535332823366789,0.18048601896960714,2,21.8,2026-10-01
Robby Fabbri,MIN,BOS,1.0,C,12.628773228361233,0.5087508029901564,0.39004976166356803,1.4625245469919357,0.17671231410641883,0.2221402847640098,0.3988525988704286,0.47882696794663704,1.4400503287095539,0.42924101951614263,0.249986771779235,0.46045440200620585,0.1619791633790898,0.19919698400765373,0.32891038656954585,0.16693122319045606,0,29.2,2026-04-14
Ethan Cardwell,SJS,LAK,1.0,R,12.622506406505897,0.4949851101806872,0.5563927712579406,1.3433532555908514,0.18171239435046033,0.2089051104297504,0.39061750478021073,0.40645043841639256,1.2015565900838352,0.32962421580825696,0.3204206548928792,0.5794645481664646,0.1661588766494868,0.18852776775834656,0.32336108229987115,0.15720220565038434,0,10.6,2025-12-23
Lenni Hameenaho,NJD,NYI,0.0,R,12.62211296376202,0.7650204595798078,0.12235608415842068,1.511957463642465,0.16404629381996128,0.20832250762300417,0.37236880144296547,0.45272460345735815,0.876642520917599,0.4332680484350778,0.23349571806275288,0.4015021647225914,0.15129726872068472,0.18805486401409788,0.3108999454398098,0.1596026767191251,0,20.0,2026-04-12
Logan O'Connor,COL,STL,1.0,R,12.615552198520719,0.35465579677403053,1.215829865637922,1.2439310511862631,0.16602951922902945,0.20674896222679792,0.37277848145582737,0.44463018415011174,0.8993962977800383,0.3242879296675302,0.2971615901845852,0.516649011926094,0.1529787695933379,0.18677622574954833,0.31118219813843284,0.15820342854509495,0,29.3,2026-04-16
Mark Jankowski,CAR,PHI,0.0,L,12.612985982987405,0.7418184121030936,1.3079853972756383,1.1646238744263158,0.182362241196493,0.19768998607787,0.380052227274363,0.5168124237604516,0.8892772983238402,0.30998048126415384,0.2156359470480106,0.4713105641402153,0.16670056964578273,0.1793757813600143,0.31617430607242525,0.14947373642664252,2,29.3,2026-10-02
Hunter Haight,MIN,BOS,1.0,C,12.59874945398036,0.8738218361642094,0.30698174752145385,1.522035494458827,0.193923966297041,0.2581608690577863,0.4520848353548273,0.4266360065222574,1.1069607618134414,0.374291067099927,0.28028691119494653,0.5125533661170041,0.1762794675900956,0.2275290445637077,0.36369981331682977,0.18742034572673416,0,7.9,2026-04-14
Jett Luchanko,PHI,CAR,1.0,C,12.590021990778933,1.2259615100927723,0.37536352566382375,1.15066741737136,0.18081277608012852,0.2418945311029746,0.4227073071831031,0.5153591257414102,1.0825691729948537,0.3392742766038527,0.26617616977721803,0.4918925508654011,0.1654084004199171,0.21486101907250754,0.3447296020150479,0.17932120159513076,0,7.1,2025-10-20
Kevin Hayes,PIT,MTL,1.0,R,12.578494761062164,1.0378667162188808,0.13430787054023274,1.6118435717473087,0.19365610838868916,0.24060864196496626,0.4342647503536554,0.33658181520844715,1.1473225074189282,0.34053051118540895,0.2518086429850356,0.5796420376101712,0.1760587979784869,0.2138507679888635,0.3522592568084548,0.17620045882996793,0,29.4,2026-04-14
Luke Glendening,PHI,CAR,1.0,C,12.55938701036102,0.3167180605779727,1.683672901280077,1.0324902625904422,0.14642144750183833,0.1886887505674056,0.3351101980692439,0.6196787880606263,1.3731795976823098,0.25576523150198305,0.23268001435126506,0.37819942878984925,0.13620641718635884,0.17195580512417863,0.2847407381801773,0.14853432099381847,0,29.4,2026-04-14
Sam Morton,CGY,VAN,0.0,C,12.556657484865644,0.71927387136328,1.0994122357435683,1.366702254105421,0.20625616047677453,0.25718020604403163,0.46343636652080616,0.45446684118603586,1.1835557520982163,0.2986721045510315,0.26629021279011694,0.44071709950420684,0.18637536888706796,0.2267711393044236,0.37088195345068886,0.1845065845636209,0,3.8,2025-11-22
Radek Faksa,DAL,NSH,0.0,C,12.55493437092618,0.31555913326835533,1.9663459182839356,1.040919695400205,0.1409125786862445,0.19952922734558462,0.3404418060318291,0.6424168255113164,1.1402304117894129,0.32740668347458646,0.25561335634735594,0.3716301586015654,0.13143476050691538,0.1808837201315251,0.28854407220335365,0.15710931169643827,1,29.4,2026-10-02
Ross Colton,NSH,DAL,1.0,C,12.514787744902844,0.902161344015706,0.19841809771346836,1.6953190356507992,0.1909520972315346,0.23201563545993814,0.42296773269147275,0.3475803957816653,1.836760759728994,0.2573952577037154,0.2928516457897172,0.5771125243089569,0.17382783686284609,0.20706627467373606,0.3449002289227987,0.17107239205995262,1,29.4,2026-10-01
Aleksanteri Kaskimaki,STL,COL,0.0,C,12.503316952159048,0.884591748098996,0.44966091079346626,1.2791212872684103,0.14393974390437048,0.19794242298913142,0.3418821668935019,0.5601010844815549,0.8922847065050244,0.304105294862888,0.24675170533256194,0.4532760060745787,0.13406007535388054,0.17958291105838342,0.28956808782350796,0.15550801246962742,0,4.7,2025-12-11
Jared Wright,LAK,SJS,0.0,R,12.496484457265723,0.363648701585626,0.1695647435540017,1.5213453368757577,0.18173207716149503,0.23832046684214173,0.4200525440036368,0.5800491921866266,1.076622803526018,0.3431238742241178,0.23366446151384063,0.41382679865410926,0.16617528882523125,0.21204986126412229,0.34298770314843785,0.1768124143232066,0,16.1,2026-04-16
Eric Robinson,CAR,PHI,0.0,L,12.48968960341949,0.343001747642504,1.101833758605712,1.239614824535773,0.1641946150678402,0.18278204545918572,0.3469766605270259,0.2871796900325138,1.3198302145324556,0.30838966643493027,0.20777482478151454,0.48603530056573635,0.15142314003394042,0.1670503188804986,0.29317817508588284,0.14175503505194242,2,29.4,2026-10-02
Danton Heinen,CBJ,UTA,1.0,L,12.486907398562506,0.3439850021085446,0.3427716815387679,1.2076242993395596,0.16892341417081624,0.21602264945580912,0.38494606362662537,0.4819705757522548,1.1331558307754332,0.3325807273381852,0.28933804345228153,0.5632161590386005,0.15542641672259683,0.1942829473859653,0.31951266176605675,0.16408624504345992,1,29.4,2026-10-01
Nils Hoglander,NSH,DAL,1.0,L,12.471581622105496,0.5614185108576694,0.1195989298573018,1.224110330919946,0.15645846748625883,0.20243132372940528,0.3588897912156641,0.29679507370248953,1.3307181888297823,0.292988855393012,0.2351379381105777,0.626983420553448,0.14483296579804106,0.1832574284940528,0.30154867741877767,0.1567157116207366,1,29.3,2026-10-01
Brendan Gaunce,CBJ,UTA,1.0,C,12.446040585942152,0.32581824019622957,1.4394528650982792,1.225903047097554,0.14590012162919255,0.19927881187784494,0.3451789335070375,0.59898909977346,1.366436942682164,0.3272531890794437,0.321316265491237,0.42295919461577036,0.13575598184141469,0.18067857506049123,0.29190635954686117,0.15615037770544649,0,26.4,2026-01-20
Jeffrey Viel,TBL,WSH,1.0,L,12.438020284484635,0.42572935271365053,0.11993415706138721,1.475010708318846,0.17821974884104141,0.23405100902945533,0.4122707578704967,0.41456458920277545,1.815285714526853,0.8216560708940853,0.2604397891427238,0.6609158057753466,0.16324147343250428,0.20867854967307997,0.33785502918319266,0.17461355575068838,1,25.0,2026-10-01
Anthony Richard,PHI,CAR,1.0,C,12.437765588512478,0.9182668405352914,0.2002473109611883,1.1615201461567162,0.1665749429875165,0.24181475945400924,0.4083897024415257,0.5232625010404105,1.250284847421537,0.26825544839716253,0.2570173681344595,0.466540811989887,0.15344062913031253,0.21479838474314328,0.33528021458229307,0.18183958545198053,0,21.5,2026-04-14
Dysin Mayo,CBJ,UTA,1.0,D,12.436885412857725,0.25919262594703696,0.956830172967792,0.8732580732199523,0.04216403151871024,0.1534474433760462,0.19561147489475644,1.0604951500029147,1.1297725075417897,0.3396066921858782,0.20042601449510306,0.5506250636742623,0.04128749139473564,0.14225415676005249,0.1776683308816921,0.13638083948695645,0,13.6,2026-01-13
Ty Mueller,VAN,CGY,1.0,C,12.435048982247478,0.4999122424330671,0.3239901964307232,1.1902224842604578,0.17443995990048214,0.23051731875516873,0.4049572786556509,0.6105350092994088,0.9641666293350177,0.34569543969626826,0.3035028311718078,0.5221319713185057,0.16007271796704892,0.2058773183331608,0.33299469438685325,0.17292197641980434,0,7.1,2026-04-16
Steven Santini,TBL,WSH,1.0,D,12.423175733221939,0.22599293906799267,0.558317103306666,0.8800267367480121,0.04093769413630442,0.1604698955572203,0.20140758969352474,0.9923808477275623,0.8364000118805712,0.30470720244277705,0.16615738713642614,0.623735797713586,0.04011106520618257,0.14825653555161455,0.18242087319304356,0.142309807986861,0,13.1,2026-04-15
Fabian Zetterlund,OTT,TOR,0.0,L,12.411687638548424,1.2212113470245727,0.1183058247380901,1.6751279533940564,0.20754956036015246,0.2432606498198465,0.45081021017999895,0.3781095535370512,1.419718536311743,0.268177563580324,0.26231981066943244,0.42137382785625505,0.18742703063386357,0.2159328798184854,0.36288825197175134,0.17546122133788777,0,29.4,2026-04-15
Barclay Goodrow,SJS,LAK,1.0,C,12.408856085453657,0.3621820005737705,1.9028917108396628,0.9872381513377526,0.14190235674686966,0.18860344950045302,0.3305058062473227,0.6166532149596969,1.452114259760909,0.3759458098839365,0.26595464092592336,0.47439823470405806,0.13229402201594365,0.1718851690582487,0.28143981073458624,0.1491457887186426,1,29.4,2026-10-01
Nathan Lgar,NJD,NYI,0.0,R,12.403167513531695,0.7663840814785284,0.29466810031524593,1.3800467768894904,0.17587358561049762,0.20777088406444727,0.3836444696749449,0.42703125644753354,1.3821604428909704,0.334242432655426,0.2330758534105054,0.41535459713547845,0.16127599658144598,0.18760685239331043,0.31862636688951707,0.15735037030807109,0,3.8,2025-11-15
Trent Frederic,EDM,SEA,1.0,C,12.392367661209866,0.5319293392813331,0.19574846592193942,1.3754114088943912,0.17129003831923287,0.21531250627446236,0.38660254459369525,0.397428918021952,2.001800378471986,0.38031764511400384,0.24040486543248296,0.5453130473000606,0.15742284163437636,0.19371056970395695,0.32063894300092244,0.16321610136654607,2,29.4,2026-10-01
Ondrej Palat,NYI,NJD,1.0,L,12.389063315449313,0.5825226646126063,0.2190715267618044,1.1929016796804583,0.15918552100877215,0.20861022177302918,0.3677957427818013,0.6153191012038666,1.3813726797204195,0.23998244303420366,0.24775787497538823,0.5199290708592891,0.14716187509753775,0.18828843851580912,0.3077414339421729,0.16057955884463515,1,29.4,2026-09-30
Avery Hayes,PIT,MTL,1.0,R,12.387490637988096,0.5313886658047843,0.18456964384718966,1.6122874420749627,0.2095624028540794,0.21886940489088078,0.42843180774496015,0.4455319183309047,1.35664152462039,0.4472493897139507,0.2810621603529888,0.5242738724205543,0.18906096705602615,0.19657336510827605,0.3484699816594742,0.15940901460344803,0,12.5,2026-04-14
Mark Kastelic,BOS,MIN,0.0,C,12.303368648774699,0.3120718895775348,1.4073774063025548,1.2446361001442943,0.1631475544419295,0.18227154430171624,0.34541909874364574,0.5787511787471883,1.6774605207130646,0.7329753878621349,0.28902325760211645,0.4169106992249075,0.15053416329075653,0.16662498854759678,0.2920763986040089,0.14154223531325238,2,29.4,2026-10-02
Tanner Jeannot,BOS,MIN,0.0,L,12.271340962343805,0.36664241935846054,0.7051094108406121,1.1203507218866045,0.14894413353040192,0.17982129266067182,0.32876542619107374,0.5419325901444875,2.1239116417594754,0.54726767444531,0.19716682403366323,0.43840943795179227,0.138382750931747,0.1645805063331065,0.2801881540487384,0.1418054031169914,2,29.4,2026-10-02
Nathan Walker,STL,COL,0.0,L,12.240520242779706,0.3492354923517935,0.7209359320098877,1.0189422944368172,0.1299335907766487,0.15517972672739974,0.28511331750404845,0.6908372527646767,2.5592500999282284,0.47119931062279213,0.1832251160428604,0.5146849791862034,0.12184625350751843,0.14373872938252807,0.24807095723085437,0.12622470372333594,0,29.3,2026-04-16
Alex Turcotte,LAK,SJS,0.0,C,12.223023679523262,0.7180149914214485,0.23237008769953682,1.282925658397512,0.17586985037327507,0.25034350656211185,0.4262133569353869,0.5354924148809487,1.01063993183724,0.3352740449744485,0.2668021489612425,0.41662968124594,0.16127286374247807,0.22146669416543485,0.34702298991627367,0.1857501261737956,1,29.2,2026-09-30
Nikita Grebenkin,PHI,CAR,1.0,R,12.165505504527053,0.4534749104229237,0.12483985109745849,0.938404223748158,0.14460737109115404,0.2067864307148567,0.35139380180601076,0.41823763262828884,1.4622616567088833,0.3834877345832609,0.27074168755271943,0.5725737475847753,0.13463800744664045,0.18680669544399275,0.2962934216383626,0.16165541419172214,0,25.9,2026-03-21
Brandon Duhaime,TOR,OTT,1.0,L,12.133673752749957,0.3498371762675643,1.0115553471862861,1.124470412684324,0.15380961663610251,0.18854128254397376,0.3423508991800763,0.6036118780494896,1.7021962579238308,0.5790503980815362,0.2074090902445356,0.5177299394906314,0.14256475312015526,0.17183368607934024,0.28990101216586817,0.1473362590457129,2,29.4,2026-09-30
Stefan Noesen,NJD,NYI,0.0,R,12.127557342519486,1.7837860895609146,0.14087000084175424,1.44316048690143,0.1880311167217252,0.2217521333503562,0.4097832500720814,0.3671973590033298,1.0197978527753293,0.46728400572437084,0.17291135145653916,0.49835100464475857,0.17141107613943263,0.19888609085203257,0.33620588812935337,0.16479481198992074,1,29.4,2026-10-01
Alexey Toropchenko,STL,COL,0.0,R,12.102356196274346,0.342875751161192,1.2714087934703386,1.1735641421492689,0.1263754649230644,0.15262640015048518,0.27900186507354957,0.6156074595906468,1.5599798733139232,0.3032930396940498,0.20219166909584804,0.4256857679110337,0.11871610653263531,0.14154962115869385,0.24346150778619946,0.12474540125356415,1,29.4,2026-10-02
Garrett Wilson,PHI,CAR,1.0,L,12.089242500182092,0.846699006682719,0.3051141523300445,1.3767058114737456,0.18289711709849982,0.22869374478356458,0.4115908618820644,0.400816817229978,1.299748506719776,0.4106580434939236,0.2783629849620346,0.5088525087406297,0.16714616225123846,0.204427855681103,0.33740468639799504,0.17025852414675657,0,2.9,2026-04-14
Beck Malenstyn,BUF,CHI,1.0,L,12.084405401958696,0.34387082616539,1.5556022022400957,1.21688509845296,0.16349505573676512,0.19583880176848648,0.3593338575052516,0.5302263761630034,2.4916728860391717,0.35804155660743986,0.2541975981448714,0.45911492973473844,0.15082930248533555,0.1778552477227865,0.30185876725073757,0.15102946476540202,1,29.4,2026-10-01
Jacob Quillan,TOR,OTT,1.0,C,12.073918313565882,0.34965614300765485,1.29634583166493,0.9884835763640832,0.14186039851649798,0.20075473298832677,0.34261513150482475,0.4900452172797919,1.513125158035745,0.27430372518459223,0.3112292022358742,0.5289262237146569,0.1322576138448186,0.1818869369050995,0.29008861848530654,0.15783100464048794,0,16.6,2026-04-15
Alex Steeves,BOS,MIN,0.0,C,12.051253208108644,0.8940114301166728,0.28612109531176744,1.3044919914634259,0.15703442646502258,0.20978626912175222,0.36682069558677477,0.49321432888306294,1.8767522131354284,0.4092680500806551,0.21633754521231918,0.42223523725913553,0.14532536511521654,0.18924248863160453,0.307066119991121,0.16174075487590445,0,24.8,2026-04-12
Carl Grundstrom,PHI,CAR,1.0,R,12.020878633833245,0.331424195446945,0.4448513439330876,1.3153102850172167,0.1774374145443637,0.18244961289538142,0.3598870274397451,0.4761251528231205,2.3389809934276644,0.36159606305995406,0.23039405662467885,0.5289620124510478,0.1625865924045904,0.1667733732521619,0.3022448511958643,0.13965825879127391,2,29.3,2026-10-01
Liam Foudy,NYI,NJD,1.0,C,12.009515960534172,0.44216936035766913,0.5315798140047617,1.1562923080349814,0.15532053122061243,0.21149519131559036,0.36681572253620276,0.4205681217771869,0.8378339442995051,0.21517136117594227,0.33206041934453967,0.3480535348167456,0.14385928632911593,0.19062682693647304,0.307062673987324,0.16320338765820808,0,27.4,2026-04-14
Josh Samanski,EDM,SEA,1.0,C,12.002101750149428,0.3300781279398705,0.7079491536783441,1.0071851540989625,0.14561411453177456,0.20198933866422997,0.3476034531960045,0.5157330136712297,1.0490402751439984,0.2674316152205299,0.3116284452048712,0.5060220051738273,0.135508766567344,0.18289636068794324,0.29362106700880797,0.15811230044146396,1,17.0,2026-10-01
Dylan Duke,TBL,WSH,1.0,L,11.991269913069859,0.9653765243410027,0.3051141523300446,1.4613985958872862,0.1872937855028354,0.228742865862774,0.4160366513656094,0.3504124260398215,1.1048782621675488,0.3275057834041928,0.2839761196920234,0.49546656065405736,0.17079990636865683,0.20446693408362637,0.3403439072553135,0.16954400088665667,0,2.9,2026-04-07
Dylan McIlrath,WSH,TBL,0.0,D,11.9774273397662,0.19294061300249815,0.4512371588602761,0.7311071331929151,0.03556158546680971,0.13283053505582612,0.16839212052263583,0.9474940037103339,1.4898366395347922,0.708858678501727,0.15313162532565328,0.5476899093854722,0.03493670147390915,0.12438653467659433,0.15497758092113323,0.12004087944722408,0,21.8,2026-04-14
John Beecher,CGY,VAN,0.0,C,11.96074147930089,0.3544802385330785,1.38441767816045,1.1501198573032354,0.14935780052041175,0.20498669090110255,0.3543444914215143,0.6843319097619336,0.8208625589977336,0.3379244730780573,0.23473296374772515,0.44771945281987086,0.13873909983573884,0.1853418412947344,0.2983667809073435,0.15962768107160463,0,29.3,2026-04-09
Colton Dach,EDM,SEA,1.0,C,11.945310948274987,0.579677563225795,0.24765834913199364,1.1747566802894485,0.1593371826225497,0.21555793535231513,0.37489511797486486,0.4351217794729148,2.308962734519005,0.38677008920998635,0.2746691107015195,0.4991462618225275,0.1472912080961779,0.19390843229370724,0.3126386331373091,0.1653474250411312,2,28.0,2026-10-01
Lane Pederson,PHI,CAR,1.0,C,11.943813100606375,0.7540538433997418,0.3224781218095009,0.9809424067215673,0.15373135882753278,0.21365105960761643,0.3673824184351492,0.5013765772546379,1.9173622585535897,0.4159503142382658,0.2519769404943839,0.48030025022665246,0.1424976494910868,0.19236984935821455,0.3074552474828013,0.1649575979917145,0,19.7,2026-01-28
Florian Xhekaj,MTL,PIT,0.0,L,11.926296611742503,0.6737330985542566,0.24278462787792934,1.3223385166066932,0.16792045838939665,0.20982370035632247,0.3777441587457191,0.46030877330228015,1.1946103065194036,0.42795112395484886,0.2195956896645188,0.4933625504266715,0.1545789218355088,0.18927283571822417,0.31459416667566054,0.16001524484015173,0,4.7,2025-12-02
Brendan Gallagher,VAN,CGY,1.0,R,11.923645016991376,1.083523666629959,0.22047748399402087,1.5650653796982372,0.19652617584089432,0.23109746332351844,0.42762363916441276,0.37141836063791134,1.2276767202536918,0.4126136719168747,0.22773867032901357,0.5180096832842376,0.17842017452900516,0.20633789068134223,0.34794322274303546,0.1695230482140303,2,29.4,2026-10-01
Tyson Kozak,BUF,CHI,1.0,C,11.89321489154942,0.3613256405312595,0.9695707449000381,0.9896858575415035,0.14020372422127522,0.19755185868192068,0.3377555829031959,0.5470699112281875,1.839540628951861,0.20741732539963886,0.2851172494527107,0.5551704277574728,0.1308188558912049,0.1792624228448626,0.28663037367521715,0.15581151778401225,0,26.5,2026-04-15
Mathieu Joseph,EDM,SEA,1.0,R,11.871946036203504,0.3495003108075535,0.5300288639651676,1.074399686843822,0.14149567569407398,0.19836932410895625,0.3398649998030302,0.5232258160141567,1.794603441915684,0.3048909413660092,0.29452907006244866,0.47389660298188974,0.13194107067085226,0.17993307328473485,0.2881335816173022,0.15619251094644993,2,29.3,2026-10-01
Joshua Roy,MTL,PIT,0.0,R,11.861357553671871,0.5722214623804948,0.12032156720350132,1.3387871877685553,0.1805147256253676,0.19195422946270455,0.37246895508807215,0.5419049406571944,0.9389640097703975,0.28676218850867075,0.24476401029938913,0.43979931669337025,0.16515961294035364,0.1746553559050149,0.31096895786613654,0.1458093449257829,0,21.5,2025-11-20
Mikael Pyyhtia,CBJ,UTA,1.0,L,11.854530416957964,0.3364982194505029,0.8924871216618921,1.0772880109880123,0.13914195943541824,0.16694040811455815,0.3060823675499764,0.5392932830923222,0.792207978874052,0.25489908512204124,0.27476821990179545,0.4896375608086767,0.1298954998531413,0.15374996052997314,0.26367403240767295,0.13377853255453165,0,26.9,2026-01-15
Ethen Frank,WSH,TBL,0.0,R,11.845903651205505,1.1812748918301053,0.13483725759754747,1.3537865436271086,0.17899715220723236,0.2044475332155668,0.3834446854227992,0.6082631773309294,0.9413773784393556,0.35980793734627065,0.1924620610633117,0.4350749836676255,0.1638917195432409,0.18490249365919975,0.31849022556880113,0.15459850602556025,0,27.9,2026-04-05
Boris Katchouk,TBL,WSH,1.0,L,11.812830885102242,0.3579293008628637,0.5111294025993188,1.2665882803408404,0.14814058643223424,0.18889146834729081,0.337032054779525,0.3089265274721357,1.249630680432679,0.2677068828839756,0.2999018834483109,0.41709550186841604,0.1376901226490722,0.17212364739212993,0.28611404392097406,0.14842392127190185,0,28.9,2025-11-16
Conor Geekie,TBL,WSH,1.0,C,11.81158080944137,0.6838205949256665,0.19478332172359636,1.1553763536477968,0.1536496015052377,0.20801210571961623,0.3616617072248539,0.4497708863080592,1.527725347753193,0.34241035386186136,0.2498672439428328,0.5465132647559635,0.14242753952908516,0.1878027955792041,0.3034820450172595,0.16105450548817435,1,26.5,2026-10-01
Isaac Howard,EDM,SEA,1.0,L,11.782515545356631,0.8854913639629199,0.12347972238251473,1.5729904778398467,0.18246112028157094,0.22473759902496934,0.4071987193065403,0.30045148311858655,0.7717326429538272,0.30392149480157493,0.2084009380408199,0.5374682354862574,0.16678296145757154,0.20127422231321168,0.33448807290831617,0.16770511145074463,2,19.3,2026-10-01
Jani Nyman,SEA,EDM,0.0,R,11.761428913968695,1.012815473070607,0.119821774779328,1.3103556602897193,0.1776510588948966,0.2138227698913826,0.39147382878627923,0.3523897998353148,0.8947643019756755,0.31439166674497326,0.18071640396721086,0.4549966268396072,0.16276548193813412,0.19250851585498696,0.3239402564327891,0.161174774494655,0,22.0,2026-04-16
Zack Ostapchuk,SJS,LAK,1.0,C,11.742299764466212,0.3614098121255226,1.5254167748487917,0.9918419021314391,0.1343740047385277,0.17912796874395726,0.313501973482485,0.5427572187701731,1.5895370502802768,0.41911439422376245,0.23891368045423855,0.4342178648371505,0.12573697506409198,0.1640010891789827,0.2691170633824931,0.1433800883184011,1,28.9,2026-10-01
Quinn Hutson,EDM,SEA,1.0,R,11.741369723189788,0.6416268283232225,0.22281814847654235,1.3749280765481184,0.17832560189109892,0.21590608581478393,0.39423168770588285,0.33681480752657755,0.9055300768478864,0.3147476565094998,0.24537404058361628,0.5885565662843425,0.163330042186984,0.19418902459879184,0.32580216520580585,0.16247212301882186,0,5.5,2026-01-03
Jacob Moverare,LAK,SJS,0.0,D,11.731081209649663,0.18309767245205122,0.40772640635616225,0.7536509688016316,0.034814754620910854,0.15356087858165574,0.1883756332025666,1.0352069627634588,0.5506927092997171,0.2501224426003106,0.16052444106106045,0.4713138660452883,0.03421569323223972,0.1423514498178079,0.17169648951191685,0.13748079627967713,0,28.1,2026-02-28
Sam Poulin,PIT,MTL,1.0,R,11.704850116458061,0.5182680621951259,0.3031862591409757,1.1849880854027637,0.16072146969168608,0.21530921506062536,0.37603068475231144,0.37852970404069985,1.2537031587368888,0.36358363326885984,0.26800183617735895,0.5525809762440641,0.14847078522550194,0.19370791602866044,0.31341873485699157,0.16494794963148962,0,11.9,2025-11-22
Jack Finley,STL,COL,0.0,C,11.698812551352235,0.3556241440701957,1.0838737800679308,0.9057224379718444,0.11388147723580666,0.1587026706704154,0.2725841479062221,0.3945407550476093,1.3096215351833187,0.47966078768736575,0.1948747062709444,0.3753827108195197,0.10763628497097766,0.14674998248712445,0.238590644523632,0.13095435955265433,0,23.2,2026-04-16
Nico Sturm,MIN,BOS,1.0,C,11.696965709715503,0.30217378251106364,1.4728212358438464,1.018547469976041,0.152519433929992,0.19601912795322968,0.3485385618832217,0.40940657987008183,1.1991880551076828,0.3607198800824196,0.2690013830436626,0.44508920596490825,0.1414577910549163,0.17800348858301518,0.29428129934290914,0.15282350828799285,0,29.4,2026-04-14
Andrew Mangiapane,CHI,BUF,0.0,L,11.696531325096709,0.3869404870942513,0.17731937552973842,1.1302166976094405,0.14912610605717058,0.1729963571351115,0.3221224631922821,0.4226007818102864,1.1587534623263367,0.4379420293128462,0.18921432428782248,0.43961139454184317,0.13853952733473573,0.15885932099911215,0.2753905530899138,0.13685102575517805,1,29.4,2026-09-29
Jakob Pelletier,TBL,WSH,1.0,L,11.680360053604025,0.6310592523175091,0.21631864231501582,1.2487131259166229,0.16950534677631596,0.21092581695099147,0.38043116372730745,0.386127022711914,1.0503503833010033,0.28530006385221396,0.2347295095391511,0.523608616184256,0.15591775865063962,0.19016585938123542,0.31643338346528016,0.16051562481464055,0,28.1,2026-04-15
Adam Klapka,CGY,VAN,0.0,R,11.674429485020168,0.46779306818727756,0.11738571131347734,1.2601575341032525,0.161863837146761,0.2218871999255519,0.3837510370723129,0.5297450748434278,2.4008921655613102,0.5618837606044451,0.1894832498788033,0.48208699486796347,0.14944298907475984,0.19899428725705948,0.31869897523532287,0.16925598616056303,1,28.8,2026-10-01
Cameron Hughes,DAL,NSH,0.0,C,11.670621489958345,0.7835152762375956,0.507791661630849,1.256286346602209,0.16718560086658643,0.22604537392891016,0.3932309747954966,0.4747816704941001,0.9123599785831134,0.29844277814190384,0.23262894734321102,0.42223351683302157,0.1539574294700753,0.20231809311760507,0.3251271490360066,0.1711697195659313,0,2.9,2026-04-11
Mattias Janmark,EDM,SEA,1.0,C,11.667375565806205,0.30455915358413077,1.3394411922690228,0.8453913003889586,0.12600826085378153,0.19299983461203024,0.31900809546581177,0.3518511698449345,0.5947811460996367,0.26146086770334226,0.25388996561552346,0.4335143001304377,0.11839243607784344,0.17551788950148073,0.27313033506600215,0.1547378989881587,0,29.4,2026-02-25
Olle Lycksell,OTT,TOR,0.0,R,11.662481696902736,0.7094014058963801,0.1189781723802948,1.2612409646105194,0.1679799211832114,0.22106916142139266,0.389049082604604,0.3561226467200889,0.7238242740473476,0.2841062927635134,0.21135894524203405,0.4600306179338641,0.15462919144016596,0.19833876565758546,0.32229899413287844,0.16766980269271248,0,24.5,2025-12-20
Nick Bjugstad,NJD,NYI,0.0,C,11.65787824591437,0.33096671020737817,0.4997760591689176,1.1654800057405246,0.13015906217758114,0.1702630949921107,0.30042215716969184,0.4675019642090967,1.262865696852521,0.3578445120421878,0.2339162530691794,0.4334672161936148,0.12204422974314588,0.15655711819563645,0.25949445503778923,0.13745022529464335,0,29.4,2026-04-14
Evgenii Dadonov,NJD,NYI,0.0,L,11.64341968296452,0.7195160649811387,0.11721118267176575,1.1902814509971047,0.14647273592829044,0.17414392807230514,0.3206166640005956,0.4186043627483412,0.6708842420483269,0.25610151310648493,0.16697253707619134,0.5218476100830085,0.13625071866391458,0.15982403595113315,0.2742986148569385,0.13804789619302393,0,29.3,2026-04-14
Xavier Bourgault,OTT,TOR,0.0,R,11.634277675014763,0.9914998149111254,0.3572941779478982,1.5847751627547253,0.19355484326277672,0.23572567843300982,0.42928052169578657,0.3331765496381432,0.990210448883125,0.3186628795405825,0.23474455138396633,0.4364735138703236,0.1759753572441728,0.21000264247601308,0.3490227096882492,0.17304735244407643,0,2.0,2026-01-28
Tanner Pearson,BUF,CHI,1.0,L,11.629550318637,0.43886254844265643,0.6385867304924713,1.331507758158749,0.17343849048216667,0.22450417240642337,0.39794266288859004,0.36505718025116163,1.3340979810833091,0.3336078427956294,0.21930338226874468,0.49288572577408857,0.15923113514109066,0.2010877566936079,0.32829946007339994,0.16906832493230928,0,29.3,2026-04-15
Martin Pospisil,CGY,VAN,0.0,C,11.606507429828756,0.37288929643558333,0.3444035489676573,1.1984250127135194,0.1487566118212554,0.21894349594028228,0.3677001077615377,0.3454145462732694,2.344531465908388,0.45692037318173345,0.20359360431685147,0.3903654651185849,0.1382211638425016,0.19663288962562808,0.3076752266143612,0.1694540627718596,1,29.3,2026-10-01
Sacha Boisvert,CHI,BUF,0.0,C,11.554459176235884,0.5320592776293306,0.3448245016624005,1.2156881383222824,0.14827475251205963,0.2023759022472171,0.3506506547592767,0.38175217816924617,1.054437914729877,0.4475569299512836,0.22458572056130216,0.4317795139108819,0.13780580762423777,0.18321216215582148,0.29577026980759347,0.1579644621833557,0,6.3,2026-04-11
Dryden Hunt,CGY,VAN,0.0,L,11.553242467938874,0.3707232337435612,0.11690913215156191,1.233646334850337,0.1668087692522876,0.22607424591070222,0.39288301516298985,0.3901694528624111,1.839024685144973,0.37857238563414825,0.2799970556414163,0.40484800915711916,0.15363855380501457,0.20234112344262933,0.32489227966663636,0.1712537258616218,0,27.0,2026-01-15
Dmitri Voronkov,CBJ,UTA,1.0,L,11.550733389977122,1.1550536666092135,0.11747984515571533,1.3470430939010967,0.18984344307591292,0.22570991488769965,0.4155533579636126,0.41750832138282007,1.3441318718970665,0.41289198060703536,0.20807878471620103,0.46939433716362156,0.17291138974333953,0.20205045862223558,0.34002502276692526,0.16711363302358573,1,29.3,2026-10-01
Riley Tufte,BOS,MIN,0.0,L,11.545644644819447,0.900702712510708,0.14036752694036322,1.1847480822003762,0.1479586086054434,0.18408071175072682,0.33203932035617023,0.3393934137947984,1.15947355585382,0.3595777956496424,0.19692839666367018,0.3973591325974262,0.13753318709260898,0.1681313404588446,0.2825408884479961,0.1450077013553871,0,13.6,2025-11-28
Michael Eyssimont,BOS,MIN,0.0,C,11.530209348196134,0.5200039525785907,0.23253192751647417,1.6750474454186994,0.15575256552883468,0.18925414441538285,0.34500670994421756,0.43753053285546595,1.020431035603683,0.4143605318789392,0.18975341498511802,0.506280307305745,0.14422908860070127,0.17242384389222642,0.29178439863532235,0.14755531003462108,0,29.4,2026-04-14
Adam Gaudette,SJS,LAK,1.0,R,11.513773440159923,0.5258559563160524,0.13058541182474195,1.4295670257635682,0.1887806990546973,0.1880324158961951,0.3768131149508924,0.5257999034389486,0.9107883740182302,0.28460924276657434,0.24068188035015023,0.47460953421336016,0.17203193903505543,0.1714121526203093,0.3139557266659201,0.14192378763086466,0,29.2,2026-04-15
Joakim Kemell,NSH,DAL,1.0,R,11.506529169863727,0.6658529785596247,0.6126283416522751,1.2671533788743072,0.1547442129167941,0.19581729862331518,0.3505615115401093,0.3830516301413602,1.3778851596678627,0.2619629377285699,0.2633353944432002,0.4609276904248708,0.14336573455738422,0.17783756883475133,0.295707489704242,0.15234175514685777,0,13.6,2026-04-16
Rodrigo Abols,PHI,CAR,1.0,C,11.49722745882971,0.34429498477882153,0.8678374513695122,1.1011496117962611,0.14513799862451682,0.20305349974290335,0.34819149836742014,0.5753531488584658,1.1615890498073667,0.37757211368322774,0.27776853421599196,0.46762270250030796,0.13509707053968512,0.1837654280822798,0.2940363276215777,0.1589392570818926,0,26.2,2026-01-17
Joel Kiviranta,DAL,NSH,0.0,L,11.494869971067564,0.341715585752088,0.9461297332229335,1.2710602373942397,0.15381730194047566,0.1851150788054927,0.3389323807459683,0.37391194384988546,1.0737864666474313,0.27805016761355417,0.21520260570226435,0.4412321638092518,0.14257134274568617,0.16899135313309932,0.28746937175018905,0.14489802900450288,1,29.4,2026-10-02
Joseph LaBate,VAN,CGY,1.0,C,11.469094768511605,0.5320592776293306,0.3448245016624005,1.2431457581491143,0.16359163346565664,0.22529564700651944,0.3888872804721761,0.7388450735065195,1.310098122765598,0.41922865117377367,0.26692490981196804,0.43392529137103864,0.1509113095026532,0.20171982527578092,0.3221893317934196,0.17127802229076639,0,6.3,2025-10-21
Adam Erne,DAL,NSH,0.0,L,11.46463781861001,0.34998964469386346,0.19039690307221355,1.2158251225530083,0.15570249657832902,0.1733856936129358,0.3290881901912648,0.45520058816338205,2.0491951883467627,0.4003924966609685,0.21780467912398763,0.3945344235860429,0.1441862399766104,0.1591867440054331,0.2804204459097809,0.13623420593317048,0,29.0,2026-04-15
Hugh McGing,STL,COL,0.0,L,11.453252700975149,0.6811057745447853,0.18636280893176843,1.2503334445625736,0.14731704883520075,0.1769605143618238,0.32427756319702455,0.491317101979917,0.9800132713012141,0.29919447943469846,0.291800848639779,0.4402467381739035,0.13697968554910167,0.16218713455445677,0.27695047741217904,0.13997079186307737,0,7.9,2025-12-15
Xavier Parent,NJD,NYI,0.0,C,11.439789465196142,0.630560939966858,0.4040586405680841,1.1173828734843432,0.14276589128818984,0.19591459709722273,0.33868048838541254,0.4124302343972859,0.9688418000986451,0.3102188137516197,0.24355474128732213,0.39303421921726434,0.13304299267208508,0.17791756009303095,0.28728986812142365,0.15424687544933857,0,4.7,2025-12-19
Arthur Kaliyev,OTT,TOR,0.0,R,11.439695348582557,0.7761691726496385,0.11675155863315796,1.7288244285079082,0.18341007657805677,0.20693887003009503,0.3903489466081518,0.2825842296723937,0.7415296802845064,0.2654452963589081,0.17488838683341013,0.36676900803640006,0.16757327296778624,0.18693064862658648,0.3231793409860244,0.15560606801823818,0,28.9,2025-10-18
William Stromgren,CGY,VAN,0.0,L,11.429772285463196,0.8466990066827189,0.30511415233004446,1.3825121950605799,0.19355971368389066,0.23927084287054318,0.4328305565544338,0.3379641666549713,0.8913243890523792,0.3156956573777384,0.21138253716287284,0.3881204783085672,0.175979370581418,0.21279835445622142,0.351329604559672,0.175350233978254,0,2.9,2026-01-13
Nicolas Aube-Kubel,MIN,BOS,1.0,R,11.426740703917602,0.38969431364134566,0.13298033319401695,1.1796913506732831,0.14743815280681927,0.18620259811437265,0.33364075092119194,0.37453336280494526,1.745635772789848,0.47793925398211323,0.3492347974901375,0.4478326682438001,0.13708419440842246,0.16989459984427147,0.28368892989870065,0.1466047354902782,0,29.1,2026-04-14
Brett Leason,WSH,TBL,0.0,R,11.409735994256954,0.5397762968349766,0.8399154744822053,1.0197862180131294,0.12523764235789323,0.1636411869147577,0.28887882927265096,0.5228736777042855,1.0808089588835852,0.34686807114452584,0.18375044941107133,0.40034472726801074,0.1177127911431255,0.15095338373338985,0.2508970307447588,0.13318423960163328,0,29.3,2026-01-17
Jake Christiansen,CBJ,UTA,1.0,D,11.374664877159146,0.17871781060754613,0.4528518616142958,0.7770318870028577,0.03376398114594225,0.1410760040779868,0.17483998522392905,0.8660303627254752,0.8381923624507827,0.24742948560440842,0.15335512120098158,0.5175469310336843,0.03320033934010158,0.13157669452330634,0.16040864295598523,0.12720830361588364,1,29.2,2026-10-01
Luca Del Bel Belluz,CBJ,UTA,1.0,C,11.344939636057388,0.6629477672790144,0.20712351361849377,1.091384674980966,0.14010787352411863,0.20601337296242822,0.34612124648654685,0.5621138839071185,0.6713904313485769,0.2617225944284001,0.24246222675982176,0.4049397961576091,0.13073554027972079,0.1861778070034602,0.2925732910964901,0.16183775081676932,0,19.0,2026-04-02
Kyle MacLean,NYI,NJD,1.0,C,11.339028135463192,0.3219797143454912,0.21450433054630746,0.9872497332224378,0.1374260845757743,0.19090784443824413,0.3283339290140184,0.454415877209499,1.54448819734844,0.316719993175966,0.24426800800434456,0.5470175332357051,0.12840122779076657,0.17379127562792607,0.2798774902487434,0.15147626245797685,0,29.3,2026-04-12
Landon Slaggert,CHI,BUF,0.0,L,11.330290736323073,0.32756621535752906,1.1162918331342262,1.0659252052394543,0.13199931400512768,0.15206851531415216,0.2840678293192799,0.38962308407609136,1.2096558676314775,0.3046764844703338,0.19051414387231155,0.32706863051625523,0.12365840375499149,0.1410705710946355,0.24728441321125938,0.1236260094562679,0,28.5,2026-04-15
Brennan Othmann,CGY,VAN,0.0,L,11.312455602915378,0.5899664615873879,0.15297474318575704,1.20747685465652,0.1715457283877121,0.2052665312385806,0.3768122596262927,0.3761222523400018,1.522722583491622,0.3439016728627069,0.17537361256610198,0.35193507442864697,0.15763825270528853,0.18556978361358045,0.3139551398751257,0.15631688716983716,0,23.0,2026-03-30
Miles Wood,CBJ,UTA,1.0,L,11.247899997791341,0.3344118783595771,0.29999648610817287,1.2961759382878375,0.157106726164112,0.17891280652991057,0.33601953269402257,0.3911288174322805,1.160468436118086,0.39489953917229764,0.20707388959852888,0.5264430646679981,0.1453871556003944,0.1638211944498098,0.2853908525620872,0.1400036969616928,0,29.3,2026-04-14
David Tomasek,EDM,SEA,1.0,R,11.190750882386503,1.1767164469612506,0.14231150788455635,1.4503317028408595,0.182882586301723,0.21432107448136417,0.39720366078308716,0.33352806403722207,0.9381477796048577,0.32073735501705397,0.22903560187826233,0.5128332670242406,0.1671340601334509,0.19291079233147612,0.3278028884990063,0.1606688283655554,0,15.7,2025-12-13
Nils Aman,VAN,CGY,1.0,C,11.17604153611505,0.3067758697941288,0.4345102150239128,0.9083441452776837,0.13541897311447187,0.20201041719790327,0.3374293903123752,0.3902019866229717,0.9603149230536074,0.2419286392187964,0.252631285845505,0.34774863515840715,0.1266500751139803,0.18291358385299894,0.28639763983262956,0.15974756471864926,0,29.1,2025-10-23
Sam Carrick,BUF,CHI,1.0,C,11.172936789956065,0.30266958052742365,0.8394002215905998,1.2024163581380651,0.15705026376506587,0.18910615656233787,0.34615642032740374,0.3831887057195525,1.2948818507933273,0.4884614080022194,0.25111288938135456,0.46449524633967004,0.14533890074666445,0.1723013636110794,0.29259817357335827,0.14725927282669382,1,29.4,2026-10-01
Hendrix Lapierre,PIT,MTL,1.0,C,11.159525300782821,0.4931077870532132,0.19936114305212102,1.0204148052155737,0.15208993935171955,0.22964483815835854,0.3817347775100781,0.39076529267172927,0.9931466990222712,0.3515165352041132,0.20895965699603852,0.5141285619093559,0.14108897263386977,0.20518415936201384,0.31732390975075286,0.1762349371168831,1,29.2,2026-09-30
Paul Cotter,VAN,CGY,1.0,L,11.134340701012043,0.374895967718692,0.3744958847175198,1.1174542617768664,0.17137945814734237,0.17883217841094343,0.3502116365582858,0.3242992946408138,1.6860279613633327,0.2625809526074669,0.2128817449086347,0.450733823810577,0.15749818137056304,0.16375377220757026,0.29546103226287157,0.13796285089230853,2,29.4,2026-10-01
Oscar Fisker Molgaard,SEA,EDM,0.0,C,11.132811222612974,0.4136729040470819,0.30903891392062977,0.9547779950273773,0.13832385426155766,0.2001065878155226,0.3384304420770803,0.490094075957426,0.8169119404561755,0.27801223471702474,0.22181371590817686,0.4620503874336005,0.129183371601587,0.18135650899387046,0.2871116353017358,0.15792826370014879,0,10.6,2026-04-13
Matt Luff,STL,COL,0.0,R,11.129612066932976,0.41513221487317636,0.12972444350220153,1.2240243634684034,0.1357963567094355,0.15607460113880364,0.29187095784823913,0.5138182957180685,1.1332329829494883,0.2573799172259483,0.26458592838352324,0.33157182489421144,0.1269796008655777,0.1445046329382218,0.2531350931900772,0.12615549232449952,0,16.6,2025-12-18
Ross Johnston,STL,COL,0.0,L,11.118766587754822,0.34756232415293237,0.11674149501361109,0.8565790995075369,0.11332415088151952,0.15564635146566735,0.2689705023471869,0.40774218422733266,2.2254357595600904,0.6858075189566623,0.1736194884580026,0.47429016042286465,0.10713880853949631,0.14413818886773166,0.23583420358689833,0.12869539504740202,1,29.3,2026-10-02
Mitchell Chaffee,TBL,WSH,1.0,R,11.102728424184884,0.913886103789931,0.16462496380411815,1.182591063733215,0.15627748092191715,0.19517296510254406,0.3514504460244612,0.3688747545872563,1.6309257463042444,0.3062255681332947,0.1884668024678353,0.48307626700351297,0.14467817804775351,0.1773076513173566,0.2963332814185886,0.1516551033708351,0,28.6,2026-04-15
Justin Kirkland,CGY,VAN,0.0,C,11.033797328654087,0.3235065334992766,1.1949634520970316,0.9204341799575189,0.1400542900262385,0.203041565153298,0.3430958551795365,0.48268995419958827,1.177440618617129,0.28017357322360587,0.20519735270047063,0.44983422861315153,0.13068896080145154,0.18375568659951202,0.29042980767791615,0.15974084687646462,0,24.2,2026-01-29
Patrick Giles,SJS,LAK,1.0,R,10.991385564329612,0.3860256941966382,0.5025664740166464,1.217624104205419,0.14919728077126665,0.1824690687691784,0.33166634954044505,0.42815767223081497,1.0646650478691233,0.2395988171256353,0.21928036662474645,0.4512658746827569,0.13860083935562406,0.1667895842465561,0.28227324722983194,0.14367240787420787,0,14.7,2025-11-02
William Carrier,CAR,PHI,0.0,L,10.976334449876928,0.3404042166239291,0.17478822204436759,1.16673750843748,0.14584868369791348,0.1918405257625161,0.3376892094604296,0.31146062954072395,1.8495822037626888,0.29696173977867263,0.19082965866994034,0.33565065180350345,0.1357115257736461,0.17456150582960128,0.2865830233057669,0.1508714975321208,2,29.3,2026-10-02
Alex Barr-Boulet,COL,STL,1.0,C,10.968983409919908,1.1503071319650362,0.1990640172795832,1.113716632702735,0.159530598404268,0.22159071683389778,0.3811213152381658,0.31243142013316755,0.8521177786278188,0.2585710524918055,0.299980080710043,0.35632820784697483,0.14745611948499537,0.1987567673983417,0.31690498524139576,0.1694488657564004,0,22.3,2026-04-16
Zachary Aston-Reese,CBJ,UTA,1.0,L,10.933603209906911,0.36704016647112825,0.5016281872685815,1.0227619073177199,0.14412552581449384,0.17831754726459326,0.3224430730790871,0.5182417304940206,1.8866515558413375,0.33945871247771225,0.21219868106143872,0.43921246903221034,0.134220936384136,0.16332330309582488,0.27562283280508926,0.14140189642095324,0,29.3,2026-04-04
Ozzy Wiesblatt,NSH,DAL,1.0,C,10.885427734631039,0.3096603882398675,0.7676467508232352,0.8707166387645799,0.1183895662505328,0.17165320792079145,0.29004277417132424,0.40842467126022713,1.766121620805572,0.43844583188400904,0.2534538003263467,0.41460833911854,0.11165008594813441,0.15772878448732774,0.25176843809095717,0.14011835214282276,0,23.2,2026-04-16
Juho Lammikko,NJD,NYI,0.0,C,10.855394867199024,0.34997004596820724,0.232345582947123,0.908646518785851,0.12335367172634788,0.16937536727698624,0.29272903900333413,0.4704034317036717,1.1884917909526904,0.2647205070569089,0.19138941593217845,0.32594483382558664,0.11604902119830196,0.1558080381329614,0.2537756890111055,0.13772666781280352,0,16.6,2026-02-03
Andre Lee,LAK,SJS,0.0,L,10.842735894792082,0.3621769959594873,0.12789233553520082,1.1858463243865889,0.1640922581641763,0.19243358334025668,0.356525841504433,0.4193583146445529,1.3173673127450054,0.3653687506851735,0.2430326642666026,0.37989374221334005,0.15133627788863924,0.1750508932517244,0.2998956205145661,0.14855934262592685,1,17.8,2026-09-30
Jared Davidson,MTL,PIT,0.0,C,10.83933849969507,0.4519134359759414,0.2953867354466264,1.1069936412895793,0.14091299819922448,0.19046062460903793,0.33137362280826244,0.3598546548302346,1.0985263054975343,0.3894026529124531,0.21303951903042198,0.43276864086339906,0.131435124881231,0.17342169606782964,0.2820631186692705,0.15062799378803948,0,8.6,2025-12-11
Matj  Blmel,BOS,MIN,0.0,R,10.826091887953961,0.8546459981713384,0.14298659464796834,1.339378705232967,0.15375778002416546,0.1759979550367319,0.3297557350608974,0.34516093414954246,0.8831982416501692,0.27521893952523857,0.21240040748183203,0.43246423427827924,0.14252030543000271,0.1613803017182006,0.2809006372569395,0.13838033182693676,0,13.1,2025-11-26
Josh Dunne,BUF,CHI,1.0,C,10.824935322440728,0.3431706469795226,0.2910272515742335,1.1290194428245584,0.1486747990215913,0.1920668409807124,0.34074164000230367,0.4253573105613354,1.2178167237470308,0.4398613389107553,0.2466879890500493,0.44127639803015434,0.13815065641905877,0.17474829398521874,0.28875735888210885,0.15060670246305008,0,23.0,2026-04-15
Ivan Miroshnichenko,WSH,TBL,0.0,L,10.790931151572673,0.5091453359803426,0.11778339844057462,1.1397661578607892,0.15276688541437036,0.16662790616012282,0.3193947915744932,0.4138069602136767,1.374969217708065,0.30141441274735914,0.19902570631587863,0.420691702917016,0.1416702123158592,0.15348546441307354,0.27341135839813435,0.13174114608227516,0,24.5,2026-04-14
Noah Philp,CAR,PHI,0.0,C,10.775305734156312,0.3292963715199909,0.6964913883454547,1.009257207279409,0.12248108608260007,0.16535135077789537,0.2878324368604954,0.3256448041195207,1.149764305685073,0.272252705383856,0.23048562229650807,0.40300915229136597,0.11527736164386038,0.1524041516955933,0.25011276482841505,0.13483540318455467,0,19.7,2026-01-06
Owen Beck,MTL,PIT,0.0,C,10.737944595873753,0.3250380778400816,0.20908566865354006,0.9812780670944895,0.13199239356499273,0.17197266780505388,0.30396506137004664,0.4964840494827036,1.2061703764955614,0.2826401794672047,0.2053385082484721,0.5225573251514866,0.12365233906445172,0.15799781337809582,0.26211335325127727,0.13846101418682555,0,18.2,2026-01-12
Kevin Rooney,UTA,CBJ,0.0,C,10.708543779401607,0.35090001309270036,1.4035914531230187,0.9920828792898385,0.12772127437502712,0.16194655945545744,0.28966783383048456,0.4664935147354325,1.0990650885246334,0.21765718112247642,0.216587707979377,0.4118220481513999,0.11990134899218086,0.14951334620428924,0.2514878432942408,0.13158649430205993,0,28.9,2025-11-28
Mackenzie MacEachern,VAN,CGY,1.0,L,10.672533784839835,0.406542538183799,0.1680793031700401,1.1693786281931817,0.15216896583429204,0.20262729415551656,0.35479625998980857,0.42861955041232924,1.078993496878447,0.28108276755363387,0.2627460814284043,0.42455757034870045,0.14115684666924677,0.18341747020158095,0.29868368515312205,0.15752683848387528,0,12.5,2025-11-23
Jacob Gaucher,PHI,CAR,1.0,C,10.643415297556114,0.508456924402942,0.474766211229248,1.0727996140473586,0.14307598349126685,0.1940632672802042,0.33713925077147106,0.4497376477180608,0.9666656851755887,0.24267864952814996,0.24268025619870282,0.4531473752967075,0.13331178760270046,0.17639420467843192,0.28619056553269395,0.1528787779299935,0,7.1,2026-04-14
Tristen Nielsen,COL,STL,1.0,C,10.6411742858285,0.690978543637676,0.4478191472027403,1.189582561189696,0.15211660678921657,0.21754418571280915,0.3696607925020257,0.3759913496229702,0.9760399208800232,0.2508374704091562,0.2460349370015004,0.45143590407735407,0.14111187728460206,0.1955079429205111,0.30903132735554895,0.16791945007094689,0,3.8,2025-11-23
Connor Clattenburg,EDM,SEA,1.0,C,10.635989806185487,0.6607539285823504,0.4316977901514005,1.1758238363424636,0.1636501053797318,0.214223401152551,0.3778735065322828,0.4104672375386473,1.2095635234852402,0.42196123234733446,0.2425885921395046,0.4855725440419315,0.15096095589213232,0.19283195739194114,0.31468281666963505,0.16372186077750273,0,4.7,2025-12-04
Liam O'Brien,UTA,CBJ,0.0,C,10.628002767266914,0.3109430650845502,0.19444625753385947,1.117297286285468,0.1392917592336224,0.16275770147371668,0.30204946070733907,0.4392515002622394,1.9995137736903075,0.42103533692678596,0.1591850032937648,0.35119967387691287,0.1300258315696038,0.15020293195135492,0.2606985023897911,0.1306726708201873,0,29.3,2026-04-16
Arshdeep Bains,VAN,CGY,1.0,L,10.61306255062083,0.44747719676697273,0.3360596668018533,1.0544097666067254,0.1515323824870173,0.19114590100639345,0.3426782834934108,0.3372864133897541,0.917942360196154,0.32166723209305226,0.24933676232549348,0.4541963390831311,0.1406099473648893,0.1739879366322744,0.29013344938517394,0.14952350202028464,2,24.3,2026-10-01
Ryan Lomberg,CBJ,UTA,1.0,L,10.611703261199892,0.335013527294794,0.1345773711082012,1.130223872568842,0.14030800693992823,0.17051378959961544,0.31082179653954367,0.3320072867808919,1.5790558780608417,0.40642242131404077,0.18699020152662563,0.38612101120112174,0.13090949173795619,0.15676853827579884,0.26715554034756783,0.13624604860961165,1,29.4,2026-10-01
Dominic Toninato,CHI,BUF,0.0,C,10.58944747576193,0.3271729495170021,0.26854395472414905,1.051579020699241,0.12640724199727663,0.17368439433309818,0.30009163633037483,0.40779794252469576,1.1928673299339592,0.3707356987491269,0.23043498691836636,0.3429574599772091,0.11874411071137225,0.15943785802468446,0.2592496620711895,0.14050555135981724,0,20.0,2026-04-13
Angus Crookshank,NJD,NYI,0.0,C,10.567141622649165,0.37157660982465673,0.20777238845603757,1.1087786596371276,0.12584140151206155,0.16169217825380022,0.2875335797658618,0.5289664137649507,0.957948068564751,0.2856824377929398,0.1786026782513011,0.38425533339917717,0.11824531934651294,0.149296970867561,0.2498886222163722,0.13164330286985926,0,18.6,2025-12-19
Adam Edstrom,NSH,DAL,1.0,C,10.481467737588416,0.3113303967417861,0.31484216577558716,1.0214066743166657,0.13862600148256365,0.16208995288763,0.30071595437019366,0.519014606819447,1.5085165341604976,0.21990150672890688,0.21267667600170675,0.4698513423174621,0.12944644668016003,0.1496352916612963,0.25971198153795216,0.13026553485779213,1,28.4,2026-10-01
Stephen Halliday,OTT,TOR,0.0,C,10.47912851563836,1.7459609933857778,0.20793458552462687,1.3464225811604196,0.16893121997094981,0.23972864292640744,0.40865986289735723,0.33291831653174225,0.8168436587922825,0.22826158665716692,0.1805690263426445,0.41828828385207995,0.1554330092694559,0.21315865293490333,0.33545977132686366,0.18002676205740775,0,19.0,2026-04-15
Max Jones,EDM,SEA,1.0,L,10.395858678748267,0.38353169314388763,0.12507796413174588,1.2354520294043922,0.1510990554455077,0.1729742555576844,0.3240733110031921,0.26198610993071625,1.8420149132929342,0.3686164319326159,0.25145770263075307,0.43774457853410137,0.14023746971938844,0.15884073025782652,0.27680277787747753,0.1365653081580891,2,29.3,2026-10-01
Reid Schaefer,NSH,DAL,1.0,L,10.362592959849874,0.33099629786041707,0.15924410757625745,1.0697923641322897,0.1323768610821293,0.15076594049150951,0.2831428015736388,0.4152751193703063,1.6635481666542284,0.30050396105925054,0.19658522040553658,0.4415579489036796,0.12398920151331594,0.1399510222563468,0.24658780826912596,0.12259860675581002,1,23.8,2026-10-01
John Hayden,SEA,EDM,0.0,C,10.356680238792537,0.3335183377498596,0.45849456558452056,1.1012888286879228,0.14277933540239823,0.1744824164415731,0.3172617518439713,0.5804749544216362,1.2238425063547451,0.3745211837304281,0.22796888334468565,0.36841080627546163,0.13305464806275702,0.16010837761721386,0.2718598618442134,0.13880521378145638,0,19.7,2025-10-21
Brandon Tanev,UTA,CBJ,0.0,L,10.352516736733426,0.32722225923042114,0.150393826344191,1.051061346333696,0.13228142181072836,0.1621166116405394,0.29439803345126775,0.553849293515466,1.6928854588771596,0.4478497799036979,0.1862769437827804,0.47246468907098715,0.1239055916912023,0.14965796102176898,0.25502009450127006,0.13111450281006776,0,29.4,2026-04-16
Ben Jones,MIN,BOS,1.0,C,10.34741229440169,0.35493166749673466,0.5072591831856857,1.16029225129535,0.1292550245779011,0.17788305353031536,0.3071380781082165,0.40917285919354834,1.4873539890832654,0.2442786556318029,0.19741542635238288,0.4080150317209101,0.12125016583824566,0.16295969332604066,0.2644509693235543,0.14320080348530861,0,24.8,2026-04-14
Jacob Melanson,SEA,EDM,0.0,R,10.340411788879624,0.34802230065947,0.15342429041062877,1.1211010997712845,0.1531016182364934,0.16510495795450564,0.318206576190999,0.37762668111687653,2.549488699267356,0.4650564359273847,0.19230565912792258,0.39950317807599445,0.14195747538713144,0.15219528443079533,0.2725475014743046,0.13059002608717318,1,21.5,2026-10-01
Maxim Tsyplakov,CGY,VAN,0.0,R,10.324408647548243,0.4312609473832713,0.1175414610033467,1.1702470548395434,0.15081136895768027,0.1861476050669641,0.33695897402464436,0.2886195348563853,1.1945685265015313,0.24768767755666685,0.20256960253614908,0.47914718746839063,0.13999009207478974,0.1698489485634065,0.2860618706899988,0.14607177861520904,1,29.0,2026-10-01
Marc McLaughlin,NJD,NYI,0.0,C,10.312215449443961,0.3800445067494305,0.25811018446086087,0.9259549755860174,0.12577734031818447,0.15978614445823908,0.28556348477642357,0.4051614433065752,1.0627890451216637,0.22823545350452845,0.1983366726958247,0.35438706221977223,0.11818883127963642,0.14767395587469778,0.24840937489906312,0.1302205436194267,0,16.6,2026-04-14
Jansen Harkins,TBL,WSH,1.0,C,10.26565335348064,0.43518092801351865,0.29998192245993444,1.0800359002439779,0.1311470527677957,0.1851344973698618,0.31628155013765746,0.45402313585248133,1.5425393549497008,0.313320219729402,0.21391038579860508,0.5378869298515311,0.12291121342639999,0.1690074899713222,0.2711457877271968,0.14823457430079678,1,29.3,2026-10-01
Curtis Lazar,EDM,SEA,1.0,C,10.24191643468093,0.31705320888259175,0.43220369313865087,0.9802435097841581,0.1326024632398753,0.17018055781953967,0.30278302105941496,0.3967496888928562,1.5373480247039666,0.24996582755000038,0.19270725445368336,0.3862575720088803,0.1241868091484708,0.15648749993193933,0.26124062579224105,0.13705381664377025,0,29.3,2026-04-16
T.J. Tynan,COL,STL,1.0,C,10.211045215409321,0.9049878945698525,0.29455197399297284,1.0875329219021046,0.14385169778301707,0.21007699525190565,0.3539286930349227,0.3796227775751037,0.7289007038484722,0.27582069473563164,0.2132719749093934,0.4370689826740812,0.133983829345657,0.1894781627654032,0.29807498228637175,0.16409115294071475,0,8.6,2026-01-10
Nathan Bastian,DAL,NSH,0.0,R,10.174073653446715,0.3424783990866337,0.14140103136353574,0.9723791616688543,0.14292338068506003,0.15843359027268591,0.30135697095774594,0.30352866251037475,1.6435325740844005,0.39571976721887864,0.14064116335611715,0.3780469083512978,0.13317951845731757,0.14652035874081037,0.26018636637683334,0.12700684791951578,0,29.3,2026-03-28
Sam Lafferty,CHI,BUF,0.0,C,10.019160111717342,0.3051472776613956,0.20693566839085703,0.8229853782676875,0.1060658823797549,0.1406508065982339,0.2467166889779888,0.309010700540461,1.144863091375457,0.2657304658580064,0.17642282203311344,0.3859095204296868,0.10063460620837328,0.13120736460894888,0.21863796934826218,0.1180033631398889,0,29.3,2026-04-15
Nicolas Deslauriers,CAR,PHI,0.0,L,9.971783219782765,0.3256120783388371,0.17164047075045347,0.9232032641948472,0.11783843730158436,0.14548666709249586,0.2633251043940802,0.2941994913758463,2.4047188224496834,0.6199550049811959,0.16278725409110806,0.34564423272450995,0.11116035565382942,0.1353985823521653,0.23150798343670365,0.12034762778287422,2,29.3,2026-10-02
Roby Jarventie,EDM,SEA,1.0,L,9.960715856656062,0.48835634601127137,0.17598276527099194,1.1904462366784148,0.1534619836389241,0.18617194279101715,0.3396339264299413,0.4592301805247505,0.8730325992355658,0.2844016247939002,0.2184075593733648,0.40778987171702774,0.14226662851942407,0.16986915230476118,0.28796906923633436,0.1457024407169103,0,8.6,2026-03-26
Sammy Blais,MTL,PIT,0.0,L,9.894804044587453,0.3505841881603883,0.11674563764311136,0.9610856470528467,0.12875917776258056,0.16548268908409622,0.29424186684667675,0.42648573530504436,2.2980111023525684,0.3538362540631264,0.22309682136657819,0.2982820848134991,0.12081433248715312,0.15251546618856393,0.25490374443417874,0.13408941194702562,0,29.2,2026-01-15
Gavin Brindley,COL,STL,1.0,C,9.892993150998343,1.0381843742193966,0.19963008981700567,1.1265479801184706,0.15003002350608374,0.19948165521138556,0.3495116787174693,0.3179763840103484,0.6700704895615942,0.19608632011854032,0.18473403152738463,0.3846083845899413,0.13931786465818685,0.18084475209504558,0.29496771205671146,0.1556498473985246,0,25.3,2026-03-22
Sonny Milano,WSH,TBL,0.0,L,9.795967885062401,1.118872690872334,0.11677612601956937,1.0876695042511306,0.13816953180452418,0.1730788843846237,0.3112484161891479,0.252522144776775,0.6145670691765678,0.2736753529754572,0.21923780724337283,0.4100562656418189,0.1290489746699014,0.15892873516148354,0.26746811951321114,0.13841914484330975,0,29.2,2026-02-03
Brian Halonen,NJD,NYI,0.0,L,9.766598605320535,0.45343711507617956,0.13804877016888017,1.0012163125650615,0.12588962296106693,0.15047150304548032,0.2763611260065473,0.285136558831595,1.1418082794066373,0.3324378321724873,0.21275635063065376,0.37155673681322027,0.11828783780972218,0.13969775434793164,0.2414610468489632,0.123173209039241,0,14.2,2026-04-12
Taylor Ward,LAK,SJS,0.0,R,9.692324749688277,0.5364322660385341,0.1206564584676509,1.1622011389414983,0.14775752192073982,0.17411954292225237,0.32187706484299217,0.29042274537400137,0.9027049994970631,0.28491487456594355,0.15579253411182928,0.3876138044274149,0.13735973906207422,0.15980354788437778,0.27521271330786024,0.13785297424578602,0,21.2,2026-04-16
Scott Sabourin,TBL,WSH,1.0,R,9.652942592032444,0.3483281071655041,0.125091298089329,0.9326281150685997,0.1302291041062638,0.17363738559163547,0.30386648969789926,0.3569937441075088,1.5305796906957057,0.6403086197395982,0.1806079560278089,0.41646953261931663,0.1221057213050738,0.15939834332750824,0.2620406149457428,0.13993489364066902,0,19.0,2026-04-15
Tyler Pitlick,MIN,BOS,1.0,C,9.541135283161934,0.3242779431488283,0.20776182628196407,1.0512294282204229,0.12252830696844676,0.15604556529016478,0.2785738722586115,0.4736122650215507,1.6539394455429248,0.2821752528111755,0.22178381761938182,0.3448993657809491,0.11531913804420513,0.14447979254360332,0.24313764544687444,0.1278185074026693,0,29.0,2026-03-01
Ivan Ivan,COL,STL,1.0,C,9.40103016628879,0.5730124368180851,0.19791279525931502,0.8423752788504004,0.12109489552396559,0.16982502579539913,0.2909199213193647,0.2855094334818855,0.5603283462330179,0.22436584147758068,0.17066494593298104,0.4325912573715974,0.11405011707465851,0.15618755090782,0.2524244595158375,0.13837434244117897,0,24.0,2026-03-20
Jason Polin,COL,STL,1.0,R,9.393992311586437,0.4595463124192928,0.15766887174081112,1.0916565774313327,0.13901670329235266,0.1669889767226556,0.3060056800150083,0.3361410386285135,1.1344765478821197,0.2513389429584454,0.1874467224500749,0.33333124151622406,0.12978650709352513,0.1537910607183951,0.2636175632190715,0.13383105612554635,0,10.6,2026-04-16
Hayden Hodgson,OTT,TOR,0.0,R,9.371137306659897,0.4423355896716789,0.15766887174081104,1.0719853626126528,0.13866400070387563,0.16887043340397528,0.3075344341078509,0.24748011881950283,1.2733082752772453,0.41651697299213253,0.1851760698595677,0.36120168878898756,0.12947952640879068,0.1553816693811374,0.26474245082585113,0.13526292441706045,0,10.6,2026-04-15
Curtis Douglas,SEA,EDM,0.0,C,9.289522713536796,0.3061056207294072,0.21951578923066487,0.9135465446740594,0.1270678351508985,0.16272050031227667,0.2897883354631752,0.3489713441996473,1.1633362384946666,0.6898919965061173,0.20841499736539457,0.41540408445360566,0.1193260700780755,0.1501713179253995,0.2515780347969918,0.13225196471891632,1,23.0,2026-10-01
Samuel Helenius,LAK,SJS,0.0,C,9.23765920882923,0.30906252808929696,0.1978680143857412,0.9353156505551408,0.12271946537688172,0.1591131829920122,0.2818326483688939,0.34504434900215447,1.6023385420067224,0.4243931269384217,0.15278335760639714,0.30851907615880264,0.11548823606698011,0.14710018024755034,0.24560007597260602,0.13011183990562591,1,28.6,2026-09-30
Zakhar Bardakov,COL,STL,1.0,C,9.11038628279681,0.309392239053506,0.20359624047465605,0.9036748885620814,0.11434050014075556,0.17084054938909357,0.28518104952984913,0.3500206502020222,0.7805231681384002,0.24249461388268256,0.2050550411230002,0.4235344287905776,0.1080458063586821,0.15704402739887802,0.24812188518343337,0.14007607882475126,0,25.7,2026-04-16
Ryan Reaves,SJS,LAK,1.0,R,8.909487140991823,0.3354882386725403,0.11773034903621864,0.8132010958664908,0.11745197739988031,0.13838489807395812,0.25583687547383843,0.3292601289743673,1.9147675779049071,0.3866135226868707,0.2068290944781491,0.3839299669608805,0.11081678838903508,0.12923652794603668,0.22573173936554225,0.11491495097650717,0,29.3,2026-03-21
Mason Geertsen,BUF,CHI,1.0,L,8.74267028934254,0.6808373311696666,0.24278462787792934,1.0863271239721377,0.14255596586598981,0.17940104566967455,0.32195701153566436,0.23564340548575183,0.9776936362268074,0.25147200186799684,0.19745807891054015,0.33589088209840307,0.13286097725212898,0.16422935002364947,0.2752706553381544,0.14240967808602545,0,4.7,2025-11-04
Taylor Makar,COL,STL,1.0,L,8.720463273025823,0.4518729302496002,0.1628357007458552,1.015029856710926,0.12996665613830846,0.15885834934824092,0.2888250054865494,0.24407108430820112,0.9265254949890894,0.2648223961178483,0.19322534247901368,0.33552046066390856,0.12187528949869364,0.14688280498262196,0.2508567101016784,0.1289814206029848,0,10.0,2026-02-04
Zack MacEwen,TOR,OTT,1.0,R,8.613496940194626,0.3493546282929438,0.11678060553377152,1.0321880422958714,0.12415247183624636,0.14437003443096244,0.2685225062672088,0.30292365730388987,1.5553435301066025,0.5026012450044535,0.20490276084386275,0.3605503105325169,0.11675483939595588,0.1344326009471889,0.23549178360997525,0.11873694421401937,1,28.7,2026-09-29
Michael Pezzetta,TOR,OTT,1.0,L,8.256428535262026,0.3478340548679657,0.1275191220506821,0.7954701032726433,0.10952888416312327,0.13728618792319394,0.2468150720863172,0.3274052913880633,2.1742995171598736,0.5722117460386342,0.14877773669605437,0.35426032186657785,0.10374372362425277,0.1282792855106818,0.21871483839219774,0.11497111476794497,0,29.2,2026-04-15
Kurtis MacDermid,OTT,TOR,0.0,L,6.7137298666313185,0.362633828787041,0.1168712242975548,0.686070873848702,0.09043566052418121,0.11462990547145947,0.2050655659956407,0.2610693892705328,0.9054509612799893,0.5125275665918183,0.11656401697483014,0.24617658244373397,0.08646689174849487,0.10830390530765832,0.18540609499997662,0.09893920325148176,0,29.0,2026-04-15
