name,team,opponent,is_home,position,toi,pp_toi,pk_toi,sog,goals,assists,points,blocks,hits,pim,takeaways,giveaways,p_goals,p_assists,p_points,p_assist_only,gp_30d,games_used,last_played
Filip Hronek,VAN,VGK,1.0,D,24.931598375513627,2.2047577341877806,2.1896246804853505,1.8118346325930033,0.09623372879643974,0.42491164695703076,0.5211453757534705,1.5665608076317061,1.489939620513377,0.5372963673831718,0.4098690487366076,1.2806845956153545,0.0917482933200029,0.34617244976841144,0.4061600116277583,0.3144117183077554,3,29.4,2026-10-03
Moritz Seider,DET,WPG,1.0,D,24.3650599903772,2.5461276844872507,1.6912860529875278,2.1394542556086793,0.10825177889890976,0.47814155196130853,0.5863933308602183,1.8908462065461695,1.4019245297508045,0.5039943435574398,0.3963261494614041,1.0767300020431307,0.10259837880833322,0.3800655621646575,0.4436698304540191,0.34107145164568586,1,29.4,2026-10-02
Josh Morrissey,WPG,DET,0.0,D,23.728966743805817,2.7417649010009626,0.86475708148251,1.9494833847721957,0.11833745785083714,0.3975144057678317,0.5158518636186689,1.5482056380923137,0.7491548305189274,0.4645664631333056,0.252107381731054,1.0050087397236456,0.11160379424966071,0.32801173792902794,0.40300817766738384,0.2914043834177231,1,29.4,2026-10-02
Seth Jones,FLA,ANA,0.0,D,23.704706877510322,3.0017199486263846,2.399120735544068,1.7130648372997423,0.10859297871293327,0.44120965009696683,0.5498026288099,1.528389032423119,0.9822330430763136,0.48931626885875096,0.3246237017960207,1.0534011289819043,0.10290451984398596,0.3567421666317804,0.4229363051104197,0.3200317852664337,2,29.4,2026-10-01
Jackson LaCombe,ANA,FLA,1.0,D,23.37171152595936,2.384598178372444,0.6789622650996534,1.7918762674737985,0.1482657698180399,0.5018840046632337,0.6501497744812736,1.6273697035884798,1.0807457015200808,0.44962863728670427,0.594024322057167,1.1975923844438736,0.13779806276283724,0.3946109711220689,0.4780324065193231,0.34023434375648587,1,29.3,2026-10-02
Mikhail Sergachev,UTA,NYR,0.0,D,22.973516573545382,2.610203923476423,2.2628128001254826,1.9440334778835107,0.09879116274130507,0.43107896992843686,0.5298701326697419,1.6073079483137465,0.82742818340653,0.5270938071939596,0.38545133831338685,1.0043562699642736,0.09406811939977133,0.35019240651064054,0.41131858480187566,0.31725046540210433,2,29.4,2026-10-03
Vladislav Gavrikov,NYR,UTA,1.0,D,22.22438310717654,0.8759642960351418,2.3933660422323357,1.409425778602323,0.0965897041379949,0.3030513392867903,0.3996410434247852,1.3848316586657268,0.945921018960121,0.5211910391674824,0.2923518710770973,1.1527109663815192,0.09207155099221276,0.2614388218069946,0.32943929498586066,0.2373677439936479,3,29.4,2026-10-02
Brandon Montour,SEA,CGY,1.0,D,22.123121893742375,1.5207479521154297,0.6888689304955474,2.568691943288017,0.12485260687306626,0.3181774606861338,0.44303006755920005,1.4426928653112194,1.2864032372535046,0.5582782603412035,0.4855749148869624,1.2501143922194025,0.11737301385094712,0.27252632101920626,0.3579120992184185,0.24053908536747137,2,29.4,2026-10-03
Adam Fox,NYR,UTA,1.0,D,22.109069821956844,2.8059649329944754,0.8986586148524545,1.6091594028199387,0.12377202946390292,0.49126074813772475,0.6150327776016277,1.4420290190154252,0.7190394647780022,0.42839722592418933,0.4725465272952266,1.0485834191490992,0.11641875158472637,0.3881454867252221,0.4593768253121522,0.3429580737274258,3,29.4,2026-10-02
Gustav Forsling,FLA,ANA,0.0,D,22.010536044648482,0.7545635371554711,2.4949605200089895,1.6187296939666724,0.07538545048393391,0.3314396263689086,0.4068250768528425,1.397489149923855,0.851368689027309,0.5872697462856635,0.325296497940469,0.821094859923495,0.07261404393768534,0.2821105034959567,0.3342393629375041,0.2616253189998188,1,29.4,2026-09-29
Neal Pionk,WPG,DET,0.0,D,21.979841092019935,1.289848875992396,1.6036568698835851,1.677499621067431,0.08020058201539775,0.2896725727686442,0.369873154784042,1.4736285906500586,1.8417680586339311,0.5312609340688971,0.2952551460083374,0.8780069883514547,0.07706879558187374,0.2514913904386583,0.30917804746021393,0.2321092518783402,1,29.4,2026-10-02
Zach Whitecloud,CGY,SEA,0.0,D,21.85656321763975,0.20683896398590845,3.2405388035053058,1.1327255360539024,0.057237049924775504,0.2511660191171835,0.308403069041959,1.8970479649158134,1.448875906131259,0.41547828747829285,0.2663038401149441,0.9480350547380475,0.05562982004903039,0.22210678430684982,0.26538084391322136,0.20975102386419098,2,29.4,2026-10-03
Dylan Samberg,WPG,DET,0.0,D,21.819135229358498,0.23968135883958566,2.1486511791783913,1.404746957188684,0.06084351328756072,0.2387278600726304,0.29957137336019113,1.563197725386184,0.9750736955423608,0.3931783528622242,0.32313591992864926,0.8265826640452112,0.05902952236812775,0.21237080143774,0.2588641768320614,0.19983465446393367,1,29.4,2026-10-02
Aaron Ekblad,FLA,ANA,0.0,D,21.613621724292592,1.7733904339371718,2.5151288757372914,1.412713567328578,0.08235651339528567,0.34689511141872525,0.4292516248140109,1.3442069218602948,1.0737460591105183,0.650859958122175,0.29795871563274634,0.9226867508677946,0.07905642855692208,0.2931205320459963,0.3490038982026572,0.2699474696457351,2,29.4,2026-10-01
Simon Edvinsson,DET,WPG,1.0,D,21.364618789572692,0.36708955548915534,1.5201725143846163,1.3440457565728146,0.08713909979579405,0.28792200682977676,0.3750611066255708,1.6021275100139163,1.2985924327820746,0.5401773045144892,0.36771745173962755,1.079800253005487,0.08345040509579105,0.2501799291970337,0.312752717854496,0.22930231275870494,0,29.3,2026-04-15
Marcus Pettersson,NYR,UTA,1.0,D,21.348319464492956,0.2124532050245228,2.2509593419641836,1.0128574943885693,0.06581136001076177,0.23419277604814248,0.30000413605890425,1.665564588313156,1.1482092439976994,0.43692536304041163,0.3605907484540955,1.0468554263370604,0.0636925273350385,0.20879072500434703,0.2591848433797437,0.19549231604470518,3,29.4,2026-10-02
Rasmus Andersson,VGK,VAN,0.0,D,21.34343514898877,1.2009862022031497,1.405609111203744,1.8936219918921975,0.12178592243005568,0.3565941443096509,0.47838006673970657,1.6239397074169928,0.6690143372963538,0.5754273691022209,0.2937177638624826,0.9589976174163646,0.11466212080133276,0.29994343797457845,0.38021340805730297,0.2655512872559702,2,29.4,2026-10-02
Kevin Bahl,CGY,SEA,0.0,D,21.05119798068174,0.37074330167458996,2.4999920844400867,0.9218376201632347,0.050630566954263705,0.23933453918586226,0.28996510614012594,1.1249402945950693,1.3799689077890596,0.601509152558338,0.34035687735316594,0.9084614688122852,0.04937020026864891,0.21284849470356415,0.25171032216181766,0.20234012189316875,2,29.4,2026-10-03
Shea Theodore,VGK,VAN,0.0,D,21.048252649562336,1.4481587594612986,0.9883368094478858,1.7822861279186788,0.11426343492142041,0.40625297877004984,0.5205164136914703,1.2240519968600059,0.4576436806685373,0.4780416483292078,0.31702043344255854,1.1081590937243746,0.10797706506436477,0.3338583735821933,0.4057863913199906,0.29780932625562584,2,29.3,2026-10-02
Dylan DeMelo,WPG,DET,0.0,D,20.935493646187883,0.24091335938217207,2.0523186420904715,1.0908324766648494,0.05703872366042742,0.2266669171544372,0.2837056408148646,1.265116892690896,1.2952998791402768,0.42824768221938114,0.28784390366794516,0.8801539343238587,0.055442508065249974,0.20281373285623627,0.2470117389018609,0.19156923083661093,1,29.4,2026-10-02
Noah Hanifin,VGK,VAN,0.0,D,20.887371574773468,0.47615381623632397,1.537688926203319,1.6525591416092111,0.08033121780799078,0.30840135773516697,0.38873257554315777,1.5103336167287869,0.6947818341306528,0.37021480699950654,0.3072882754600538,0.9770537926495881,0.0771893555563764,0.26537958675339435,0.3220844630304587,0.24489510747408227,2,29.4,2026-10-02
Zeev Buium,VAN,VGK,1.0,D,20.87129792780548,1.2310353019826383,0.34377083136823156,1.2065058792560284,0.07463147069148836,0.2824263029856006,0.35705777367708896,1.3087406028682789,0.769335879256452,0.5009027700680226,0.29414077501938407,1.147770889188091,0.0719145499980065,0.24604779606165017,0.30026792952788184,0.22835337952987533,3,27.5,2026-10-03
Mario Ferraro,WPG,DET,0.0,D,20.802462262242056,0.19820424504663078,2.824317218337946,1.2617303938504558,0.06931649492792775,0.23437896044114478,0.30369545536907255,1.6072528525676326,1.4852977514737176,0.4900013566747413,0.3830997688403347,0.8437143420298382,0.06696866634185505,0.2089380221103132,0.26191438776333564,0.1949457214214806,1,29.4,2026-10-02
Adam Larsson,SEA,CGY,1.0,D,20.613264650093,0.20131739012163688,2.112526051264212,1.5813000419485308,0.07447009039770568,0.2601647313326039,0.3346348217303096,1.7144435879858155,1.3448799744568072,0.46192715198192164,0.3000822793634521,0.8160963322717579,0.07176476320943681,0.22907542009045723,0.2844006400200001,0.21263587681056328,2,29.4,2026-10-03
Mark Scheifele,WPG,DET,0.0,C,20.595353721599174,2.9709524192517676,0.547785674683082,1.9838789790314613,0.3058793355227159,0.5434189272374131,0.8492982627601291,0.6619371534954716,0.7695925310419194,0.5524893443113876,0.4187328222240986,1.1648921806448973,0.26352451947630484,0.4192407194861387,0.5722850298149585,0.3087605103386537,1,29.4,2026-10-02
Justin Faulk,DET,WPG,1.0,D,20.501382424817894,1.3314308089920963,1.242763116405714,1.7891726527578686,0.10819815875514645,0.31068243771451,0.4188805964696564,1.3966805848522943,1.0554038386196931,0.47689123156350427,0.36049941567819066,0.8608729501784342,0.1025502587142999,0.26705340488816465,0.34221726784064854,0.23966700912634864,1,29.4,2026-10-02
Niko Mikkola,FLA,ANA,0.0,D,20.49081740248387,0.26912450464697285,2.2408535859603806,1.2439791427811282,0.07053695212730245,0.22769029214296366,0.2982272442702661,1.3238850470661923,1.4589073414158609,0.6020021701927121,0.27296225875216107,0.9879627325184042,0.06810669655042023,0.20362913604045174,0.25786732481374075,0.18976062826332052,2,29.4,2026-10-01
Vince Dunn,SEA,CGY,1.0,D,20.48701460074878,1.8401430876311708,0.33694301217300826,2.076839177184352,0.1105109688690485,0.3511181764472078,0.46162914531625626,1.3991617911629097,0.7388344413338581,0.6379244374300748,0.3693195640292293,0.9652277489757005,0.10462349113205316,0.296099435527692,0.3697439699926077,0.26512047886055456,2,29.4,2026-10-03
MacKenzie Weegar,UTA,NYR,0.0,D,20.317139285207272,1.0227420563735155,1.5493199262844521,1.6242332438840383,0.06990365474809802,0.27806674866629894,0.34797040341439694,1.980139953070745,1.6806457841977678,0.643980498762012,0.3662575782097268,1.1164210587750982,0.0675163440490324,0.2427537253515063,0.29388022536052205,0.22636388131148966,2,29.4,2026-10-03
Kyle Connor,WPG,DET,0.0,L,20.316574943271494,2.9433780819624027,1.0666623120079424,2.99814725240148,0.3760532825807056,0.46361426135436146,0.839667543935067,0.45141642641935636,0.9792818078286795,0.3613315021210603,0.30405560723126923,0.6815108623775457,0.31343424992729574,0.370993860346742,0.5681459279286247,0.254711678001329,1,29.4,2026-10-02
Sam Reinhart,FLA,ANA,0.0,C,20.150484627619008,3.6980522187755245,1.3946241706782947,2.3403180143328806,0.35587757092282457,0.5136657646892036,0.8695433356120281,0.6477770409469084,1.1050043357858275,0.3684039353946037,0.29844206120400774,0.7802979488031551,0.2994416162984016,0.40170166692313425,0.5808570868083104,0.2814154705099088,2,29.4,2026-10-01
Marek Alscher,FLA,ANA,0.0,D,20.03060790810448,0.41144440815725447,1.6537958319308301,1.4875514586214804,0.07357065261422907,0.3148564201824315,0.38842707279666056,1.5675756475788396,1.094044387714606,0.4837653335334575,0.307284323003485,0.8262870023808765,0.07092949778718305,0.27010633525479344,0.32187732633321753,0.2509478285460345,0,3.8,2026-04-15
Ben Chiarot,DET,WPG,1.0,D,20.014775815286786,0.2827065241310505,1.4614673259316564,1.4020754483358857,0.06261056978348606,0.24519527462027135,0.3078058444037574,1.4804273368012815,1.6929528961075078,0.6237004762609909,0.30777608657952127,0.7949287429839159,0.06069080214321476,0.21744828916747883,0.26494198021644966,0.2042511780732349,1,29.4,2026-10-02
Simon Nemec,CGY,SEA,0.0,D,19.932986113520982,1.1300450075226711,0.5884788107088859,1.5303609722309235,0.09916571627746414,0.25504924314363553,0.35421495942109965,1.5222354111993042,0.6654989653377564,0.40479438761997766,0.32302779886984445,1.0245673526943337,0.09440737585035153,0.22512166042380655,0.29827589106647256,0.20386851521612104,2,29.2,2026-10-03
Tom Willander,VAN,VGK,1.0,D,19.836562810888182,1.040030510504204,0.9732161859245549,1.0465084338312263,0.07005170575997738,0.27314355500788773,0.3431952607678651,1.4368477443610725,0.9931021990676188,0.39460056035151225,0.2962647998667988,0.8713524031000923,0.06765438897875897,0.23901646321025694,0.2905003394146619,0.22284595043590294,3,27.0,2026-10-03
Brayden McNabb,VGK,VAN,0.0,D,19.683049282947326,0.24576759167124249,2.0171797474413085,1.4600588618536192,0.08354729042313762,0.2936887351808924,0.37723602560403,1.698376178919694,1.327016761322356,0.4417573962276348,0.24479403403296685,0.8070533172833416,0.08015241433889408,0.25449149409732097,0.3142458007556024,0.2340933864167083,2,29.4,2026-10-02
Braden Schneider,NYR,UTA,1.0,D,19.65631238173063,0.4028971944267242,2.2451400451869468,1.3124775871104188,0.06016048684541764,0.2280835664218807,0.28824405326729835,1.6261288415032553,1.681590905077485,0.44862693447066126,0.28982058091605206,1.0317548063452493,0.05838659510746458,0.20394226664058468,0.25042136720040686,0.19203477209294229,3,29.4,2026-10-02
John Marino,UTA,NYR,0.0,D,19.63370569365936,0.31583098677914057,1.0514386569732106,0.8703206521782654,0.05375068956945375,0.28689512688097346,0.34064581645042724,1.0444415960140798,0.6519781171823744,0.36172468162138166,0.28576084843419847,0.8488280582341406,0.05233165934522077,0.24940955852971536,0.28868920182051716,0.2363575424752964,2,29.4,2026-10-03
Jack Eichel,VGK,VAN,0.0,C,19.62951445533525,3.2408327470431257,0.957688541474193,2.8255851988459177,0.34848887167331305,0.6132708624530572,0.9617597341263702,0.5347204549528567,0.7163726640411406,0.3877624032423279,0.3386998315332147,0.9740492482686661,0.2942462311612716,0.45842345351753067,0.6177803112053345,0.3235340800440629,2,29.4,2026-10-02
Mika Zibanejad,NYR,UTA,1.0,C,19.551280116108522,2.971567200832589,1.5092926217660534,2.2452564450669485,0.31265028254687705,0.46123628580437154,0.7738865683512486,0.6176149862532331,1.2837719455122947,0.3232329808849149,0.45672024929945515,1.118460384096778,0.2684943118521128,0.36949631927351145,0.5387829711503942,0.2702886592982814,3,29.4,2026-10-02
Parker Wotherspoon,VGK,VAN,0.0,D,19.544091824665394,0.25487593725316765,1.4836241745626948,0.9980051346983246,0.05337189403808839,0.31117140178940306,0.36454329582749145,1.2769787881217673,1.5037293185609084,0.5443094852336506,0.2462069722640727,1.122530754045685,0.05197261881538329,0.2674117018376827,0.3054862342066832,0.2535136153912999,2,29.3,2026-10-02
Yan Kuznetsov,CGY,SEA,0.0,D,19.489268042770107,0.2231794376711279,1.8400977310303492,1.2654418334726116,0.0596471564194463,0.21380577940625262,0.2734529358256989,1.6124164370649712,1.2597604967365446,0.3714460771450286,0.2479066234229171,0.9257350287799646,0.057903112214607866,0.19249479606638042,0.23925186050362857,0.1813487482890207,1,25.6,2026-10-01
Anton Johansson,DET,WPG,1.0,D,19.469800769779713,0.7007474057955754,1.405291723698218,1.4200858216637022,0.0765246232132503,0.2785034483692163,0.35502807158246663,1.3030678897487336,1.1753863923288281,0.43622639544226127,0.3289810535952001,0.8375699013554428,0.07366989521570866,0.24308434237924736,0.2988462395632975,0.22517634434758882,1,1.0,2026-10-02
Pavel Mintyukov,ANA,FLA,1.0,D,19.421122222517244,0.570446861150176,2.278534198426231,1.2758713529324823,0.08808800779206546,0.2685987647312181,0.3566867725232835,1.4934099682253137,0.8662460037751543,0.4740321522202286,0.33247438244559047,0.902155903814627,0.08431971382314463,0.2355500816093934,0.3000082799602156,0.215688566137071,1,29.3,2026-10-02
Ryker Evans,SEA,CGY,1.0,D,19.26838243069051,0.2610966573518305,1.0765433452279456,1.0260052671623707,0.06053631762560057,0.23147489490628065,0.2920112125318812,1.3881916286979936,1.0947556641663525,0.55413124134876,0.28583357069191156,0.9010875983791502,0.05874041591551615,0.20663738730414316,0.2532398371457184,0.19449942123020225,2,29.3,2026-10-03
Mitch Marner,VGK,VAN,0.0,R,19.142935607953312,3.19925259569372,1.2193999841793668,2.2660221702621994,0.3072019307439658,0.5022099993180129,0.8094119300619786,0.49412609956152886,0.7306741583177863,0.4106379349735033,0.400041135253841,0.876898456420488,0.2644979345684425,0.394808292544933,0.5548802491847473,0.2903823146163048,2,29.4,2026-10-02
Mikael Granlund,ANA,FLA,1.0,C,19.024538037850203,2.637568415088901,1.4911233568527877,1.9412196443504914,0.3251610314624776,0.46860338112651784,0.7937644125889954,0.7227508275614369,0.8654037248750402,0.39227735712748235,0.42811069797114504,0.8189894341282923,0.2775889866268917,0.37412423192227995,0.5478604521373016,0.2702714655104099,1,29.4,2026-10-02
Dylan Larkin,DET,WPG,1.0,C,18.955921947438984,2.433015872537492,1.3506767097172165,2.6882694056170116,0.34232268949830064,0.4520966866985796,0.7944193761968803,0.44123377910773115,0.9706281791303126,0.4303798363999249,0.36180099683295913,0.8201103349834289,0.28988098021684594,0.3637073542843864,0.5481564901291989,0.25827550991235293,0,29.4,2026-04-13
Nate Schmidt,UTA,NYR,0.0,D,18.925001946798574,0.24399995882542555,1.8700451065870942,1.089608590714261,0.060166815597954205,0.22853861724552607,0.28870543284348027,1.17299151468318,0.9451255607242028,0.36922733740561176,0.21129645601221622,0.7611638417246586,0.05839255432683199,0.20430443095998374,0.25076712770277243,0.19237457337594044,2,29.4,2026-10-03
Andrew Peeke,UTA,NYR,0.0,D,18.784776317279963,0.20184658146675663,1.6600559620666273,1.1646014912008602,0.05370791345862425,0.19615138880115482,0.24985930225977906,1.5604122427179816,1.3206985868871346,0.3831796420015744,0.19404832391763663,0.724821539967431,0.052291120912219324,0.17811219934935918,0.22108963370945978,0.16879851279724045,2,29.4,2026-10-03
Zayne Parekh,CGY,SEA,0.0,D,18.765864116201193,2.019976888680664,0.3337222901707475,1.6944345336048585,0.10441041498666093,0.2761134782247571,0.38052389321141805,1.2449025032546897,0.7703834601284828,0.40504764288101247,0.26273314427485484,1.3115695629196311,0.09914450305619504,0.24127317309751517,0.3164967673061658,0.21735226424997078,2,22.0,2026-10-03
Nick Schmaltz,UTA,NYR,0.0,C,18.738762168185175,2.761330004525976,1.4220626463452701,2.3851695347565163,0.30805510001569625,0.39921639167915823,0.7072714916948545,0.6423759289934129,0.6646586986336032,0.3751722288744325,0.4620994283752167,0.8522188943674145,0.2651251747209037,0.3291544797425624,0.5070125155115511,0.24188734079064744,2,29.4,2026-10-03
Vincent Trocheck,UTA,NYR,0.0,C,18.65310351862966,2.697070155982643,1.4491147526019466,1.6831407784741816,0.23023108524183658,0.4002219963893542,0.6304530816311907,0.6978457823639604,1.9569110593423347,0.5663183858661692,0.35371849431690416,0.8079990286460177,0.2056499812737801,0.32982874607802526,0.467649451897305,0.2619994706235249,2,29.4,2026-10-03
Alex DeBrincat,DET,WPG,1.0,R,18.4646080502796,2.6062636569651225,0.14748035183297598,3.0117784820448286,0.3718036836992984,0.4661017948637204,0.8379054785630188,0.4975815614036257,0.9530126992920951,0.38452270933144506,0.5239024222819687,0.9098789497325679,0.3105104127162557,0.37255658972005656,0.5673843020021767,0.25687388928592103,1,29.4,2026-10-02
Ludvig Jansson,FLA,ANA,0.0,D,18.40362261220296,0.5045018183342842,1.2075584317661774,1.2505661391143414,0.06518282229267734,0.26834630486888394,0.3335291271615613,1.4547189943795935,0.892312417498414,0.4538948435277474,0.2850646377254261,0.8119878223558537,0.0631038377853318,0.23535706432470171,0.2836089681012557,0.2205051303159239,0,3.8,2026-04-15
Anton Lundell,FLA,ANA,0.0,C,18.390697827549346,2.4782770445258606,1.9127801964900308,2.0377621035186633,0.2821932698365374,0.39746666189716034,0.6796599317336978,0.5287977670090174,1.1533505236732762,0.5110288672510593,0.32510230933061596,0.7896446727340651,0.24587207973225367,0.32797965384244787,0.49321069397459416,0.2473386142423405,2,29.4,2026-10-01
Brock Boeser,VAN,VGK,1.0,R,18.320237950473345,2.6569924660081616,0.8437750114570338,2.03940446902839,0.2874916502487341,0.3786907664494476,0.6661824166981817,0.3825298159525622,1.1334552980915162,0.3108160940934722,0.3254798100178672,0.8540508308001965,0.24985716974912098,0.3152426701300578,0.48633419853632676,0.23647702878720578,3,29.4,2026-10-03
Clayton Keller,UTA,NYR,0.0,R,18.318215217529946,2.828554416143679,0.12055639440552549,2.534998762347914,0.2887949367568261,0.49385912887682737,0.7826540656336535,0.5020221077496372,0.6004835669979154,0.5519599862554897,0.30418723307951206,0.9187716887296592,0.2508341839759062,0.38973325400236436,0.5428090152423128,0.29197483126640666,2,29.4,2026-10-03
Sean Durzi,NYR,UTA,1.0,D,18.295698176738757,0.8136263467251944,0.908619129936885,1.2927189334688527,0.07261207649705344,0.27059849166769545,0.3432105681647489,1.33412488384918,0.8787079355385843,0.5711747442575464,0.2804849379211856,0.8495642522534566,0.07003848600951124,0.2370772452387484,0.2905111999244321,0.22047271391492085,3,29.3,2026-10-02
Hunter Brzustewicz,CGY,SEA,0.0,D,18.256973389904438,1.1652808692446446,0.6110482995529508,1.2275476941779242,0.06637076945139818,0.24009573239351834,0.30646650184491653,1.0900786866835444,0.9528031943737115,0.3464410724051846,0.24767886916042364,0.7631413889205427,0.06421616009837461,0.21344744109690905,0.2639568261452162,0.1997406660468416,0,20.6,2026-04-16
Uvis Balinskis,FLA,ANA,0.0,D,18.235280161744168,1.757813835447243,0.6319297870765448,1.458012391232909,0.08256487741573292,0.2855108026105888,0.36807568002632174,1.1986587915220173,1.2104296352525803,0.6457800763825435,0.319462314409318,0.7376053806730541,0.07924830007181871,0.248369778434107,0.3079351957758085,0.2286868957039898,1,29.2,2026-10-01
Aleksander Barkov,FLA,ANA,0.0,C,18.230285350645307,2.6933372006890557,0.996818703115308,2.0027202111499856,0.2896828750069778,0.5163079292573646,0.8059908042643424,0.6648519341601563,1.1922737410243416,0.3829724960135537,0.4244332391264299,0.7175840899979208,0.25149910171302703,0.4032803830476537,0.5533548306857103,0.3018557289726833,2,29.3,2026-10-01
Tristan Luneau,ANA,FLA,1.0,D,18.228901875307052,0.45908646274199705,0.4527620867317629,1.369746789421199,0.08254936084735945,0.26882990361028447,0.3513792644576439,1.4617497140997027,1.1163172977772375,0.49290986910941065,0.25475451610778244,0.8199666652122576,0.07923401305426936,0.235726755287768,0.29628319153632576,0.2170491784820564,1,11.9,2026-10-02
Sam Bennett,FLA,ANA,0.0,C,18.205192697736422,2.918966772890329,0.7502562682663448,2.389300083527958,0.33295376551678013,0.4677350563658358,0.8006888218826159,0.5435464253384682,1.242704660427925,0.6235842160228171,0.3203765008199264,0.8276074244862293,0.2831966655786813,0.37358053247606327,0.5509804369324152,0.2677837713537339,2,29.4,2026-10-01
Lucas Raymond,DET,WPG,1.0,L,18.201251544475166,2.5320448822688264,0.3052333841487876,2.1826249575537005,0.2848342128401778,0.4313706970845822,0.71620490992476,0.3752498724501573,0.9349183974935434,0.3624762697766679,0.3702923596315545,0.7833007849735187,0.24786106103797712,0.35038194538376843,0.5113969656703742,0.26353590463239707,1,29.4,2026-10-02
Mark Stone,VGK,VAN,0.0,R,18.1697954523942,3.066795388511175,0.7397028666367699,2.0327454312192565,0.36376578659723985,0.4974945060061116,0.8612602926033515,0.6459853020852846,0.9392214231664042,0.34204855561612174,0.356324804650935,0.8383415755515906,0.30494603336488524,0.39194777602325315,0.5773708898036589,0.2724248564387737,2,29.3,2026-10-02
Leo Carlsson,ANA,FLA,1.0,C,18.107655366699614,2.8125254751560735,0.3298210823484364,2.5361535287329264,0.33758919192574205,0.4810768395951704,0.8186660315209124,0.5779597109265374,0.6762049841431428,0.37916351638924956,0.4912388388223732,0.8698493148989523,0.28651166553009877,0.3818825800142229,0.5589804315075155,0.27246876597741676,1,29.3,2026-10-02
Elias Pettersson,VAN,VGK,1.0,C,18.05238846733271,2.554200985037914,0.8763745564454335,1.6939801550370257,0.23854553561220593,0.42284382158020195,0.6613893571924079,0.9540470670333504,1.3308048889788098,0.32112553429025564,0.41291961469373367,0.8023403542208166,0.2122271842770348,0.34481904975277455,0.48386625801569516,0.27163907373866036,3,29.4,2026-10-03
Dmitry Kulikov,FLA,ANA,0.0,D,18.046742301300664,0.2108691382012839,1.7166354767318892,0.9577033197146428,0.04993672882778113,0.21141987068635812,0.26135659951413925,1.1549767977847074,1.1707934535956557,0.5372348321830969,0.31036900855854355,0.9249496598574802,0.048710388194508125,0.19056586214386972,0.2299937132167289,0.18128332502222078,2,29.3,2026-10-01
Jamie Oleksiak,VAN,VGK,1.0,D,18.006169470841268,0.18059565600204075,1.5496861732226839,1.0570756414837224,0.061990436285645587,0.22179359692235265,0.2837840332079982,1.2958047806745248,1.4226341731665337,0.525241516353828,0.27210715504374794,0.9187197761067901,0.060108124394471996,0.19891930720764284,0.24707076514001558,0.18696264074554358,3,29.4,2026-10-03
Elias Salomonsson,WPG,DET,0.0,D,17.99962543963766,0.5809652060698671,0.7435066800603045,1.2404483695542383,0.06449820709800268,0.23593604699964346,0.3004342540976461,1.0812386537370442,1.3886812049989237,0.4427553300682563,0.17275800715559614,0.7928868914434292,0.062462204826071566,0.2101688156083451,0.25950341282583544,0.19704120799976388,0,19.7,2026-04-02
Donovan Sebrango,FLA,ANA,0.0,D,17.993637759356133,0.1921512108108316,1.2196746945076127,1.083223150282911,0.05236098494129951,0.2555274865164621,0.30788847145776166,1.1246334589425728,1.519264822463541,0.7510018933299504,0.21394732869492128,0.7161703003454432,0.05101376473624064,0.22549215225476293,0.26500271338601056,0.21398894864976992,0,23.0,2026-04-15
Mike Benning,FLA,ANA,0.0,D,17.979028267034018,0.8704251887326446,0.6331457429356253,1.210819387377833,0.07997676474484916,0.2766397859564367,0.35661655070128584,1.2982901704716783,0.6879148809498582,0.3966850621859945,0.2797328469626452,0.8468989932830759,0.07686220452033543,0.24167239182757927,0.2999591235403446,0.22309691902000917,0,13.6,2026-04-15
Gabriel Vilardi,WPG,DET,0.0,C,17.97302298681976,2.862026811755875,0.2073975286748057,1.6922150804574605,0.2763957058113076,0.42265974446916965,0.6990554502804773,0.5110938538227939,0.6639752254082587,0.3760880987780329,0.2353241896442799,0.635630807704374,0.2414872765243552,0.34469843483536744,0.5029454251091219,0.2614581485847667,1,29.4,2026-10-02
Chandler Stephenson,SEA,CGY,1.0,C,17.92080785310953,1.926245992628975,1.3780856921599636,1.351713035926701,0.21298499564644446,0.37657191586732836,0.5895569115137729,0.6081655207919988,0.6608699897789394,0.3039699046632571,0.48522813359878464,0.7703563234109811,0.19183173683212995,0.3137902334583049,0.4454270448051687,0.25359530797303875,2,29.4,2026-10-03
Matthew Robertson,NYR,UTA,1.0,D,17.902171738074188,0.23226646270804693,1.455473489135183,1.2105622345970761,0.0634707625256748,0.20901244578406483,0.2724832083097396,1.1274089237619098,1.3638013369491917,0.4518305026880155,0.2649048590109132,0.8241585340735373,0.06149844168524632,0.18861486274364136,0.23851378429147707,0.17701534260623075,0,27.1,2026-04-15
Alexis Lafrenire,NYR,UTA,1.0,L,17.897500063478123,2.8761152176098226,0.1456551725351773,2.0548766279734494,0.29572191086898986,0.3979459314573444,0.6936678423263343,0.4278786802880941,1.0856602490339349,0.35883697904211054,0.39177349594303507,0.7888495433921067,0.25600570401777323,0.3283016555692089,0.5002602631227864,0.24425455910501315,3,29.4,2026-10-02
Matthew Tkachuk,FLA,ANA,0.0,L,17.84978740303686,3.2971598879101975,0.451337843762828,2.574739204320531,0.3816974488467474,0.5231963672229396,0.904893816069687,0.37688139126248194,1.1694055537031143,0.7666645805700828,0.27688082242411993,0.8601005679613968,0.3172984258891798,0.4073767242180525,0.5954151567689536,0.27811673087977384,2,29.4,2026-10-01
Jake Middleton,CGY,SEA,0.0,D,17.80619565049054,0.18489972929610196,2.0831002403104955,1.0538321036499032,0.057699749423234165,0.2070198330528993,0.2647195824761335,1.4605758861480957,1.031821481534566,0.5328400671112095,0.20382141899309947,0.6415913829573843,0.05606667858274683,0.18699647451425583,0.2325788818643051,0.17651220328155826,2,29.4,2026-10-03
J.T. Miller,NYR,UTA,1.0,C,17.79269854912925,2.758340397318896,1.2450699502283558,1.8911588924790785,0.27185925581425385,0.4341152827620129,0.7059745385762668,0.6147963330391815,1.4596290103414675,0.5143053036517851,0.3593884853394847,1.0320520890424818,0.23803850480641686,0.35216243332375496,0.5063727190527957,0.2683342142463788,3,29.4,2026-10-02
Mikael Backlund,CGY,SEA,0.0,C,17.788863998263633,0.94113830564828,2.5579772391614872,1.9633231508014892,0.22205087617188995,0.29418476196082843,0.5162356381327184,0.4494536917804624,0.6459350447359208,0.3048085926820863,0.39104714060367374,0.8528084173431005,0.19912538213656494,0.254861194582668,0.40323724395617777,0.20411186181961283,2,29.4,2026-10-03
Matty Beniers,SEA,CGY,1.0,C,17.72792704512741,2.002997101006225,0.3976529527026195,1.8294987410014887,0.263513571594806,0.3801299442709838,0.6436435158657898,0.7627959183416969,0.7455966556401005,0.3360934617208496,0.4119398932781458,0.8617245721638768,0.23165280532832855,0.3162274488864927,0.4746252785584446,0.24297247323011606,2,29.4,2026-10-03
Andrew Copp,DET,WPG,1.0,C,17.680968359586135,1.3601855725701855,1.4190072371298144,1.6880976310595175,0.2487952460805258,0.38083904095218335,0.6296342870327092,0.7067102139869458,0.865113991824679,0.34585780033705965,0.3832124793536924,0.83753693002487,0.2202603882174694,0.31671213786719965,0.467213387644855,0.24695299942738558,1,29.4,2026-10-02
Carter Verhaeghe,FLA,ANA,0.0,C,17.671355602651342,2.4249780581995974,0.3158820495766923,2.2249809212698435,0.2913787299549217,0.415631574302983,0.7070103042579047,0.45933717409972447,0.9348235011353615,0.37880236850913573,0.3417159931177406,0.7702353284268169,0.25276737495724444,0.3400766415749771,0.5068837365570389,0.25411636159979445,2,29.4,2026-10-01
Ryan Lindgren,SEA,CGY,1.0,D,17.5700056360022,0.22382240378219104,2.172490923630781,0.9142171522293535,0.05143040020709833,0.18847231128451536,0.23990271149161368,1.3086321067746933,0.8282635970698108,0.5051757149564235,0.28174800793310695,0.8415856704868565,0.05013024159992574,0.17177656443577494,0.21329560535933,0.16316536375940427,2,29.4,2026-10-03
Troy Terry,ANA,FLA,1.0,R,17.55063649262352,2.6304263331189133,0.24842886480330081,2.539043874958128,0.3393354364021887,0.45479436015129193,0.7941297965534806,0.3877291516475844,0.6512499935627675,0.4101095264727778,0.4322118362134946,0.7664215705938827,0.28775650338123426,0.36542155085202255,0.5480256264999309,0.26026912311869665,0,29.4,2026-04-16
Jordan Eberle,SEA,CGY,1.0,R,17.321433398051937,1.9922188616343897,0.24111184860379864,2.0193151047155937,0.30872574662336133,0.37368460281882687,0.6824103494421883,0.547243935859395,0.9401562946450079,0.39595116945845665,0.3926557497379686,0.6993216313078803,0.26561785080529754,0.3118060679703367,0.49460266113330287,0.22898481032800533,2,29.4,2026-10-03
Jeremy Lauzon,VGK,VAN,0.0,D,17.302481820784532,0.18426416590015846,2.045369064942642,1.3064431014004967,0.06448911141031519,0.22923040558365523,0.2937195169939704,1.2079513553837553,2.4453533533334486,0.6700819601854967,0.20727885839133212,0.6514962704693108,0.062453677236309346,0.20485469352079044,0.2545144418476093,0.19206076461129995,2,29.4,2026-10-02
Alex Killorn,ANA,FLA,1.0,L,17.228803522793676,1.8003974773381162,1.783954697783122,1.9299043980364423,0.27426387297653454,0.33920153567066547,0.6134654086472,0.3910394202225745,1.1109997474924902,0.4430141712437452,0.32392200832703205,0.6894742352601836,0.2398685293587387,0.28766112707067804,0.4585288049252959,0.2186602755665572,1,29.4,2026-10-02
Mikulas Hovorka,FLA,ANA,0.0,D,17.22569481548528,0.4350653215986048,1.3251743440737187,1.2206431402260574,0.07244962694083167,0.24931910777512806,0.32176873471595974,1.2455077528370337,0.9466867238139479,0.4287543184646534,0.2522491690698641,0.8233594797682624,0.06988740190281939,0.22066875695813692,0.27513419275602746,0.20524679085320807,0,3.8,2026-04-15
Dylan Guenther,UTA,NYR,0.0,R,17.079968618797682,2.956180482578064,0.2567812526516844,2.6814553924859466,0.32661701235449536,0.3933474098928977,0.7199644222473931,0.42097536110537165,1.017401074218105,0.37996964940327327,0.2568024378797827,0.7255407672760156,0.27864003791757297,0.3252057233476493,0.5132304261806215,0.23459038826304857,2,29.3,2026-10-03
Noah Warren,ANA,FLA,1.0,D,17.065634103113045,0.6715807391289088,1.7636250570315517,1.2525961994690287,0.07050114119526048,0.2682593476623046,0.33876048885756505,1.2464854038716162,1.0878690328973308,0.4521080504915518,0.3069003058297565,0.7252059454234377,0.06807332398511234,0.23529057021995592,0.2873468829878433,0.21927355900273093,1,1.0,2026-10-02
Kirill Kudryavtsev,VAN,VGK,1.0,D,17.00069340822768,0.37123841012116243,0.8962713207981662,1.259095591870572,0.06051309977578282,0.24621683068138928,0.3067299304571721,1.2990137352594044,0.9508096223772385,0.36577476161314737,0.2686313163463554,0.7300312028196922,0.0587185616381497,0.21824730142342563,0.2641506954405841,0.2054321338024344,0,4.7,2026-04-16
Bobby McMann,SEA,CGY,1.0,C,16.97673073027833,1.4363981180772079,0.20850795525244056,2.607826342336038,0.28814714537406866,0.32220142493385956,0.6103485703079282,0.49815000225109674,1.6727584596774296,0.3359161822787764,0.34358617096108157,0.7515117357231801,0.2503487235944797,0.2754477672549105,0.45683849390017406,0.20648977030569438,2,29.3,2026-10-03
Daniil Miromanov,CGY,SEA,0.0,D,16.95291376528973,0.3773891700817532,0.7768658245069173,1.2532473744443515,0.05693544883743288,0.199521598636691,0.2564570474741239,1.1731109512939073,0.6420168381312765,0.349532650546087,0.24191284254419088,0.7718241189587064,0.055344954020110526,0.18087747130804077,0.226211769995334,0.17086681597522346,0,27.7,2025-10-14
Pavel Dorofeyev,NYR,UTA,1.0,R,16.907373942845766,3.0333364635361892,0.11876923798917231,2.587759861352548,0.3179035701423865,0.3737581966539354,0.6916617667963219,0.4046160693605563,0.7555062238049373,0.3662143576900871,0.3257510633205651,0.7441413973448185,0.27232704556912346,0.31185671293749173,0.4992567412314498,0.22692969566232635,3,29.3,2026-10-02
Alberts Smits,NYR,UTA,1.0,D,16.904187051712096,0.46654557088937043,0.8083676092886812,1.0972146126471223,0.06395780438894927,0.22839514028223856,0.29235294467118783,1.2563237305664599,1.1575697402781613,0.4419416604338093,0.2764132270958573,0.7972804851239574,0.06195541994009024,0.20419025878569397,0.2534949854950408,0.19153956555495055,3,2.9,2026-10-02
Beckett Sennecke,ANA,FLA,1.0,R,16.891554146408104,2.3362714003439087,0.15321826716911388,2.356819073982238,0.3306826377535392,0.4024246200963632,0.7331072578499024,0.37602630499388356,1.3139731123555618,0.6663269190437876,0.3934246235330955,1.0115330125868425,0.28156686358135696,0.3313032566775298,0.5195861013819054,0.23801923780054846,1,27.7,2026-10-02
Jonathan Huberdeau,CGY,SEA,0.0,L,16.75631089731888,2.237705917658961,1.008795357786955,1.7693657360111872,0.24466895806448943,0.320311052800767,0.5649800108652564,0.5257625383001353,0.8746818364161031,0.46563245864898,0.25982237035903616,0.8082966463372473,0.21703631084031527,0.2740767984928515,0.4316284921013538,0.21459218126103852,0,29.4,2026-02-04
Logan Cooley,UTA,NYR,0.0,C,16.74689973842104,2.443778797058374,0.6776367800238553,1.7748425097633218,0.26394151319037096,0.3759922244277128,0.6399337376180838,0.5651218790549466,1.0258628203120443,0.4071790431368281,0.37522144903288046,0.7518932993042763,0.231981542707548,0.31339232821086993,0.47267263514735014,0.24069109243980213,2,29.3,2026-10-03
Marco Rossi,VAN,VGK,1.0,C,16.67306072998247,2.559757740852626,0.25552625576069177,1.470554581946457,0.2506157432306775,0.3732488393608194,0.6238645825914968,0.5913779349951882,1.1564740909493632,0.35938128055540486,0.36420921169486536,0.7392519707277774,0.22167861063195737,0.31150611285274266,0.46413048118414224,0.24245187055218487,3,29.3,2026-10-03
Joel Farabee,CGY,SEA,0.0,L,16.62243679656292,1.048324816499001,1.9079594634630692,1.7426492568867398,0.21994565039139127,0.2685552100605486,0.48850086045193986,0.5457043411809102,0.8451846578048392,0.4658653824293084,0.3455490471344256,0.6999833237304912,0.19743758426965752,0.23551678551985966,0.3864545046015211,0.18901692033186357,2,29.4,2026-10-03
Scott Morrow,NYR,UTA,1.0,D,16.547749868904564,1.141695561654802,0.35053263901150855,1.1938072833152336,0.05594665643225841,0.25357023630205955,0.3095168927343179,1.2322168888419682,0.72209160367379,0.3061360410770455,0.28403463521224054,0.8196898053748484,0.054410424333349194,0.2239747621320406,0.2661986246178245,0.21178820028447531,0,23.2,2026-02-28
Lawson Crouse,UTA,NYR,0.0,L,16.482564735934844,1.0676732647996305,1.90818000344989,1.8258283887397981,0.24655732894786841,0.28042865466555955,0.526985983613428,0.5233236890419982,2.008298451662567,0.4458657184690495,0.29294720605803115,0.592994467766228,0.21851344154940933,0.24454015934544915,0.40961828907924347,0.19110484752983414,2,29.4,2026-10-03
Josh Mahura,SEA,CGY,1.0,D,16.463934567355164,0.21878845459897026,1.2014528083695848,1.0139077596564978,0.052191227712461374,0.19310203938608145,0.24529326709854282,1.4012501252090177,1.2328873192716843,0.3785861765261148,0.21758641511958038,0.7376127062064822,0.05085265378824966,0.17560215120324607,0.21752496959188516,0.1666723158036355,1,29.3,2026-10-01
Brady Tkachuk,FLA,ANA,0.0,L,16.461448817525575,3.03028564615458,0.15829775191220688,2.84997600554157,0.35636956062708,0.4561660925645904,0.8125356531916703,0.4433608776023507,2.0255010958052684,0.8412032298609765,0.2511570132048811,0.6221473304099009,0.29978619903788195,0.3662914259251828,0.5562685106447882,0.25648231160690627,2,29.4,2026-10-01
Cole Perfetti,WPG,DET,0.0,C,16.41667578769027,2.0679467832069713,0.2014573266875313,1.9303619307684854,0.25640186426147543,0.34105166294160294,0.5974535272030783,0.5835599410785767,1.0382619918149583,0.3738133714924426,0.2860079690695914,0.6052131329881342,0.22616906869670617,0.2889778262395283,0.44978904910164164,0.22361998040493547,1,29.4,2026-10-02
Derek Forbort,VAN,VGK,1.0,D,16.41057504948728,0.19716043901714891,1.857353033958839,0.8304792969848437,0.04634676843797732,0.18426067026940005,0.23060743870737738,1.3429534248619697,1.2765792733100398,0.5385433281791705,0.21426693207386643,0.8803462190097849,0.04528915880424389,0.16828102884129248,0.2059488814066016,0.16065972260235772,0,29.2,2025-10-11
Matt Coronato,CGY,SEA,0.0,R,16.37968719177347,2.038394789253263,0.17778023055257725,2.2144327466578773,0.24957237914998065,0.33952019672620964,0.5890925758761902,0.3642801494955501,0.7684174456993549,0.4358529472943158,0.28372363219442304,0.6099430739004701,0.22086611425999514,0.28788808556449363,0.44516947702411014,0.224303362764115,2,29.3,2026-10-03
Maveric Lamoureux,UTA,NYR,0.0,D,16.338015506411462,0.21997345557609135,0.7322804526838288,1.1961383117530429,0.0545012799760832,0.19403286423465232,0.24853414421073552,1.2395963782311028,1.2250422572492878,0.7416414585264778,0.22994503549542494,0.7221937548605099,0.05304270322564242,0.1763691641732681,0.22005677016551317,0.16701406693987075,0,14.7,2025-12-10
Elias Pettersson,VAN,VGK,1.0,D,16.318681666337564,0.23364846642885426,1.3565122871953204,0.9016366012322317,0.05619504133596428,0.1727202530291532,0.22891529436511748,1.231639362453642,1.6951212822179538,0.4730025383521275,0.22931256410075004,0.8324350868269244,0.05464526534235836,0.15862704653946103,0.20460409483319586,0.1499588294908375,3,28.5,2026-10-03
Cutter Gauthier,ANA,FLA,1.0,L,16.284764453011885,2.6668214022546657,0.1939884564260921,3.017580746279398,0.3858531886890386,0.3980432278726975,0.7838964165617361,0.38501641380391294,1.1543172856668162,0.49469081040320234,0.33112386364176627,0.847158396351228,0.3201296689915546,0.3283670062310765,0.5433766542101288,0.22324698521857422,1,29.2,2026-10-02
Liam Ohgren,VAN,VGK,1.0,L,16.28421436996963,0.8048515333238677,1.0595654147620006,1.5218271806878605,0.20735349655211224,0.2699234149944172,0.4772769115465294,0.6301134495506906,1.1495047498428468,0.2858674416397172,0.37672007476104713,0.7895245322656874,0.18726769886409267,0.23656204000154324,0.37952930999595147,0.1922616111318588,3,28.4,2026-10-03
J.T. Compher,DET,WPG,1.0,L,16.266670678981793,0.8239261808159335,1.4346572557281934,1.448614855132484,0.21934526363484044,0.28760905484839816,0.5069543184832386,0.5568236515910757,0.7130969837803782,0.3595357742377012,0.2889833584760658,0.622604545128052,0.19695559174746247,0.2499452347980754,0.3976727149214244,0.20071712317396195,1,29.4,2026-10-02
Drew Fortescue,NYR,UTA,1.0,D,16.249124024544614,0.37670012157848337,0.5130495610032981,0.9610409702391182,0.05294856921033105,0.21892468046255398,0.271873249672885,1.1600383669903467,0.9712495871450678,0.41231629382675095,0.23048942536033307,0.7161490210737406,0.051571210330439765,0.19661777374744938,0.23804916751325655,0.1864779571828168,0,7.9,2026-04-15
Alex Iafallo,WPG,DET,0.0,L,16.177081271833224,0.6959046968080796,0.8072022317757099,1.6309938915200268,0.21599519528184663,0.2561708731746597,0.4721660684565063,0.6477906498997884,1.5712586138081048,0.3280936714090225,0.22964886308481364,0.45094363414659344,0.19426082678618828,0.22599030000268017,0.3763500642646891,0.1820892374785008,1,29.4,2026-10-02
Tyrel Bauer,WPG,DET,0.0,D,16.169800769779712,0.6715807391289087,1.1636250570315514,1.0873803660993897,0.061736693251852354,0.22571824278599714,0.2874549360378495,1.2079307757421085,1.1155627177837262,0.6404621797608377,0.23780249857586833,0.6042162616827099,0.059869603118241965,0.20205710383719233,0.24982962834148015,0.18996002522323818,1,1.0,2026-10-02
Jake DeBrusk,VAN,VGK,1.0,L,16.130216462844793,2.093244680647564,0.4125607155642484,2.1844829464244953,0.30110062769845686,0.3126413120129983,0.6137419397114552,0.4577617809192241,1.0368816698469532,0.35220206454816444,0.27711073434482053,0.5834286481565409,0.25999669582937934,0.26848774982612233,0.458678517830045,0.19868182200066564,2,29.4,2026-10-01
Albert Johansson,DET,WPG,1.0,D,16.108682052630297,0.28830669819261223,1.3841412714259813,0.9620658477743131,0.05366933180475491,0.18054259087500568,0.2342119226797606,0.957584885612364,0.7710392739218063,0.30154794866513146,0.2925690877125118,0.6461904068096757,0.05225455603091511,0.16518287565203482,0.20880587385184302,0.1565513178209279,1,29.2,2026-10-02
Tyson Hinds,ANA,FLA,1.0,D,16.092284865285,0.3168156473228584,0.9508533601346221,1.273039000353468,0.06051076187634924,0.2324503843549256,0.29296114623127484,1.326966396304649,1.0972470254885816,0.43298882798724136,0.2730084880958668,0.7655843012717395,0.05871636101423572,0.20741092681062367,0.25394887296794955,0.19523251195371383,1,6.3,2026-10-02
Drew Helleson,ANA,FLA,1.0,D,16.068265473323716,0.18785654446465233,1.03382670486776,0.8547521792896842,0.04949252173078669,0.22639711393016707,0.27588963566095376,1.2484923041562654,1.0789441514693943,0.44141050711357804,0.3562611648794027,0.7164720678424008,0.04828772472954168,0.20259862041330656,0.24110331872974555,0.19281559400020387,0,28.9,2026-04-14
Connor Mackey,NYR,UTA,1.0,D,16.060186638182167,0.19215718964889025,1.4538719327233942,1.137180117732374,0.05520876025929141,0.18656618755937268,0.2417749478186641,1.1613634432408033,1.540411610415705,0.8123402026615513,0.23967637247857093,0.7782129462486815,0.05371241990854181,0.17019636254381498,0.21476712396049702,0.1610547040519552,0,20.9,2026-03-23
Tobias Bjornfot,FLA,ANA,0.0,D,16.039648590418835,0.18847988588455247,0.8470210484013506,0.9147013938275675,0.05546582472314052,0.20338782832259789,0.2588536530457384,1.3226711004655696,0.9120152200544254,0.37391146960294913,0.1870918803992011,0.6047306128255595,0.053955645554290554,0.1840382730149358,0.22806401474200866,0.1741083691877181,0,23.6,2026-04-15
Cale Fleury,SEA,CGY,1.0,D,16.004616425061144,0.24525539872225333,0.9394202383536226,1.1795960298979633,0.05354986445059325,0.1933019016586419,0.24685176610923515,1.5248130248411673,1.710917502676719,0.3224304775275304,0.2666776919476438,0.8209171956790654,0.05214132462671195,0.17576690076664103,0.21874350636184847,0.16660218173513652,1,24.3,2026-10-03
Jake Bean,CGY,SEA,0.0,D,16.003276485490947,0.2336686221073808,0.5458536184428576,1.1600135768481756,0.04935389851591312,0.17697279891285528,0.2263266974287684,1.1941306480231022,0.5990028280464393,0.3265740072806233,0.3006861289129003,0.7052505116079004,0.048155786169646664,0.16219742664614012,0.20254246822094835,0.15438668205130168,0,29.3,2025-12-06
Eetu Luostarinen,FLA,ANA,0.0,C,15.995515799876246,1.0781394409339269,1.5061096525194073,1.464966856656511,0.2168646116341994,0.31982561140992766,0.5366902230441271,0.6673659648947727,1.2043361980920426,0.4493963351629183,0.27419292245657656,0.5826560502770646,0.19496104516435042,0.27372431977731226,0.41531978547097703,0.2203587403066266,2,29.4,2026-10-01
Joel Hanley,CGY,SEA,0.0,D,15.955015826547145,0.18234035356066935,1.1802579627533494,0.8937286694359525,0.041453420414596556,0.16524296845684133,0.20669638887143787,1.3196286994850883,0.7902190401549618,0.46051919480458015,0.19648681464542037,0.7397585103626704,0.04060597752348438,0.1523122823118197,0.18673347072319968,0.1461274931997153,1,29.3,2026-10-03
Tomas Hertl,VGK,VAN,0.0,C,15.942816010487974,3.1950776535439958,0.27545818525480337,2.219251544733056,0.3252511146623366,0.4372983594468088,0.7625494741091454,0.5930389564238027,1.1965643703186477,0.33481362965604,0.23184109281542145,0.5378724619050909,0.2776540607915011,0.3542212715195061,0.5335243578548876,0.2558702970633865,2,29.4,2026-10-02
Ivan Barbashev,VGK,VAN,0.0,L,15.940401374936235,1.1962939294547892,0.1183092209906637,1.7699480783300157,0.26800690220417245,0.4025501004261072,0.6705570026302796,0.4186660617259162,1.527164798402464,0.36811981170944713,0.22489956310373485,0.7820434281089288,0.23509749842859406,0.33138715970118104,0.4885763658726704,0.25347886744407633,2,29.4,2026-10-02
Dmitri Simashev,UTA,NYR,0.0,D,15.889092884118341,0.19863344747349668,0.5481049591380085,1.0493135220005019,0.04685064664663461,0.17918420974779523,0.22603485639442983,1.0990608369022972,0.8451276551734126,0.4099587120327517,0.15996782161225273,0.7861047641123812,0.0457700956157262,0.16404810527480618,0.20230970342652577,0.15653960781079956,2,19.0,2026-10-03
Jared McCann,SEA,CGY,1.0,L,15.8791968681484,2.466588166766138,0.23077971342232204,2.2179658384018697,0.28757921047257734,0.39035370307491346,0.6779329135474907,0.45256044542528656,0.9308323336321702,0.33152982021039545,0.3392037783249019,0.8741404899779025,0.24992284954774124,0.32318256025333647,0.4923347034184292,0.24241185387068798,2,29.4,2026-10-03
Morgan Frost,CGY,SEA,0.0,C,15.876296774556211,1.9718475757805698,0.2823682720355841,1.802780056605559,0.23713496790426553,0.30617379366952,0.5433087615737855,0.5703919303331824,0.9373332154659827,0.32802446992016165,0.3328093065915554,0.600505316484216,0.21111519329707618,0.26374134875632593,0.41917673623027873,0.20806154293320256,2,29.4,2026-10-03
Ryan Poehling,ANA,FLA,1.0,C,15.866478674554044,0.9773916353310979,1.9502947927770284,1.574565594994555,0.21745167312361535,0.33446757231313856,0.5519192454367539,0.8989817317463067,0.8968313138270615,0.33360559794147804,0.3536159515984358,0.6097985231183644,0.1954335138345642,0.2842809464350533,0.42415643599159947,0.22872292215703527,1,29.4,2026-10-02
Jaycob Megna,VGK,VAN,0.0,D,15.839704318422841,0.18508857901655715,1.180725559550875,0.8519273013901749,0.04254320294886426,0.17370990215530274,0.216253105104167,1.2477806082159137,1.08459910928333,0.4057240793344307,0.2013748547712509,0.5808931360662348,0.04165093887892446,0.1594592986609007,0.1944686080376239,0.15281766915869943,0,28.7,2026-01-19
William Karlsson,VGK,VAN,0.0,C,15.833912911122201,1.1873012932142222,1.2744760396413652,1.9540299548868325,0.2467356142923521,0.34376284776721855,0.5904984620595707,0.5976864862634658,0.6540389532058725,0.30427394006424163,0.29415108314741073,0.6234727657673839,0.21865275673039553,0.29090292793524264,0.44594895753165376,0.22729620080125823,2,29.3,2026-10-02
Matvei Gridin,CGY,SEA,0.0,R,15.830835826288816,1.8295279379338438,0.13665914977978366,1.957499695029402,0.22362894476912729,0.31310288367447586,0.5367318284436031,0.5834145502391768,0.8044922759379971,0.3366840491987421,0.27414347611691364,0.7630892796546471,0.200388220536458,0.26882531723905734,0.4153441108188318,0.21495589028237383,2,21.8,2026-10-03
Yegor Sharangovich,CGY,SEA,0.0,C,15.816849349781949,1.0475560844227332,1.4984005944859062,1.6269799064981418,0.19386511103964435,0.26778097169480397,0.4616460827344483,0.4601949216375856,0.6678212987146684,0.293296593737464,0.29735580782633003,0.6112966791553889,0.17623098587944996,0.2349246640932573,0.3697546448121538,0.19352365893270385,2,29.4,2026-10-03
Vincent Iorio,NYR,UTA,1.0,D,15.790959023368403,0.21678353261531663,0.9353669460367895,0.9295110801856823,0.04484058382633884,0.18247938972759523,0.22731997355393407,1.2988077220614602,0.8390377568550111,0.3810589171046293,0.30874422270837576,0.8876593312481247,0.04385010455804217,0.16679818373223199,0.2033341704935243,0.15948406593548214,0,20.9,2026-03-25
Brad Marchand,FLA,ANA,0.0,L,15.78204025998771,3.0808555161402023,0.6584550888082683,2.1492071488968767,0.3153784757105737,0.41736299451120457,0.7327414702217783,0.3738866548555086,0.8553416684959673,0.5539327160785169,0.2757050815080173,0.790119591205017,0.2704872808314056,0.34121825761989033,0.5194103397776617,0.2489230589462561,0,29.4,2026-03-06
Colin Miller,WPG,DET,0.0,D,15.758883410602312,0.9091230374180795,0.4287514159338353,1.241922618642056,0.05617915805710901,0.20630234310047407,0.26248150115758306,1.0616546217398832,1.3098228427536256,0.4239534918411759,0.24274451706103622,0.6665217175165785,0.054630249890243676,0.18641294333958924,0.23085940755241519,0.1762291576621715,0,29.3,2026-04-16
Drew O'Connor,VAN,VGK,1.0,L,15.74406858907694,1.234821763803153,0.6755808343488461,1.8184158054663184,0.2460290920556144,0.27202594880838543,0.5180550408639999,0.44162288645849784,1.313009752573643,0.47769763554207745,0.36166292711665826,0.6571205805361585,0.21810052246849054,0.23816550786390955,0.40432200863330814,0.1862214861648176,3,29.4,2026-10-03
Gabe Perreault,NYR,UTA,1.0,R,15.733195076863403,1.338388745087703,0.11744154550352669,1.6616994475032676,0.2543423687108052,0.2932649911658035,0.5476073598766087,0.48137685373265854,0.9090697560564772,0.33684974617942437,0.27525731053375696,0.7015714697378114,0.2245737250990858,0.2541755223889146,0.42166810359611584,0.19709437849703004,3,25.3,2026-10-02
Viggo Bjrck,WPG,DET,0.0,C,15.679631032670578,1.2812206212957287,1.1436401856880092,1.632315259244846,0.21322045248331592,0.2985861241131821,0.511806576596498,0.5422179716118586,1.1209545183392537,0.3907643983433831,0.34361825922494227,0.5117054405776988,0.19202200317440077,0.258133613485958,0.40058828311213857,0.2085662799377378,1,1.0,2026-10-02
Adam Lowry,WPG,DET,0.0,C,15.665934956918298,0.3499903894359804,1.4730807640354129,1.2517984005289668,0.17407023375480712,0.2660893224210225,0.44015955617582964,0.6407492028568166,1.7743732083684869,0.4489794645306727,0.31655602572217517,0.46919066460947895,0.15976211747539237,0.2336293296399914,0.3560663307077423,0.19630421323234992,1,29.4,2026-10-02
Abram Wiebe,CGY,SEA,0.0,D,15.578727972989832,0.41144440815725436,0.7128957026496848,1.0308862722098184,0.05264342765504236,0.20146159326547167,0.254105020920514,1.0466703088947407,0.8998639898933752,0.39716495475317204,0.2229869903012032,0.630223040352767,0.051281761135236525,0.18246502419407384,0.22438965754305462,0.1731078964078181,0,3.8,2026-04-16
Travis Hamonic,DET,WPG,1.0,D,15.56690722408403,0.2354680743137415,1.4766475210327763,1.0479042936962781,0.046875377675326485,0.18805644722021952,0.234931824895546,1.2892083238398606,1.1865036350835725,0.5275954532629995,0.281249724503921,0.7471098663314172,0.04579369441105774,0.17143206444409764,0.20937525128374568,0.16358155687268794,0,29.3,2026-04-15
Brayden Pachal,CGY,SEA,0.0,D,15.530708206071756,0.18151877488907703,1.1329322282323215,0.9895413376600649,0.04619998240125447,0.19270097886943788,0.23890096127069235,1.156387317989936,1.664747815995133,0.5533280253203956,0.20814879667966452,0.7226401752692163,0.04514901029797813,0.1752714514652166,0.21250712919605008,0.16735811889807195,0,29.3,2026-04-16
Anders Lee,UTA,NYR,0.0,L,15.503403228559849,1.5733447333672832,0.13274481999393567,2.1804081536497524,0.27906553850955584,0.2880154018894231,0.5670809403989789,0.4764913643199618,1.304683221706269,0.4602888145536882,0.1848726125119244,0.6762701015898408,0.2435096776578829,0.250249955417168,0.43282134709751674,0.18931166943963385,2,29.4,2026-10-03
Frederick Gaudreau,SEA,CGY,1.0,C,15.495181089334833,0.38333625019997375,1.626811985017814,1.3668665109171294,0.1793710430480137,0.2537132107366956,0.4330842537847093,0.6710707133305981,0.8379769739647768,0.25962973440110876,0.38511299223466794,0.5309557470924652,0.16420427433687668,0.22408570597043276,0.3514941495691678,0.18728987523229113,2,29.4,2026-10-03
Emmitt Finnie,DET,WPG,1.0,C,15.494589000659722,1.1540388947685816,0.8849623504223207,1.4775575148947533,0.22018582508071752,0.2942633049934202,0.5144491300741377,0.44898747752967144,1.462017339622587,0.24208600935648777,0.34105207936783416,0.7086631029899675,0.19763031630291594,0.2549197177458239,0.4021701695987826,0.20453985329586666,1,27.7,2026-10-02
Brett Howden,VGK,VAN,0.0,C,15.489796261668541,1.0304515997211403,0.9450500858260823,1.4783951461839386,0.232366524271218,0.30997006867275956,0.5423365929439776,0.4504297822137281,1.3533089443710764,0.5497851754582928,0.2646881714118113,0.5930886633746901,0.20734445743757568,0.2665310904063054,0.41861180351334026,0.21126734607576458,2,29.4,2026-10-02
Dylan Coghlan,VGK,VAN,0.0,D,15.483510716826798,0.4121788785162067,0.5561296506737322,1.4773846971431805,0.06507347554570113,0.2298905214291779,0.294963996974879,1.098136013208816,0.8163415614017588,0.39555793222301155,0.20275808239725948,0.615763151753873,0.06300138563643654,0.20537940833175594,0.25544160666210036,0.19244022102566383,0,17.8,2026-02-25
Axel Sandin-Pellikka,DET,WPG,1.0,D,15.39522408054059,1.4834578765579403,0.4790729150416699,1.1678312465692748,0.06898347613275498,0.2445030512344832,0.3134865273672382,0.9038952072503111,0.5760324369546146,0.324071727185254,0.19408201642935938,0.7198853304410234,0.0666578976282226,0.21690640104047332,0.26910577399323377,0.20244787636501116,1,26.7,2026-10-02
Will Cuylle,NYR,UTA,1.0,L,15.392796697720023,1.1313166300313793,1.076740556302573,1.8650367360764926,0.24740107692497754,0.25780240964086726,0.5052034865658448,0.5283358413777646,2.8267758747123084,0.6430204435877572,0.2322303688353512,0.7209074374047092,0.21917254115615836,0.2272520954408901,0.3966172173562067,0.17744467620004833,3,29.4,2026-10-02
Ville Heinola,WPG,DET,0.0,D,15.377328053479873,0.6481131860521824,0.42111704108693054,1.0174765130174406,0.05140455747165267,0.19620971068741558,0.24761426815906826,1.0792769762201684,0.8515975573292167,0.39623526249976376,0.2530538082343748,0.6729310198922935,0.05010569404986498,0.17816013199841296,0.21933898898248194,0.16923329493261696,0,20.0,2026-04-16
Wilmer Skoog,FLA,ANA,0.0,C,15.33332007509808,1.0674592520936763,0.6642283537801938,1.6259598332491663,0.22279384563341345,0.3413079510614577,0.5641017966948711,0.7311929059039012,1.044023579063473,0.5008211132392398,0.3045969130628012,0.5564598920602798,0.19972018653203494,0.289160029426363,0.431129120943756,0.23140893441172106,0,2.9,2026-04-15
Jacob Bernard-Docker,DET,WPG,1.0,D,15.260655669782372,0.18581910508923583,1.1895089304868207,0.8513482357872215,0.04451013633201917,0.165096254739414,0.20960639107143317,1.1613653765864618,0.9412933212858823,0.39941047387536155,0.18648507493750846,0.637020930264393,0.04353409501149352,0.152187905771891,0.18909663803391086,0.14556254302241733,0,29.3,2026-04-11
Victor Mancini,VAN,VGK,1.0,D,15.201509978220903,0.2424057098411359,0.5609079611502857,0.8276968717971438,0.04246515036081733,0.18696157802974425,0.22942672839056158,1.18164129233066,1.1673648459481412,0.3490549441882709,0.19123161698175253,0.7141595201609301,0.04157613433514551,0.17052439413978782,0.20501078335675815,0.16343464902161264,0,25.0,2026-04-11
Radko Gudas,FLA,ANA,0.0,D,15.156033178561508,0.19341166412389646,1.3636982127240695,1.0307868672140998,0.04590286744967158,0.2052876493137621,0.2511905167634337,1.3792700957539912,1.6943591772415387,0.6895179517853182,0.17255119373290412,0.6892193016670072,0.04486526764239862,0.18558698263051443,0.22212584062624985,0.17726057298385123,2,29.4,2026-10-01
Isaak Phillips,WPG,DET,0.0,D,15.151828124603565,0.20170864721173026,0.9115341094333955,0.9822695225447988,0.05226091988764723,0.16771575023362065,0.21997667012126787,1.0402826544666672,1.325030544370652,0.35271988438826135,0.26837069153186693,0.5503391752834144,0.050918799626428535,0.15440583953066833,0.19746247915288428,0.14654367952645575,0,25.0,2026-03-05
Evander Kane,VAN,VGK,1.0,L,15.141690836660405,1.183172973196169,0.11896743483328627,1.985019352121066,0.23621751942793678,0.2698021280329945,0.5060196474609313,0.4286641367940942,1.462355411059481,0.5122579826282433,0.31834331683947475,0.834972327707569,0.21039110002482286,0.23646943931562592,0.39710947388058115,0.1867183738557583,0,29.3,2026-04-04
Nick DeSimone,UTA,NYR,0.0,D,15.117866845876433,0.1936232208482116,0.45572156407776554,0.9996917565448168,0.049518335809801806,0.18989459601903916,0.23941293182884096,1.0564257711514542,0.7166780828477858,0.3156809237789034,0.19156672422312906,0.6827219391266829,0.04831229198832321,0.17295369667790905,0.21291019917186926,0.16459790718354605,0,28.4,2026-04-16
Linus Karlsson,VAN,VGK,1.0,C,15.043094563197483,1.0998442641284445,0.23043251063909936,1.5151023026365247,0.21299436452108575,0.3106862964441612,0.5236806609652469,0.491896037263079,1.023045238130746,0.31642911592570105,0.29454722609805367,0.6642516542485144,0.19183930842380792,0.2670562331254672,0.4076636584762183,0.2158243500524104,3,28.7,2026-10-03
Filip Chytil,VAN,VGK,1.0,C,15.03668980522024,1.4271730969494993,0.20709274423854135,1.9622780791367056,0.2356700585156359,0.28103404116242564,0.5167040996780615,0.4094841379468001,0.7179089084795891,0.3507628946376051,0.3540296664017286,0.6748746994549177,0.20995870166628128,0.24499736612453726,0.40351673888765216,0.19355803722137088,0,29.2,2026-02-02
Viktor Arvidsson,DET,WPG,1.0,L,15.010606563745231,1.7105428626889931,0.11715792470711013,2.2799005320770016,0.3064361448475353,0.37006982364446506,0.6765059684920003,0.49864315579238233,0.7618139336207984,0.3403165445377432,0.27949953869167043,0.7744688511486114,0.26393448174536227,0.3093138972672239,0.4916097758407232,0.22767529409536091,1,29.3,2026-10-02
Travis Mitchell,ANA,FLA,1.0,D,14.978860553612552,0.269092662739657,0.7071624712251362,0.9582728418165217,0.06142541948127907,0.1931122471441464,0.2545376666254255,1.0508393056889154,1.1449046185744434,0.47595267643586403,0.22179176594777686,0.7199637677146223,0.0595769196347915,0.17561056641408557,0.22472514944660482,0.16514822981181332,1,8.6,2026-10-02
Ben Hutton,VGK,VAN,0.0,D,14.938419809987428,0.2894502524381602,0.33341045666886526,1.2629851203773121,0.060419803863979896,0.2151541632797299,0.2755739671437098,1.1113943927767047,0.7044044094783223,0.3354548516480879,0.26591076617331755,0.5826783652599175,0.05863073983145051,0.19358288931256173,0.24086372112490695,0.18223298129345644,0,29.1,2026-04-09
Urho Vaakanainen,NYR,UTA,1.0,D,14.929485110712404,0.1900134168000677,0.9170360270843716,0.8848862663611252,0.042780286491318154,0.19085690048981058,0.23363718698112873,0.9721543517003464,0.6383964367771292,0.34829239077782564,0.22494028688130072,0.7029194931000086,0.0418781207376383,0.17374918422113417,0.2083510156438937,0.1664728949062554,0,29.3,2026-04-11
Eeli Tolvanen,NYR,UTA,1.0,R,14.867526249852741,1.2327960272389928,1.1438496472409805,1.7162118465787302,0.21493385632030645,0.2470142234718616,0.46194807979216806,0.698896118117218,1.829432646746075,0.37879137991212736,0.31809083449069153,0.6117295198469855,0.19340521043965164,0.21887041692228315,0.36994494831806635,0.1765397378784147,3,29.4,2026-10-02
Pierre-Olivier Joseph,VAN,VGK,1.0,D,14.864937995755435,0.20244830601053035,0.6530219670739966,0.8837268371017577,0.047096716749861135,0.1888137096828227,0.23591042643268384,1.028608205831385,0.86813424952451,0.39224608917707693,0.3425228314494151,0.7988872770838006,0.04600487417962251,0.17205927032970159,0.21014857942636855,0.16414370524674604,0,29.3,2026-04-09
Mackie Samoskevich,SEA,CGY,1.0,R,14.808548539687427,1.6903322135114143,0.12483298716749563,2.030952282891345,0.2613892454711995,0.31057972976652237,0.5719689752377219,0.5044315459026856,1.5396090858711375,0.40676054707553705,0.25453580327302194,0.6919359945324172,0.23001885039858738,0.26697812158136547,0.4355869713722329,0.20556812097364552,1,29.2,2026-10-03
Judd Caulfield,ANA,FLA,1.0,R,14.781940791239464,1.2189355306242953,0.4393036394868216,1.7253058821460614,0.24392935549223724,0.3032473160042763,0.5471766714965135,0.4628955829498809,1.3430671721476972,0.4534466099895332,0.34369973466562326,0.5787596687978561,0.21645701468377576,0.261583548420373,0.42141896912268595,0.2049619544389102,1,1.0,2026-10-02
Haydn Fleury,WPG,DET,0.0,D,14.763175724404826,0.2742762487550062,1.2499308497198034,0.8959626578954318,0.050342221738208744,0.1634419224849474,0.21378414422315614,1.3298207116418823,1.1678731228240298,0.35210116574256733,0.18696540962984556,0.6357521396295914,0.049096051190768986,0.15078418208614208,0.1924773253544516,0.14338127416368263,0,29.0,2026-04-16
Kaapo Kakko,SEA,CGY,1.0,R,14.552826438317954,1.4956824484048166,0.11688845615128192,1.421468127725726,0.21709290881222465,0.3255177059487125,0.5426106147609371,0.3730091793850246,0.8048771369334871,0.3222977719713119,0.35178649915667526,0.6980994061445691,0.19514481230838143,0.27784660625803104,0.41877109473766816,0.22362628242928673,2,29.4,2026-10-03
A.J. Greer,ANA,FLA,1.0,L,14.552423710978447,0.5741423493595215,0.9072723596163454,1.6581208782421992,0.2573038614952398,0.2835497245852626,0.5408535860805024,0.47428400999150766,2.122002240454357,0.7440243841569563,0.2706836952110116,0.7031167576193618,0.22686674735672985,0.2468943266582566,0.4177489611851978,0.19088221382846793,1,29.4,2026-10-02
Ryan Strome,CGY,SEA,0.0,C,14.432038655333846,1.285162310385213,0.4070243118886812,1.44160103736194,0.18771469641518013,0.2766925545786507,0.46440725099383084,0.4185315589280147,0.7356683942038034,0.4713118970672814,0.23857987470219333,0.677674617965597,0.1711488522938579,0.24171240667487592,0.3714924579811426,0.2003436056872847,2,29.4,2026-10-03
Barrett Hayton,UTA,NYR,0.0,C,14.430134862328387,1.758095305724701,0.3550107746340056,1.6961691955519531,0.21691691295452417,0.29229988133924273,0.5092167942937669,0.48663382621739126,0.7863249053716949,0.48103418437055206,0.21471259468583495,0.5408552823885904,0.19500314866355728,0.2534553724006654,0.3990339254003984,0.2040307767368411,2,29.4,2026-10-03
Luke Schenn,VAN,VGK,1.0,D,14.417940538002163,0.18790288282224138,1.448638630118054,0.8323969577608847,0.040607087236955455,0.1688957059085514,0.20950279314550685,1.0680486305991397,2.236032419697301,0.6348938990717543,0.20043602355062193,0.7465447596902078,0.03979366683757679,0.15540301473203666,0.18901262577581168,0.1492189589382349,3,29.4,2026-10-03
Berkly Catton,SEA,CGY,1.0,C,14.390971366053854,1.1645447181423407,0.1969893913626377,1.5020535206672254,0.20401065207769575,0.2715471181027091,0.47555777018040485,0.5172435584072009,0.6089246447111826,0.435291391399922,0.3556727301611194,0.6655834678971767,0.18454631513497943,0.23780063076622393,0.3784617157565229,0.19391540062154344,2,26.6,2026-10-03
Jesper Boqvist,FLA,ANA,0.0,C,14.325372984278179,0.6857481755179073,1.2223700103987754,1.2510141976890639,0.18216828146547123,0.25443037172685246,0.4365986531923237,0.5208327896493586,1.4546585353681012,0.325471822987991,0.27333558177978046,0.6787046770921342,0.1665389274368777,0.22464196194743113,0.35376925798426784,0.18723033054739013,0,29.4,2026-04-15
Kevin Stenlund,UTA,NYR,0.0,C,14.305875383857874,0.32194839830055744,2.1752159895181067,1.0993190316754669,0.14744609290477842,0.2266018992550879,0.3740479921598663,0.6458968232500645,0.7574933909798787,0.28897639304913364,0.2659739339525721,0.5283680783057443,0.13709104601724809,0.20276189979473636,0.31205610487667956,0.17496505885943148,2,29.4,2026-10-03
Connor Zary,CGY,SEA,0.0,C,14.253621394296829,1.4906569060023196,0.2031512353145796,1.5452812268608844,0.19984201320044917,0.2596065100142997,0.4594485232147488,0.3495697253136119,0.7594178471153041,0.3244045803028464,0.24170038618600537,0.5575713726263948,0.18113988805241765,0.22864495341848856,0.3683681202049309,0.18722823215251327,1,29.3,2026-10-01
Rory Kerins,CGY,SEA,0.0,C,14.207215703463971,1.444234724910822,0.3290554037167378,1.2880870886017448,0.18327026262049081,0.28343444640499327,0.4667047090254841,0.5879579979266817,0.9864771061162507,0.34057865158260686,0.269014049190028,0.5662636665942973,0.16745687995620206,0.24680750500245818,0.37293477022117383,0.20547789026497176,0,7.9,2026-04-16
Jonathan Toews,WPG,DET,0.0,C,14.15147067484005,2.245861448946365,0.29679512023219345,1.3089146699907002,0.18844532040914966,0.2849143726620917,0.47335969307124137,0.4392715129307669,0.5739527515015587,0.3928563711786273,0.2386058656544911,0.6321888335504254,0.17175420965856447,0.2479213499449725,0.3770940240862539,0.20533981442768945,0,29.1,2026-04-16
David Perron,DET,WPG,1.0,L,14.11081707757077,1.5198651971606452,0.11972119069727807,1.6315589344682262,0.21975999796389942,0.2658170736258519,0.4855770715897513,0.3747937992166026,1.3601303508588942,0.4143815257481686,0.2874906895647661,0.5451690638225527,0.19728857277721878,0.23342065774428455,0.3846580020984137,0.18736942932119494,0,29.4,2026-04-15
Tomas Nosek,FLA,ANA,0.0,L,14.057926103043352,0.35280273999472794,1.5871495339882402,1.1175598797175743,0.1816622543616531,0.2248344035268832,0.4064966578885363,0.4869009397749384,1.5799460782794175,0.351071929201202,0.2451252520042515,0.5512025009032724,0.16611706681673144,0.20135153882193302,0.33402067861052964,0.1679036117937982,0,29.3,2026-04-13
Victor Olofsson,VGK,VAN,0.0,L,14.026403689155751,1.473769604471288,0.12888595714827408,1.8024470128977255,0.23309812868922677,0.2997148371170457,0.5328129658062725,0.371405038346404,0.6667701866673433,0.26102443132325737,0.24172592194084536,0.6135861669850857,0.20792415565372868,0.2589704953349843,0.4130484294069585,0.20512427375322984,2,29.4,2026-10-02
Kai Uchacz,VGK,VAN,0.0,C,14.012781153330764,0.9756267600111873,0.6311330630935766,1.4531155910496667,0.20807958036641172,0.296385391026494,0.5044649713929057,0.5678114540930667,1.1630456366636155,0.44727656640613267,0.2651114219576524,0.4858667070636833,0.18785759644984523,0.25649916575131737,0.39617144543172955,0.20831384898188432,0,2.9,2026-02-25
Noah Laba,NYR,UTA,1.0,C,13.995898605559985,0.5311999058322892,1.3800335460497957,1.1312336461610542,0.17039944656683692,0.2468775811089289,0.4172770276757658,0.4705627665938512,1.4191099953381654,0.42313771685912877,0.2912629196605994,0.5902975708145299,0.156672115120578,0.2187636742376745,0.341161621803887,0.184489506683309,3,27.3,2026-10-02
Michael Carcone,UTA,NYR,0.0,L,13.97775770801926,1.1693931513606173,0.11680618140297631,1.8161043036769977,0.2104421087191522,0.2578890966458282,0.4683312053649804,0.3036325976932341,1.6989546631903247,0.29802315741673535,0.23689742041556333,0.6025943893272877,0.18977404118579,0.22731907973895016,0.3739538605240448,0.18417981933825478,2,29.3,2026-10-03
Tye Kartye,NYR,UTA,1.0,L,13.965397680873425,0.38271302515608446,1.4494469666128384,1.2835806526735951,0.17622000155305342,0.2404377396935562,0.4166577412466096,0.5668288254431363,2.258173910935983,0.4621588669981051,0.3265133327301739,0.5052557319598959,0.1615664936283252,0.21371640181803064,0.3407534857737544,0.1791869921454292,3,29.3,2026-10-02
Shane Wright,SEA,CGY,1.0,C,13.933824674856268,1.5470558576192073,0.21070274981788112,1.3990806252140153,0.20656491056854473,0.2859399472652809,0.4925048578338256,0.7142714350908315,0.7933806128829775,0.2730751857607795,0.28761453396909453,0.6976142409041435,0.18662653679053864,0.2486922673238562,0.38890622753715676,0.2022796907466181,2,29.3,2026-10-03
Morgan Barron,WPG,DET,0.0,C,13.827234589011182,0.3266098967874507,1.3176661663159477,1.388418106131631,0.18262160242500694,0.23660045299185048,0.4192220554168574,0.5906005671817294,1.5276489452584139,0.42310173402232604,0.26479835810055713,0.4575358885099419,0.1669166671848864,0.21069340988899732,0.342441835297393,0.17552516811250662,1,29.4,2026-10-02
Braeden Bowman,VGK,VAN,0.0,R,13.81572077199873,1.3632886857332076,0.12635230758830387,1.56598276729098,0.23672001649575267,0.30767119746368476,0.5443912139594375,0.4352343481211688,0.7510576238361595,0.35174664866876704,0.2711516355159341,0.4587222843757555,0.21078777650904978,0.264843000239784,0.41980510960430395,0.20901733309525417,2,25.1,2026-10-02
Marco Kasper,DET,WPG,1.0,C,13.805537480970973,0.7875710653454386,0.853637937814708,1.6983220408139184,0.20411603433499553,0.25420017413251894,0.4583162084675145,0.5065291992346473,1.6589745479206603,0.33010029541873176,0.2781679965919855,0.6007311460517362,0.1846322449571951,0.22446345584727512,0.3676525090405376,0.1830202640833425,1,29.2,2026-10-02
Jack McBain,UTA,NYR,0.0,C,13.758584565600582,0.42736575177873165,0.9312782000994817,1.3790458385693016,0.18435754471220908,0.23615252473098478,0.42051006944319386,0.5203534544031356,2.5543882805908282,0.5579585408300611,0.23065565951307232,0.5621449462503928,0.16836159725062438,0.21033977796584558,0.34328823423279853,0.17492663698217414,2,29.4,2026-10-03
Reilly Smith,VGK,VAN,0.0,R,13.682169573748109,0.6323624384377308,0.5709112672036953,1.6461235636447564,0.22760552148660973,0.2595251860897367,0.4871307075763464,0.30651558378346444,0.6869305193212192,0.2753447122895354,0.19822913775745157,0.6161228802556638,0.20356162429814584,0.22858222124809058,0.38561327730329686,0.18205165300515103,0,29.4,2026-04-15
Nino Niederreiter,WPG,DET,0.0,R,13.646569569989444,1.3669234516564719,0.11858436077530214,1.4388571415898688,0.1971820417164571,0.23234276590144287,0.42952480761789996,0.3693367124108383,1.1299888394020328,0.35093692249906305,0.21156825644822713,0.5180939857714285,0.1789588440337997,0.2073256250103781,0.3491817148537355,0.1702228708199358,1,29.4,2026-10-02
Ryan Winterton,SEA,CGY,1.0,C,13.610858591171613,0.32964268920566375,0.8888416532783392,1.6984999929648001,0.18267735688938866,0.25548874623805323,0.43816610312744186,0.5685093668461011,1.1813670262953513,0.310828326397444,0.4160917820919223,0.6153618384416761,0.16696311400507202,0.22546214702390965,0.3547813988716003,0.1878182848665283,2,28.1,2026-10-03
Conor Sheary,NYR,UTA,1.0,L,13.610494606446672,0.9541737157484268,0.6539348654382681,1.3450154088077497,0.1872075052594669,0.23006479659095397,0.41727230185042086,0.47921476323382195,0.7572766405254998,0.3258544907046949,0.31664598063494204,0.5841484865021561,0.1707283596962894,0.2055178788975789,0.341158508241424,0.1704301485451346,0,29.3,2026-04-15
Trevor Connelly,VGK,VAN,0.0,L,13.578941269123215,1.352113328843783,0.3573750484048854,1.7721065671404326,0.24376762450577003,0.2991876608828364,0.5429552853886064,0.39805812358937404,1.075277485810477,0.3746167570697897,0.2470234000449372,0.4861868102390349,0.21633028125573628,0.25857973920165334,0.41897139274886097,0.2026411114931247,2,2.0,2026-10-02
Andrew Agozzino,UTA,NYR,0.0,L,13.566544586958605,1.3094889647226937,0.35171408730540443,1.6080573838455074,0.2011584371819417,0.25731635417767174,0.45847479135961344,0.49713119234099257,1.3765267731455673,0.33460419467131014,0.25755886056512967,0.4653991115935429,0.18221714592165494,0.22687640580460255,0.36775278058357963,0.1855356346619247,0,5.5,2025-10-11
Mason Appleton,DET,WPG,1.0,C,13.539257098016702,0.3517209379841177,1.088542782819811,1.180893326937344,0.151338385839196,0.21499065517052957,0.3663290410097256,0.3999414933024443,1.3092810594369748,0.3901652307152795,0.21659438528376565,0.40658141749405347,0.14044321240301816,0.19345102279523774,0.30672535211424323,0.16628213971122507,1,29.4,2026-10-02
Jacob Bryson,WPG,DET,0.0,D,13.528684406447598,0.17903902175405148,0.8234087647661592,0.7520906621621659,0.03856193647789958,0.1647740287414137,0.20333596521931327,0.9046081522990849,0.5975266542245484,0.2872264850866383,0.17252646787424028,0.4610292465858731,0.037827890657313845,0.1519146746549911,0.18399595361021448,0.14616806295290063,0,29.3,2026-04-14
Brayden Yager,WPG,DET,0.0,C,13.455559109686268,0.7829617498672898,1.3499681656117892,1.2938372462541872,0.17055498544727635,0.2411373460735609,0.4116923315208373,0.4383582232317507,0.9233746817393657,0.36458692392225106,0.2719393321388184,0.4431220882470724,0.1568032751951255,0.2142662984617828,0.3374719162941645,0.18066864109903902,0,2.9,2026-04-16
Ian Moore,ANA,FLA,1.0,D,13.435460730788774,0.2143461565647169,0.6567793101524033,1.022878398695329,0.06250715022069486,0.17133977781179083,0.2338469280324857,0.9600896542891122,0.8591097985250739,0.33655365359082223,0.2933138463829975,0.5697358264261922,0.060593654173232925,0.15746474995241644,0.20851703952255807,0.14792338534932514,0,26.8,2026-04-16
Samuel Honzek,CGY,SEA,0.0,L,13.384645852549694,0.43859618761812447,1.4134640282307316,1.3921698553642339,0.17643138602041594,0.2050609343130875,0.38149232033350344,0.39003751824374394,1.3945682615202744,0.31471678045073886,0.23645051956430627,0.5013556802642359,0.16174370671778127,0.18540232205086138,0.3171583699660525,0.15541466324827125,2,17.0,2026-10-03
Braeden Cootes,VAN,VGK,1.0,C,13.328524469881623,1.3026634123510055,0.5079213793034303,1.3135529060845201,0.18733152336473805,0.2640051893955024,0.45133671276024045,0.4889435116370875,1.0626226305522577,0.3093193284499935,0.3077325248157231,0.5866896126717511,0.17083119801683633,0.23203044565138575,0.3632236046612154,0.19239240664437907,0,2.9,2025-10-13
Max Sasson,VAN,VGK,1.0,C,13.306283813321036,0.42032946710347374,0.6245822521864304,1.182626838914796,0.17114595969515484,0.22175246537722204,0.3928984250723769,0.5367883534943855,0.7726964070651892,0.3775547833703036,0.3151322679309396,0.6079413053341287,0.15730143553091724,0.1988863568433289,0.32490268293527624,0.167601247404359,3,28.4,2026-10-03
Oliver Bjorkstrand,NYR,UTA,1.0,R,13.283111993262384,1.7610569403239575,0.11676816553310317,1.5569506474740644,0.1971251729596769,0.26366643879500523,0.46079161175468214,0.4803194934932368,1.2142212302716495,0.3096246295578817,0.2560501959644956,0.5112659239874952,0.17891215111632297,0.2317702514357014,0.369215888302892,0.190303737186569,3,29.4,2026-10-02
Tim Washe,ANA,FLA,1.0,C,13.243235284761996,0.31137784396664586,1.5876919301742611,1.1444427905540349,0.16942492293293057,0.22706253475473628,0.39648745768766686,0.5358162489242406,1.6709406254598218,0.38668017871364796,0.3505959662105188,0.4356164326060387,0.15584987158282404,0.20312905139734017,0.3273212864051479,0.17147141482232386,1,22.5,2026-10-02
Vladislav Namestnikov,WPG,DET,0.0,C,13.142921772395756,1.21478143281865,0.5399901489641953,1.2506961791532387,0.16708820443208194,0.23346071420023085,0.4005489186323128,0.5634686637558028,1.073902988283747,0.31585009367216144,0.23562558879923357,0.5398686053822287,0.15387502392732877,0.20821129881838352,0.3300478041580933,0.17617278023076455,1,29.4,2026-10-02
Aydar Suniev,CGY,SEA,0.0,L,13.132595895511109,1.6349435917286226,0.2072398131843831,1.6451882840689855,0.19696982800403118,0.2514206644507327,0.44839049245476387,0.41408890068702087,0.9371395408814004,0.35809824137905993,0.2650723605935958,0.49098263351403526,0.17878458935307517,0.2223048459654169,0.3613447547213664,0.18256016536829123,0,6.3,2026-04-16
Michael Rasmussen,DET,WPG,1.0,C,13.130741192441128,0.41808609699219274,1.4209364481190099,1.1519881730095631,0.16018560308379357,0.20974240876072456,0.3699280118445181,0.7262123738192348,1.0310811956651933,0.25780373005247487,0.26064985218110953,0.45933704220445026,0.14801435687222464,0.1892069277345989,0.3092159428824174,0.16120158601019274,1,29.4,2026-10-02
Joseph Veleno,NYR,UTA,1.0,C,13.100204123430936,0.30552021224094833,1.849383848381629,1.004997061744239,0.1359530070542034,0.1929948417697167,0.32894784882392014,0.5616543496294254,2.1142950602719752,0.3131035258835384,0.29700794449615,0.4723773877262015,0.1271163491009828,0.17551377298203608,0.28031945204460373,0.15320310294362094,3,29.4,2026-10-02
Cole Reinhardt,FLA,ANA,0.0,L,13.051066348462191,0.34383442801143915,0.3329530914533324,1.2925504926085203,0.1947561775023573,0.21229969535388352,0.4070558728562408,0.432019170173353,1.821527220753504,0.44169066964699055,0.20075534458031857,0.5170249227532476,0.1769646918820018,0.19127770906893105,0.3343930001016543,0.15742830821965248,0,27.2,2026-04-15
Brandon Saad,VGK,VAN,0.0,L,13.021653455060314,0.3698275304313883,0.6611159932513656,1.5833531857985903,0.2089326468086705,0.24050454681892064,0.44943719362759116,0.3383496770058696,0.6352316653433135,0.30618685685854935,0.2379285011139949,0.4858786273317279,0.18855011245756914,0.2137689294103181,0.3620128861876377,0.17346277373006858,0,29.4,2026-04-11
Vinnie Hinostroza,FLA,ANA,0.0,C,12.928359404982162,0.7576359904949849,0.19439706491617076,1.2461307924776563,0.16374097592575526,0.25934014795843474,0.42308112388419,0.5244860885561491,0.8131982272100187,0.4067590333745786,0.28767058189908234,0.6231519750725792,0.1510381050283205,0.22843946633671353,0.344974507255856,0.1939364022275355,0,29.2,2026-04-15
Michael Brandsegg-Nygrd,DET,WPG,1.0,R,12.914742240510481,1.1321599857034204,0.14937273499165268,1.6309548386464023,0.19643869510790302,0.25213816948313983,0.44857686459104285,0.3241871296994956,1.684842244841282,0.3018504212317795,0.31264752872795315,0.5962282315250763,0.17834829897984505,0.22286264601601335,0.3614637711727551,0.18311547219291002,1,11.9,2026-10-02
Ben Meyers,SEA,CGY,1.0,C,12.867284184921994,0.32448325043655574,1.7080249880267075,1.2448511622735574,0.16373426417492284,0.20869841492904098,0.3724326791039638,0.3831833237633928,1.189026367153807,0.3326909227459303,0.3307904235389451,0.5399609085858866,0.1510324069884933,0.18836002276352093,0.3109439621336323,0.159911555145139,1,28.9,2026-10-03
Nic Dowd,VGK,VAN,0.0,C,12.849337692142239,0.3688742077570458,1.1413874284832737,1.055055045742124,0.15898492271832743,0.24443367995477389,0.4034186026731013,0.49879271842625306,1.3312551632298368,0.4596189541949326,0.23933993454660743,0.4436639572998068,0.14699078006754474,0.21685207495106784,0.3319675993622895,0.18497681929474474,2,29.4,2026-10-02
Tyson Gross,CGY,SEA,0.0,C,12.837499284668665,0.5737181322524059,0.9831700990062175,1.2574312440285016,0.17045258580555162,0.2215905175624232,0.3920431033679748,0.5192354623822938,0.9203018475622595,0.32047348971514794,0.27814481745531056,0.44905562792561843,0.15671692773170287,0.1987566077334053,0.3243250105347537,0.16760808280305084,0,5.5,2026-04-14
Gustav Nyquist,WPG,DET,0.0,R,12.79363137195477,1.7924830186337608,0.3119570356373533,1.3417701385589993,0.17047377086831603,0.2361974850782197,0.40667125594653575,0.3603846472958142,0.7932246581479266,0.3132423377653669,0.21150938486566712,0.44469007729915777,0.15673479254728273,0.21037528056551524,0.3341369471562856,0.17740215460900288,0,29.4,2026-03-26
Kailer Yamamoto,UTA,NYR,0.0,R,12.769666382626122,0.3639380818832438,0.1716718271491944,1.3383865116244498,0.1798960371394326,0.20292395877194974,0.3828199959113824,0.4276692345296927,1.0331383650282424,0.29683145530554345,0.3034626665984652,0.46410413550038904,0.16464294699413085,0.18365968541445166,0.3180643605579322,0.15342141356380135,0,29.3,2026-04-16
Daniil But,UTA,NYR,0.0,L,12.764261348913541,1.2524104400864393,0.12483693785303783,1.4628865418692039,0.19120577627248936,0.2268111412676247,0.41801691754011405,0.5187577322079346,0.9802718220685677,0.3176989879471423,0.20791997157754333,0.5184048553553603,0.1740373928437503,0.20292869804808467,0.3416489093503696,0.16761151650661932,2,19.3,2026-10-03
Luke Kunin,FLA,ANA,0.0,C,12.690549042919441,0.3238691050109681,0.8273727648208377,1.1538233112752136,0.16060593939008844,0.22282419983052298,0.3834301392206114,0.6992286756026936,1.6281877933682105,0.4870477459410495,0.20323297391916184,0.446145738056034,0.14837240211549407,0.19974447801455963,0.318480312117728,0.1701079100022339,0,29.4,2026-04-15
Nikita Nesterenko,ANA,FLA,1.0,C,12.651337821883816,0.32945104912481904,0.6408077918774445,1.2693742326059645,0.1673247215655041,0.240299583554503,0.40762430512000714,0.3876495788995201,1.5310269644393317,0.3251835293311486,0.23296108860253245,0.4844346412485912,0.15407512331678652,0.2136077644076152,0.3347712450818754,0.18069612176508887,1,25.9,2026-10-02
Jonathan Lekkerimki,VAN,VGK,1.0,R,12.609917926216498,1.6168373571606267,0.11980666201468526,1.2556617337764127,0.1825421201439973,0.23648052410530376,0.419022644249301,0.3562506342922826,0.9197003213999811,0.24963605433255553,0.26663888424470567,0.4690309755938341,0.16685044918977932,0.2105987435520006,0.3423106977813255,0.1754602485915462,3,22.0,2026-10-03
Aatu Rty,VAN,VGK,1.0,C,12.593104778172734,0.3479051390428421,0.9119357252041892,1.1984580210109068,0.16564312527939448,0.20368081365982368,0.36932393893921817,0.3758492024825381,1.8586587519429005,0.27786445157456285,0.25165423904434253,0.41798355769015955,0.15265142247629637,0.18427730281885613,0.3087985328897589,0.15614711041346252,1,28.8,2026-10-03
Sam Morton,CGY,SEA,0.0,C,12.554000615350708,0.7187857189853766,1.09952663316657,1.3525577706301963,0.18211639523383982,0.2245943942552202,0.40671078948906003,0.44840713943884203,1.2044890081456912,0.2903047932920895,0.2851336341570235,0.45706278444349796,0.16649568116067748,0.20115983278175753,0.3341632705612684,0.1676675894005909,0,3.8,2025-11-22
Brad Lambert,WPG,DET,0.0,C,12.443509644643985,1.3567188819039773,0.20492241896924876,1.2496894984631939,0.15988855192962753,0.228745624707723,0.38863417663735056,0.42334981785696624,1.0007895919702774,0.32149360491279805,0.19694508012359344,0.5125684103976362,0.14776123596053248,0.20446912883297952,0.32201775360137763,0.17425651764084515,1,19.7,2026-10-02
Cole Koepke,WPG,DET,0.0,L,12.437621303181292,0.3403839953332602,1.688713982544914,1.4673914976032225,0.17439210414728767,0.18350271454901704,0.3578948186963047,0.4194385491975263,1.953618447957254,0.2704153279541421,0.23720972084718336,0.4610323952140649,0.1600325216525338,0.16765038371900476,0.3008533917089713,0.1408208700564375,0,29.3,2026-04-16
Ty Mueller,VAN,VGK,1.0,C,12.433126778426113,0.49955907177077424,0.3240729611891778,1.0694419508822839,0.16819191678268722,0.22133876557492366,0.3895306823576109,0.5991277780488059,1.0020359383522786,0.3376398343771406,0.29181296768301135,0.49955503503038157,0.15480838733646418,0.19855486772377262,0.3226252961901146,0.16781690885365041,0,7.1,2026-04-16
Lars Eller,FLA,ANA,0.0,C,12.30240098487443,0.35060325996613567,0.9943980227014066,1.165109440794351,0.1500898040772317,0.21186952238988885,0.36195932646712053,0.4879269626312139,0.8022930904827474,0.2880076400013844,0.2543043100741663,0.5284228276069811,0.139369315189928,0.1909297437667259,0.30368931131849686,0.16431999612856885,2,29.4,2026-10-01
Sam Colangelo,ANA,FLA,1.0,R,12.267793278965721,1.0633052584577076,0.11887097490338064,1.3474609870704573,0.20460677247264397,0.22034098760256352,0.4249477600752075,0.405631718873697,1.4324748362260213,0.3446696810981879,0.21893663558805956,0.5805465011890885,0.18503227884683227,0.19775480434830184,0.3461960610936583,0.16116378224682604,0,23.0,2026-01-29
Keegan Kolesar,DET,WPG,1.0,R,12.22235503772147,0.3950556333049495,0.6549352847971527,1.0915194545064084,0.15790350595232858,0.20705787682749655,0.36496138277982515,0.44817343713567326,2.1553991519131204,0.3896834115889327,0.22743782186671002,0.4851194872094724,0.14606782263468399,0.1870274036487919,0.3057765406594788,0.1597087180247948,1,29.4,2026-10-02
Taylor Raddysh,NYR,UTA,1.0,R,12.187472094888049,0.845518195639268,0.6071081600158602,1.0919529296049808,0.16344842890996383,0.21374748307935276,0.37719591198931657,0.5185078928290815,0.862229066701258,0.30266053093712464,0.24797090162141108,0.4536187694311398,0.15078970742720899,0.19244772010687405,0.3142182921241341,0.16342858469692512,0,29.4,2026-04-15
Adam Sykora,NYR,UTA,1.0,L,12.159764899640216,0.5326013649278313,0.19293943502605337,1.4510942560432583,0.1893051288636807,0.20815890082546898,0.3974640296891497,0.5579481585771344,1.3685359487459205,0.3595954011585149,0.26935938058621584,0.46500972041116173,0.17246603633038182,0.18792201340328973,0.32797788494278135,0.15551184861239953,0,9.3,2026-04-15
Cole Schwindt,FLA,ANA,0.0,R,12.123552958773345,0.6170174251113599,0.7661242420840972,1.2443458804066678,0.18155403302458495,0.2130901608462952,0.3946441938708801,0.41215630756135224,1.1931185306545724,0.2859633299736753,0.2175313172866245,0.44905562342546496,0.1660268180074087,0.19191672354013867,0.3260802186157705,0.16005340060836182,0,27.2,2026-04-15
Jonny Brodzinski,NYR,UTA,1.0,C,12.104835912136618,0.8641731563147461,0.19443266546671717,1.3600778462988965,0.164641122790406,0.2264346691808922,0.39107579197129816,0.4010674298613555,1.0225207093186168,0.269393016291335,0.26986792908260443,0.4369042921486526,0.1518019515776725,0.20262856645972638,0.3236711062034262,0.1718691546257537,0,29.3,2026-04-13
Nathan Gaucher,ANA,FLA,1.0,C,12.017639493972974,0.7829617498672901,0.6432924997921406,1.265624164680481,0.17641333290536385,0.24639229842038746,0.42280563132575133,0.45206963408096756,1.0781040526536185,0.32633685388581335,0.31776942421397736,0.473948267758386,0.1617285734438746,0.2183844617679409,0.3447940277477781,0.18306545430390353,0,2.9,2026-04-04
Alexander Holtz,VGK,VAN,0.0,R,11.990739675266026,0.6390976851697028,0.15356681623193405,1.321149586012844,0.18788336662403432,0.23835206471286685,0.42623543133690117,0.36724161277045125,1.015455581876871,0.30540793608327255,0.15163565343728835,0.5212392130117739,0.17128864300045532,0.21207475841739332,0.34703740383388393,0.1757487608334286,0,29.3,2026-02-27
John Beecher,CGY,SEA,0.0,C,11.959588779508076,0.35426845050897426,1.3844673102124017,1.1383472487855564,0.13190384211820602,0.17905527950409467,0.31095912162230066,0.6754069049621578,0.8354268531354343,0.32846521842689885,0.2514180693215376,0.46435616096752275,0.12357473377520811,0.16394031884498128,0.2672561713638981,0.14368143758869,0,29.3,2026-04-09
Noah Gregor,FLA,ANA,0.0,L,11.931495676900733,0.5687161453180603,0.514162425617573,1.3950869644195225,0.17850262538436448,0.20622935132845374,0.3847319767128182,0.4286778142871978,1.1145356339647152,0.4347011454746053,0.22520960387554012,0.39650043280366526,0.16347813931690403,0.1863535560112639,0.3193669627363581,0.1558888234194541,0,29.3,2026-04-15
Nate Danielson,DET,WPG,1.0,C,11.901164620140767,1.4133483160396938,0.21379894398058422,1.2515848884885263,0.17247049237269116,0.25919218812380085,0.43166268049649203,0.3722188221255068,0.6772907043074178,0.2802328483912089,0.28656926557819484,0.5315644061913326,0.15841687843350583,0.22832529792178102,0.35057159539111804,0.19215471695761221,1,18.6,2026-10-02
Carter Mazur,DET,WPG,1.0,L,11.869262141305967,0.5634566684328625,0.18449628637366203,1.2045410474175366,0.16861363949373773,0.21866135087609653,0.38727499036983426,0.44874130857312233,1.1056750883187776,0.28299410629246907,0.23565003993933012,0.46850432031826383,0.1551647486865948,0.19640619158134354,0.321095622910728,0.16593087422413322,0,7.9,2026-04-15
Brendan Gallagher,VAN,VGK,1.0,R,11.860103389989975,1.0293785150973331,0.21521676761750175,1.4123737632229563,0.187118949116605,0.21855031779062953,0.40566926690723454,0.35848111881128103,1.268497917939208,0.39568895165120904,0.21667550424317034,0.5169335521981541,0.1706549193466903,0.19631696112765806,0.3334694253067205,0.16281450596003022,3,29.4,2026-10-03
Brendan Brisson,NYR,UTA,1.0,C,11.792720276586925,0.642782196194222,0.2184118125035346,1.1532664046743903,0.1491544336947361,0.22318005569785226,0.3723344893925884,0.35973570915024244,0.96674006834231,0.24314496463359309,0.28485756670166085,0.4108851781964986,0.13856393012914403,0.20002920297389248,0.3108763005983737,0.17231237046922965,0,17.8,2026-03-02
Frank Vatrano,ANA,FLA,1.0,R,11.773448409171042,0.8463920300102242,0.5606151858427459,1.4884167120501566,0.1933585817690975,0.21785537251815942,0.41121395428725693,0.4347692062188118,1.2473292173174095,0.47760647980000204,0.21972302035809288,0.4416570746683782,0.1758136170657918,0.1957582512853332,0.33715490212217636,0.16134128505638456,1,29.4,2026-10-02
Justin Dowling,NYR,UTA,1.0,C,11.770428326827938,0.3182868171919583,0.36839146178117677,1.0087205088945885,0.13489989233880775,0.19249152464747019,0.32739141698627794,0.4669468649630904,1.125042165411319,0.25383994290582246,0.31957266848608895,0.5268714154835414,0.12619661827736273,0.1750986904966232,0.2791984461685175,0.1530018278911548,0,25.1,2026-01-05
Jani Nyman,SEA,CGY,1.0,R,11.761282375761205,1.0128518358335286,0.11984887629540274,1.4527067038330346,0.18628084013153115,0.2286776729063456,0.4149585130378768,0.3660028151365006,0.9602239183251949,0.30341579452366674,0.20873439874159386,0.5041472068716307,0.1699595464244249,0.20441506924052988,0.339632323214517,0.16967277679009207,0,22.0,2026-04-16
Isak Rosen,WPG,DET,0.0,R,11.750660512912916,1.2251852510871688,0.11772285630993928,1.2238774870444702,0.16456115356875153,0.19685561513618235,0.3614167687049339,0.4585172858001319,0.7603505029314197,0.23973004830267344,0.1861971202818771,0.4136585228039978,0.1517341191277134,0.1786907906294949,0.30331142004480716,0.15157730091709376,1,24.7,2026-10-02
Martin Pospisil,CGY,SEA,0.0,C,11.73321011418909,0.36661017015016256,0.5523887607961258,1.2100906124528994,0.131245500965187,0.18968077385767712,0.3209262748228641,0.35214294345253255,2.3696054910419466,0.43568066610769496,0.22150703541811628,0.40121212654643035,0.12299755698613668,0.1727768369421946,0.2745232650806493,0.1515257080945126,2,29.3,2026-10-03
Sandis Vilmanis,FLA,ANA,0.0,L,11.694632530147128,0.5568540665718285,0.24321692051787927,1.2144662240727089,0.17699048835035924,0.21647040174279242,0.39346089009315166,0.4328234836998674,1.4058808986933646,0.34171375822510763,0.24253297867521684,0.5085929805024834,0.16221224677132196,0.1946436282850601,0.32528229479254045,0.1630700480212185,2,15.2,2026-10-01
Jonas Rondbjerg,VGK,VAN,0.0,R,11.69039881078381,0.331443810924218,0.5056049974992247,1.3375488782622258,0.1657264064486612,0.19784641236146513,0.3635728188101264,0.38562127128449286,0.6752133768330166,0.2492611472907145,0.2806162432848895,0.28993531349450663,0.15272198771819034,0.17950413851728597,0.30481189739747505,0.1520899096792847,0,24.2,2026-02-01
James van Riemsdyk,DET,WPG,1.0,L,11.647699692390374,1.519055154897473,0.11676791266233605,1.2981032473092038,0.20044159308771428,0.26042789702982244,0.46086949011753675,0.3110320303393365,0.6261541710354821,0.2523654485401924,0.21431526448748536,0.48848784301848774,0.18163071294695354,0.22927827430172631,0.3692650108240101,0.18763429787705654,0,29.4,2026-04-15
Nolan Foote,FLA,ANA,0.0,L,11.577615037721266,0.3978546997301671,0.27746331159840903,1.258950869389779,0.16953144136037557,0.20309679099415892,0.37262823235453446,0.4018076057655455,1.3061736040411742,0.35770796612137484,0.22662164742776203,0.37229482232995154,0.15593978433826294,0.18380076313336136,0.3110786961073997,0.15513891176913674,0,18.6,2026-04-15
Dryden Hunt,CGY,SEA,0.0,L,11.55309939098581,0.3707587376125716,0.11693559352576444,1.2209683689573037,0.1473250726861159,0.19743177284198854,0.3447568455281044,0.38513100052330546,1.8709389416754059,0.367978981886788,0.30004348282520293,0.4202859760866789,0.13698661026766001,0.17916385796554124,0.2916074186480253,0.1546208083803653,0,27.0,2026-01-15
Adam Klapka,CGY,SEA,0.0,R,11.49755794927667,0.4558906448602844,0.11735866592719214,1.212897872546343,0.14038965835243142,0.1899947417335222,0.3303844000859536,0.523411807612832,2.4203523435335197,0.5909483840127009,0.1986705473642269,0.48621163493361774,0.13098045130853486,0.17303651767371275,0.28135256780448736,0.1503721164959525,2,28.9,2026-10-03
Joseph LaBate,VAN,VGK,1.0,C,11.467048956687362,0.5316833962015325,0.3449125886381908,1.1169735526755908,0.15772795578434884,0.21631343550613344,0.3740413912904823,0.7250495435550105,1.3612472076749256,0.40942280599556125,0.25661589823510705,0.4151582748319501,0.14591790153855244,0.19451720460435762,0.312051563833897,0.16613366229534454,0,6.3,2025-10-21
John Leonard,DET,WPG,1.0,L,11.461507450180942,1.020533712168417,0.13107311809552466,1.30971092544921,0.1799432174005902,0.21350035591334637,0.39344357331393653,0.5091370775397064,0.9529954116287185,0.2555278437018995,0.25962483287158167,0.5351379980398254,0.16468235842832335,0.1922481273391604,0.3252706107538421,0.16058825232551877,0,16.1,2026-03-16
William Stromgren,CGY,SEA,0.0,L,11.42939887748002,0.8467916661071645,0.305183212288071,1.368128155191288,0.17094631402206714,0.20897036110700848,0.3799166751290756,0.33355944856859115,0.9071537106345727,0.30685271181958707,0.22640137345662378,0.40312319480052466,0.15713317761338008,0.18858071514363128,0.31608160574988886,0.15894842813650878,0,2.9,2026-01-13
Paul Cotter,VAN,VGK,1.0,L,11.398787895221464,0.3707039739761419,0.40407517281714944,1.0250055335695167,0.16746390900409913,0.1822616939635426,0.34972560296764177,0.31925187381097875,1.8141396326508135,0.25952883274996047,0.20797629460327496,0.4337931493307085,0.15419285723988418,0.16661677948147746,0.295118519429005,0.14092566218912084,3,29.4,2026-10-03
Garnet Hathaway,FLA,ANA,0.0,R,11.391750537079362,0.3956303651883177,1.0278382100689456,0.9468893608284193,0.13533815639277078,0.17334019792601998,0.30867835431879076,0.7036895185341443,2.313716344200943,0.5114856465805042,0.22421771108199418,0.48771468002048585,0.12657949098400245,0.15914848975858864,0.26558304591807624,0.1390035549340738,2,29.4,2026-10-01
Brett Berard,NYR,UTA,1.0,L,11.342459751060273,0.33497555789482436,0.11886885943501885,1.3493143176404312,0.15902833718910991,0.17675484286627524,0.33578318005538516,0.5076455724770709,1.3078991199977452,0.3119247239390189,0.23016266406357377,0.5304895570816308,0.14702781220752947,0.1620148026081537,0.2852219328429716,0.13819412063544212,0,23.8,2026-01-29
Brennan Othmann,CGY,SEA,0.0,L,11.324195905718085,0.6249754443398469,0.1499447960907553,1.2008226621055462,0.15096196230128858,0.17892996360393343,0.329891925905222,0.38351747687559135,1.5658800987790444,0.32975687002517423,0.18604462544863692,0.3977642997686426,0.1401195940910449,0.16383554070840267,0.2809985653376993,0.14087897124665438,1,23.2,2026-10-03
Nils Aman,VAN,VGK,1.0,C,11.174888826935073,0.3065640800453005,0.43455984748004933,0.8162269095405446,0.1305829898332218,0.19399650196979246,0.32457949180301426,0.3829326882128978,0.9978172162451591,0.23629723424076746,0.24295319523136477,0.3327239719918992,0.12241634059497364,0.1763392145461541,0.27716875379299566,0.15475241319802202,0,29.1,2025-10-23
Sheldon Dries,DET,WPG,1.0,C,11.167221371753586,1.0876056207182692,0.7231503088139843,1.2579549524448042,0.16122249199355704,0.20798892958275736,0.36921142157631437,0.4916795292026883,1.1063941124531602,0.3021491134028329,0.23168467729427258,0.37886583999850587,0.14889731349378887,0.18778397176750727,0.30872075634792084,0.15982344285413197,0,26.6,2026-03-21
Tanner Laczynski,VGK,VAN,0.0,C,11.143099138561297,0.626934538110061,0.27814513384550166,1.1010091396669006,0.15607952446662635,0.22664667554791895,0.38272620001454527,0.4215452005191202,0.7646237418253288,0.3013405068047469,0.24163874826165596,0.33782461416607296,0.14450884481199633,0.2027975963621813,0.3180003947932293,0.17349154998123295,0,24.2,2026-02-25
Oscar Fisker Molgaard,SEA,CGY,1.0,C,11.131254408572127,0.4133868672388303,0.309105946009848,1.0584757998832137,0.14500513003937163,0.21404083617856234,0.35904596621793394,0.5089342137029936,0.8768292160555627,0.26834153170350367,0.25615013985866497,0.5114650736040717,0.1349821444762972,0.19268458332697602,0.3016577495382762,0.16667560506197898,0,10.6,2026-04-13
Justin Kirkland,CGY,SEA,0.0,C,11.032632374436245,0.323292493943178,1.1950136117904935,0.9110053491397181,0.1236803165928193,0.1773518862599562,0.30103220285277554,0.476368817193053,1.1981013962665563,0.2723389805262929,0.21975377594173592,0.4665492664899983,0.11633771209547328,0.16251496680953537,0.2599460594851156,0.14360834738964234,0,24.2,2026-01-29
Parker Ford,WPG,DET,0.0,C,11.003771693676882,0.38665516304135644,0.6317050221067244,1.0086815292863727,0.13389111950703267,0.17947713825493447,0.31336825776196714,0.5242617143792739,1.1927769297023685,0.29807045394991183,0.21720684717229283,0.3283596284691911,0.1253147044149836,0.16429294355356172,0.2690193263096632,0.14370462189467959,0,13.6,2026-04-04
Jack Devine,FLA,ANA,0.0,R,10.984570978752933,0.6736976924893231,0.2228685814435607,1.289993988199114,0.1688384906068498,0.2093042505753908,0.37814274118224056,0.3293311624931194,0.8891909389915461,0.3585390659698852,0.20627476533265762,0.42477362336788244,0.15535468947824949,0.1888515942729263,0.31486730296543297,0.15951261348718349,0,5.5,2025-12-02
Nikita Chibrikov,WPG,DET,0.0,R,10.950395828895848,0.5773795428686999,0.2649671509130228,1.2540986084735952,0.16194705228844886,0.1766515880892846,0.33859864037773346,0.4290900129600028,1.2403034005286373,0.4476697918261545,0.20832596286617464,0.44797988020696405,0.14951376535206773,0.16192827216621164,0.2872315318297547,0.13771776647768696,0,12.5,2026-04-16
Jaroslav Chmelar,NYR,UTA,1.0,R,10.930843010358297,0.4163777632996489,0.12564161019070796,1.1572263007327803,0.153800559467735,0.18483401766103502,0.33863457712877,0.4612909361198644,1.4949955508300214,0.32795062181330414,0.2706491099494633,0.37013712718321384,0.1425569871495912,0.16875775606576493,0.2872571459524951,0.14470015880290388,2,19.0,2026-10-02
Marc Gatcomb,VGK,VAN,0.0,C,10.89093478549622,0.306164395254859,0.1944026386129283,1.2569719753692248,0.15574577933471323,0.20491912585268596,0.3606649051873992,0.42624370301221093,2.201198473742155,0.29627614292388244,0.17684624561224183,0.31308703618390976,0.14422328115346783,0.1852867970172848,0.3027874083505032,0.1585641271970354,2,28.1,2026-10-02
Arshdeep Bains,VAN,VGK,1.0,L,10.72127172007031,0.4572831692943057,0.3478909846654166,0.9418912177479741,0.14603781044702757,0.1841047748295345,0.33014258527656204,0.36618901364664624,0.9446940178595681,0.31249299038530554,0.23914536036640377,0.44786847983363715,0.13587497038671192,0.16815135753911947,0.2811787671997181,0.1453037968130062,3,24.5,2026-10-03
Kevin Rooney,UTA,NYR,0.0,C,10.707391054351618,0.3506882204280406,1.4036410862624735,0.9908759719235869,0.12603724552441947,0.15807395514518874,0.2841112006696082,0.4589712689664747,1.1504012496979623,0.21709181928845056,0.21339238187118809,0.40210408379131307,0.11841798881239507,0.14621336228116322,0.24731705879472488,0.1288990699823298,0,28.9,2025-11-28
Mackenzie MacEachern,VAN,VGK,1.0,L,10.672355158922535,0.4065868633601039,0.16811233914920204,1.0507521483533113,0.14676189184451163,0.19453801857169298,0.3412999104162046,0.4207114269769775,1.1211536132087414,0.2745126493330619,0.2527073530179403,0.4066880020250607,0.1365004407726922,0.17678511979236855,0.28915431379134915,0.15265387301865696,0,12.5,2025-11-23
Raphael Lavoie,VGK,VAN,0.0,C,10.664031860447505,0.6537361828747427,0.23802877651160684,1.156651901314323,0.16260015238152736,0.21064211680211817,0.37324226918364556,0.3073057820070123,1.094983314259162,0.28352168594653465,0.1810887245641387,0.3602764605541865,0.15006903664747384,0.1899360767218331,0.31150158931106076,0.16143255266358691,0,13.1,2026-03-03
Liam O'Brien,UTA,NYR,0.0,C,10.626850068009137,0.3107312771587497,0.19449588956277333,1.115879903472317,0.1374436239820766,0.15888527244636533,0.29632889642844196,0.43218417862691766,2.092392839682352,0.4199425114567971,0.15683832335209438,0.3429280479338368,0.12841651498170048,0.14690577323138543,0.25645716078401937,0.1280406458023189,0,29.3,2026-04-16
Danil Zhilkin,WPG,DET,0.0,C,10.593849469702631,0.5717797293278954,0.8618650367802774,1.073408026006188,0.13610454583558176,0.19237431238268415,0.32847885821826595,0.4404525419390483,0.8483340882012036,0.255554360472845,0.20831312227243184,0.345401668169252,0.12724861480378025,0.17500199627914792,0.27998184946851035,0.1527332346647301,0,5.5,2026-03-31
Maxim Tsyplakov,CGY,SEA,0.0,R,10.483307384883123,0.479981978059004,0.11750148932005441,1.1562332812875784,0.1345465814559956,0.1646512656647834,0.299197847120779,0.2842751901670975,1.3006263570375791,0.24244965245314765,0.21649444151127165,0.49458762214519897,0.12588783948892102,0.15181055470029448,0.2585872914463808,0.1326994519574598,2,29.0,2026-10-03
John Hayden,SEA,CGY,1.0,C,10.355466819437355,0.33329539358933685,0.4585468120522047,1.2209680546954096,0.14969266221622723,0.18664651172491134,0.33633917394113855,0.6028383826572075,1.3132516916406856,0.36145724129368717,0.26329967869715004,0.40781775185228536,0.13902745483909018,0.17026301315169157,0.2856192346190676,0.1465917797799774,0,19.7,2025-10-21
Brandon Tanev,UTA,NYR,0.0,L,10.352373864949838,0.32725771218759714,0.15042024977331483,1.049739670953622,0.13055064091099006,0.15820388589130474,0.2887545268022948,0.54504474053776,1.7716275247057813,0.4466726149948556,0.18359605378871807,0.4616616138736444,0.12238795125024382,0.1463242882095256,0.2508039096076554,0.1284159583574116,0,29.4,2026-04-16
Jacob Melanson,SEA,CGY,1.0,R,10.340264535684717,0.3480588408431366,0.15345152416008712,1.2429212347063894,0.1605474408263065,0.17657271139930295,0.3371201522256094,0.39223647676926404,2.7352852552442863,0.4488147700034628,0.2221503934028609,0.44265949008678446,0.14832258166694257,0.16186216523523922,0.2861769326802899,0.1378543510133473,1,21.5,2026-10-01
Juuso Parssinen,NYR,UTA,1.0,C,10.298971339673804,0.33553446750373367,0.23353008266875727,0.908022039952711,0.12635791849621578,0.1679001155743941,0.2942580340706099,0.47168531295501887,1.2610009749792355,0.35610525024110556,0.2208672485621709,0.42076349114997724,0.11870064301360128,0.15456172341598495,0.2549157904748185,0.1362151474612172,0,29.2,2026-03-23
Walker Duehr,WPG,DET,0.0,R,10.1446960471624,0.35710699332254675,0.19472572032742086,1.0155703102336713,0.13449671718993964,0.15788738967449642,0.29238410686443606,0.44360898055697806,1.5567304421466281,0.23110886671122446,0.1677533925887554,0.37315004265013635,0.12584425144085254,0.14605406031556545,0.25351824786610844,0.1276739964252559,0,28.2,2026-03-05
Matt Rempe,NYR,UTA,1.0,C,9.95084169334007,0.38432065465958565,0.1949024792713045,0.893462074212091,0.1292337760545471,0.162509008155026,0.2917427842095731,0.3653345150909461,2.1093613173828616,0.4307690421395427,0.18911182694820686,0.33747752235363365,0.12123149350349305,0.14999156681682924,0.2530393586621891,0.13180786515869602,1,27.9,2026-09-29
Jeff Malott,ANA,FLA,1.0,L,9.95003739774785,0.33019880061041756,0.15303126147381196,1.1411117668850383,0.15907329380665713,0.1813851840135655,0.34045847782022265,0.4383985746515999,1.8480783349769399,0.38325598953388634,0.2096694242515822,0.3685858347865062,0.14706615808999746,0.16588599057146047,0.2885559333471597,0.14148977525716222,1,26.9,2026-10-02
Jonah Gadjovich,FLA,ANA,0.0,L,9.88819747713474,0.37118611705462,0.19975199934116739,1.1614829112393472,0.14206646017629507,0.17940321518884883,0.3214696753651439,0.4496458709032072,1.8093600982208566,0.6169294448602497,0.1893305517586358,0.3220343266558973,0.13243640385966982,0.16423116324213294,0.27491738244032426,0.14248097858065445,0,29.0,2025-10-25
Jack Studnicka,FLA,ANA,0.0,C,9.289180397900184,0.3532382058780369,0.3705974533228054,0.9608357166624164,0.11229154205857259,0.14841307188276073,0.2607046139413333,0.39141000162402567,0.9061590667726112,0.27168707459588687,0.22993569529059496,0.3185544631947912,0.10621635601118362,0.13792505753487283,0.22949151653206945,0.12327516052088583,0,28.0,2026-03-28
Curtis Douglas,SEA,CGY,1.0,C,9.288349253465201,0.3058900183744164,0.2195663151625676,1.012788864057017,0.13321473085687852,0.17406054317245812,0.30727527402933663,0.3623896162873958,1.24826542448925,0.665772821004674,0.2407303893606711,0.4598285865907184,0.12472287707851004,0.15975397504154665,0.2645518767281465,0.13982899964963647,1,23.0,2026-10-01
Anton Blidh,NYR,UTA,1.0,L,8.81108194870516,0.38405659535551945,0.13993213914572905,1.0135548360219004,0.12160888289781724,0.15227031012062342,0.27387919301844066,0.2520994488052188,1.1108982786003185,0.26773326485728577,0.18465468199514865,0.31645052437822313,0.11450536712193693,0.14124388110539576,0.23957606576763213,0.1250706986456952,0,14.2,2026-02-05
Dominik Shine,DET,WPG,1.0,R,8.728651156645881,0.3825350217053218,0.17556885433765618,0.9904807100548686,0.1383901035480635,0.15618024457936622,0.2945703481274297,0.2897114497942894,0.9027289007854813,0.2768616592124865,0.25081635164883054,0.38747372056517343,0.12924106067094487,0.14459500563845795,0.2551484544129673,0.12590739374202242,0,17.8,2026-04-11
Bokondji Imama,FLA,ANA,0.0,L,8.016446111297581,0.34269665647509717,0.12350767095317171,0.8518347911726124,0.11072525244391461,0.13624937804080653,0.24697463048472112,0.32591008754969203,1.4628052268996685,0.5934544494547817,0.13255804869169494,0.3114394654408238,0.1048153350559895,0.1273750081583761,0.2188394890564861,0.11402415400049659,2,19.3,2026-10-01
