name,team,opponent,is_home,position,toi,pp_toi,pk_toi,sog,goals,assists,points,blocks,hits,pim,takeaways,giveaways,p_goals,p_assists,p_points,gp_30d,games_used,last_played
Quinn Hughes,MIN,NSH,0.0,D,26.202490449455567,2.4767937484180043,0.36630830795561775,2.253931038510812,0.12234037001206849,0.5503637131350638,0.6727040831471323,1.5218280034883913,0.531618701461585,0.5384703996946898,0.43613165290014005,1.3435466064838066,0.11515285819106769,0.4232599956868971,0.4896732556166796,0,29.4,2026-04-11
Zach Werenski,CBJ,BUF,1.0,D,25.706913296017714,2.736510965304567,0.7819313352257699,3.1057234069166837,0.16933726626936751,0.5194774010037743,0.6888146672731418,1.4084558755666385,0.75719819233894,0.4645972008805951,0.46824060455642746,1.4487214029370175,0.15577587295583173,0.40516867498938924,0.4978290439043912,0,29.3,2026-04-14
Filip Hronek,VAN,EDM,1.0,D,24.961658323880037,1.9690303861643812,2.0976976510745624,1.9198859593544033,0.102482106476694,0.42227021945794174,0.5247523259346357,1.3337764204530889,1.4127575523836127,0.5641412169296365,0.42957454674813056,1.3431807483635203,0.0974056997994226,0.34444312876501715,0.4082981045659806,1,29.4,2026-09-29
Roman Josi,NSH,MIN,1.0,D,24.432264640219422,2.513111026098824,1.4464902961262416,2.46354124659581,0.13917843522486845,0.4474853523325542,0.5866637875574227,1.5198631729257182,0.7395735199886332,0.479045544459965,0.3368813937611244,1.0766099026796487,0.12992723702286568,0.36076642053735275,0.44382027332917096,0,29.4,2026-04-13
Evan Bouchard,EDM,VAN,0.0,D,23.80784497897176,3.1019419585124406,1.446888476985344,2.4958868016560527,0.18153413484017183,0.6466084404191843,0.8281425752593561,1.3938418495095226,0.6785755103793298,0.44579006692028617,0.30095230330741835,1.140486476955618,0.16601022329013604,0.4761806680241476,0.5631400322891487,1,29.4,2026-09-29
Seth Jones,FLA,SJS,0.0,D,23.489831804680485,2.7379986890344186,2.4492547740211403,1.7128249073957404,0.10586203578154621,0.42231129438132414,0.5281733301628704,1.4568464944300163,0.9855028972098269,0.42699566767703867,0.3048757641133811,0.9725508101063886,0.1004512549451716,0.3444700551602724,0.41031886077356217,1,29.4,2026-09-29
Brock Faber,MIN,NSH,0.0,D,23.47005584757521,0.6038516223707471,2.0045963528729582,1.9656327374621982,0.0994960456750223,0.36325089251962883,0.4627469381946511,1.6072788942540313,0.7934475617532994,0.5338386502568934,0.3301287761168178,0.9790538587512704,0.09470647031375334,0.30458806204309674,0.3704480721010419,0,29.4,2026-04-11
Mikhail Sergachev,UTA,CHI,1.0,D,23.180443168325134,2.6492125106200284,2.3605954111143217,2.0230559588683086,0.11134400171215034,0.49096567806627456,0.6023096797784249,1.391865823164108,0.8855307538048067,0.5012413239855665,0.42882260654060156,1.1445113419410606,0.10536905858667867,0.38796492013168427,0.45245448031943136,0,29.4,2026-04-16
Ivan Provorov,CBJ,BUF,1.0,D,23.086482542190836,0.8979506518394144,2.463952418942288,1.8483026714001152,0.0863395155201602,0.31047932911232506,0.3968188446324853,1.4099971866046994,0.7191359985313924,0.42953380633723,0.41594139054784296,1.0805238883130066,0.08271725338263713,0.2669045220105706,0.3275441664170877,0,29.4,2026-04-14
Travis Sanheim,PHI,NJD,0.0,D,23.056170692150992,0.6853611107627285,2.6694382004176567,1.337683872030899,0.09990307525481293,0.29316768309659663,0.3930707583514096,1.7132246007610177,0.812660058455535,0.3319047312838122,0.33933650153057315,1.0749500253894575,0.09507487657751912,0.2541029441178626,0.32501901464539174,1,29.4,2026-09-30
Rasmus Dahlin,BUF,CBJ,0.0,D,22.506470030803705,2.9074873918073347,0.9108815839758929,2.1403646341089266,0.15726297405689027,0.4649443034231534,0.6222072774800437,1.2312146559730182,0.8948343903289266,0.686647414892138,0.3515912708936863,1.0503630995416442,0.1455206766250121,0.37182990886091316,0.46324164555906866,0,29.4,2026-04-13
Luke Hughes,NJD,PHI,1.0,D,22.40727212781968,1.776299708517278,1.148630574295338,1.9527288055977718,0.10619521193574852,0.3768228259631597,0.4830180378989082,1.0151604012819426,0.6826110316951655,0.4590696191977556,0.45089599530606783,1.2598090362395118,0.10075091321429963,0.31396238881792615,0.3830813046438767,0,29.3,2026-04-07
Brady Skjei,NSH,MIN,1.0,D,22.371336220853056,0.825435803169512,2.275253413555711,1.4232248788386632,0.07389943978796801,0.3024276141156105,0.37632705390357846,1.2239266650561014,0.9996204535507678,0.5601835459358491,0.4000151762651404,1.2127827249843741,0.07123491404058513,0.26097801891745787,0.31362218621397564,0,29.4,2026-04-16
Adam Fox,NYR,TBL,1.0,D,22.369306300392946,2.766111775134466,0.8303623217502863,1.6730121599791778,0.11979577244231396,0.4695890139288838,0.5893847863711977,1.463293606271761,0.7610148402160936,0.47198493356884347,0.5124342807136493,1.0530570665607728,0.11289841119069488,0.3747408116989609,0.4453315806405317,1,29.4,2026-09-29
Vladislav Gavrikov,NYR,TBL,1.0,D,22.3329112655611,0.995282413452045,2.2293021186654447,1.5130086019893985,0.10094430076937987,0.30279103787131606,0.40373533864069594,1.2900530515790471,0.92922603718653,0.624029490888734,0.30949006373603144,1.116527062507981,0.09601661733746314,0.2612465482634446,0.33217915574556345,1,29.4,2026-09-29
Gustav Forsling,FLA,SJS,0.0,D,22.011800351125885,0.7546512428746517,2.494840080719299,1.6576639814131304,0.0758229049673554,0.32273383064255345,0.39855673560990884,1.3363085868050992,0.8385859625269104,0.5498503573438015,0.32189497226139097,0.7567468252529999,0.07301964435969721,0.2758334203288122,0.32871180643358067,1,29.4,2026-09-29
Brandon Montour,SEA,CGY,0.0,D,21.974409780407054,1.3325027977194543,0.5832944318323144,2.485016675312921,0.11657585470981967,0.2911420463462153,0.407717901056035,1.4307459954788788,1.1683251393591585,0.6094326575649018,0.44007303093345723,1.1528273467629788,0.11003741343753559,0.25259049631169384,0.33483350487618724,0,29.4,2026-04-16
Zach Whitecloud,CGY,SEA,1.0,D,21.88441155001399,0.21228714764543782,3.032483335341018,1.1854334662563881,0.06298823449924015,0.28048070735995806,0.3434689418591982,1.8301273414475678,1.5217674945534612,0.40387593042583114,0.3074343702052677,1.0841604413571897,0.061045479105725775,0.24457948204223012,0.2906944894872576,0,29.4,2026-04-16
Damon Severson,CBJ,BUF,1.0,D,21.759065456236225,0.9701135217068765,1.0363976902079761,1.518763677662914,0.10654935437695129,0.3440366947250732,0.4505860491020245,1.336234319722493,0.8063296795149035,0.6248329631261909,0.4388330699001757,1.0628670044973405,0.1010693190972971,0.29109708542531887,0.36274542030747126,0,29.4,2026-03-26
Aaron Ekblad,FLA,SJS,0.0,D,21.656353919580535,1.661784850756451,2.445325797759164,1.4685362972837837,0.0830838807807601,0.33312616468087436,0.4162100454616344,1.3057313483651742,1.0827219250292208,0.6237618230629661,0.29982849096739006,0.8517975325681946,0.07972604931497951,0.2833202312227425,0.3404582778113262,1,29.4,2026-09-29
Mattias Samuelsson,BUF,CBJ,0.0,D,21.532880673160935,0.21627091905170137,2.706345470117883,1.3320308410015878,0.09018807295621828,0.2778691674368297,0.368057240393048,1.752922799766234,1.4059557236754066,0.4453076247988774,0.27184725877558563,0.9390243822606711,0.08624068430604948,0.24260409291975704,0.3079224342369583,0,29.3,2026-04-13
Bowen Byram,CHI,UTA,0.0,D,21.515869333331533,1.4446415585162784,1.379649175100091,1.3080518836062243,0.09413987307046243,0.324021500302147,0.4181613733726094,1.3388380506091155,0.8517275590258864,0.4646085633841118,0.31920102725440075,0.8128572311498249,0.08984455289998927,0.2767653075517319,0.3417440051365078,1,29.4,2026-09-29
Connor McDavid,EDM,VAN,0.0,C,21.44856375854848,3.059063755565171,0.8007904835910008,3.0970431885791987,0.4388297933939682,0.7244159310063213,1.1632457244002894,0.47966873861237735,0.8349565151825983,0.5931441320753998,0.39577315085782555,1.1340731105447466,0.3552094821039,0.5153924694545324,0.6875296594032378,1,29.4,2026-09-29
Cam York,PHI,NJD,0.0,D,21.386464550916294,0.883204705584133,2.377162859004481,1.1224601242030978,0.07413893297124274,0.2520940412019524,0.32623297417319513,1.7899091343449187,0.8082943466670014,0.3905867573750708,0.306196154337515,0.8803327367624086,0.0714573203140797,0.22282835152366254,0.27836295494785757,1,29.4,2026-09-30
Marcus Pettersson,NYR,TBL,1.0,D,21.349744561145158,0.21896364303365462,2.1149875592156984,1.0169975410614158,0.06287467458056954,0.22699135258310865,0.2898660271636782,1.589079807600688,1.225606819617724,0.5178249589946247,0.3623070765977754,1.0209904512244243,0.060938845452157775,0.20307232637383044,0.2516361787134832,1,29.4,2026-09-29
Rasmus Ristolainen,PHI,NJD,0.0,D,21.33274319696198,1.6210258071045496,1.496302606798766,1.396544311995532,0.08748989345877199,0.3133394784861856,0.4008293719449576,1.5789954470817027,1.182794929682064,0.40181492746763575,0.32459270737869517,0.8446555338547133,0.08377186849852969,0.26899828891254496,0.3302356681259635,1,29.3,2026-09-30
Darnell Nurse,EDM,VAN,0.0,D,21.208134694911266,0.23555068775329582,1.9314525640454931,1.843273787917948,0.07961213799535402,0.2935756741529999,0.37318781214835395,1.5776267381770355,1.6458860450968515,0.619875800159396,0.24174396973622925,0.89686059629384,0.07652554241235854,0.25440720137431994,0.3114640947078985,0,29.4,2026-04-16
Owen Power,BUF,CBJ,0.0,D,21.076311799121807,0.4597927723002225,1.731003919321291,1.4597796987726959,0.07418481977906043,0.27907833163907375,0.3532631514181342,1.461306894520386,0.578359985502168,0.3768817188160491,0.2713707731325558,0.8492378215037578,0.07149992719601861,0.24351935547465076,0.2976076664834104,0,29.4,2026-04-15
Mario Ferraro,SJS,FLA,1.0,D,21.031444006403397,0.20007464098145097,2.947959509303727,1.258349993190863,0.07262042144633193,0.26391299359075443,0.33653341503708634,1.6015312252107472,1.539715701967994,0.5392745822730135,0.4808608366602044,0.9793285940961824,0.07004624645879609,0.23195963881630433,0.28575798324608015,0,29.4,2026-04-16
Kevin Bahl,CGY,SEA,1.0,D,20.97984637101265,0.40720335220593085,2.282192672580422,0.9768554314150714,0.05589956823119321,0.26412746246976226,0.32002703070095545,1.124769071762656,1.448971334604272,0.4945494730041395,0.39513077897791343,1.0329042326078737,0.05436589717294138,0.232124341909125,0.2738705909784981,0,29.4,2026-04-07
Artyom Levshunov,CHI,UTA,0.0,D,20.967196265448077,2.3145557819930818,1.2470852467471836,1.3693747364244448,0.07258953645819019,0.29330884783263844,0.36589838429082866,1.4891258535112144,1.505220123478112,0.5598621380341468,0.31988173487705873,1.0992598078617306,0.07001752440460773,0.25420823104729495,0.30642672443069663,1,27.9,2026-09-29
Olli Mtt,CGY,SEA,1.0,D,20.878297062319234,0.2525463319079341,2.161770323496901,1.2059659030493097,0.0694347766013423,0.3020537457625627,0.371488522363905,1.5146109244672803,0.6153583207918828,0.29005330129207935,0.39364741935546593,1.2331792204902958,0.067079020322793,0.26070167033074787,0.3102930780112385,0,29.4,2026-04-16
Jamie Drysdale,PHI,NJD,0.0,D,20.818062628903096,2.0206909213475113,0.3322439253149742,1.376500708043007,0.08605697588090182,0.2970898241030693,0.3831467999839711,1.5382670397443396,0.5522641296265638,0.40195812005439974,0.26629825574344906,0.7173243022797304,0.0824580480301409,0.25702272790252445,0.31828718349044116,1,29.3,2026-09-30
Dougie Hamilton,NJD,PHI,1.0,D,20.779937227947467,1.559286208243714,1.479844547852945,2.174800781646295,0.11703545797548447,0.37730502992002174,0.4943404878955062,1.1221884029176528,1.2147177515216072,0.5388780666449634,0.2698259782304026,1.2765663374817537,0.1104463491673423,0.31429311912245517,0.39002694071430566,0,29.4,2026-04-14
Zeev Buium,VAN,EDM,1.0,D,20.760860998531296,1.01525924755943,0.35018011555896233,1.1929709877655295,0.07537450669355436,0.28966683746618843,0.36504134415974276,1.1922545489024614,0.7473209960148747,0.5233162281482318,0.3058589851859032,1.1805069378565964,0.07260389476464613,0.2514870975030812,0.3058320495059472,1,27.3,2026-09-29
J.J. Moser,TBL,NYR,0.0,D,20.69612406889239,0.26505224074279254,1.8607030873966641,1.385610204832121,0.07345496254242244,0.27467714730135717,0.3481321098437796,1.1767641358795542,0.905548182086922,0.5894383384499237,0.2637251762904564,0.8417847416647108,0.07082200733639954,0.24018260727440488,0.29399440023634094,0,29.4,2026-04-13
Jack Hughes,NJD,PHI,1.0,C,20.66135595948974,2.4022898268923853,0.48513046449784003,3.1511906938813525,0.36828866874684674,0.5750887297598213,0.943377398506668,0.5957921803140136,0.6263753988336183,0.40454204264236515,0.4904699390515055,1.4874166468995451,0.30808258207661365,0.43734505764588993,0.6106892451045124,0,29.4,2026-04-14
Adam Larsson,SEA,CGY,0.0,D,20.545272258958803,0.20572085271978074,2.1466780253592312,1.5635532884544667,0.07107700714421178,0.2438894125316114,0.3149664196758232,1.7170696141927015,1.2301168228706236,0.5016025892577257,0.2735243387289347,0.7174142194078694,0.0686098343309024,0.21642571703210844,0.27018661877249106,0,29.4,2026-04-16
Alex Vlasic,CHI,UTA,0.0,D,20.50939474862961,0.27453197122540207,2.32738691388319,1.153441953263531,0.04818236596482372,0.23072976581302926,0.27891213177785296,1.4844763047914284,0.6680827106613397,0.36739331948099013,0.32008593480663655,0.9395938742453825,0.047040016236795545,0.20604600944086193,0.2433936180480324,1,29.4,2026-09-29
Wyatt Kaiser,CHI,UTA,0.0,D,20.382666921209633,0.2704735205940108,1.6240927151026567,1.0669804371831635,0.06133088424671031,0.22511470647414655,0.28644559072085685,1.2668003356756814,0.8212349809627957,0.46075356323152655,0.3732882453345714,0.9565294800297901,0.05948801231592438,0.20157537096755795,0.24907206513277713,1,29.3,2026-09-29
Niko Mikkola,FLA,SJS,0.0,D,20.3485925339881,0.2641285079253079,2.2452617837021784,1.2445832540063706,0.07099452323979118,0.22230511022832283,0.293299633468114,1.283567166272029,1.4443232261473031,0.5358282970383899,0.23662772138646299,0.8607107773040179,0.06853300646501148,0.19932896585930415,0.2542013590184159,1,29.4,2026-09-29
MacKenzie Weegar,UTA,CHI,1.0,D,20.31983539678098,1.1825649102653382,1.460099472943263,1.7557699047697344,0.08047304394835253,0.32574568302654433,0.40621872697489686,1.701564062333693,1.7550776720195072,0.5760398313602162,0.4239857802437346,1.2451642704925199,0.07732022494779289,0.2780112219134716,0.33383555664490405,0,29.4,2026-04-16
Dmitry Orlov,SJS,FLA,1.0,D,20.278500072005393,1.8200799631777278,0.4890017529469515,1.385760549432215,0.08115978672618296,0.3566042108556704,0.43776399758185336,1.2001814404415412,1.3851020592481038,0.5503909225967258,0.3021213676736054,1.1962816621768717,0.07795365109425001,0.2999504850907062,0.3545219007246442,0,29.4,2026-04-16
Vince Dunn,SEA,CGY,0.0,D,20.24900266405713,1.8149563259304498,0.3157127616978352,1.9969497674817118,0.09790870973612721,0.31435792665991213,0.41226663639603933,1.4299926469709492,0.6534772928063126,0.6228946739370935,0.3370906868642625,0.8447883466274891,0.09326832425033427,0.2697423972879669,0.3378523001639846,0,29.4,2026-04-16
Viking Gustafsson-Nyberg,MIN,NSH,0.0,D,20.234503345851167,0.546601710502347,2.2941997047460325,1.3037432974593839,0.07241791032689081,0.27034918516767853,0.34276709549456935,1.4824431006448693,1.1901805580995952,0.4779456424126449,0.31995103950776504,0.7726714774196436,0.06985790141279868,0.23688701992575745,0.2901964912546109,0,2.0,2026-04-14
Kirill Kaprizov,MIN,NSH,0.0,L,20.15762677351461,2.618004079886018,0.12154892112506645,2.9434628641977887,0.4019657005171083,0.4677654011584938,0.8697311016756021,0.4415096359844149,1.0410476937133395,0.47328061883219225,0.3093994094207862,1.0110342841988442,0.3309963082224944,0.3735995407565196,0.5809357802349866,0,29.4,2026-04-11
Brett Pesce,NJD,PHI,1.0,D,20.04627286711683,0.24414639744921846,2.124740698308905,1.2647238290884084,0.062164421558253954,0.24598895843037252,0.30815337998862646,1.5305576266729721,0.6626993243410871,0.3842581205159594,0.38349950069802535,0.7959993447387836,0.06027163751382181,0.21806914137816824,0.2651973946498948,0,29.4,2026-03-03
Ryan O'Reilly,NSH,MIN,1.0,C,20.03771915492362,2.517557914882862,1.8837112678091956,2.0399824617480804,0.2908749516562256,0.46695095766601485,0.7578259093222405,0.7547637323251394,0.679119676569699,0.4161976586592285,0.5030044266523507,0.6815178519750893,0.2523908405396995,0.37308916517097757,0.5313157177169192,0,29.4,2026-04-16
Marek Alscher,FLA,SJS,0.0,D,20.033522022448384,0.41164656206445555,1.653518230045585,1.524116593040885,0.07399013588207683,0.30664837267768597,0.3806385085597628,1.4991671041796695,1.0777737449600548,0.45240783734798484,0.30420454433965627,0.7609194352666431,0.07131914558643249,0.2640906787578874,0.3165751027779663,0,3.8,2026-04-15
Sam Reinhart,FLA,SJS,0.0,C,19.9861487960703,3.4899614120882734,1.4137267996676854,2.3785047122272522,0.3533521006090953,0.4964932450753909,0.8498453456844861,0.6056361461276256,1.031725265678689,0.34631311078498783,0.29876345593363557,0.7297398862513225,0.29767014093464683,0.39133865219248887,0.5725189613758228,1,29.4,2026-09-29
Macklin Celebrini,SJS,FLA,1.0,C,19.97054927933941,2.580758026222265,0.2786046562552883,2.978523527169841,0.38698152811594627,0.536936351208138,0.9239178793240843,0.7017275498827882,0.9928233023776252,0.5198437013193752,0.45844785984214514,1.4360402528250706,0.3208963608655385,0.4154636740304727,0.6030392538278062,0,29.2,2026-04-16
Braden Schneider,NYR,TBL,1.0,D,19.96437342765759,0.4098804190730255,2.168193316330918,1.3150320576848173,0.061576787511134455,0.22952350157181367,0.2911002890829481,1.6326428888201228,1.7142176155105207,0.4644935590378629,0.3107868861875412,1.0195437688977675,0.05971925885062179,0.20508771326987751,0.2525592858846534,1,29.4,2026-09-29
Mattias Ekholm,EDM,VAN,0.0,D,19.927731023701842,0.5203939596134498,1.5289011191797381,1.4680971499593165,0.07971993627045809,0.37137428470602596,0.45109422097648405,1.3425456254145707,0.8393428964465742,0.41470435785563825,0.2411572302923836,0.9458679222253729,0.07662508600057916,0.31021428300725484,0.36306917289379514,1,29.4,2026-09-29
Connor Murphy,EDM,VAN,0.0,D,19.868885928219296,0.20165349108265088,1.9686945331534451,1.1630427862328228,0.06398911876303533,0.2496620580173879,0.3136511767804232,1.8533775511504527,1.2342423290366358,0.7331261908738845,0.23482951630284457,0.7622860960250895,0.06198479375906585,0.22093598297150663,0.2692261053921272,1,29.4,2026-09-29
Simon Nemec,NJD,PHI,1.0,D,19.84487072843078,1.188433177320437,0.4595318829390082,1.4607251741427738,0.10219128632974886,0.275142460409178,0.37733374673892683,1.5064268057469035,0.7267220412635818,0.4297726353047629,0.33859853290120784,1.0915354703211868,0.09714316901963671,0.24053607802312638,0.314312810160042,0,29.2,2026-04-14
Vincent Desharnais,SJS,FLA,1.0,D,19.785684490770027,0.19876847525466337,2.6244145902277074,0.9385225915163895,0.04918645128262519,0.23359724084003464,0.28278369212265986,1.5702202317840102,1.8525550517438487,0.6751768980608247,0.30920780094244277,0.9551468610051693,0.047996389144596696,0.20831939169024427,0.24631720224491038,0,29.3,2026-04-15
Tom Willander,VAN,EDM,1.0,D,19.71606230980416,0.9026782863620532,1.0033538373030721,1.1149019067280659,0.07394429485733554,0.251576204694283,0.32552049955161855,1.3743109523109087,0.9478711479740924,0.4074192903047768,0.2844170928685691,0.9004972241179825,0.07127657292862888,0.22242579945227203,0.2778486236650325,1,26.9,2026-09-29
Connor Bedard,CHI,UTA,0.0,C,19.643042188794542,3.1481581973619557,0.19687113169840614,2.613017536144683,0.2989747118986177,0.44690263986299006,0.7458773517616077,0.541875424786637,0.8248639679807205,0.5868383106389085,0.3667219482906259,0.8734916209939486,0.2584218376983515,0.36039382261145003,0.5256820263754169,0,29.3,2026-04-15
Mika Zibanejad,NYR,TBL,1.0,C,19.605051606972083,2.958739239091076,1.451206842630644,2.3071522570616874,0.3047094733058054,0.4486921001724163,0.7534015734782217,0.5727386043746889,1.3182701797224354,0.3788686356649681,0.48726141816298174,1.087288747994785,0.26266244047945453,0.3615373490268372,0.5292375070864304,1,29.4,2026-09-29
Yan Kuznetsov,CGY,SEA,1.0,D,19.585408267607555,0.22126145490636687,1.8044235406286862,1.324767109952557,0.06538029688161583,0.23418993558538742,0.29957023246700326,1.5978448147832183,1.302822912029942,0.3552295816677144,0.28341968151922087,1.059779528861574,0.06328883270334429,0.2087884776006781,0.25886333127476713,0,25.4,2026-04-11
Jake Guentzel,TBL,NYR,0.0,C,19.520312467565944,3.202114840779229,1.592715770997783,2.4349288007327976,0.3336757686028457,0.45702341881847586,0.7906991874213216,0.544081653621199,0.8249701974437301,0.5336942186579544,0.3041323652764233,0.7202455227852077,0.28371401301253973,0.36683448809905694,0.5464724163816125,0,29.4,2026-04-13
Nico Hischier,NJD,PHI,1.0,C,19.450549645728223,2.362173645361135,1.7186778922049784,2.176996413003787,0.31557448546488287,0.4619896750351549,0.7775641605000378,0.5649104549090279,0.9502281570088603,0.3857116462395371,0.3560111123589443,0.7880610816522605,0.2706302584272957,0.3699711550659943,0.5404760241871349,0,29.4,2026-04-14
John Marino,UTA,CHI,1.0,D,19.44725580736564,0.22300607506416248,1.0963251627268256,0.9168031802872703,0.06092416246987506,0.3211623360662876,0.3820864985361626,0.9180068081726799,0.7417949042586992,0.3245258272772387,0.3436374049146012,0.9064551630871897,0.059105407807640176,0.2746945018087964,0.31756397906451117,0,29.4,2026-04-16
Jonas Siegenthaler,NJD,PHI,1.0,D,19.29033453288221,0.20443898707379607,1.7219341476668575,0.9245383348050981,0.055055219902405125,0.27514820123013783,0.330203421132543,1.4286621828397719,1.0483199319284358,0.45275789839696834,0.24927658026519361,0.8682622301464336,0.05356711542101156,0.24054043795701308,0.2812224959745606,0,29.4,2026-04-14
Ryan Shea,EDM,VAN,0.0,D,19.27669267492257,0.3604086465671182,1.9533937142221334,1.0730284240811765,0.07138568673941817,0.3303983322583456,0.4017840189977637,1.1587666667552685,0.7093164533424786,0.31541844806406305,0.2757161259295477,0.669978358784594,0.068897291101918,0.2813625800546554,0.3308747515733611,1,29.2,2026-09-29
Brandon Hagel,TBL,NYR,0.0,L,19.265493769170412,2.259068264013294,1.3210031076982762,2.7759898029115044,0.3663231255438609,0.46060425562358526,0.8269273811674461,0.5305951219840928,0.8555270527569149,0.643414625260765,0.41968466939517773,0.7886115132426301,0.306721251059599,0.3690976959604828,0.5626088399518671,0,29.4,2026-04-15
Ryan McDonagh,TBL,NYR,0.0,D,19.23969755475639,0.2619584352451038,2.6620247369224277,0.9993413544532963,0.06834976983482173,0.2735616744444586,0.34191144427928033,1.4573508278739598,0.6688517781737984,0.3164822664849988,0.2537532080743198,0.80556970942582,0.06606624541275563,0.23933457870812824,0.2895888871081942,0,29.4,2026-04-13
Nikita Kucherov,TBL,NYR,0.0,R,19.22224596491213,3.184897606624111,0.13032341575158424,2.739590011491111,0.3711850362842296,0.5773937220566221,0.9485787583408517,0.46336537778994,0.8545253256341566,0.4928097734106234,0.30897571542028873,1.044527791069751,0.31008372979583143,0.43864047941163076,0.6127089333120721,0,29.4,2026-04-15
Nicolas Hague,NSH,MIN,1.0,D,19.181426951178132,0.20589528126680454,2.0331699456672836,1.205393626018657,0.05850953856627045,0.22234813650865365,0.2808576750749241,1.0055864319998626,1.1148546181134307,0.5715472853795953,0.2798544715818048,0.7728846534711409,0.0568307561255772,0.199363415014557,0.24486419752107969,0,29.4,2026-04-04
Ryker Evans,SEA,CGY,0.0,D,19.171753560903987,0.25265582729570873,1.0518940170662763,0.9413032068838013,0.05685790001275046,0.20553128110520885,0.26238918111795934,1.4585271151844925,1.0172011919731598,0.5692003138185542,0.22000323706749222,0.7716955114474107,0.05527169429099832,0.18578537536454387,0.23078839718465471,0,29.3,2026-04-16
Sam Rinzel,CHI,UTA,0.0,D,19.157772889583246,1.4083628117692184,0.3670875770928865,1.4873819933893884,0.07438159321854092,0.23758562024155394,0.31196721346009487,1.4690867392944758,1.0539553722756343,0.4849456103303191,0.27925532898419136,0.9402153274288855,0.07168261337441884,0.21147062598476718,0.2679944722366736,1,26.0,2026-09-29
John Klingberg,SJS,FLA,1.0,D,19.106777417366747,1.6403706839710293,0.32123463520368056,1.3614313816873538,0.09369137733140515,0.3599163080413349,0.45360768537274004,1.2422839715005636,0.9634280082688343,0.49122256586652085,0.30034994419795336,1.0823619127201431,0.08943626050823017,0.30226528158727517,0.3646680656288722,0,29.2,2026-04-16
Leon Draisaitl,EDM,VAN,0.0,C,19.08841930851443,3.2824987969316073,0.24273963475894558,2.6136741137841017,0.37488166567809705,0.6467985635129604,1.0216802291910574,0.38061376618641435,0.7726094924143655,0.4176760443274651,0.34926246191349225,1.0301184859591987,0.31262938648602123,0.47628024870952856,0.6400104332460803,1,29.4,2026-09-29
Alexander Wennberg,SJS,FLA,1.0,C,19.054060904125137,2.5561279022024723,1.8365104533846608,1.4009263887575445,0.25758418855566706,0.436160963817946,0.6937451523736131,0.8869710258458597,0.7567618417962273,0.3634235930215,0.476491281980622,0.6391992553733598,0.22708344715393425,0.35348634774620524,0.5002988965320768,0,29.4,2026-04-15
Louis Crevier,CHI,UTA,0.0,D,19.041328559954977,0.2666588936364969,1.9228732196328624,1.3967392105985195,0.07450384196542029,0.22539600622634845,0.29989984819176874,1.4756582630364217,1.4466346280540865,0.5884457593710729,0.24893757447392187,0.8222698152483151,0.07179609207518434,0.2017999360313275,0.25910758131844025,0,29.1,2026-04-15
Nick Schmaltz,UTA,CHI,1.0,C,18.980704055872685,2.8006991217921353,1.428714029602837,2.5054166430034237,0.34375670060183977,0.46701163836063725,0.810768338962477,0.5644395707155893,0.7602041006720098,0.37883751541860894,0.5286278574983289,0.9649441752204724,0.29089856898487354,0.3731272054017357,0.5554836042859194,0,29.4,2026-04-16
Zayne Parekh,CGY,SEA,1.0,D,18.95307968976669,2.143505609505258,0.3371170818674199,1.7171978467939693,0.11212813094006556,0.30286635804269957,0.41499448898276514,1.2255877663836752,0.7841112265737602,0.3589165504652129,0.3085475372342617,1.4113495672186989,0.10607028989212719,0.2613021892045706,0.3396560801383216,0,21.5,2026-04-16
Vincent Trocheck,NYR,TBL,1.0,C,18.946576029181173,3.0384125616755533,1.5157797852612533,1.7871030159793395,0.2521040689516304,0.42506476269444166,0.677168831646072,0.6494769769923167,2.103355622470228,0.6892674293704842,0.44205621184735605,0.9119065105705988,0.22283614476733593,0.34627255339198915,0.4919466573227127,0,29.4,2026-04-15
Aleksander Barkov,FLA,SJS,0.0,C,18.92840415903883,2.6890023512307915,1.0692901907971788,2.1183279826806967,0.30338193227038407,0.5225624764513654,0.8259444087217496,0.6453155047747534,1.2145842947441878,0.37352574315076875,0.44212886467137513,0.693549174289492,0.26168294459559605,0.4070009467041479,0.5621786851130073,1,29.3,2026-09-29
Alberts Smits,NYR,TBL,1.0,D,18.90789067052819,0.6719107051406572,1.1631719409468981,1.3596229052962043,0.0726528990574405,0.25701047688794293,0.3296633759453834,1.4211660838529618,1.303766777671742,0.5162533957778398,0.3347884751456768,0.869256006127514,0.07007644864470253,0.2266398886842208,0.2808342188087024,1,1.0,2026-09-29
Simon Lundmark,TBL,NYR,0.0,D,18.87039067052819,0.6719107051406572,1.1631719409468981,1.402709583250549,0.06651939357322709,0.25282853160687613,0.31934792518010324,1.5177035511120223,1.1695984237822277,0.43959544993055355,0.2779813862441211,0.7037691171530911,0.06435522981498853,0.22339896706097595,0.2733773050103242,0,1.0,2026-01-24
Johnathan Kovacevic,NJD,PHI,1.0,D,18.809125218618508,0.2082428880750387,1.7566168506171231,1.0400941537345647,0.05277273942103176,0.2471985757699272,0.299971315190959,1.118413674238493,1.4381398257212574,0.6315326828804422,0.3215121953588307,0.8756827534137201,0.05140443363446079,0.21901440668318106,0.2591605287843055,0,29.4,2026-04-14
Adam Fantilli,CBJ,BUF,1.0,C,18.805622282882794,2.567696852031044,0.30264227637454677,2.4572685330373045,0.30559714187624243,0.4226539280791433,0.7282510699553857,0.5929382493518841,1.8305732590166117,0.5140893077572016,0.35631446021600904,0.9647839537253299,0.26331666144818955,0.34469462333479506,0.5172474473473251,0,29.3,2026-04-14
Oliver Bonk,PHI,NJD,0.0,D,18.79955733719486,0.6719107051406572,1.6673386076135648,1.349723668095165,0.07304985984686867,0.2618912580190588,0.3349411178659275,1.393975919923236,1.159260637372772,0.4256274468120116,0.2863165445381859,0.7668835941106273,0.07044551857376469,0.23040529358952122,0.2846197917742316,0,1.0,2026-04-14
Alex Tuch,BUF,CBJ,0.0,R,18.792497408907135,1.683126810982157,2.2067712203302583,2.328996312514127,0.2904854376601391,0.34519833551510976,0.6356837731752489,0.8895926970497806,1.1041809630766655,0.47174308509412266,0.45260778664303886,0.6641442448046772,0.252099579587061,0.2919200978521135,0.4704267434976429,0,29.4,2026-04-15
Tage Thompson,BUF,CBJ,0.0,C,18.708014192141206,2.972521773375017,0.218608412213314,2.7556688592108154,0.3311118533428688,0.41826589992761404,0.7493777532704828,0.6467894732395859,1.0856244034675053,0.40297915814974666,0.31573759620650077,0.7047661330303742,0.2818751601158265,0.34181280677210046,0.527339427249401,0,29.4,2026-04-13
Nate Schmidt,UTA,CHI,1.0,D,18.693865590826693,0.2564792671089898,1.8109918477738016,1.2019460097531138,0.0690397716941693,0.25515214845172196,0.32419192014589127,1.0451938648630195,1.0383419629571307,0.3656200001701731,0.22991752402503834,0.8497636720665424,0.06671043916692565,0.22520139541542283,0.2768885505931812,0,29.4,2026-04-16
Nick Perbix,NSH,MIN,1.0,D,18.684624608544237,0.20141115178582017,2.544221173064028,1.1199151423393239,0.05577732923979849,0.2091636431049474,0.2649409723447459,1.2119341299314421,0.6509338631581981,0.3414399481575523,0.32967686226936666,1.0925779925151797,0.05425029674868764,0.18873753272867821,0.23274876231921982,0,29.4,2026-04-16
Matt Boldy,MIN,NSH,0.0,L,18.666651575451432,2.453917095191293,1.3244173770157015,2.825159923089818,0.32843071256453116,0.4364778732728522,0.7649085858373834,0.705354001536184,1.0491475296533155,0.43110022939080306,0.3789632942432364,0.8277629228673448,0.2799471828894362,0.3536912015735585,0.5346235289696973,0,29.4,2026-04-11
Jonas Brodin,MIN,NSH,0.0,D,18.661559041738045,0.29210762166652116,1.583997103508698,1.3657999718258367,0.0578097796288352,0.23843697947817283,0.29624675910700804,1.6553620243771239,0.5387491434288727,0.39073506758830095,0.24891474305661057,0.6625818665748014,0.056170534046452225,0.21214166206376706,0.2563960856585955,0,29.3,2026-04-14
Jared Spurgeon,MIN,NSH,0.0,D,18.634810829639886,0.9447018320983074,1.5808805458784119,1.264710905873598,0.06575057470412828,0.2559984678868835,0.3217490425910118,1.4823293484662703,0.9139224184621763,0.32108132748313883,0.2232546012867086,0.6574526226113392,0.06363561186841482,0.22585684513377868,0.27511991846743566,0,29.3,2026-04-13
Uvis Balinskis,FLA,SJS,0.0,D,18.601483262197437,1.9008411136978807,0.6610103949672351,1.5314776256552178,0.08675509573242014,0.2880246900722127,0.37477978580463284,1.1619943745889931,1.1709953481673534,0.5043386013675545,0.32813317572615686,0.7011817518215196,0.08309837874161474,0.25025691920028803,0.31255935368748755,0,29.2,2026-03-10
Zach Hyman,EDM,VAN,0.0,L,18.578079754946728,3.0717806173385194,0.12717863104872862,2.4400881580984994,0.44048581749783133,0.4799171243648438,0.9204029418626751,0.3884370417460035,1.0889676775459163,0.5113944627771926,0.21759086285194584,0.5358593732020638,0.3562763870894673,0.3811653240021635,0.6016415065723537,1,29.4,2026-09-29
Clayton Keller,UTA,CHI,1.0,R,18.57580411933705,2.9008799401794483,0.12117953086572048,2.7199208448548946,0.3324698945121242,0.5605775490267799,0.8930474435389042,0.3972087020480696,0.6779244757408698,0.5347548676807584,0.3706862255649314,1.0750671529722302,0.2828497413025839,0.429120742141367,0.5905937925416924,0,29.4,2026-04-16
Brenden Dillon,NJD,PHI,1.0,D,18.54607753716207,0.19702137213140516,1.7863119001442658,0.8851860850927866,0.04588399551901101,0.22110487321508443,0.26698886873409544,1.1424252330625286,1.9886752790672253,0.7703348305878894,0.19958615974077573,0.8380458215063664,0.04484724223587144,0.19836739390701086,0.23431840557663608,0,29.4,2026-04-14
Charle-Edouard D'Astous,TBL,NYR,0.0,D,18.488199804758466,0.7995923644513667,0.4030735116351918,1.3292721629239912,0.07619958452393824,0.27189126574360173,0.34809085026753994,1.2687907133344125,1.2545658387164254,0.8141468218229572,0.2734863935340407,0.8353875166573039,0.07336875315382008,0.23806289474968156,0.29396527014352836,0,26.8,2026-04-15
Hunter McDonald,PHI,NJD,0.0,D,18.478724003861526,0.6719107051406573,1.4590052742802315,1.2870853874233532,0.06874496205416437,0.25971752692403083,0.3284624889781952,1.4402309654423302,1.2935165183262463,0.5317068801941688,0.2816064489526203,0.7096513746080096,0.06643525584612131,0.22873058211886077,0.2799700632220833,0,1.0,2026-04-14
Nick Leddy,SJS,FLA,1.0,D,18.456867195216148,0.205392901523434,1.0249570837742952,0.8610962630677682,0.05450728135919677,0.23121638023217794,0.2857236615913747,1.249066283378957,0.6275617055503505,0.3305232593509122,0.26526617628609916,0.8297485632347005,0.053048386262119496,0.20643226491444533,0.2485297526504191,0,29.3,2026-04-11
Denton Mateychuk,CBJ,BUF,1.0,D,18.453991696041463,0.6795074274568654,0.9945959340318619,1.3507641703203161,0.08540365619592095,0.25258303381735236,0.3379866900132733,1.1492602256359397,0.6827451017330863,0.3380502038447908,0.2553289756675261,0.9568649426166115,0.08185840395281208,0.22320828981958452,0.28679521941872865,0,28.9,2026-04-14
Sam Dickinson,SJS,FLA,1.0,D,18.438124815550733,0.5095837742963294,1.064592606361231,1.22375286033694,0.07016452031339869,0.26092741091876626,0.33109193123216496,1.2380361344530042,1.1774847700519326,0.42491744317714536,0.33908950676553123,1.0500902916482804,0.06775956519968496,0.22966316437125267,0.28186085341075773,0,26.9,2026-04-16
Ludvig Jansson,FLA,SJS,0.0,D,18.40653672654686,0.5047039722414852,1.2072808298809319,1.281425150419869,0.06554968574496788,0.2613531693755102,0.32690285512047806,1.3912323724997935,0.8790776865703899,0.42446688757929024,0.28219979818100027,0.7478221716256522,0.0634474877056872,0.22999107198389002,0.2788462039774616,0,3.8,2026-04-15
Charlie Coyle,CBJ,BUF,1.0,C,18.395762047705503,2.6099387848127233,1.860558169998587,1.944819392396849,0.27918382565325284,0.3988836138302319,0.6780674394834847,0.6087894847840514,1.416208592033108,0.3537629321776536,0.42261346670147854,0.6904479819701638,0.24359915544520683,0.3289312000641643,0.49240299297416235,0,29.4,2026-04-14
Brock Boeser,VAN,EDM,1.0,R,18.38929703318226,2.364500013629806,0.975197517532974,2.093740539944147,0.29935186734533276,0.38731898010196,0.6866708474472927,0.3776188747893482,1.0305097565862722,0.3184284296192423,0.34398853462579093,0.8096408997042027,0.25870147520470943,0.321125487075552,0.49675132504798525,1,29.4,2026-09-29
Emil Lilleberg,TBL,NYR,0.0,D,18.38186863695444,0.2013889361217484,1.7451771827878764,1.0652353028651094,0.06140699479101914,0.21610351271762412,0.27751050750864326,1.137927311754825,1.6334761439403138,0.7219144027358476,0.19506397315604238,0.7862617747222569,0.05955959247119913,0.19434809766077232,0.24233239663774298,0,29.3,2026-04-15
Connor Brown,NJD,PHI,1.0,R,18.354564623475078,2.1096023164789606,1.3498008304876044,1.8335634008603883,0.2941105860086245,0.39807723314793403,0.6921878191565585,0.42579732391303005,0.8473515710417934,0.3263126386502721,0.3497939148989886,0.8252884583685074,0.2548059211522977,0.3283898449075676,0.49952008913113244,0,29.3,2026-04-14
Luca Cagnoni,SJS,FLA,1.0,D,18.34264414977955,2.1018096563734643,0.4885024484874201,1.501221205827295,0.08692761766570221,0.30647529059194734,0.39340290825764956,1.520232453712287,1.0024474657436906,0.6363484770218167,0.33481557048725546,0.7857856902092402,0.08325655073748217,0.26396329501404825,0.3252431722873603,0,7.9,2026-04-16
Filip Forsberg,NSH,MIN,1.0,L,18.272438754252498,2.670033268846951,0.12014162065658257,2.7720535322703643,0.34835326563613,0.4025622671507625,0.7509155327868925,0.5038803659216896,1.2428663406952614,0.4341186669642865,0.43178746909009164,0.9955448089895438,0.294150520200107,0.33139529448002303,0.5280657164169635,0,29.4,2026-04-16
Anton Lundell,FLA,SJS,0.0,C,18.272404789478774,2.212928050666365,1.8724981561187455,2.045707379265131,0.27789430209772087,0.3702324687769206,0.6481267708746414,0.5102924149644311,1.1093744228459395,0.4862782732009603,0.32623484287236243,0.7248811251096742,0.24262312956980103,0.30942622486487203,0.47697539538698874,1,29.4,2026-09-29
Hunter Brzustewicz,CGY,SEA,1.0,D,18.258288439564314,1.1653720950496524,0.6109230264093152,1.2824031242814515,0.07147855917643582,0.25972335345886877,0.3312019126353046,1.06300430494942,0.9941316649864771,0.3258258352315498,0.2781036855887485,0.8501275628673,0.0689837608642162,0.22873507593390185,0.2819398310186354,0,20.6,2026-04-16
Ryan Nugent-Hopkins,EDM,VAN,0.0,C,18.239570617346136,2.923861226018469,1.0070031836187863,1.9402270243222206,0.2832149789005876,0.46457443394416875,0.7477894128447564,0.5116918585884294,0.6809123708747615,0.35654513121510134,0.28124932590504054,0.5761222189798462,0.24664218558478757,0.37159752494337983,0.5265880848182345,0,29.4,2026-04-16
Adam Wilsby,NSH,MIN,1.0,D,18.166441426976323,0.18958038685384393,1.2204066588543279,1.283720877113685,0.06395413565673662,0.2490518021032898,0.31300593776002644,1.015964738741038,0.8081220574345437,0.4479851813494678,0.2881301169723944,0.8397742642340621,0.06195197849940959,0.22046040945163659,0.2687544294047274,0,27.6,2026-04-16
Dante Fabbro,CBJ,BUF,1.0,D,18.15772042506618,0.2053547904871784,1.3259273123801159,1.1348876871200548,0.05801546343783466,0.20423491050772496,0.2622503739455596,1.4249702139129292,1.1033658701089424,0.5496724294694922,0.3272329961146771,0.8470703622638428,0.056364644522680085,0.18472916699430697,0.23068161768638218,0,29.4,2026-04-14
Conor Timmins,BUF,CBJ,0.0,D,18.113577879758953,0.18374397598541362,2.499287849307632,1.2281940968459324,0.04709876846970944,0.21252791800054505,0.2596266864702545,1.6361017305783256,0.8643669485843971,0.4196119695938273,0.21690534781584633,0.870734440442615,0.04600683150834939,0.1914622567508003,0.22866051647260732,0,29.2,2026-04-15
Sam Bennett,FLA,SJS,0.0,C,18.062863524847526,2.8915742277625642,0.8004119482175017,2.466828670859219,0.334407330569586,0.44585654162522165,0.7802638721948076,0.5244247989002429,1.1835855870592897,0.5596665552807369,0.32061301074989296,0.7410634490648259,0.28423782897265026,0.35972438162694964,0.5417149333374267,1,29.4,2026-09-29
Dmitry Kulikov,FLA,SJS,0.0,D,18.06254251055692,0.2102625618392568,1.6748056296147635,1.0005481894029284,0.050794666480027784,0.19851206099859117,0.24930672747861896,1.1050241829605623,1.1592932005035677,0.5126701490614728,0.31314438502398256,0.8545175225808616,0.049526185369071496,0.18005011873359633,0.22065910854654436,1,29.3,2026-09-29
J.T. Miller,NYR,TBL,1.0,C,18.062157991125755,2.728880786822426,1.412757751323413,1.9447422901027742,0.2705638579135513,0.42906394890769145,0.6996278068212427,0.6033137612906229,1.4887483807486004,0.5551889311610706,0.35048212682198027,1.0397615439468766,0.23705082190206206,0.34888171045375227,0.5032298361461551,1,29.4,2026-09-29
Patrick Kane,CHI,UTA,0.0,R,18.059578879186862,2.61510425873648,0.1316358005821722,2.308766843945356,0.26710678997189,0.41616458687957475,0.6832713768514648,0.4136227062615539,0.8498391761666986,0.3790396599983779,0.26426651827155206,0.786630895025882,0.23440869037465484,0.3404282952983503,0.49503763480564245,1,29.4,2026-09-29
Chandler Stephenson,SEA,CGY,0.0,C,18.059274916402515,1.9150261674476283,1.4563516232510751,1.2830894726552184,0.19354495275462855,0.34678586348063206,0.5403308162352606,0.6508836935611765,0.6400230114098131,0.32671387138171937,0.4140133765729594,0.702529877870132,0.17596720718142533,0.2930433027031455,0.4174444983246772,0,29.4,2026-04-16
Simon Benoit,PHI,NJD,0.0,D,18.049141537023285,0.17931669948138187,1.7107363801476088,1.0875542205251396,0.049347210407931025,0.17830302423524722,0.22765023464317824,1.5479697823401095,2.002169606609232,0.45763529957979066,0.21248998944416633,0.8183142271646833,0.04814942011147405,0.1633111519273669,0.20359723477580138,1,29.4,2026-09-30
Christian Dvorak,PHI,NJD,0.0,C,18.025631457647982,2.0211943047544887,1.476801404344859,1.7735946502707283,0.2516384263631713,0.3595347483596469,0.6111731747228182,0.7248968330167399,0.8131928352681036,0.38403208338435135,0.30400283631415653,0.6853546478048755,0.2224741799115425,0.3019990033529263,0.45728620265942344,1,29.4,2026-09-30
Topias Vilen,NJD,PHI,1.0,D,18.02185754620142,0.546601710502347,0.9990851203016661,1.1960079095428005,0.06961292792127674,0.2567987313499357,0.3264116592712124,1.1971909276296475,1.061037359389802,0.4328376258395782,0.28679718900750567,0.7715571819227178,0.06724520662312305,0.2264761157928994,0.27849188921432655,0,2.0,2026-04-14
Erik Gudbranson,CBJ,BUF,1.0,D,18.019847187896502,0.180379959066,2.338327499508934,1.1384934337690429,0.047571143394271743,0.18722876007494385,0.2347999034692156,1.4963232442103878,1.2822025284994962,0.49168017695289745,0.2490311125374976,0.8292940328861873,0.046457367540008954,0.1707459855246668,0.20927094405917523,0,29.3,2026-04-14
Ryan Lindgren,SEA,CGY,0.0,D,18.006749252517597,0.2087769276431374,2.235990250888885,0.8693602689010019,0.048102550789980644,0.1782511192565474,0.22635367004652807,1.3753725527333223,0.8285886601519745,0.47810937686128135,0.26198383584700224,0.7613753741549971,0.04696395253359453,0.1632677224834369,0.2025639774480512,0,29.4,2026-04-16
Donovan Sebrango,FLA,SJS,0.0,D,17.994924836801,0.19224049616605274,1.2195520860293627,1.1094801051468626,0.05265224569565588,0.24881533349702503,0.3014675791926809,1.0754761531020474,1.4962461967704601,0.7032021643182659,0.21176653222686886,0.6598799553739187,0.05129012693431256,0.2202760510144991,0.2602681913316889,0,23.0,2026-04-15
Matty Beniers,SEA,CGY,0.0,C,17.99047147604615,1.9255213399210707,0.3735033424026771,1.7926033252538338,0.2475798662868538,0.35364107987173654,0.6012209461585903,0.7940200916235863,0.6948608221471563,0.36656430883564717,0.34459149692947816,0.797872538950522,0.2193121323201811,0.29787307037683797,0.45185802447191536,0,29.4,2026-04-16
Ian Cole,CHI,UTA,0.0,D,17.988565639762445,0.20127242932349843,2.3779787276941886,0.9145585276254364,0.052134898636785235,0.2135505259450385,0.26568542458182376,1.6045918186923855,0.8960040705929154,0.566851631016984,0.24091136288520107,0.9384955356887447,0.050799187689723246,0.19228865125965955,0.23331973166343956,1,29.4,2026-09-29
Shakir Mukhamadullin,EDM,VAN,0.0,D,17.987467981986633,0.2524888599349583,1.390811815006664,1.1858031494082792,0.06704541621250454,0.21608882200049828,0.2831342382130028,1.2103452828891044,0.904047006820493,0.4488410935455439,0.1972510690593714,0.9638048087329297,0.0648472707227532,0.19433626196963594,0.24658135650119628,1,27.8,2026-09-29
Mike Benning,FLA,SJS,0.0,D,17.98054844275206,0.87053064425867,0.6330009292476806,1.2402624047698172,0.08043873412316106,0.26939357951769344,0.3498323136408545,1.241455801784963,0.6776232309639598,0.3710326445745155,0.2768300005766941,0.780331513175243,0.07728856742292411,0.23615743630882857,0.2951937337931728,0,13.6,2026-04-15
Sean Durzi,NYR,TBL,1.0,D,17.979464640340115,0.6844951195260894,0.6017456724964609,1.3195753690192158,0.07089101025893003,0.2630079671038862,0.3338989773628162,1.3211075440951279,0.9209445776499888,0.5110259781278244,0.2715736187480418,0.7916712604782041,0.0684365825494595,0.2312642273109995,0.28387387647735285,1,29.3,2026-09-29
Tyler Bertuzzi,CHI,UTA,0.0,L,17.91409958619439,2.9817170238728137,0.11673054498486701,1.853634065014801,0.2900398578550803,0.3571150695735215,0.6471549274286018,0.40313874565456925,0.9708057243432135,0.45334121507496317,0.3211205988435997,0.7964297444656424,0.25176625600791713,0.3003080201555969,0.4764668502797893,1,29.4,2026-09-29
Alexis Lafrenire,NYR,TBL,1.0,L,17.90389584346355,2.808393387042873,0.15102717639537874,2.082037586918355,0.29637319370167314,0.3901312100649419,0.686504403766615,0.43627651544378293,1.127808709821965,0.42104615637944476,0.37883704882247704,0.7416046598879285,0.25649009697483016,0.32303195635042936,0.4966675555149688,1,29.4,2026-09-29
Jesper Bratt,NJD,PHI,1.0,L,17.903862328937716,2.2789999287374787,0.5983329477548159,2.069110097369184,0.2857174480351833,0.4595915752846918,0.7453090233198751,0.33683624692501996,1.1467383977853385,0.32305042817623514,0.30068751387313003,1.0248909586259607,0.24852508333330448,0.36845846999026166,0.5254123813643745,0,29.4,2026-04-14
Matthew Robertson,NYR,TBL,1.0,D,17.903437709259872,0.23235428390906654,1.4553528912634668,1.2291250765846562,0.06264038253149426,0.20337808040396926,0.2660184629354635,1.1102000013699977,1.3995830115111285,0.5201548751846984,0.2728763374805693,0.8014150505785795,0.060718805114207464,0.18403031904764977,0.2335750230844975,0,27.1,2026-04-15
Steven Stamkos,NSH,MIN,1.0,C,17.84541126958627,2.689615373411355,0.21250369692855853,2.5093517790592332,0.33632033082759694,0.39573327646464174,0.7320536072922387,0.53819469185946,1.1346223503020074,0.5204356571256445,0.3147288138831526,0.702694528740509,0.28560577333436765,0.3268137733958907,0.5190796462432021,0,29.4,2026-04-16
Elias Pettersson,VAN,EDM,1.0,C,17.832580899442537,2.2602172708581802,0.7362936216680852,1.7537887042747597,0.24616159983547292,0.4107965016327783,0.6569581014682513,0.9390638375610054,1.0313104964606994,0.32822739038392346,0.40145795926329,0.850180996246022,0.2182041233682166,0.33687813791260135,0.4815740625156816,1,29.4,2026-09-29
Dawson Mercer,NJD,PHI,1.0,C,17.82824271946803,1.1254191915819576,1.6610730156341778,1.792754819933787,0.2758178430922401,0.34308973441001556,0.6189075775022557,0.46459233416617346,0.786630269919933,0.33486248608841784,0.3774631004785153,0.8337821622966844,0.24104883363181984,0.2904254645490184,0.46146757869431787,0,29.4,2026-04-14
Mikael Backlund,CGY,SEA,1.0,C,17.82685145437677,1.0625557823854541,2.3120894015772895,2.0591953217863543,0.24329435932664498,0.3286955442249574,0.5719899035516024,0.4385281311667383,0.6442161404477338,0.2929868830662735,0.4520166944304608,0.9835391103865997,0.21595930988892886,0.2801378504240719,0.43559878346165026,0,29.4,2026-04-16
Brayden Point,TBL,NYR,0.0,C,17.79397421802466,2.974572998965869,0.21305554642290803,1.9723702071922316,0.27902006709626503,0.41574045094330436,0.6947605180395694,0.5199920704634395,0.5831431577616005,0.32435599975820745,0.2877978418258604,0.6089432714232189,0.2434752781916949,0.3401484879018477,0.5008060183751558,0,29.4,2026-04-13
Carter Verhaeghe,FLA,SJS,0.0,C,17.740375797301365,2.4096398558149588,0.3267235038652593,2.3357326014592497,0.2974555750967484,0.40721419456047464,0.704669769657223,0.4465945651571514,0.9193235044280059,0.3592795972327614,0.34525923606244446,0.7265904348947638,0.25729442288869075,0.3344983717946951,0.505728229155263,1,29.4,2026-09-29
Jake Walman,EDM,VAN,0.0,D,17.73005403207703,0.6060427254895134,0.8530607370848671,1.7033113957579338,0.08629864646813627,0.254382503261664,0.3406811497298003,1.5506974618848044,0.6048041693166926,0.3107063862772514,0.2364226950121449,0.874259906691686,0.08267976414027534,0.22460484585984009,0.288714334319661,1,29.4,2026-09-29
Travis Konecny,PHI,NJD,0.0,R,17.719241944946308,2.4638407770891733,0.4362778246405867,1.9984242176254374,0.2711158712534522,0.3752743883684938,0.646390259621946,0.47435229548035773,1.3838377350458826,0.5126076375247473,0.24894488492808023,0.8225428888864467,0.23747186380497343,0.3128992795226315,0.47606636823613224,1,29.4,2026-09-30
Jamie Oleksiak,VAN,EDM,1.0,D,17.71691129764762,0.18107841906956113,1.4463433150107252,1.1220126399297934,0.060583990588623675,0.21952091973923737,0.28010491032786106,1.2379654172421273,1.301061878096217,0.5127622817354875,0.2788171721422468,0.9219265956990175,0.058785287479274695,0.19709663901160468,0.24429554390538333,1,29.4,2026-09-29
Victor Hedman,TBL,NYR,0.0,D,17.658289702652034,1.3464852719229545,1.6276925412136842,1.4743012800051571,0.0744757731711616,0.29803087646188475,0.37250664963304636,1.344043216288127,0.7317574943930945,0.33840891340076196,0.23680497016008814,0.877591082681928,0.07177003814501315,0.25772157953741437,0.3109949300882342,0,29.4,2026-03-19
Trevor Zegras,PHI,NJD,0.0,C,17.656246233655196,2.5063670443739023,0.21846116411829009,1.7898154889991036,0.24297332802539684,0.39724939482985905,0.6402227228552559,0.5469149800005094,0.8922640007535477,0.5571478319914775,0.33493594094925444,0.8039717153266387,0.21570756787958068,0.32783363009016964,0.47282500295386565,1,29.4,2026-09-30
Timo Meier,NJD,PHI,1.0,R,17.65216217915822,1.3417181664287514,0.1652679080754635,2.823385670800293,0.33494150088053964,0.36228600372875563,0.6972275046092953,0.5955248315734814,1.591460022458482,0.40006771880940994,0.3796020243809385,0.9318165736444839,0.2846200657752521,0.30391674303711447,0.5020360054189426,0,29.4,2026-04-14
Blake Coleman,CGY,SEA,1.0,L,17.606037665554794,1.658044057122958,2.0290080878934833,2.5425971303784585,0.2963957421501932,0.340605320547749,0.6370010626979422,0.5809464956731653,1.752026858855674,0.5091867274516191,0.45767647890808094,0.8076388017112054,0.2565068617805918,0.2886603960644065,0.4711238855301747,0,29.4,2026-04-16
Joel Eriksson Ek,MIN,NSH,0.0,C,17.563873625632393,2.4623971481907247,1.2154543766252908,2.356238602139614,0.3082238940023146,0.4202709991878241,0.7284948931901387,0.5613519174310846,1.330909649565151,0.46092952875288984,0.30713695595390517,0.5364816398299178,0.2652492067041071,0.3431312152147117,0.5173651392877003,0,29.4,2026-04-09
Matthew Tkachuk,FLA,SJS,0.0,L,17.53917239488774,2.9018556929324033,0.4815253381816279,2.5940991575581696,0.36972596741029,0.4977435428462143,0.8674695102565043,0.3438851358116709,1.1362334899115498,0.7281109015471954,0.2765980801410076,0.7807020398942249,0.3090763597078964,0.39209918457379367,0.5799869556691873,1,29.4,2026-09-29
Jake Middleton,MIN,NSH,0.0,D,17.527842825021253,0.18619685365435631,1.8633471887182955,1.0337773431698554,0.05804428854649486,0.21650187118006395,0.2745461597265588,1.5267291770856806,0.9938553548537146,0.5144852890531754,0.19688427879636805,0.6351491112794155,0.05639184452231405,0.19466897199810274,0.24008307411818108,0,29.4,2026-04-14
Will Smith,SJS,FLA,1.0,C,17.506462358668504,2.442644621788282,0.20830518409041793,2.1658226369182154,0.28727057038407466,0.4334322656515788,0.7207028360356534,0.3665460998708826,0.674332480423935,0.3390334297632458,0.3251949295343563,1.0392089809189584,0.24969130994027733,0.3517197980344028,0.5135897308715403,0,29.2,2026-04-16
Ty Murchison,PHI,NJD,0.0,D,17.408536647040744,0.46677479750704426,1.2761368454541833,1.1350483255476556,0.05794254096886026,0.2197582231584276,0.27770076412728784,1.3007056665942496,1.1287662785061863,0.3818572717926207,0.25135756575852125,0.7302482942149071,0.05629582979370773,0.19728714811932124,0.24247653420201765,0,2.9,2025-12-13
Jordan Eberle,SEA,CGY,0.0,R,17.371652009181346,1.948620242150414,0.2129557121424811,1.9144271398904396,0.2788066462746557,0.3438101021423722,0.6226167484170279,0.5650922889175637,0.9021820452193174,0.42935169798170586,0.36168551724005693,0.614851204269463,0.2433138028335099,0.29093643508262046,0.4634613875133534,0,29.4,2026-04-16
Erik Cernak,TBL,NYR,0.0,D,17.360202769929906,0.20610666471186617,2.3999257478726985,1.0474960655235837,0.0564687752569227,0.19357664831962818,0.25004542357655085,1.338775385494817,1.405655125993853,0.6773916476060757,0.2769884841122877,0.7528762139637414,0.05490400558596642,0.175993324952461,0.22123459204214468,0,29.4,2026-04-15
Dylan Guenther,UTA,CHI,1.0,R,17.349866271564956,3.0263126027767155,0.28317910159300275,2.8207084613302,0.367748417524545,0.4472225293873828,0.8149709469119277,0.3794364492604151,1.1609132725316937,0.38370062122965737,0.29332261842971213,0.8227491939783478,0.3077086718522153,0.36059839320559406,0.5573478124124731,0,29.3,2026-04-14
Jordan Oesterle,NSH,MIN,1.0,D,17.320864897082956,0.29508893830475236,0.9397024000475754,1.2272748598675234,0.06437289048193943,0.20477255769434122,0.26914544817628067,1.413881828698591,0.878433628181926,0.3208741964075881,0.34882221983611783,0.9763766261807239,0.062344708400175475,0.18516737725219068,0.2359678795123531,0,28.8,2026-04-09
Carson Lambos,MIN,NSH,0.0,D,17.249557337194858,0.6719107051406572,1.4715052742802315,1.3367540739690196,0.06472148786651477,0.2457619344116657,0.3104834222781805,1.3115883644131165,1.0006673858405322,0.4304496088212491,0.255964470382187,0.7361911715214996,0.0626715156170804,0.21789160414044695,0.26690752268580864,0,1.0,2025-12-18
Frank Nazar,CHI,UTA,0.0,C,17.229582635812857,2.873735794472256,0.9280103254275764,1.8800547566357135,0.2572225636788315,0.3368285763533177,0.5940511400321492,0.5856335379077563,0.8249400922560921,0.363842126528821,0.3673905526049026,0.8037609819743051,0.22680389075647966,0.2859687687504593,0.4479138301194948,1,28.9,2026-09-29
Mikulas Hovorka,FLA,SJS,0.0,D,17.228608929829182,0.43526747550580563,1.324896742188473,1.2507700934249233,0.07286665525539891,0.24283712606964758,0.3157037813250465,1.1911690164238868,0.9326319114884979,0.40097047095983335,0.24973462876945887,0.7584010581655656,0.07027520432404621,0.21560073844142247,0.2707245568190825,0,3.8,2026-04-15
Max Crozier,TBL,NYR,0.0,D,17.2268222960535,0.18808424938792775,1.4625709773054345,1.3281303292119973,0.054720229364384934,0.21209509066427806,0.266815320028663,1.1118715774836148,1.1165937073616388,0.5318876775944329,0.20986287506972837,0.6816693147091614,0.0532500162501609,0.19111222376666093,0.23418551099564278,0,24.7,2026-04-15
Matt Grzelcyk,CHI,UTA,0.0,D,17.194159962462862,0.7473429147877603,0.7904641039784058,1.011430957861892,0.04504315940616913,0.1989078406599017,0.24395100006607082,1.0800368993845957,0.6712403237732916,0.43564708031076266,0.293292160881121,0.6680228543898976,0.04404377756014333,0.1803745740092607,0.2164739739542345,0,29.4,2026-03-22
Pavel Dorofeyev,NYR,TBL,1.0,R,17.15242982190631,2.98778759361332,0.1190542317402757,2.6205055912944,0.314867533386022,0.36508838779692654,0.6799559211829486,0.3747186550640961,0.7965908352550755,0.43640109748037126,0.35003604647817665,0.7596811283088136,0.2701144466666172,0.3058647049230341,0.49336067606451783,1,29.3,2026-09-29
Nick Seeler,PHI,NJD,0.0,D,17.14190207107513,0.23408690384122374,1.6161069693487011,1.1263811247903424,0.06019781150957654,0.17987768481502092,0.24007549632459746,1.7662699931135035,1.3096092588951285,0.46566526087684995,0.19102728722279871,0.7082552140239772,0.058421739855682664,0.16462761610981624,0.21343152420407008,1,29.4,2026-09-30
Anton Frondell,CHI,UTA,0.0,C,17.13084089890885,2.7952116597417778,0.3950374982756983,2.154021027478574,0.25364596017669927,0.3686311942609286,0.6222771544376279,0.7799221972258807,1.0351981791557148,0.4076970268883506,0.2959185095992511,0.6548349863579185,0.22403352354502115,0.3083195408613586,0.4632791512894264,1,10.6,2026-09-29
Mason Marchment,CBJ,BUF,1.0,L,17.122816114560223,2.680199114000826,0.1265601362946578,2.0564614684008347,0.2903303904325219,0.39627895876284963,0.6866093491953715,0.46193486611922346,1.3941546197836283,0.5532919252258632,0.4347472792294453,0.9283083609091166,0.2519836107102481,0.32718101899432195,0.49672037518252254,0,29.4,2026-04-14
Bobby McMann,SEA,CGY,0.0,C,17.013643583805777,1.2972522851419699,0.21102971746774715,2.5047751777965908,0.2671014217254113,0.2942136603965065,0.5613150821219177,0.4597378728606892,1.6223244877315033,0.36340967368668214,0.3158327345122807,0.6571802886493412,0.23440458048077129,0.25488272761737063,0.42954162925919737,0,29.3,2026-04-16
Kirill Kudryavtsev,VAN,EDM,1.0,D,17.003322757793487,0.371420809720285,0.8960208459333198,1.3195526929103696,0.06381316939513874,0.2561960281997161,0.32000919759485486,1.2409009173620007,0.8950626118694034,0.36815166257188336,0.27152517263507386,0.764293673634676,0.061819736055976904,0.2260097699911925,0.27385764172024185,0,4.7,2026-04-16
Daniil Miromanov,CGY,SEA,1.0,D,16.954178834495426,0.37747692871186556,0.7767453125588523,1.3090910251861039,0.06131591609022793,0.21581772722814554,0.2771336433183735,1.1440953985503264,0.6699062643524728,0.3288273017556798,0.27162560256313545,0.8600382366720961,0.059473934479959745,0.19411782113423526,0.24204680503866494,0,27.7,2025-10-14
Kevin Gravel,NSH,MIN,1.0,D,16.93175740087611,0.18989582243944178,1.1801813311366676,1.1898672032056898,0.05123639433976406,0.19328916519512587,0.24452555953488994,1.4724931096988947,1.033713309391913,0.33917175192591287,0.2074322910030493,0.7846478810821849,0.04994594341670633,0.17575640288499117,0.21692402694807988,0,19.0,2026-04-16
Anthony Cirelli,TBL,NYR,0.0,C,16.919209139977138,0.905470539138974,2.0886405111779274,1.6801989885653075,0.2587717930579287,0.353277951086766,0.6120497441446947,0.6406813422356917,0.8740728520372335,0.47984293599465927,0.3264267779339726,0.6175980793933917,0.2280008214852013,0.2976180615802738,0.45776172053633946,0,29.4,2026-04-13
Ryan McLeod,BUF,CBJ,0.0,C,16.91590138332549,1.6308243455253706,1.972424947814455,1.2849756673892774,0.1944760640468145,0.36177719939149794,0.5562532634383124,0.5098330213662583,0.5543362768562264,0.3477770209170674,0.38694808544995224,0.8921528498416968,0.17673411632566094,0.303562482739934,0.426646751928929,0,29.4,2026-04-13
Lawson Crouse,UTA,CHI,1.0,L,16.84421320920272,1.2082450202583792,1.9780824322934831,2.000941607078171,0.29245374984278444,0.32573270065694465,0.6181864504997291,0.4607553209147768,2.2487654309087426,0.45777533958963,0.3372793347434416,0.6823275053016662,0.2535702332683797,0.2780018487274647,0.46107908836498035,0,29.4,2026-04-16
Logan Cooley,UTA,CHI,1.0,C,16.830105511644508,2.424382024506794,0.5451917917732428,1.962686210353475,0.306387171976154,0.41727464590490454,0.7236618178810585,0.49397597511677144,1.1117806295874701,0.4126816145275878,0.43137848866333095,0.8749028412392837,0.26389843362072574,0.34116005259996673,0.5150268827255968,0,29.3,2026-04-16
Ilya Mikheyev,CHI,UTA,0.0,R,16.816704551353997,0.3837129259519613,1.838533554474955,1.578865879415121,0.2291894077254326,0.25396976626854245,0.483159173993975,0.36794877991837893,0.7988476976853159,0.35284135277479645,0.2998551649727525,0.6559889080397022,0.20482209359799008,0.2242847455413619,0.3831683679954777,0,29.4,2026-04-15
Joel Farabee,CGY,SEA,1.0,L,16.79406195214248,0.9687689296634144,1.8101165322478447,1.8524653692829838,0.24209633842863496,0.2927397337503089,0.5348360721789438,0.5162054017379386,0.8936731601993823,0.3744664899494646,0.36470112773043833,0.793733159503991,0.21501944988373334,0.2537836696486224,0.4142346944950338,0,29.4,2026-04-16
Ryan Hartman,MIN,NSH,0.0,R,16.776769336904184,1.1192366247587473,0.1484805149031545,2.2423984386010165,0.296624703882605,0.34798194201235627,0.6446066458949613,0.9054384480155092,1.048362845510509,0.627421072704455,0.2855530926530829,0.7419076702638243,0.2566770737707951,0.2938883729457068,0.4751310391335377,0,29.4,2026-04-11
Jonathan Huberdeau,CGY,SEA,1.0,L,16.756864908882797,2.2375686143402738,1.008701686086659,1.8480831816412155,0.26367252114797973,0.34645514733240473,0.6101276684803845,0.5127525023965687,0.9115189481194595,0.4386245701219589,0.2920070359671789,0.9003798685434944,0.23177492406598743,0.2928094620419419,0.45671849527735564,0,29.4,2026-02-04
Matt Savoie,EDM,VAN,0.0,C,16.70995992675941,1.5221232342511801,1.4319779524243426,2.0702625498510177,0.28638962076062124,0.368960667047338,0.6553502878079592,0.49610492092115205,0.6275769038256289,0.35962156168903375,0.37833728250032955,0.5286996334563071,0.2490300345499088,0.3085473932119003,0.48073985976996525,0,27.9,2026-04-16
Tyson Foerster,PHI,NJD,0.0,R,16.70920015703688,1.912121780942938,0.9207875351414849,1.9126655438545248,0.26422682896771765,0.286046677918623,0.5502735068863407,0.7069325328493481,1.1138720555237442,0.41255787586845977,0.3308131494384833,0.5555877168048661,0.23220063923337286,0.24877245060994235,0.42320796778803393,1,29.3,2026-09-30
Owen Tippett,PHI,NJD,0.0,R,16.667820910134367,1.9421857556673232,0.3694334245590236,2.425212402749942,0.2894042491631136,0.31965394662700014,0.6090581957901138,0.6227569296174849,1.8201870664697417,0.3547288608396619,0.35045240246467574,0.7796561524936141,0.25129052096196425,0.27359963311847335,0.4561371597390942,1,29.4,2026-09-30
Teuvo Teravainen,CHI,UTA,0.0,C,16.606121061901984,2.674969443620921,1.6229052312591468,1.3401675057283882,0.19085502791780012,0.3165240061178815,0.5073790340356816,0.5421592521814724,0.6290825670799213,0.27468628817039353,0.3009429384202249,0.6917561319016641,0.1737476370055343,0.27132248136859327,0.39792847836985634,0,29.4,2026-04-15
Matt Coronato,CGY,SEA,1.0,R,16.592294913654204,2.14364238475802,0.17473755157478,2.4045989825472547,0.27553042505711667,0.37979539082821967,0.6553258158853363,0.34842504993413986,0.8210031456444902,0.42709588755212496,0.3304179062555238,0.6913819979641073,0.24083066602767744,0.31599865215521705,0.4807271523205052,0,29.3,2026-04-16
Jonathan Marchessault,NSH,MIN,1.0,R,16.559297300579594,2.512870692276676,0.11678169982247041,2.0911324680446652,0.252121882622067,0.3568591995390179,0.6089810821610848,0.30787881980585247,1.1223248406543949,0.39876233478246026,0.29617136740897476,0.828737192261947,0.22284998878482154,0.30012896703838543,0.4560952188847027,0,29.4,2026-04-13
Joshua Mahura,SEA,CGY,0.0,D,16.553873023279042,0.2225218807662228,1.28207962431393,0.9902220930347004,0.04843336628599685,0.17920604459612186,0.2276394108821187,1.378084121675635,1.184192684986859,0.37265609956432055,0.196242340188096,0.6382548810984436,0.04727917948250382,0.16406635795836277,0.2035886146559125,0,29.3,2026-04-15
Scott Morrow,NYR,TBL,1.0,D,16.54903502528455,1.141784713744569,0.35041021353610924,1.2121492710652146,0.0552145908496489,0.24674693022428107,0.30196152107393,1.2132930104683664,0.7411016474938414,0.3522136447173634,0.29252276132311755,0.7970254890856433,0.053717937307696806,0.21866159835258747,0.2606334856283793,0,23.2,2026-02-28
Marco Rossi,VAN,EDM,1.0,C,16.539162072062258,2.240374929677637,0.2560744857758633,1.4672670471968756,0.24850846202771545,0.37743533440270827,0.6259437964304237,0.5286187488494963,1.0381525599866677,0.31362567367540967,0.35112904689781155,0.7640393112270621,0.22003673926352174,0.3143824639816982,0.4652435109890556,1,29.3,2026-09-29
William Eklund,SJS,FLA,1.0,L,16.521542487612752,1.5810740423572844,0.46466895225903104,1.9229876786565965,0.25315428993543926,0.3884944894431819,0.6416487793786212,0.5366084734170328,1.1841300372847094,0.44778169291157016,0.29514304009873465,0.6994647660944109,0.22365191011403662,0.3219230415488056,0.47357624851073143,0,29.4,2026-04-16
Ryan Greene,CHI,UTA,0.0,C,16.48325093076027,1.3355449073389263,1.5399222211973878,1.4407175980064384,0.20310113959063883,0.27573593129852314,0.47883707088916194,0.5213087996526775,0.8988039842488411,0.3115598898791317,0.28824593553555444,0.6059029040085285,0.18380431244677242,0.24098666403426217,0.3804965883893756,1,27.7,2026-09-29
Kiefer Sherwood,SJS,FLA,1.0,L,16.43359054774395,1.226425567561786,0.6351486324353254,2.158590576715332,0.26989528417844294,0.31874106188506474,0.5886363460635077,0.4180805077584042,3.4632673716624884,0.502779072804969,0.36887959272323045,0.8673667437772788,0.23654056356670938,0.27293621053890815,0.4449162890469822,0,29.4,2026-04-16
Derek Forbort,VAN,EDM,1.0,D,16.41183935950569,0.1972481449819713,1.8572325943318293,0.8701036769441287,0.04887522967748899,0.19169621647119117,0.24057144614868015,1.282787536192682,1.201441035549723,0.5428034988920583,0.2165384364196899,0.9226066461768762,0.04770005894294216,0.1744423787901126,0.2138215259826194,0,29.2,2025-10-11
Maxim Groshev,TBL,NYR,0.0,D,16.401952232963968,0.5466017105023467,0.9555692703651997,1.1892925730946466,0.05721306810987748,0.23064461632515368,0.2878576844350312,1.2501632499381232,0.9133338447469719,0.37943022553871497,0.23873686860538867,0.6354827017231962,0.05560717206661081,0.20597840178683136,0.25013169742327634,0,2.0,2026-01-26
Justin Barron,NSH,MIN,1.0,D,16.39779660594267,0.3110962149760293,0.7773986351313251,0.9960873888341231,0.05584342338652055,0.21224645262733333,0.26808987601385387,1.2509183331522924,0.9116907294702769,0.39525562998864205,0.2082628222473695,0.8500893779618877,0.05431280320265852,0.1912346493428415,0.23516096267021291,0,29.3,2026-04-16
Maveric Lamoureux,UTA,CHI,1.0,D,16.339488260558607,0.22007562143853066,0.7321401564292891,1.280324540568246,0.06181244881476165,0.2210927540454519,0.28290520286021353,1.0715665871218873,1.369090555267965,0.7238458390024766,0.268585559781684,0.8127054891080692,0.05994082052807437,0.1983576787266048,0.2464087772337622,0,14.7,2025-12-10
Elias Pettersson,VAN,EDM,1.0,D,16.321168852091766,0.22704644709915403,1.1906853065074772,0.9543625760315775,0.05483793961583263,0.18022003402583534,0.23505797364166797,1.2121422019162305,1.6603778215028329,0.4965443256396485,0.23591993988078214,0.9116957469068763,0.05336145187012009,0.16491355623769588,0.20947498131390785,1,28.4,2026-09-29
Spencer Stastney,EDM,VAN,0.0,D,16.312517230253217,0.22258597459961577,1.2737940683802016,0.9255759400130998,0.049695495702385295,0.19656979063751268,0.24626528633989797,1.0870611229469218,0.5293919008239562,0.3924092990720532,0.22180530501589946,0.7886843355203335,0.04848087794667155,0.17845600678458484,0.2182851808474825,0,28.8,2026-03-19
Ethan Del Mastro,CHI,UTA,0.0,D,16.27856941284312,0.193718304733745,0.9828968108882546,0.9863054090520732,0.04443418860940059,0.1678429050222725,0.2122770936316731,1.1659822276454335,1.1024476857215266,0.3957102996109301,0.26970959738653216,0.7670717043865201,0.04346145084570274,0.15451335404179078,0.1912594303458015,0,23.0,2026-04-15
Brady Tkachuk,FLA,SJS,0.0,L,16.25465049246723,2.799235907988954,0.1378078982875111,2.8823840757818333,0.35704052895829413,0.4400084695664658,0.79704899852476,0.4108966051084007,1.9553569841900913,0.7294828952947331,0.25074958244578244,0.5763441594219101,0.30025586274105087,0.355969033603034,0.5493431070505077,1,29.4,2026-09-29
Drew Fortescue,NYR,TBL,1.0,D,16.25112166113375,0.37683869885926397,0.5128592638434285,0.9762061348541199,0.052245944011773245,0.21304664003037332,0.26529258404214656,1.1423792039169114,0.9968711978056738,0.4743307662929311,0.23748368346532786,0.6958845346357679,0.050904586197748514,0.19188155433132348,0.2330184894068551,0,7.9,2026-04-15
Porter Martone,PHI,NJD,0.0,R,16.235252308890992,1.9387838348902557,0.2248720875965966,2.2692897659961107,0.2790623703654092,0.3343504947541339,0.6134128651195432,0.44258162756109787,1.3765564620569875,0.47200135713783314,0.2515315516214214,0.6405604262442656,0.24350728098369967,0.2841971468899015,0.45850035337111616,1,8.6,2026-09-30
Collin Graf,SJS,FLA,1.0,R,16.22797676363463,0.46759655414203366,1.7494028605353173,1.723333568348896,0.26626084736563954,0.30476278250427474,0.5710236298699143,0.47405092765644546,1.2678482419354495,0.38993290233031036,0.48404290945729633,0.672603953572059,0.2337607700538039,0.26270174630606347,0.435053153848883,0,28.9,2026-04-16
Jake DeBrusk,VAN,EDM,1.0,L,16.183298493171435,2.0805301586248874,0.43923858001322236,2.2700398675752,0.31746723093577184,0.3273810701546909,0.6448483010904628,0.4461290133011793,0.9719266397280808,0.3307739638333985,0.28450036750761454,0.6095306166142158,0.27200946404791637,0.27919098811764886,0.47525786112067536,1,29.4,2026-09-29
Gabe Perreault,NYR,TBL,1.0,R,16.13978984287906,1.3063701005351067,0.11747556242541252,1.7117244559018718,0.2537425417788736,0.2900593509302046,0.5438018927090782,0.4569917891741889,0.9275012580001661,0.4036962937215927,0.2967993879881691,0.7235061293206917,0.22410846401155737,0.25178084124234335,0.4194630876555413,1,25.0,2026-09-29
Kevin Korchinski,CHI,UTA,0.0,D,16.127439154906824,0.39675580987114734,0.38809425062100184,0.9407675731670795,0.046316459789132784,0.17051958709969312,0.2168360468888259,1.1380389722550408,0.5916640071165239,0.38728146665022306,0.22695067600812818,0.7505626244321144,0.04526022237010008,0.15677342689609275,0.19493804910315304,0,28.6,2026-04-15
David Spacek,MIN,NSH,0.0,D,16.114893087391582,0.546601710502347,0.9462444453788147,1.0649701808599146,0.06188764040663985,0.2239235984904139,0.28581123889705373,1.2555581088571597,0.9549782082257375,0.4007025052793061,0.23302904173335023,0.6472602827133274,0.06001150241686337,0.20062379441479727,0.24859556150825668,0,2.0,2026-01-20
Morgan Frost,CGY,SEA,1.0,C,16.114143553030882,2.06940030634135,0.28195646407714586,1.8777643539440874,0.26417730529715555,0.3402725178687362,0.6044498231658917,0.5239149094211566,1.0188677668286164,0.31896290701846924,0.3520893854411284,0.6635461281035239,0.2321626140492069,0.2884236209410166,0.45362505319901947,0,29.4,2026-04-16
Cale Fleury,SEA,CGY,0.0,D,16.10354135301023,0.25144944757400967,0.9737449589114402,1.1083897586517126,0.05005069317459936,0.1806963088091381,0.23074700198373746,1.5590520664169403,1.6532420100224754,0.345468128593276,0.2419424941928572,0.734945228451103,0.048818795116373215,0.16531119215324153,0.20605969404944224,0,24.2,2026-04-16
Yanni Gourde,TBL,NYR,0.0,C,16.089530135147946,0.3494383077109925,1.7895649410031111,1.4156743009094195,0.16950542442206545,0.2526680875381577,0.4221735119602232,0.4464073415998995,1.3357930134884022,0.47361128185061535,0.35323209931097366,0.6832273690176426,0.1559178241900353,0.22327435603519763,0.3443797284347936,0,29.4,2026-04-15
Liam Ohgren,VAN,EDM,1.0,L,16.07677848591864,0.6165255730713117,0.9992850018363324,1.5485940021581268,0.2049782299674974,0.2594454347165515,0.46442366468404894,0.5865153790077233,1.0960270544932964,0.287685339040211,0.39049551936186117,0.7987407680271666,0.18533494849698295,0.22852069716765333,0.37150277402457466,1,28.4,2026-09-29
Vasily Podkolzin,EDM,VAN,0.0,R,16.06505233577467,1.7308896582728697,0.2027443635791978,2.0726374347671,0.29634500737746333,0.347517435804717,0.6438624431821803,0.6465005586000454,2.191512381435455,0.5184818352061814,0.277380635433508,0.5948514555955045,0.2564691398682998,0.2935603035224108,0.47474028484684083,1,29.3,2026-09-29
Connor Mackey,NYR,TBL,1.0,D,16.061497321877834,0.19224811258427135,1.4537470754865331,1.1547283875595438,0.05448428358287889,0.18154907394008518,0.23603335752296406,1.143658717039798,1.5808450871163902,0.935647090257485,0.24692295545271095,0.7566188382967134,0.0530266082303007,0.1660226822536739,0.2102456707547653,0,20.9,2026-03-23
Matvei Gridin,CGY,SEA,1.0,R,16.05081975264616,1.9014313675121732,0.14045211341086172,2.0483180011406463,0.24472963080205445,0.34910671327000375,0.5938363440720582,0.6050961400658241,0.8412419011526976,0.29491687699868063,0.29870930459400635,0.8782057851610355,0.21708381394966425,0.29468214052134734,0.44779523150378653,0,21.2,2026-04-16
Tobias Bjornfot,FLA,SJS,0.0,D,16.04093038362281,0.18856880466872775,0.8468989433059678,0.9369291096042057,0.055777954364513056,0.19804921186856203,0.2538271662330751,1.2648743946426948,0.8982590851601684,0.3498248835370843,0.1851857396690689,0.5571282043653124,0.05425088796001609,0.17967051780218102,0.2241741206311929,0,23.6,2026-04-15
Jake Bean,CGY,SEA,1.0,D,16.004540792542365,0.23375632786638106,0.5457331790984865,1.2117247846298402,0.05314803831000625,0.1914253837733552,0.24457342208336144,1.164621536966554,0.6250105030516192,0.3071886235374701,0.3375752030006608,0.7858005569024381,0.051760373700470375,0.17421876051213747,0.2169615060628668,0,29.3,2025-12-06
Evan Rodrigues,FLA,SJS,0.0,C,16.001968009373993,1.4490609942483585,1.07817979635187,2.002912873719887,0.2177476909162015,0.32326108991250485,0.5410087808287063,0.44122507273102757,0.9040747974915687,0.4504770251882835,0.3835430675990205,0.5775831011339648,0.19567164458257957,0.27621514322862084,0.4178393164770433,0,29.4,2026-03-26
Jiri Kulich,BUF,CBJ,0.0,C,15.976534603611325,1.4260224754432125,0.2236080877699402,1.8937658618034992,0.23602098779009165,0.2976450646808447,0.5336660524709363,0.7492815138443051,0.8516534176242224,0.353616300095958,0.2606423707721017,0.6035701498538,0.2102359016442572,0.25743514452654015,0.4135489364463406,0,27.2,2025-11-01
Eetu Luostarinen,FLA,SJS,0.0,C,15.968415927251788,0.9916273318729635,1.4869926722300748,1.4641374185230276,0.20887060475657893,0.30856650165009925,0.5174371064066782,0.6414330894718665,1.2131679978086753,0.4275362167132494,0.2740376783112532,0.5449446176421313,0.18849976687962122,0.26550089482750616,0.4039538049258117,1,29.4,2026-09-29
Sean Monahan,CBJ,BUF,1.0,C,15.939085718211293,1.2464363570570236,1.5761826621515138,1.6893399782006002,0.2207662177507329,0.3017659238982109,0.5225321416489438,0.41263229066877966,0.9263662822375733,0.28238811545423503,0.38060096527459314,0.6295410707027059,0.1980958706707363,0.26048885348198836,0.4069829579221883,0,29.3,2026-04-14
Frederick Gaudreau,SEA,CGY,0.0,C,15.906957336499994,0.39921360928318306,1.6302868230985,1.273105317760373,0.16712716655167073,0.24325123917634717,0.41037840572801787,0.6701240424742261,0.8165237374418395,0.28284043295960615,0.3586240552650148,0.5000957641662357,0.15390799010761325,0.21592550120761922,0.33660083141138875,0,29.4,2026-04-16
Jared McCann,SEA,CGY,0.0,L,15.86616493974084,2.4702538049113203,0.15258270915015198,2.0910063404939088,0.26897304097503805,0.3493791856426256,0.6183522266176636,0.48245828765653465,0.9113534573071288,0.35599737489612737,0.30878559896263486,0.8183156738315192,0.23583614351700954,0.29487429397252984,0.46116842117675705,0,29.4,2026-04-11
Joel Hanley,CGY,SEA,1.0,D,15.86604094775356,0.18277494467274039,1.0391563914796138,0.9494118106328291,0.04434692711202503,0.1800004880605467,0.22434741517257173,1.2574283233450734,0.8128489030673495,0.4410554305529177,0.221639079672599,0.8112145276316236,0.04337797821768585,0.16473019625106455,0.2009625116039766,0,29.3,2026-03-26
Luke Evangelista,NSH,MIN,1.0,R,15.865843046935854,1.547050842764317,0.12201065244932979,2.1433426460735556,0.2388627168204896,0.34714409950049085,0.5860068163209804,0.3508420796654658,0.757147951680981,0.3555687524069717,0.33318745257149596,0.6510905062512157,0.2124770113882518,0.29329651469906093,0.4434547591934658,0,29.4,2026-04-16
Jack Quinn,BUF,CBJ,0.0,R,15.817700317386066,2.606736448219565,0.12434651333784527,2.4179008849974806,0.2688687720101061,0.33228912430105295,0.601157896311159,0.35597405677633365,0.9074196302239916,0.34265758043098343,0.23214211297542,0.6589371668574314,0.2357564607885101,0.28272009018077204,0.45182346311445487,0,29.4,2026-04-15
Vincent Iorio,NYR,TBL,1.0,D,15.792269707064069,0.21687445555069765,0.9352420887999279,0.943935418378442,0.04424896188617691,0.17756542537453135,0.22181438726070826,1.2790088419803058,0.8611414834529909,0.43853097241385325,0.31800480325063996,0.8631794755945982,0.04328425793468127,0.16269378352913133,0.19893596177316852,0,20.9,2026-03-25
Jeff Petry,MIN,NSH,0.0,D,15.789521406284832,0.36030336572652183,1.127328379354534,1.0081983138521702,0.04742654291022662,0.1935902631994174,0.24101680610964404,1.1047813699612252,1.0439379362450465,0.3792594078006893,0.25050253424412255,0.6814739725224835,0.04631947484436261,0.17600454362791662,0.21417158044121243,0,29.4,2026-04-14
Brad Marchand,FLA,SJS,0.0,L,15.782594271551638,3.080718212821514,0.6583614171079707,2.2007660024192797,0.31738788397592016,0.40635754072375657,0.7237454246996767,0.3575344869458169,0.841475600666865,0.5190640205103416,0.27301887425075055,0.7279607180838501,0.2719516979203348,0.33392802301069335,0.5150674280900894,0,29.4,2026-03-06
Drew O'Connor,VAN,EDM,1.0,L,15.768040355440917,0.8736106370239776,0.5465102434268095,1.9236724515199914,0.2552766605306391,0.27656135058148035,0.5318380111121195,0.403915164955067,1.2046555516190254,0.4746654890348751,0.3773537233934459,0.6991771809729417,0.22529786119471984,0.24161290978457484,0.41247589916779714,1,29.4,2026-09-29
Adam Ginning,PHI,NJD,0.0,D,15.752588859656084,0.22524770074714096,1.1995292528735289,0.9030873770720909,0.048114474313431306,0.1721172653593227,0.220231739672754,1.1858678891900822,1.1267043042122735,0.30903857821407266,0.2110968093882075,0.6692672089528725,0.04697531601350924,0.15811955603291317,0.19766715593386053,0,12.5,2025-10-25
Ryan Ufko,NSH,MIN,1.0,D,15.750199709188745,1.329604478387269,0.4397026123311431,1.10620992196113,0.06295974325384142,0.270031707320812,0.3329914505746534,1.0627643745638224,0.8232983384357235,0.39991213208732024,0.22611775617318933,0.7215235585280694,0.061018726740950435,0.23664470999794573,0.28322367784484004,0,14.2,2026-04-16
Roman Kantserov,CHI,UTA,0.0,R,15.742358424067907,1.868418968775308,0.43895122829119054,1.8221488618994892,0.23584504103050655,0.294504278870868,0.5303493199013746,0.4921183907332662,1.3912052471232301,0.4430595622049515,0.33789561255527745,0.5522095365323416,0.21009693298513077,0.25509924099937253,0.4116006058437005,1,1.0,2026-09-29
Boone Jenner,CBJ,BUF,1.0,C,15.656578440402532,0.49205539088081074,1.4112932919779015,1.8798038643005948,0.23351872312803418,0.2960294575067916,0.5295481806348258,0.7489111456589099,1.8632421084070465,0.49055829411885876,0.32142484967747775,0.6846900613441246,0.20825722829981308,0.25623448178032715,0.4111290271097303,0,29.3,2026-04-14
Zach Benson,BUF,CBJ,0.0,L,15.635245050830427,1.4175226447375624,1.1492817853081065,1.8099224932299627,0.24854072737521446,0.3281501303404126,0.5766908577156271,0.4125561374274842,0.8715319050305537,0.4589745662496444,0.3303573998686152,0.598302742025592,0.22006190464317887,0.27974512052229994,0.43824578112870594,0,29.3,2026-04-15
Yegor Sharangovich,CGY,SEA,1.0,C,15.633944469054143,1.0604527727930801,1.4379260347779421,1.730939855646489,0.21259251814247015,0.2836638879173074,0.49625640605977756,0.44163283304497947,0.662756972644041,0.2778977597463484,0.3381973355707862,0.663801199789996,0.19151448671671623,0.24698029880378047,0.3911944803659495,0,29.4,2026-04-16
Dmitri Simashev,UTA,CHI,1.0,D,15.622040389150275,0.2028257713126536,0.44880820867796045,1.0980804395684483,0.05088619072205535,0.1911789620563377,0.24206515277839305,0.9873660669125074,0.8851483036267135,0.4110046532716683,0.18735792142166033,0.8728049063846121,0.04961317278373323,0.17401524500693166,0.21499496937313245,0,18.2,2026-04-16
Josh Norris,BUF,CBJ,0.0,C,15.59305471666159,2.757809898711551,0.23573657797854647,1.6498282078378146,0.23596022516199994,0.3654879228411079,0.6014481480031079,0.6855823941898861,0.9496548572231623,0.5185748427979351,0.2573635578919311,0.4902482553559182,0.21018791204409626,0.30614198090439637,0.45198254919315395,0,29.2,2026-04-15
Abram Wiebe,CGY,SEA,1.0,D,15.581642087333734,0.41164656206445555,0.7126181007644395,1.0775141620157154,0.05668690911956756,0.21797944141934544,0.274666350538913,1.020905536246231,0.939088950622189,0.37345282637419697,0.2504889664062207,0.7015702922785558,0.05511014054247365,0.19585802648575634,0.24017440366222842,0,3.8,2026-04-16
Noah Cates,PHI,NJD,0.0,L,15.547983935439694,1.8684982262932501,1.3407366874240172,1.6495520169753173,0.2280110313885216,0.3101519971095475,0.5381630284980691,0.5007856387456966,1.2400208126798833,0.38054032403018756,0.3503667434787837,0.5033707402135307,0.2038845224721274,0.26666451712103545,0.4161802718596801,1,29.4,2026-09-30
Will Cuylle,NYR,TBL,1.0,L,15.53741556812688,1.0551779511722534,0.9660482563225996,1.8734724236788367,0.24685568234662658,0.25060888582546187,0.49746456817208845,0.5490468473158069,2.912330476589785,0.7508920078049993,0.24133188033153116,0.6732071755161988,0.21874656594175013,0.22167327334850262,0.39192957198420086,1,29.4,2026-09-29
Brayden Pachal,CGY,SEA,1.0,D,15.531972512812343,0.181606480626515,1.1328117889175604,1.0337427450469638,0.049749787359628234,0.2084399181378554,0.25818970549748366,1.1278220615865802,1.7367934121482764,0.5208568564988827,0.23374813490593557,0.8051986316803148,0.04853253609439023,0.18815018931433913,0.2275513195546649,0,29.3,2026-04-16
Ty Emberson,EDM,VAN,0.0,D,15.488457050728991,0.18641332368916505,0.8601692116751101,0.8900693430346658,0.046068047364307786,0.19274233140356334,0.23881037876787112,1.1956699599955942,1.2694638325723528,0.3686244549394912,0.19513727628429373,0.6420471935537809,0.04502302368653188,0.17530555537551773,0.21243579288999703,0,29.3,2026-04-16
Dennis Cholowski,NJD,PHI,1.0,D,15.446370892527607,0.4224108922572131,0.36839901911415596,0.9342454988804244,0.048303772636379055,0.19478526775137855,0.2430890403877576,1.0125730094181113,0.5772908280309005,0.3319382751017917,0.2731235290161985,0.8830570028073389,0.0471557049137189,0.17698863383582786,0.21579831495930224,0,25.4,2026-04-11
Jason Zucker,BUF,CBJ,0.0,L,15.434689982790504,2.9250254075780027,0.12013024139647328,1.9831112954399304,0.2811854168517929,0.3410653927123535,0.6222508095641464,0.44644030229843473,0.9417890772211499,0.38517878509920056,0.2227358056511457,0.7317530372733493,0.2451116465188593,0.28898758834395666,0.4632650112603144,0,29.4,2026-04-13
Arseny Gritsyuk,NJD,PHI,1.0,R,15.352941921672073,1.1941419769041015,0.1176311813679768,2.0938960650031957,0.23091898835475586,0.3151451040015159,0.5460640923562717,0.33724300181062067,1.094236508397924,0.4290777255674281,0.37702057262815736,0.6804507625091213,0.2061962292200371,0.2703170133343181,0.42077489371079635,0,26.4,2026-03-24
Wilmer Skoog,FLA,SJS,0.0,C,15.336508747630106,1.067534663060994,0.6638123856993182,1.6651064129887487,0.22429925349077107,0.3322520668909675,0.5565513203817385,0.6995603461236033,1.0267634417545566,0.46894228540092747,0.30186487222209046,0.5130141162784984,0.200924027687996,0.2826935091524988,0.4268176183803214,0,2.9,2026-04-15
Sean Couturier,PHI,NJD,0.0,C,15.315425910739059,0.4908872298894823,2.118065781636764,1.3704250387113073,0.19151364302070342,0.2434342613498404,0.4349479043705438,0.4686416484482575,1.262018344638249,0.3442746101208664,0.3252904939228268,0.6286673611372902,0.1742916401266117,0.21606899109525268,0.3527016123833705,1,29.3,2026-09-30
Seamus Casey,NJD,PHI,1.0,D,15.313576412386192,0.7504529157375381,0.38761323131429026,1.1678065618486755,0.0633051703073462,0.22283565414393033,0.28614082445127653,0.9143146346711206,0.8949437847240592,0.3049523122234219,0.2804813924184389,0.8613202506018273,0.061343020262366155,0.1997536443396174,0.24884317274977685,0,12.5,2025-10-30
Alex Formenton,EDM,VAN,0.0,L,15.25069175740124,1.2184189687753078,0.6806178949578571,1.8878606037328054,0.25519879085518515,0.3345581439041324,0.5897569347593176,0.449966680985197,1.3938351697302518,0.42245972520089614,0.28947934888567056,0.5184047943602222,0.2252375330417612,0.28434576731293004,0.44553796119426026,1,1.0,2026-09-29
Jason Dickinson,EDM,VAN,0.0,C,15.229454188628985,0.3704426018094239,1.6214140023266337,1.2821237998305022,0.1866228987496311,0.2685786615920064,0.4552015603416375,0.6380733435448086,1.2668447499020992,0.38832009205121837,0.2574127974362765,0.5038787227007167,0.17024342036141082,0.23553471361179157,0.3656798987140857,0,29.4,2026-04-08
Victor Mancini,VAN,EDM,1.0,D,15.202782968011782,0.2424940179271215,0.5607866946781634,0.8671977748042947,0.04477922297335375,0.19450330082741676,0.23928252380077053,1.128697223695151,1.098631545186971,0.3515797184457667,0.19324746475121404,0.7482342394144639,0.04379143258481344,0.17675653913254796,0.21280754965001347,0,25.0,2026-04-11
Radko Gudas,FLA,SJS,0.0,D,15.196438061034906,0.19484829442582946,1.3660129183834884,1.0534414052350252,0.046541829552537176,0.20137002379142496,0.24791185334396215,1.2892292574900632,1.6419291628899615,0.6609248702353688,0.17244467752456452,0.6316876178964322,0.045475367603371564,0.1823901595187173,0.21957126757073764,1,29.4,2026-09-29
Kasperi Kapanen,EDM,VAN,0.0,R,15.175278804200973,0.6625499100345009,1.1859728847159634,1.624415274617948,0.2127956913198911,0.26567117466910084,0.4784668659889919,0.41158803989353,1.4594940303993542,0.4407610363242693,0.24304389973742505,0.5453012540643052,0.19167873260160462,0.233308806458688,0.38026720273349823,1,29.4,2026-09-29
Eeli Tolvanen,NYR,TBL,1.0,R,15.164974191759937,1.1543424671658855,1.0843721517122458,1.7864107261446656,0.20426253700661554,0.24144728183683695,0.4457098188434525,0.6958862008927506,1.944989430267858,0.4555892668288779,0.3414736067906695,0.5904054778148076,0.18475168976195655,0.21450978770134,0.3596304317149953,1,29.4,2026-09-29
Zach Bogosian,MIN,NSH,0.0,D,15.149459027795645,0.19310455317654895,0.8064289469249488,0.9289427066693393,0.04538332597293978,0.18090665992481494,0.22628998589775473,1.0400080166084589,1.1114703469087388,0.4654573470794712,0.23246787883007106,0.73183923010161,0.04436890660416326,0.165486751410025,0.2025131917966505,0,29.3,2026-04-04
Evander Kane,VAN,EDM,1.0,L,15.142244848258603,1.1830356698689855,0.11887376312719386,2.079074468223404,0.24927129168582868,0.2806884024870048,0.5299596941728335,0.4094218220745705,1.375129004545621,0.5165855418273072,0.3218061387388079,0.8747493128555438,0.2206314914948886,0.2447363629104211,0.4113713056333492,0,29.3,2026-04-04
Nick DeSimone,UTA,CHI,1.0,D,15.119131360202905,0.1937109409860102,0.45560110498813394,1.0699460360010289,0.05616253938837079,0.21635921123868693,0.27252175062705775,0.9132159233073976,0.800965115352091,0.30787792928920027,0.2237369241250272,0.7685162285653026,0.05461453897298452,0.19455407532547742,0.2385431331692458,0,28.4,2026-04-16
Josh Doan,BUF,CBJ,0.0,R,15.099596615453201,2.0375156645227235,0.12454811081146515,1.8150144882400892,0.25200682531999014,0.304733076153226,0.5567399014732162,0.4340608569497805,0.9993928367587801,0.32653642577370195,0.3472039499283545,0.6011252696500698,0.22276056685699785,0.26267984353998763,0.42692569954811044,0,29.2,2026-04-15
Matvei Michkov,PHI,NJD,0.0,R,15.083120135076449,2.0235919740136845,0.11858219873452988,1.9559874528949324,0.23123681957041253,0.3302068118478039,0.5614436314182165,0.33746241625414214,0.7450480126145164,0.5307700857460496,0.2794329338708848,0.7405839520189363,0.2064484847480329,0.28122493314028085,0.429614956568136,1,29.2,2026-09-30
Vladimir Tarasenko,MIN,NSH,0.0,R,15.081273948020385,1.4698555940979703,0.1179004347917011,1.9325567117067297,0.2486631960463143,0.312062315828443,0.5607255118747573,0.4795981267835092,1.0135184120469112,0.32115058248776124,0.20761444338617432,0.7304874830246614,0.2201574167765159,0.2680640843858152,0.4292052048133881,0,29.4,2026-04-14
Gage Goncalves,TBL,NYR,0.0,C,15.072747253130617,0.9716502955829651,0.7373737620770373,1.3843690469943275,0.1791185332738649,0.2973652308426491,0.476483764116514,0.48535945225090854,1.175593593560866,0.3866477329966591,0.2901827588083789,0.6112306394399466,0.16399320109904858,0.25722732067620724,0.3790369900474331,0,29.1,2026-04-15
Noah Ostlund,BUF,CBJ,0.0,C,15.044471497932465,1.4034179820199784,0.2253274343696236,1.3028138661647235,0.1774436634533326,0.28774140924251346,0.4651850726958461,0.5439705316639384,0.5545251059939927,0.35596372629370254,0.3034881860756286,0.5765244858020587,0.16259182530839378,0.250044501272755,0.37198113471088456,0,26.6,2026-03-25
Filip Chytil,VAN,EDM,1.0,C,15.037909843484435,1.427201950419005,0.20693358804728776,2.055047382961114,0.2486980633337763,0.29222112806411543,0.5409191913978917,0.39125687268320014,0.6747951471427595,0.35353748174585087,0.3578386566434977,0.7076072390955792,0.2201846072980077,0.25339657725108833,0.4177871586964058,0,29.2,2026-02-02
Alec Regula,EDM,VAN,0.0,D,15.031451538141958,0.228739255856329,0.8541108722979309,0.9167233240198607,0.04677791281451902,0.20574449394415353,0.25252240675867255,1.3948258848470423,0.7159679839551709,0.5330230639837382,0.23101322674387198,0.7316303390445129,0.045700688293961456,0.18595895787050565,0.22316119379535715,0,20.0,2026-01-20
Mackie Samoskevich,FLA,SJS,0.0,R,15.011337356049273,1.8138590502022358,0.12546926798137695,2.0071731586416037,0.26638221325735545,0.31513247052283927,0.5815146837801948,0.4867458862668594,1.392104032954539,0.43454558881979183,0.21300337813039813,0.6096407106002246,0.2338537597182131,0.2703077948416347,0.44094906045499216,0,29.2,2026-04-15
Igor Chernyshov,SJS,FLA,1.0,L,15.00160334765813,1.1851633373620403,0.12834986409298324,1.7030304546779953,0.2635650664498287,0.3195467755072924,0.5831118419571211,0.5084571523236406,1.0328806313444734,0.4085945531027676,0.2973342699963208,0.7043707347024973,0.23169237023702194,0.27352177980605974,0.4418412405683668,0,18.2,2026-04-16
Urho Vaakanainen,NYR,TBL,1.0,D,14.93074941743115,0.19010112253599035,0.9169155877716911,0.8985296132244766,0.04221605566948653,0.18571261214004608,0.2279286678095326,0.9573313225504975,0.6552369648286961,0.4008892859370837,0.23170708521451294,0.6835139725527366,0.04133736630147333,0.16948776017625655,0.2038189488517077,0,29.3,2026-04-11
Cole Sillinger,CBJ,BUF,1.0,C,14.900237135876074,0.35928503824535407,0.6101729140266904,1.6649240132040672,0.18854598404627934,0.2708127092623704,0.45935869330864976,0.5191772055771444,1.4693372965469524,0.4319073353179621,0.3751327814735513,0.5768096799732879,0.17183757969602165,0.23724065921249704,0.36831137822395454,0,29.4,2026-04-14
Linus Karlsson,VAN,EDM,1.0,C,14.866317913905357,0.9337251905246281,0.2286481864334541,1.5598003494414456,0.22384346805505148,0.300449349308508,0.5242928173635595,0.46372183936827865,0.9956056560075457,0.32091617757536434,0.2830291093311899,0.6574743445517818,0.20055973748500477,0.25951459069359495,0.40802614999556386,1,28.6,2026-09-29
Pierre-Olivier Joseph,VAN,EDM,1.0,D,14.8662023022524,0.20253601173106792,0.6529015277824434,0.9258362254981873,0.049667550689606765,0.19642669002589253,0.2460942407154993,0.9825247827019002,0.8170564463255773,0.3951963687633192,0.34601823045448904,0.8371871613584105,0.04845428736111135,0.1783384349245809,0.2181514605123258,0,29.3,2026-04-09
Bobby Brink,MIN,NSH,0.0,R,14.81950309766269,1.617648505552033,0.12930905436936954,1.537934686653399,0.2178021948243397,0.27800811261814273,0.49581030744248245,0.5346525584306197,1.1666285515061217,0.37118354372617407,0.2587097212622763,0.6061316510886517,0.19571548242669845,0.24270932212067764,0.39092283247907067,0,29.3,2026-04-14
Marcus Johansson,MIN,NSH,0.0,L,14.812816551950243,1.232630487169808,0.4628560430941577,1.58920748010992,0.19216455774636995,0.31189162664209164,0.5040561843884616,0.36048233238978106,0.8212425053660513,0.32103871683662066,0.27850735919101094,0.5476914806003305,0.17482893097292684,0.26793914017690834,0.39592455770690116,0,29.4,2026-04-14
Emil Andrae,PHI,NJD,0.0,D,14.805287947341114,0.2837402415691312,0.509339822464235,0.7648042734865806,0.04902109882181861,0.17266400347822536,0.22168510230004396,1.1251807834749132,0.9927628912257327,0.335847725753436,0.17914536148012156,0.695460401334294,0.047838959989554564,0.158579718357584,0.19883238954547533,0,28.6,2026-04-14
Luke Schenn,VAN,EDM,1.0,D,14.754613992472061,0.17923175966291016,1.5163238007276363,0.9086468343909632,0.043753373438249366,0.17163401692096245,0.2153873903592118,1.0733107372459347,2.1376292344079753,0.5508056088980908,0.2101301183622693,0.7696445407451683,0.042810003157075394,0.15771262030547195,0.19377094568935938,1,29.4,2026-09-29
Noel Acciari,PHI,NJD,0.0,C,14.73592233209718,0.3379970482440578,2.1320060938784873,1.4433809454555355,0.19629644081992473,0.2296366787429715,0.42593311956289626,0.85882748979661,1.0456775490304049,0.30142268568596436,0.2799340255453815,0.4902659924755363,0.1782314071881681,0.20517767410295595,0.34683997571215885,1,29.4,2026-09-30
Zemgus Girgensons,TBL,NYR,0.0,C,14.697201930466537,0.3148364141894066,1.844720126199637,1.252495044713943,0.16473474778583402,0.22372507790421256,0.38845982569004656,0.5808131441445117,1.8091435667803724,0.3791669434555385,0.23154739097730417,0.5218023083636731,0.15188136039869482,0.2004650860289494,0.32189953644912594,0,29.4,2026-04-15
Tyson Jost,NSH,MIN,1.0,C,14.676378443614292,0.31814056927035034,1.88985566293749,1.7112738046833222,0.18869720960800482,0.22712600369186486,0.4158232132998697,0.5247765940091643,0.9907650349794545,0.4386224720174795,0.37442204303093973,0.5964006273870296,0.17196280955401555,0.2031796263444906,0.3402030965081725,0,29.3,2026-04-16
Ryan Donato,CHI,UTA,0.0,C,14.665289035860301,1.4494365159136662,0.1942534275281706,1.4774653043428456,0.19848477069571044,0.25734437687992023,0.45582914757563064,0.4371009493130267,0.8987256176655958,0.412987865403147,0.30509692030614594,0.5743265552245983,0.18002774174765357,0.22689807051333077,0.3660778650195694,1,29.4,2026-09-29
Andre Burakovsky,CHI,UTA,0.0,L,14.661890278070778,1.571194041933492,0.12144520146375413,1.247638164309578,0.1743010595596409,0.25193882527275,0.42623988483239095,0.4843943548712956,0.6393850453257953,0.3143305721563146,0.2993996018257045,0.6170161608899314,0.15995604367843097,0.22270771274180645,0.3470403117933857,0,29.4,2026-04-15
Luca Pinelli,CBJ,BUF,1.0,C,14.63107354686131,1.0921598046052812,0.5075054112225545,1.7141826180994766,0.20701500066007278,0.2890908470684952,0.496105847728568,0.49161329721804264,1.172271726993055,0.36767895602863837,0.3270989121737057,0.5913535869384052,0.18699254575235869,0.25105583706968226,0.39110281272239167,0,2.9,2025-12-01
A.J. Greer,FLA,SJS,0.0,L,14.623333739041474,0.576113528160916,0.9787254532933373,1.621156698041969,0.24937207304748588,0.26603045173510953,0.5154025247825954,0.45612797275878864,1.9199803522469159,0.709372533424827,0.23413738047109264,0.597411602520625,0.22071003335656414,0.23358421154491005,0.40273986577983034,0,29.4,2026-04-15
Alexander Kerfoot,UTA,CHI,1.0,C,14.5936213727734,0.8244828988727495,1.5395041277376365,1.2929115499223798,0.20767517149628634,0.289135431108846,0.4968106026051323,0.61337679906543,1.1100137271507142,0.36580695496428983,0.3278772415114136,0.7302697196694986,0.18752909243755356,0.251089227282122,0.39153178480661255,0,29.4,2026-04-16
Peyton Krebs,BUF,CBJ,0.0,C,14.566522076308171,0.43482473603835103,0.32123460261499126,1.3454533594005853,0.1755118952982985,0.28348286911897824,0.4589947644172767,0.5242240403523266,1.8353360098076854,0.45101173640828873,0.27544958384694335,0.6069412283825778,0.16097258336729825,0.2468439757442058,0.36808144664730447,0,29.4,2026-04-15
Ryan Strome,CGY,SEA,1.0,C,14.498058998841923,1.3475188465092494,0.373434172326688,1.4333639720911506,0.1993791419676096,0.306328897778007,0.5057080397456166,0.4126259790708326,0.7661768083766607,0.462284931465148,0.273276400018361,0.7353427935793766,0.18076077352904274,0.26385553664230876,0.3969215792679671,0,29.4,2026-04-16
Barrett Hayton,UTA,CHI,1.0,C,14.480048949840377,2.0340868595532626,0.291495499356337,1.8205650969723202,0.2517866649194572,0.34682250592998665,0.5986091708494439,0.41664660103495005,0.8742486173816733,0.46427594064793193,0.25337403955029913,0.578065423802233,0.2225894306740731,0.29306920685352345,0.4504245296259686,0,29.4,2026-03-24
Kaapo Kakko,SEA,CGY,0.0,R,14.470069926014784,1.321492594732598,0.11681759259638212,1.3713909711505066,0.1965701142410804,0.2956507927417591,0.4922209069828395,0.35216422196296043,0.765529022037317,0.345874160412082,0.32388657460666564,0.6059198658813569,0.17845627263910901,0.25595279065524534,0.38873268230244107,0,29.4,2026-04-16
Philipp Kurashev,SJS,FLA,1.0,C,14.4546153150094,1.397626620014898,0.6156585368691936,1.3692833640434694,0.18873030114962208,0.29524346502572413,0.4839737661753462,0.4232244610887003,0.9532605111097184,0.40911563493936226,0.28870929005414503,0.6067074997628322,0.1719902101277977,0.2556496578718398,0.38367062962316023,0,29.3,2026-04-16
Kevin Stenlund,UTA,CHI,1.0,C,14.367532662122949,0.32621073902961517,2.2567461378099885,1.1644217879867653,0.17080356570221225,0.25438105797787336,0.4251846236800856,0.5480452622409864,0.8454197822727678,0.287844352645864,0.28361431229449724,0.5664256565702362,0.15701285120263075,0.22460372519298255,0.346350905112331,0,29.4,2026-04-16
Daemon Hunt,MIN,NSH,0.0,D,14.349008874636136,0.4556023986566236,1.1958161285416207,0.933464950511557,0.04450011964768135,0.1906707123125982,0.23517083196027955,1.3151014179420624,0.8053295013151317,0.30856486265493877,0.1735290968182856,0.4990428143157105,0.04352451434646021,0.17359533176551434,0.20956419360406786,0,23.2,2026-04-14
Jesper Boqvist,FLA,SJS,0.0,C,14.326593020679315,0.6857770289433527,1.2222108544505612,1.280851872032935,0.1833359007928946,0.24763472942564613,0.43097063021854076,0.49817918619780777,1.4315783196453291,0.3047501426090498,0.27074864693712547,0.6259661729308971,0.16751152477163656,0.21935496213211936,0.35012200273078,0,29.4,2026-04-15
Zach Metsa,BUF,CBJ,0.0,D,14.31229305261169,0.28500080854440507,0.9489016677315772,0.8903551038599176,0.04625788549488368,0.1722348941246242,0.2184927796195079,1.0635881599508674,0.5144970972180448,0.29469903228263183,0.19640180371070648,0.6184200455369182,0.04520429752357069,0.15821857956594632,0.19627071734506119,0,22.7,2026-04-15
Cole O'Hara,NSH,MIN,1.0,R,14.309025090734574,1.3100856354419745,0.43895122829119054,1.819725170625381,0.22248567478622008,0.2865420865950219,0.509027761381242,0.4211383910517316,1.233399896508743,0.4025051034960157,0.3397350313725551,0.6196405037728664,0.19947352561902765,0.24914452308428425,0.39892031229501845,0,1.0,2026-04-16
Connor Zary,CGY,SEA,1.0,C,14.297130923518482,1.5356851392900737,0.20378967923598895,1.625376676926199,0.21481355137002817,0.2758241120929342,0.4906376634629624,0.34520498535905464,0.8016166651985631,0.3096723154188935,0.27501926117340897,0.5820269184895333,0.19330816725632827,0.2410535914822951,0.38776413075862515,0,29.3,2026-04-14
Ryan Johnson,BUF,CBJ,0.0,D,14.261383315169724,0.20070844579711142,0.42478043540730903,0.9744173150167081,0.045842556011555784,0.1759983154059195,0.2218408714174753,1.1193894658636132,0.5506665138718149,0.384366456166886,0.2503477989909059,0.5035979047935583,0.044807660355924095,0.16138060393084552,0.19895717699780235,0,23.6,2025-10-15
Danila Yurov,MIN,NSH,0.0,R,14.227537599625679,0.9832809900625008,0.3797252511005649,1.4181040387430686,0.2067516459348864,0.23859397843215352,0.44534562436703995,0.519004666044327,1.1008312541487988,0.43740462193794233,0.25248428342929036,0.5441266834505057,0.18677840820184055,0.21226534528938545,0.3593971701816605,0,27.0,2026-04-14
Matt Kiersted,MIN,NSH,0.0,D,14.20946377690206,0.19219677679215352,1.2148890513870552,0.9136524680857067,0.045809502275718325,0.19457889519253324,0.24038839746825158,1.027030544782826,0.7521625792477121,0.3532938861198494,0.16159049050674273,0.6561852807492446,0.044776087158852396,0.17681876934715213,0.2136776038783954,0,18.2,2026-04-14
Rory Kerins,CGY,SEA,1.0,C,14.209143392199566,1.4442803140614102,0.32880393324561924,1.3453282727242566,0.19753165043097362,0.3064806827749613,0.504012333205935,0.573649725659908,1.0278780463335773,0.3205073969178042,0.3024035414526088,0.6312001202289689,0.17924583700635688,0.2639672638479662,0.3958980677036166,0,7.9,2026-04-16
Zachary L'Heureux,NSH,MIN,1.0,L,14.122949079524767,0.6928317918032806,1.6287746364189026,1.5324908140805005,0.199230757166704,0.2095698468801491,0.4088006040468531,0.4735883843090811,2.033340164103412,0.48540059681566466,0.31370556141167516,0.6108474116963285,0.18063920186005789,0.18906700368485985,0.33555329290121205,0,27.9,2026-04-16
Colton White,NJD,PHI,1.0,D,14.10232716409424,0.1821690991890206,0.5162624733178843,0.8100095294999103,0.039755724716371614,0.17719560845822224,0.21695133317459386,0.8391437657803854,0.95833059031365,0.27320224875934807,0.21462049109602335,0.654063649137282,0.038975835067234565,0.1623840762621862,0.19503085635548056,0,26.7,2026-01-06
Michael Carcone,UTA,CHI,1.0,L,14.097459740609638,1.1905599988161937,0.11671975087975078,1.9167984925923254,0.23597788570814515,0.29235108452960273,0.5283289702377478,0.26962191016869513,1.8279451651865364,0.2973810701232436,0.28599782043292304,0.6726616724364165,0.21020186043375322,0.2534935968887284,0.41041063164842695,0,29.3,2026-04-16
Andreas Englund,NSH,MIN,1.0,D,14.09299459472222,0.1789760978246636,0.570546670905443,0.7861354897928052,0.03706420659147153,0.15781974000262697,0.1948839465940985,1.0770216598748183,1.5963182186057314,0.6448471651159823,0.21365075603734812,0.6068836960862584,0.03638573702455139,0.14599628919887497,0.17706984363807576,0,29.3,2026-02-02
Tomas Nosek,FLA,SJS,0.0,L,14.058480114670145,0.3526654366604575,1.5870558622773134,1.1445031673793056,0.18283001578937783,0.21896993939886886,0.4017999551882467,0.465594839170985,1.5549265958586558,0.3289653519080038,0.24285068672918178,0.507701927507756,0.16709027479337846,0.19665413314966373,0.33088541479581124,0,29.3,2026-04-13
Conor Garland,CBJ,BUF,1.0,R,14.046636454884114,1.1823670662549823,0.2728677451334857,1.716578236433782,0.19615991168626865,0.2564918900689332,0.4526518017552018,0.3927278694113205,0.9246205879525548,0.4136078091723037,0.3263132229568575,0.6560959891683823,0.17811920417480986,0.22623873031541375,0.3640604718929227,0,29.4,2026-04-14
Denver Barkey,PHI,NJD,0.0,C,13.97009515384314,1.1249305459508951,0.19859831230975178,1.1952385217237542,0.17282858064300902,0.26629284066050735,0.4391214213035164,0.4760244398043459,1.0386524004920437,0.3231738529169026,0.26592439795518885,0.5617931562445434,0.1587181855273485,0.2337852841792809,0.35539749359869843,0,22.7,2026-04-14
Cody Glass,NJD,PHI,1.0,C,13.945478449946917,0.5627354970020347,1.15596403840306,1.3732204585296115,0.1987291943893698,0.22774457259198921,0.426473766981359,0.483807118556748,0.8301131023988958,0.3372241743319575,0.2559920356566158,0.5351984777781562,0.18022813790393177,0.20367236223535912,0.347193009551117,0,29.4,2026-04-14
Noah Laba,NYR,TBL,1.0,C,13.922780456700888,0.5582929652227911,1.322659241045286,1.1406170677671246,0.17132840962827414,0.23617106960813464,0.4074994792364088,0.46003815307327084,1.4740247805335938,0.47104455825718305,0.30416880984346434,0.5755424786627453,0.1574551718026317,0.21035442198186716,0.33468820213190065,1,27.2,2026-09-29
Yakov Trenin,MIN,NSH,0.0,C,13.921668206426407,0.5700800290842095,1.30191059494223,1.4001838608328603,0.17475031696819396,0.2506801173150371,0.425430434283231,0.4673971524519402,3.139404665176024,0.43967159282330887,0.28308494470777773,0.6285770309149665,0.16033335488804445,0.2217287127460793,0.34651155924453736,0,29.4,2026-04-14
Berkly Catton,SEA,CGY,0.0,C,13.907767542650312,0.8821185588061916,0.1946915999075402,1.3979052846585713,0.18251018284199205,0.2400001761544534,0.42251035899644546,0.5173707872141635,0.5788879189276653,0.46710670576333824,0.2954880216603974,0.570108737050022,0.16682384021605245,0.21337227750143528,0.3446005349890531,0,26.4,2026-04-16
Michael Kesselring,BUF,CBJ,0.0,D,13.879992196733705,0.19178091469992986,0.6997554127292401,1.3161957994318503,0.04730403965114583,0.16729156240623377,0.2145956020573796,1.0289694460289598,0.7608871016392375,0.6513645594418129,0.20488608904909783,0.7055419852085937,0.046202638715652,0.15404707269400486,0.19313233016477205,0,29.3,2026-04-15
Michael McCarron,MIN,NSH,0.0,C,13.841696221680497,0.558331345462061,1.6375666850835522,1.4397028740313687,0.18624015353605772,0.22317459955400204,0.40941475309005976,0.734542174353567,1.6513026044445342,0.6068255828725951,0.2908251502031655,0.4437220489817583,0.16992577421723032,0.2000248382062405,0.33596123692859914,0,29.4,2026-04-14
Ty Dellandrea,SJS,FLA,1.0,C,13.78676498409134,0.4228462242607109,1.789562122681686,1.214373315271582,0.17255560318856974,0.22717511184606382,0.39973071503463353,0.632345773591216,1.9704694878807403,0.5209352530833532,0.2785189570985035,0.5412510853775462,0.15848850321154706,0.2032187557614743,0.32949942254787234,0,29.3,2026-04-16
Tyler Toffoli,SJS,FLA,1.0,C,13.775275931878186,2.1946480524700838,0.19461510601764961,1.8171869927650024,0.24564917625892843,0.34298322482518034,0.5886324010841087,0.40724170695523454,0.7535474180602492,0.2739399293025767,0.2809466485519154,0.651555912605973,0.2178034100702828,0.2903498840348848,0.4449140992488585,0,29.4,2026-04-15
Mathieu Olivier,CBJ,BUF,1.0,R,13.760453407190289,0.33969025242738987,0.4185172543905157,1.7524804342733233,0.23794699217057055,0.23615638719235613,0.4741033793629267,0.5254065696708877,2.6131236921049372,0.7110457451521983,0.28966285222105853,0.49052422808477414,0.21175552688504695,0.2103428279920594,0.377557098509157,0,29.4,2026-03-29
Tye Kartye,NYR,TBL,1.0,L,13.759476641531622,0.38457533297411484,1.2569878493075235,1.3195196777887306,0.17417299873075984,0.22948119379648127,0.4036541925272411,0.562858208580825,2.3148073703734324,0.5485499955287488,0.33845554470916117,0.5008593271395424,0.15984846006461162,0.20505408158800587,0.33212496248081147,1,29.3,2026-09-29
Shane Wright,SEA,CGY,0.0,C,13.667852957872327,1.445558396640796,0.20442037322922396,1.3213027383992106,0.18855043603494448,0.2547737345110669,0.44332417054601136,0.7372564051406021,0.7492746772611681,0.288355400273935,0.2324655667774387,0.6246441954077092,0.17184126665752253,0.22490814534078918,0.35810091142135636,0,29.3,2026-04-16
David Jiricek,PHI,NJD,0.0,D,13.667450676345537,0.26609484836390057,0.6251173321137259,0.8516451990204239,0.0389934376468905,0.15149858978276146,0.19049202742965196,0.9904691656254585,0.6517235020448235,0.4114045992692202,0.18947376240904476,0.709239657431119,0.03824297948516786,0.1405809057603058,0.1734476525504759,0,27.8,2026-04-14
Jack McBain,UTA,CHI,1.0,C,13.647313020682255,0.4515738058306535,0.9157695709132576,1.5281670441096828,0.21374249404830437,0.27241379927049075,0.4861562933187951,0.42847133689187655,2.8050185061191533,0.5558563029519656,0.2372640728563507,0.6351234965103775,0.1924436911934263,0.23846092843052746,0.38501431835137157,0,29.4,2026-04-02
Nick Lardis,CHI,UTA,0.0,L,13.644158340648016,1.4079650634730312,0.11937627243855095,1.5092810280472937,0.20754738583026042,0.2245240808139829,0.43207146664424334,0.41760317066888414,1.2595423717169885,0.344423040183632,0.20547092859212862,0.4994993005816165,0.18742526366773105,0.2011036616058307,0.3508370184725428,1,22.5,2026-09-29
Brady Martin,NSH,MIN,1.0,C,13.611849591748763,1.5013845401091024,0.5075054112225544,1.5258102194708736,0.19452543481163714,0.2837271419039373,0.4782525767155744,0.5051767312352523,0.9027162620360979,0.33196845519737583,0.29136334176555073,0.5920631345922409,0.17677476058866282,0.24702792879548263,0.38013438641261077,0,2.9,2025-10-21
Conor Sheary,NYR,TBL,1.0,L,13.611048618018444,0.9540364124277928,0.6538411937366441,1.3655377679097604,0.18488814281003826,0.2238767152540041,0.4087648580640424,0.4718798458673344,0.7760899226850522,0.3754570597226959,0.32635503312063313,0.567662218937784,0.1688027459585224,0.20058631619262712,0.33552954117612954,0,29.3,2026-04-15
Michael Misa,SJS,FLA,1.0,C,13.589529562044476,1.047362516001014,0.20035222274581613,1.4240160054354454,0.21146893822485016,0.28726816040902675,0.49873709863387694,0.5470198584566199,0.7250356018789487,0.35757811616515817,0.3069008197882741,0.5860628460326457,0.1906055781101954,0.24968950171287718,0.39270286800104304,0,23.2,2026-04-16
Andrew Agozzino,UTA,CHI,1.0,L,13.567601998803227,1.309226901320155,0.35153530120805526,1.7211899336649727,0.22834058886007474,0.293220019733657,0.5215606085937318,0.429707986629648,1.5365042410257734,0.32669058069769896,0.30117944715015293,0.5228924335412377,0.20414684504840908,0.25414198083982653,0.40640654230543183,0,5.5,2025-10-11
Owen Michaels,EDM,VAN,0.0,R,13.554858424067907,1.218418968775308,0.4931178949578572,1.6402681736471099,0.2289214612249052,0.29136324530747865,0.5202847065323839,0.44589997710275153,1.0761766683448728,0.3793017232812711,0.2573768739968985,0.4937324310383492,0.20460899991309434,0.25275580423390365,0.40564869182046903,1,1.0,2026-09-29
Ryan Winterton,SEA,CGY,0.0,C,13.512683130976784,0.3353628951839681,0.9029729249168004,1.6145478968759663,0.1671013472624182,0.2305408454152466,0.3976421926776648,0.5611121496921069,1.166900855832088,0.3023689658962243,0.381685016490986,0.5359360898332615,0.15388614433125558,0.20589600116777929,0.32809760374610164,0,28.0,2026-04-16
Brendan Smith,CBJ,BUF,1.0,D,13.462813477445048,0.19045606419054906,1.023372372543405,0.9432322480592163,0.04658769171243673,0.16797467993774015,0.2145623716501769,0.9425364280984706,1.075743122066126,0.5412621276991285,0.26123286834481235,0.7245058930153254,0.04551914316086203,0.15462476063263264,0.19310551717804392,0,29.3,2025-12-29
Egor Zamula,CBJ,BUF,1.0,D,13.450369114220532,0.18254340650351328,0.560990387309702,0.7673496570508752,0.03508094951487563,0.15681396143360346,0.1918949109484791,1.0663499324266492,0.5893851407549198,0.2535540592536099,0.22924010317184348,0.702889405750816,0.03447274586880511,0.14513691847279941,0.17460639623491014,0,29.3,2026-04-12
Justin Danforth,BUF,CBJ,0.0,R,13.437268743080894,0.4393849540492704,1.4951952493334975,1.3562547538442817,0.1766583242924856,0.212619213295872,0.3892775375883576,0.562474987105837,1.3589390747901995,0.3511111743337144,0.22624004653521523,0.43431673488304434,0.16193391756865305,0.19153606907344312,0.32245380062133333,0,29.1,2025-10-15
Corey Perry,TBL,NYR,0.0,R,13.379152035670991,1.6104176618010217,0.11718203388669768,1.5024295444301186,0.20349948306848584,0.24699170433468995,0.4504911874031758,0.3639735231468724,0.7394840927990336,0.5565865112875126,0.1816717731850283,0.4929428695789268,0.18412937392819728,0.2188528263599916,0.3626849663881071,0,29.4,2026-04-15
Braeden Cootes,VAN,EDM,1.0,C,13.33171314241365,1.3027388233183232,0.5075054112225544,1.3758111649573932,0.19781912964113904,0.27459193677745347,0.47241106641859254,0.46731603112434233,0.9987371894493419,0.311668255667408,0.31135982032792897,0.6150354496327569,0.17948175285279888,0.24011786007776748,0.3765028385125456,0,2.9,2025-10-13
Dominic James,TBL,NYR,0.0,C,13.328488675544468,0.5377303852356324,0.3990071072909231,1.508395262655837,0.18333773190311622,0.23581564420764284,0.4191533761107591,0.4094426954499043,1.1523380956298734,0.2950335837165278,0.32370584048572687,0.6939791758293967,0.16751304914839726,0.2100737120032803,0.34239667310808586,0,22.7,2026-02-28
Matthew Wood,NSH,MIN,1.0,R,13.322311189558103,1.1929644523798266,0.11923738352102775,1.5741035159962835,0.19863125666261702,0.24478464986305007,0.4434159065256671,0.38424682957373835,0.9678392969136094,0.3787517535201695,0.262592345112958,0.5815490627246249,0.18014784737963063,0.2171268880780991,0.3581597939622222,0,27.3,2026-04-16
Shane Lachance,NJD,PHI,1.0,L,13.317358424067907,1.218418968775308,0.43895122829119054,1.584674383428422,0.2094900272089016,0.26892862819880153,0.4784186554077031,0.37878662691339743,1.197102721995153,0.3756817097998324,0.2904958867411397,0.5172928436631811,0.18900227269632153,0.23580220412497788,0.38023732433487656,0,1.0,2025-11-15
Alex Bump,PHI,NJD,0.0,L,13.297926858363871,1.009235807368254,0.151586062734754,1.4907695305506887,0.21182868494588655,0.23704785104160137,0.4488765359874879,0.4508972911948714,1.1189292768206678,0.28884156479811973,0.2801024437939552,0.5556637742466342,0.19089670273079185,0.21104646513406533,0.36165509354777503,1,13.6,2026-09-30
Isac Lundestrm,CBJ,BUF,1.0,C,13.283048264790073,0.31710122181847294,1.4186310492693153,1.0161763804842234,0.13773563920962748,0.19775557345085845,0.3354912126604859,0.5157761982135073,0.8706778461580333,0.23456095199458907,0.25961703797227975,0.516913307740267,0.12867099347380195,0.1794296021817231,0.2850132104841936,0,29.4,2026-04-14
Max Sasson,VAN,EDM,1.0,C,13.281739620204903,0.4211443075698983,0.4847990779634716,1.1944699799566818,0.18094730442168422,0.23222425470192246,0.4131715591236067,0.5172541627806486,0.7468237132054262,0.39483929568630444,0.32462745065579407,0.6272800685278704,0.16552066909185648,0.20723167865263115,0.3384512216368756,1,28.3,2026-09-29
Oliver Bjorkstrand,NYR,TBL,1.0,R,13.264474223099171,1.765874921250101,0.11667454213737674,1.6281713638274453,0.19802297055052023,0.2532446787811993,0.4512676493317195,0.49153010448418716,1.2697886739196185,0.3624744688249313,0.25151891433936924,0.5096062400873658,0.17964899099289489,0.22372208015044737,0.3631796251814827,1,29.4,2026-09-29
Pontus Holmberg,TBL,NYR,0.0,R,13.226820930699319,0.5627788586889442,0.18538834964129097,1.4248584549748196,0.19531401231943996,0.21509266159379822,0.41040667391323815,0.43816863749387436,1.0052243843255961,0.44009221054035363,0.21429456529683946,0.5565560532947933,0.1774236816004332,0.1935332917755399,0.33661958423690597,0,29.3,2026-04-06
Pavol Regenda,SJS,FLA,1.0,L,13.212164905371845,1.093752136215894,0.2017167182369686,1.5638999138384846,0.23158304930059248,0.24549300479875552,0.477076054099348,0.45367254851850497,1.704361503287213,0.41493301051486575,0.2881740049958261,0.5219368047743739,0.20672318831702696,0.21768124374749298,0.3794046713202224,0,22.7,2026-04-16
Adam Henrique,EDM,VAN,0.0,C,13.135718309233168,0.5980341532081125,1.4477253692433123,1.340100123492256,0.17331889447777038,0.23987831410844462,0.413197208586215,0.7371440494226422,0.733194848536583,0.31150797014348364,0.2543068777329159,0.44736865826100897,0.1591305765311486,0.21327641159663535,0.3384681897899168,0,29.4,2026-04-16
Aydar Suniev,CGY,SEA,1.0,L,13.13357915583304,1.634699905650339,0.20707356454953915,1.7187605699461288,0.21229609581188053,0.27197707989175673,0.48427317570363726,0.40383028679571165,0.9761559174557952,0.33721720909443226,0.2979726574909502,0.546088955209583,0.19127479803383696,0.23812827692791816,0.38385513688622197,0,6.3,2026-04-16
Nick Foligno,MIN,NSH,0.0,L,13.083709002390323,0.8201258451687112,1.2596977799632163,1.2229060094594024,0.1662029966219992,0.22350599482513417,0.38970899144713333,0.4656314629067633,1.7114752262310178,0.5609086462283278,0.23195736050938595,0.5024236682758894,0.15312569588361546,0.2002899022689678,0.32274606748918633,0,29.4,2026-04-14
Trevor Kuntar,BUF,CBJ,0.0,C,13.059221047429086,1.1271625068398847,0.7305414099871145,1.3951378261004959,0.17494608191935465,0.2530112827673907,0.4279573646867454,0.4909689167187116,0.925624554815708,0.3166209428421888,0.27553548937775874,0.4562863910652595,0.16049771609920893,0.22354087883333684,0.34816079442498515,0,1.0,2025-12-11
Cole Reinhardt,FLA,SJS,0.0,L,13.051620973302338,0.3436969727015889,0.33285931606092745,1.3236247453014387,0.19598695862089108,0.20676175121316068,0.40274870983405175,0.4130950626211303,1.7927666431409095,0.4137943945452108,0.19888027350534368,0.4761652463288746,0.17797704507872558,0.18678662599080276,0.3315199393154602,0,27.2,2026-04-15
Marcus Foligno,MIN,NSH,0.0,L,13.031547062572827,0.4543395858518832,1.2160647967239588,1.3631035285650133,0.1831113619675959,0.2098047941624605,0.39291615613005637,0.6202566412987751,2.18462185071706,0.6763398753801613,0.2562450049919382,0.5029984103313289,0.1673245777996928,0.18925750780839135,0.324914653018623,0,29.4,2026-04-11
Oliver Moore,CHI,UTA,0.0,C,13.022377063796405,1.4052472203544693,0.3421724443085652,1.2282620045185764,0.1606265299091082,0.24673720316320547,0.40736373307231366,0.3612127570627528,0.7308964639298349,0.37657880726364396,0.24502546905511943,0.5475963759414946,0.14838993738921524,0.21865399818927045,0.3345978824772782,1,25.7,2026-09-29
Konsta Helenius,BUF,CBJ,0.0,C,13.007987662338937,0.47337940767919495,0.30680869692372487,1.4921953026368853,0.16364774171332933,0.24722578127422817,0.4108735229875575,0.48615075650614176,0.9994634948241039,0.2841829161415024,0.24984380428019665,0.5011611015793983,0.15095894904469764,0.21903565350108256,0.3369292104899382,0,7.9,2026-02-05
Riley Stillman,EDM,VAN,0.0,D,12.974669409312224,0.19637789100760114,0.5301231248193756,0.7746417465502456,0.046681024297562136,0.1794613645390768,0.22614238883663892,0.8696900897421822,1.184083766740357,0.447226226438871,0.14107506554225632,0.45673216662391225,0.04560822316958513,0.1642797612439464,0.2023954764004715,0,25.6,2026-01-08
Ben Meyers,SEA,CGY,0.0,C,12.954405940510247,0.3267666745425117,1.6794041220981384,1.2225630104801177,0.15434612591969074,0.19568380627265372,0.35002993219234446,0.3817274146561308,1.1462069702881776,0.35883623091193395,0.2989430786055132,0.4954007130242807,0.1430246517092193,0.17772780911331088,0.29533300282505626,0,28.9,2026-04-16
Vinnie Hinostroza,FLA,SJS,0.0,C,12.92957944544676,0.7576648440165298,0.19423790843787064,1.2759037189138789,0.16480301298449077,0.2524087579131294,0.4172117708976202,0.5016886057637377,0.8000947454514482,0.38092101160134584,0.2848161188953808,0.5747024053597767,0.151939255409982,0.22307290194482043,0.34111862673116256,0,29.2,2026-04-15
Samuel Honzek,CGY,SEA,1.0,L,12.927751056382796,0.46278166665991205,1.0200605537064664,1.4583222793287716,0.19011540600211244,0.22185505773622555,0.411970463738338,0.37247675035803823,1.3929050643154122,0.2973050197106359,0.25841536692081996,0.5510689448453383,0.17313629659746188,0.1989685407660169,0.3376561610758495,0,16.1,2025-11-15
Jordan Greenway,CHI,UTA,0.0,L,12.918413264564247,0.33951565790566857,1.7027845121796323,1.1322500789004613,0.1397526506289306,0.18419866076427593,0.32395131139320654,0.54617315381095,1.427491227339099,0.5099655964731843,0.24787424601236113,0.45745741299756204,0.1304267027918291,0.16822945276040158,0.27671454271621776,1,29.3,2026-09-29
Joseph Veleno,NYR,TBL,1.0,C,12.847973738713344,0.306674223280923,1.6748221918595136,1.015866914243196,0.1331193137132241,0.18632198125433247,0.3194412949675566,0.5360316058501627,2.189889733529655,0.3350927983313367,0.2717707183350387,0.4505718974725963,0.12463935665095782,0.16999369451820523,0.27344514644969453,1,29.4,2026-09-29
Daniil But,UTA,CHI,1.0,L,12.845811860515406,1.3186044857595338,0.12636943420975166,1.6190135058989246,0.21696446034546252,0.26458007256272437,0.4815445329081869,0.45131709412529747,0.9613587713974218,0.3188250915178436,0.25004580751080263,0.5895485569155284,0.1950414232536163,0.23247181154205365,0.3821716018061613,0,18.6,2026-03-26
Tyson Gross,CGY,SEA,1.0,C,12.83982790202141,0.5737732032216948,0.9828663266741304,1.3133916394128813,0.1837490054149242,0.23961808472329726,0.4233670901382215,0.5066123999718776,0.9587738211175761,0.3016217211753759,0.31275951470708696,0.5005040814266238,0.16785535858398137,0.21307165636043512,0.3451617956619528,0,5.5,2026-04-14
Kailer Yamamoto,UTA,CHI,1.0,R,12.770220394227422,0.3638007785552912,0.17157815544257732,1.4321755953108972,0.20415913337925623,0.23124048969577699,0.4353996230750332,0.3696547628216997,1.1534252827928886,0.2898136909038617,0.354548585353763,0.5220500973644471,0.18466738577088526,0.2064513971762325,0.3529939431418362,0,29.3,2026-04-16
Aatu Rty,VAN,EDM,1.0,C,12.762905908971502,0.33660719407640305,0.9586103489059558,1.2250684749088456,0.1639456165309391,0.21157400667365184,0.3755196232045909,0.3669487606752957,1.78258657109167,0.2856809322585139,0.2601177928571472,0.44751316418376186,0.1512118193291795,0.1906906154591227,0.3130677598957272,0,28.8,2026-04-16
Jeff Skinner,SJS,FLA,1.0,L,12.735161331796206,1.6248507132037093,0.11721794756361889,1.6990935237161193,0.21487582676459738,0.276747733575875,0.4916235603404724,0.38221677024162043,0.8549634608296935,0.4026011191467715,0.3051634095673811,0.619754122001958,0.19335840274427452,0.2417542470695171,0.3883674347437851,0,29.4,2026-01-11
Kent Johnson,CBJ,BUF,1.0,C,12.728973015846254,1.3849164517563934,0.1947716179212601,1.4565835335769386,0.1738451550659153,0.25471283514976306,0.42855799021567836,0.43501646646332315,0.6283944825419403,0.3480661164224077,0.22779009449533008,0.56922283632652,0.15957297654943925,0.22486094130455536,0.34855218814031796,0,29.4,2026-04-14
Luke Kunin,FLA,SJS,0.0,C,12.691769079321087,0.32389795843642555,0.8272136088725571,1.1813973246773235,0.1616505864036756,0.2168628916034892,0.37851347800716484,0.6687852580127085,1.6025623545318428,0.4561970692575426,0.2013686356060338,0.41139289488685554,0.14926158781885468,0.19495966047143432,0.3151212598076979,0,29.4,2026-04-15
Cole Smith,CHI,UTA,0.0,R,12.672563015364236,0.36030605624259243,1.285660934915651,1.1368095700051615,0.15652200188461177,0.17445075913539781,0.3309727610200096,0.3668903233516053,1.8423392547815722,0.43423006677261394,0.23688473181813718,0.39118962042955024,0.1448872965950948,0.16008178849010224,0.2817752675167583,1,29.4,2026-09-29
Jonathan Lekkerimki,VAN,EDM,1.0,R,12.657965769002928,1.5431043460435252,0.12030270311296287,1.3252530412609786,0.1952642433020087,0.23848491548606843,0.4337491587880771,0.35446993769931945,0.899182778271411,0.25506889776768793,0.2594678710057179,0.5069150250391222,0.17738274176654512,0.212179427942095,0.3519252010338142,1,21.5,2026-09-29
Robby Fabbri,MIN,NSH,0.0,C,12.628840565587332,0.5085678683682651,0.38994023766605546,1.4028040044437087,0.172819891829801,0.21675606633195799,0.389575958161759,0.4894314663425848,1.31476415403568,0.4234356517121148,0.21131097330561974,0.4147164370283201,0.15871087575505072,0.1948736572249924,0.322655964180275,0,29.2,2026-04-14
Ethan Cardwell,SJS,FLA,1.0,R,12.6230616842145,0.49484755298465155,0.5563019469988665,1.3365549045195089,0.1931835086233725,0.2176176886354549,0.41080119725882736,0.3915302783011472,1.2251845558771084,0.3870299254208204,0.3320941502512865,0.5882934486278844,0.1756693115314244,0.1955670732647985,0.3368812516775801,0,10.6,2025-12-23
Lenni Hameenaho,NJD,PHI,1.0,R,12.622543877012651,0.7649137107988409,0.12228560163029571,1.5137541479212775,0.1784234639105959,0.23201636349230154,0.4104398274028974,0.4156542120227532,0.9333918569124985,0.43857733367408586,0.25754743425098225,0.44085041552976495,0.16341191639245511,0.20706685195494,0.3366415772480855,0,20.0,2026-04-12
Hunter Haight,MIN,NSH,0.0,C,12.598855848446323,0.8735327949825273,0.3068086969237249,1.4599726785483116,0.18965390417215927,0.25189770667992173,0.441551610852081,0.4361064048595274,1.0104328582732187,0.36909756110128844,0.2369558663244986,0.46155589610779735,0.17275460941732823,0.2226757509196301,0.35696209796012734,0,7.9,2026-04-14
Jett Luchanko,PHI,NJD,0.0,C,12.590134280073675,1.225656454466548,0.37518088712715736,1.1788789805657292,0.17460161730840218,0.22848957766448286,0.40309119497288504,0.4875264636998842,0.9391938041724066,0.33196361895004295,0.24742450271800936,0.4272782856201196,0.16020848745993588,0.20426540942584803,0.3317488446012842,0,7.1,2025-10-20
Nils Hoglander,VAN,EDM,1.0,L,12.561736150570448,0.5055126039740679,0.11979030227934749,1.2581014737406835,0.17281378702820388,0.21912611605917284,0.3919399030873767,0.3171044615298808,1.194610753490093,0.2932015103807875,0.2487148065953748,0.6420738231346569,0.15870573983618452,0.19677958722746303,0.3242552770880539,0,29.3,2026-04-16
Luke Glendening,PHI,NJD,0.0,C,12.55945434753997,0.3165351260841685,1.6835633773592513,1.0577492510723108,0.14138852498940535,0.17823273722378902,0.31962126221319437,0.5861599071068585,1.1915337764635738,0.2502933164900177,0.21631459206984388,0.32855274795709,0.13184805256149168,0.16325234150193524,0.2735758907602931,0,29.4,2026-04-14
Sam Morton,CGY,SEA,1.0,C,12.556812691093374,0.7188522235730365,1.0991597928158576,1.4127716353851492,0.19630593867584847,0.24289510049563673,0.43920103917148523,0.4375531597465349,1.255284103866683,0.27321234241004916,0.3206330315645601,0.5094650422512895,0.17823921219079986,0.21564621222018676,0.35544881343293044,0,3.8,2025-11-22
Stefan Noesen,NJD,PHI,1.0,R,12.51508238364813,1.9049400238419494,0.14298656966879564,1.5096801648958817,0.2136234845875056,0.2575879457690813,0.47121143035658686,0.3496766505309079,1.0545182837488356,0.49255346112495796,0.19616665051083249,0.5703298231106095,0.19234757863351215,0.22708635116091913,0.37575442000790893,0,29.4,2026-01-08
Danton Heinen,CBJ,BUF,1.0,L,12.458882006740462,0.34569553365076827,0.23634840660085346,1.2506585954127216,0.16890661325842568,0.21810531060242228,0.38701192386084793,0.4025539787830421,1.1991467096867883,0.3574635737836512,0.27238545273545883,0.5590613555153874,0.15541222699661694,0.1959592368092764,0.3209170024128063,0,29.4,2026-04-14
Brendan Gaunce,CBJ,BUF,1.0,C,12.446108100680188,0.32563482332876414,1.4393430523776012,1.2950955751535476,0.14682020318434763,0.19895823580870803,0.34577843899305566,0.5545022169161657,1.4182697215873843,0.3473681461753559,0.32018287622180236,0.4122263383318194,0.13655079112092605,0.180415878113797,0.29233073834750756,0,26.4,2026-01-20
Trent Frederic,EDM,VAN,0.0,C,12.440077972330679,0.36072535308392845,0.1957710260465954,1.3155564255852539,0.17066924329182193,0.22241638503392835,0.3930856283257503,0.40229297564345473,1.9250261041738768,0.3979766727707511,0.20452211422937738,0.46464096520418097,0.1568996115317337,0.19941805541617863,0.32502905152070016,1,29.4,2026-09-29
Dysin Mayo,CBJ,BUF,1.0,D,12.437907074204803,0.25926642949697426,0.9567220986629357,0.9229132690850814,0.04240484525676246,0.15328797183048645,0.19569281708724892,0.9817239140806783,1.173039646368497,0.36032490314652443,0.199703376561758,0.5366094185719359,0.04151833474141009,0.14211735979741202,0.17773521842218776,0,13.6,2026-01-13
Anthony Richard,PHI,NJD,0.0,C,12.437834990702944,0.9180782960375934,0.2001344282991564,1.1899293042142778,0.1608397688879303,0.22842102066070163,0.38926078954863197,0.4949904948008276,1.0848728916181503,0.2624683307344525,0.2388723529154955,0.40530705685242063,0.14857151448897532,0.20421085437646924,0.3224424529556449,0,21.5,2026-04-14
Ty Mueller,VAN,EDM,1.0,C,12.435161271542219,0.499607186806842,0.3238075578940567,1.1202518717571381,0.17756288450014523,0.23017789175693368,0.40774077625707894,0.5724887140549779,0.9418460950299765,0.34025151392260894,0.2951942131346819,0.5236138733261494,0.1626916560365097,0.20560772590420606,0.3348487205194598,0,7.1,2026-04-16
Steven Santini,TBL,NYR,0.0,D,12.424216457384333,0.2260681196920908,0.5582070124818354,0.8513852318510506,0.03906245944195745,0.15180575650459116,0.19086821594654862,1.0476369592681904,0.822877256543212,0.2941878398851642,0.14633955265565798,0.5377490398175678,0.03830935939028557,0.14084485016661696,0.17375853357359872,0,13.1,2026-04-15
Nathan Lgar,NJD,PHI,1.0,R,12.404115154275935,0.7661493254247432,0.29451309901205935,1.381923798222278,0.19130002805242405,0.23140953259166397,0.42270956064408804,0.3920503545651395,1.4717578197508152,0.338279031784456,0.2571755435229633,0.45589976400781584,0.17411523762107228,0.2065855295926955,0.34473107863966046,0,3.8,2025-11-15
Beck Malenstyn,BUF,CBJ,0.0,L,12.30980991191626,0.3455710239024055,1.6471150490091993,1.1484985936466336,0.1484847705390017,0.17857269426968828,0.32705746480868997,0.6278087865294901,2.1343246488016643,0.37585959968053745,0.2262965017618677,0.4138874457641581,0.13798686493404644,0.1635367514177648,0.2789576927221754,0,29.4,2026-04-15
Barclay Goodrow,SJS,FLA,1.0,C,12.223755675261321,0.3676464497993452,1.6576594511219331,0.9878035352644482,0.15156218986696082,0.19728049080261484,0.3488426806695757,0.5906733582142156,1.4999038767229804,0.4446786124560483,0.25458314494119194,0.48746398057489504,0.14063556314893633,0.17903967080657623,0.2944958890256295,0,29.4,2026-04-16
Carl Grundstrom,PHI,NJD,0.0,R,12.217586275716272,0.331997876862899,0.47448057516837083,1.3680947828639582,0.1741584259815514,0.17515850663859342,0.34931693262014485,0.44387467759223737,2.069722337977675,0.363595066163031,0.21953764265378012,0.4721415393124682,0.1598362166577132,0.1606760281965477,0.2948303963997366,1,29.3,2026-09-30
Josh Samanski,EDM,VAN,0.0,C,12.195704091414498,0.33292149562742807,0.7594878864950275,1.0037424159673376,0.15584984261571339,0.21676300821025146,0.37261285082596485,0.5557268705478018,1.0228283392236368,0.2991858948054454,0.2687741362467607,0.4318515845794465,0.14431233145312106,0.19487924629467546,0.3110680993631848,0,16.6,2026-04-16
Taylor Raddysh,NYR,TBL,1.0,R,12.188026106451963,0.8453808923205813,0.6070144883155645,1.108682002166801,0.16142800923800876,0.20799966970821077,0.36942767894621953,0.5105766491097821,0.8838212296553961,0.3487320805612098,0.2556366218948994,0.4406502568029007,0.1490722117997405,0.18779269502270135,0.3088702344155736,0,29.4,2026-04-15
Nikita Grebenkin,PHI,NJD,0.0,R,12.16591817916144,0.45337267983685525,0.12477235177716138,0.9615052226521149,0.13962978963634273,0.19539838336617607,0.3350281730025188,0.3955584063882562,1.2686672534552872,0.37545232352845254,0.25164963189155887,0.49728531812909893,0.13031985959010972,0.17749308029777544,0.28468206658526296,0,25.9,2026-03-21
Adam Sykora,NYR,TBL,1.0,L,12.16056629591431,0.5324027510807865,0.19280393577568633,1.4733611618426743,0.1869498588281498,0.2025914018221507,0.3895412606503005,0.5493942026444221,1.4028169785944746,0.414241431842906,0.2777539771007765,0.45143471004562846,0.1705146732909848,0.18338816062320928,0.32263246162009296,0,9.3,2026-04-15
Cole Schwindt,FLA,SJS,0.0,R,12.124107639186747,0.6168799560285262,0.7660304572954244,1.2743330318106476,0.182718618429276,0.20752428502763703,0.39024290345691304,0.3941158942132808,1.1740358959941715,0.2679067452974388,0.21550043469010097,0.41345345022895813,0.1669974856806521,0.18740649232231454,0.32310756498490967,0,27.2,2026-04-15
Jonny Brodzinski,NYR,TBL,1.0,C,12.106055948702354,0.8642020097440841,0.19427350949703076,1.3805894018847418,0.1626092526249132,0.22022607007308534,0.3828353226979985,0.39507015865785683,1.048447109859856,0.31018969779367417,0.27813290620321834,0.42505197392830346,0.15007677119090834,0.19766260701493843,0.31807481235986734,0,29.3,2026-04-13
Garrett Wilson,PHI,NJD,0.0,L,12.090317050189952,0.846432811797185,0.3049383930535784,1.4107836017900957,0.17661972198267908,0.21610185034848667,0.3927215723311658,0.37905485392378296,1.1273200615494194,0.40204941649384157,0.2588297329627077,0.4416523490216266,0.16190156565767544,0.1943467583688011,0.3247832795660738,0,2.9,2026-04-14
Lars Eller,FLA,SJS,0.0,C,12.05095070335476,0.3371344846963488,0.930174930705377,1.1689929713875589,0.14836659185253087,0.20296980087925565,0.3513363927317865,0.45044633492824104,0.7738081535506564,0.2673404321693886,0.24996110500343185,0.459849881239479,0.1378849873342618,0.18369710731699496,0.29625302133551246,1,29.4,2026-09-29
Dylan Duke,TBL,NYR,0.0,L,11.99234446307772,0.9651103294554685,0.3049383930535784,1.413703643969353,0.1788357490112714,0.21635357621658255,0.39518932522785394,0.3698441330422029,1.0861497809619396,0.3164689171646548,0.2502165464446646,0.4267524919316394,0.16375675810329482,0.19454953660710017,0.3264474933051179,0,2.9,2026-04-07
John Beecher,CGY,SEA,1.0,C,11.960808816513179,0.3542973039487032,1.3843081541853988,1.1888048740373727,0.14215554315373613,0.19359340378278378,0.3357489469365199,0.658826921251105,0.870630536635926,0.3092549043899695,0.2825929825155461,0.517706792904447,0.13251368556564014,0.17600713145027724,0.285197463341605,0,29.3,2026-04-09
Lane Pederson,PHI,NJD,0.0,C,11.943883984870626,0.7538612725614398,0.3223628285544727,1.004952172429479,0.1484397986209088,0.2018109698138172,0.350250768434726,0.4742850276147837,1.6638635345251542,0.40712974132170315,0.23419785674484433,0.4172731837975296,0.1379480976782288,0.18275060185209946,0.2954886016552798,0,19.7,2026-01-28
Noah Gregor,FLA,SJS,0.0,L,11.932049688470704,0.568578841997872,0.5140687539162527,1.4286182537060015,0.1796416117441104,0.20084147539351613,0.3804830871376265,0.40991330188237185,1.0966916889721279,0.40728724704740044,0.2230597217508494,0.3650044139862294,0.16443038390610742,0.18195789892215664,0.31646887565374515,0,29.3,2026-04-15
Brendan Gallagher,VAN,EDM,1.0,R,11.920728128377885,1.1521681659188392,0.15854203211068732,1.5003747010354203,0.19626278217519139,0.23261738435915078,0.42888016653434213,0.33647357074963324,1.168168550519322,0.3880817253208479,0.22117701152194472,0.5114882543914694,0.17820374710555176,0.20754327813755147,0.3487620353924218,1,29.4,2026-09-29
Tyson Kozak,BUF,CBJ,0.0,C,11.893282391515145,0.361142263795642,0.969460956206526,0.9258210842461088,0.12464501513624106,0.1764237406072682,0.3010687557435093,0.6459138505462677,1.566189497349642,0.21182006969737113,0.2468034429594055,0.5048747447756098,0.11718976876249865,0.1617372978775964,0.2599731101015482,0,26.5,2026-04-15
Mikael Pyyhtia,CBJ,BUF,1.0,L,11.85494225905225,0.3363961951069689,0.8924197585164075,1.1382546932694073,0.1400111450243948,0.16674057751719012,0.3067517225415849,0.4992047307123907,0.8218965462994485,0.27063906242639285,0.2738586520377335,0.4770036966432898,0.13065145356594354,0.15358083698159608,0.26416673095601984,0,26.9,2026-01-15
Colton Dach,EDM,VAN,0.0,C,11.818445090660203,0.514218059185857,0.2523811685438556,1.1143387314152562,0.164743963433327,0.22618993652182834,0.3909338999551554,0.43863541642104803,2.2289893194069363,0.42739983800881565,0.23123705147090123,0.4334623557428712,0.15188917632509513,0.20243339974767438,0.3235751337244066,1,27.9,2026-09-29
Boris Katchouk,TBL,NYR,0.0,L,11.813242034928539,0.35782744801269595,0.5110621526849729,1.225024529609889,0.1414356283355978,0.1786635479389387,0.32009917627453655,0.3260806228965123,1.228862091269206,0.2586996006952415,0.2641615387753022,0.3593960911591792,0.13188894446013932,0.16361274372094958,0.2739229761115056,0,28.9,2025-11-16
Brendan Brisson,NYR,TBL,1.0,C,11.79404234067782,0.6428134625381157,0.21823934685923865,1.1707230941242122,0.14732889201515456,0.2170634900093729,0.36439238202452745,0.35438234535870633,0.9910661966572452,0.2798944688534326,0.29362890016431653,0.3996739329659366,0.13698990639346575,0.19512113408399978,0.30538141458391144,0,17.8,2026-03-02
Isaac Howard,EDM,VAN,0.0,L,11.77867423430728,0.753217573844059,0.12405666983637259,1.4869253572853942,0.1881365568934618,0.22645196987085708,0.4145885267643189,0.31867840263476005,0.719686790069471,0.33622705104779077,0.1765366888120267,0.4727265085902421,0.1714984380920529,0.2026423614163534,0.3393879510342165,1,19.0,2026-09-29
Justin Dowling,NYR,TBL,1.0,C,11.771656042671086,0.3183158522334664,0.36823130403590637,1.0239634994994786,0.1332539932060482,0.18720449438916337,0.32045848759521156,0.4599376081983261,1.153567158478873,0.2922585938572581,0.3293581185148979,0.5126235560413669,0.12475724183990533,0.17072586286317515,0.27418381694153293,0,25.1,2026-01-05
Jani Nyman,SEA,CGY,0.0,R,11.76185060455675,1.0127110089907632,0.11975280076033704,1.3929474294337236,0.17246698177930253,0.2111057930150212,0.3835727747943237,0.37554893324171196,0.9141998580742182,0.3205574297065616,0.18569354995599166,0.45149137021541996,0.15841392397217724,0.19031159702734357,0.31857751413700763,0,22.0,2026-04-16
Quinn Hutson,EDM,VAN,0.0,R,11.742154443404726,0.6414324320584943,0.22268979534621156,1.33032736909392,0.18652244298064502,0.22858212169341363,0.41510456467405865,0.3502037576078949,0.8530760164555078,0.34379359165832424,0.20510372444368638,0.5075542688571361,0.17016006233930503,0.20433904650343093,0.339728763951358,0,5.5,2026-01-03
Garnet Hathaway,FLA,SJS,0.0,R,11.709211932280223,0.40197653972148667,0.9761434522893002,1.001997534890117,0.14024396428989044,0.17381868751091817,0.3140626518008086,0.7082184277973295,2.348761938185695,0.5004991750425024,0.2277205509084797,0.4677875907856773,0.13085383109637594,0.15955073220659954,0.26952673873950994,1,29.4,2026-09-29
Nico Sturm,MIN,NSH,0.0,C,11.697033046894477,0.30199084801719206,1.4727117119229796,0.9769871281068625,0.14916319865149477,0.1912649788283704,0.3404281774798652,0.41845685237444286,1.0947864923367123,0.3558305188446699,0.22741016244154716,0.40088861617820293,0.13857148054595725,0.17408629049370894,0.2885343760231993,0,29.4,2026-04-14
Andrew Mangiapane,CHI,UTA,0.0,L,11.696942464877035,0.38683863673274005,0.1772521272585663,1.0738935472253648,0.14833984809508138,0.17310905616848776,0.32144890426356915,0.45716105570358834,1.1195272550189024,0.40995628459000083,0.18983304768243997,0.45115863870834,0.13786193083116216,0.15895411139907545,0.27490232151920935,1,29.4,2026-09-29
Zack Ostapchuk,SJS,FLA,1.0,C,11.690109410508086,0.3668044831661658,1.3861159840652255,1.0029115661311623,0.14408268612023176,0.1878403934578681,0.33192307957809986,0.4992166439501422,1.6697168030587202,0.5033703562642718,0.24556575792265167,0.43107767404215824,0.1341838458792849,0.17125302988440838,0.28245748559532324,0,28.9,2026-04-16
Conor Geekie,TBL,NYR,0.0,C,11.689252178012474,0.5126284939639811,0.19471835798503068,1.1160007859670433,0.1440452033985053,0.19118395878332767,0.33522916218183296,0.4812704513632948,1.4884137068065264,0.33454931024069545,0.22234610220744436,0.4754158786675859,0.13415139212508997,0.17401937221693897,0.2848258233023925,0,26.4,2026-04-13
Jakob Pelletier,TBL,NYR,0.0,L,11.680771317362748,0.6309573712432209,0.2162513737652592,1.207740416226466,0.16183348072802764,0.19949833507008155,0.3613318157981092,0.4075767684814771,1.0328233563356863,0.2756991331119983,0.20676803301665603,0.45127240852947903,0.14941716881807632,0.18085841537487968,0.3032522318107178,0,28.1,2026-04-15
Mattias Janmark,EDM,VAN,0.0,C,11.667442902985165,0.30437621909030343,1.3393316683481828,0.8177696979040602,0.13179934056064704,0.20425495020070214,0.3360542907613492,0.3659182490794585,0.5605510166464439,0.2855323608445008,0.21214663757414107,0.37410972426775196,0.12348314118410275,0.1847455046077927,0.2854156905632831,0,29.4,2026-02-25
Nick Bjugstad,NJD,PHI,1.0,C,11.657945583093323,0.330783775713571,0.49966653524808974,1.166721170967649,0.14157126374987727,0.1895582289452072,0.3311294926950845,0.429298699638116,1.345220007145653,0.3621391605655781,0.25797053202799813,0.47633567022531453,0.13200668307785446,0.17267545874052004,0.28188782726109163,0,29.4,2026-04-14
Evgenii Dadonov,NJD,PHI,1.0,L,11.643830822745713,0.7194142146194132,0.11714393440045211,1.19168816755234,0.1593088740616187,0.1939468959854806,0.3532557700470993,0.38433834218336105,0.7143014355384547,0.2592043125376921,0.18418885868145699,0.5732758341261891,0.14726706879571305,0.1762983550287227,0.2976024818458498,0,29.3,2026-04-14
Tanner Pearson,BUF,CBJ,0.0,L,11.629961458425575,0.4387606980791021,0.6385194822199501,1.245695910397641,0.15419801726553387,0.20057206054116905,0.3547700778067029,0.4309637174913007,1.1356116574630781,0.34092868593697506,0.18989487965197122,0.4479889680011023,0.1428977168438943,0.18173747653908245,0.29866532292057113,0,29.3,2026-04-15
Adam Klapka,CGY,SEA,1.0,R,11.62359220557809,0.4807096334035418,0.11737677003302083,1.3226352082575854,0.15509682675524664,0.21118457850633154,0.36628140526157815,0.5195582608536423,2.5315730593143284,0.49867751029342516,0.22959681190455347,0.547970089520504,0.1436677424046695,0.1903753862131159,0.30669232667113,0,28.8,2026-04-16
Nolan Foote,FLA,SJS,0.0,L,11.578207496623044,0.3977078678250257,0.2773631392621262,1.289285460945202,0.17061185812857513,0.19780327620685625,0.3684151343354314,0.38420366821160984,1.2852364035012784,0.33508058725600226,0.22447728321213947,0.3425842826773556,0.15685122869009271,0.17946874471757845,0.30817008028725035,0,18.6,2026-04-15
Mathieu Joseph,EDM,VAN,0.0,R,11.575698292732435,0.3432557866238474,0.4804094856656616,0.9935331892976559,0.14549257601073645,0.19954748959038257,0.345040065601119,0.5117833962544324,1.6172175824312074,0.3302683417049268,0.23064947792397647,0.39256580165630517,0.13540369119615892,0.18089867889695532,0.2918080212379578,1,29.3,2026-09-29
Sandis Vilmanis,FLA,SJS,0.0,L,11.567383667963856,0.5728031097633984,0.25643930487951266,1.2041399141630549,0.17312281089164,0.20886672231207745,0.3819895332037174,0.4201709904078626,1.3208925095077053,0.3209471491311511,0.24246909086293933,0.4557484864472935,0.15896567967287212,0.18849661626888714,0.317497803220539,1,14.7,2026-09-29
Sacha Boisvert,CHI,UTA,0.0,C,11.554578686333803,0.5317346052921698,0.34463011848943975,1.155038409714267,0.14751018903078914,0.20243954026081348,0.3499497292916026,0.41305386869289634,1.0187389320676705,0.41878796860912615,0.22532193242292667,0.44320640277043566,0.13714635336578596,0.1832641392574743,0.2952764842213781,0,6.3,2026-04-11
Dryden Hunt,CGY,SEA,1.0,L,11.553654198132026,0.370621237120942,0.1168417873092387,1.2752912491176742,0.15875548564627417,0.21358695615966414,0.37234244180593834,0.3755766083819305,1.9507424581053943,0.3465438055916041,0.33704097335620614,0.4678529797154936,0.14679504567618484,0.19231807582147487,0.31088178077309025,0,27.0,2026-01-15
Dmitri Voronkov,CBJ,BUF,1.0,L,11.543051059926617,1.1552918274422013,0.11747942402484599,1.4458440191760118,0.1931305753583095,0.22448120269862762,0.4176117780569371,0.3927998658818266,1.3480307021980504,0.44510089256171337,0.20879152054541925,0.46267966798862054,0.17562567586171307,0.2010694057020671,0.3413821312922416,0,29.3,2026-03-28
Jake Christiansen,CBJ,BUF,1.0,D,11.538565664180933,0.1787958267592996,0.4657578616052368,0.8394718178769431,0.03430484255297496,0.1435334545514744,0.17783829710444937,0.8042162427977121,0.8538188072564449,0.26761730349749385,0.155462467164277,0.4841617967145487,0.03372310258091016,0.1337081817017678,0.16292222955524227,0,29.2,2026-04-14
Adam Gaudette,SJS,FLA,1.0,R,11.51418458075448,0.5257541057528341,0.13051816342038972,1.4221580720169402,0.20068980048595664,0.19585992261996285,0.3965497231059195,0.506549014674188,0.9287847369030253,0.3341808702567171,0.2494058303216636,0.4819179680909814,0.18183381305197743,0.1778726119366173,0.3273631697226449,0,29.2,2026-04-15
Joakim Kemell,NSH,MIN,1.0,R,11.5070235157537,0.6657305158109084,0.6125474837347186,1.3456434081705455,0.1587246113051203,0.2003063263769945,0.3590309376821148,0.4006956728837303,1.1991412608501812,0.2710946866760553,0.25352111756041545,0.44727441247713196,0.1467687031286985,0.1815200073381168,0.3016472543978881,0,13.6,2026-04-16
Rodrigo Abols,PHI,NJD,0.0,C,11.49729500726859,0.34411147635648637,0.8677275838344137,1.128073595481361,0.14015302849765876,0.19180687210512953,0.3319599006027883,0.5442456922113686,1.0079019447178537,0.3695893649662348,0.25817203682239265,0.40628785424283104,0.13077479100720946,0.17453372633788666,0.2824839057595494,0,26.2,2026-01-17
Joseph LaBate,VAN,EDM,1.0,C,11.469214278609524,0.5317346052921698,0.34463011848943975,1.1700620313270536,0.16651984516499288,0.22496923010348577,0.39148907526847865,0.6928019872924012,1.2799671883562946,0.41270795736303423,0.259633919608971,0.43511154593889007,0.1533939842673373,0.20145921060119076,0.3239505638870588,0,6.3,2025-10-21
Martin Pospisil,CGY,SEA,1.0,C,11.456277737912584,0.3793228416535036,0.2443522156400058,1.2112483767443143,0.14103183946948644,0.20728833668387225,0.3483201761533587,0.33527097071186523,2.4714540747831935,0.4000942636606047,0.24286696126884658,0.4535455223783218,0.13153834010105958,0.187214739609046,0.29412716361947955,0,29.3,2026-04-11
Xavier Parent,NJD,PHI,1.0,C,11.439929504803148,0.63018049524048,0.4038308661488151,1.1186625546744662,0.1552916829541361,0.21812657009580771,0.3734182530499438,0.37875236713426164,1.0317904723086988,0.31382595982477024,0.2686505466089161,0.4317647897001945,0.14383458779741354,0.19597633012686477,0.3116227432624309,0,4.7,2025-12-19
William Stromgren,CGY,SEA,1.0,L,11.43084683547106,0.8464328117971852,0.30493839305357845,1.4294444619538602,0.18423701356104177,0.22605516823119717,0.4102921817922389,0.3252963682032197,0.9449011632166554,0.28895217209824936,0.2545897209383948,0.4482480887308179,0.16826135287542243,0.20232590581707,0.3365436280579669,0,2.9,2026-01-13
Nicolas Aube-Kubel,MIN,NSH,0.0,R,11.427151845326394,0.38959246287641935,0.13291308465648385,1.1316765375424238,0.14418842550527575,0.18175188252915583,0.3259403080344316,0.3827645772810727,1.5936452387918718,0.47160464319888673,0.2951806682459744,0.4031455582488064,0.1342753919068872,0.1661918028666669,0.27815172531192023,0,29.1,2026-04-14
Luca Del Bel Belluz,CBJ,BUF,1.0,C,11.34501123392065,0.6627532578107307,0.20700705969468078,1.153004955536503,0.14098375194569746,0.20568202343434314,0.3466657753800406,0.5203940375164695,0.6966863896692522,0.27772819320093106,0.2416003686721791,0.3946238186358543,0.13149657692619354,0.1859081027231403,0.2929584005183977,0,19.0,2026-04-02
Brett Berard,NYR,TBL,1.0,L,11.34302078118368,0.33483651513318435,0.11877400104396761,1.3698385362486825,0.15704109842665714,0.17202253376674798,0.3290636321934051,0.49986255049717215,1.3409918923077568,0.3593344563535791,0.23727478062018792,0.5155040522245448,0.14533106745256763,0.15803979958003034,0.28040277425964233,0,23.8,2026-01-29
Sam Carrick,BUF,CBJ,0.0,C,11.342166733613626,0.3027476955491789,0.8711077936415994,1.1555592184257397,0.1427485693197094,0.17202833196232384,0.31477690128203323,0.46487392733584176,1.1210077856950702,0.5158923481518876,0.2223985923860632,0.41919571787547427,0.13302797514006404,0.15804468141578654,0.27004829260545204,0,29.4,2026-03-31
Landon Slaggert,CHI,UTA,0.0,L,11.330701928220783,0.3274643520851422,1.1162245763384488,1.0128423660204133,0.13130807900805808,0.15217936865422327,0.28348744766228134,0.4214929829550184,1.168714276399707,0.2852157758732034,0.19120141085757794,0.335529774273886,0.12305243636547358,0.1411657810134488,0.24684742409378257,0,28.5,2026-04-15
Brennan Othmann,CGY,SEA,1.0,L,11.31287414758584,0.5898627768357908,0.15290628373025422,1.2482671417105657,0.16326782054715522,0.19392482261762187,0.35719264316477706,0.3620474184355027,1.6151101449069196,0.3147969320220636,0.2111688145759342,0.40659776919475293,0.15063631909539643,0.1762801729586384,0.3003622956700457,0,23.0,2026-03-30
Jaroslav Chmelar,NYR,TBL,1.0,R,11.264582272418602,0.4265363278412736,0.12734763778404484,1.1970669837463708,0.1568576677594237,0.18756356282223702,0.34442123058166074,0.4882270955065064,1.5787089527104583,0.3989742872021777,0.2957179918960761,0.3757958369820794,0.14517428058068615,0.17102357557536818,0.29136963160956364,0,18.2,2026-04-15
Miles Wood,CBJ,BUF,1.0,L,11.248311137571948,0.33431002799799664,0.29992923783695496,1.3694645200227789,0.15808310499512096,0.17868897212115728,0.3367720771162782,0.36203885289190285,1.204289558587759,0.41932429324236775,0.20638702939553843,0.5129464852050533,0.14622117426503323,0.16363400791264504,0.2859284253909975,0,29.3,2026-04-14
David Tomasek,EDM,VAN,0.0,R,11.191217565418627,1.1766008370450913,0.14223517465532967,1.4031364851839783,0.19128522198691214,0.22688944496568988,0.418174666952602,0.34679336142538614,0.8840372060563343,0.3503736818396983,0.19140286137220483,0.44225182455971296,0.1741030094266497,0.20299110923510388,0.3417527556570682,0,15.7,2025-12-13
Nils Aman,VAN,EDM,1.0,C,11.17610887387571,0.3065929337200013,0.43440069015693816,0.8549007161981234,0.1378413402096871,0.20171496124778177,0.33955630145746885,0.36587326025449507,0.938255281258314,0.23812542095202394,0.2456837365764129,0.3487443314676066,0.12876308895379474,0.18267213514261216,0.28791379570965914,0,29.1,2025-10-23
Oscar Fisker Molgaard,SEA,CGY,0.0,C,11.132902166949233,0.4134258361363497,0.30889099295869976,1.0148867368175125,0.1342991864072334,0.19750414231996677,0.3318033287272002,0.5224360529926707,0.8347538863846611,0.28331156404978874,0.2278926145424881,0.45872001799433876,0.1256715617164258,0.17922325929919836,0.28237155412358594,0,10.6,2026-04-13
Mitchell Chaffee,TBL,NYR,0.0,R,11.103139594952799,0.9137842457519616,0.16455771046444634,1.1437989758976272,0.14920633920542212,0.1845942908912295,0.3338006300966516,0.3893648191667034,1.6040242837004346,0.2959396391927069,0.166031912851596,0.41631030103405037,0.1386086422478613,0.16855846116049322,0.28380344396750967,0,28.6,2026-04-15
Justin Kirkland,CGY,SEA,1.0,C,11.033865381732575,0.32332165412566527,1.1948527637656148,0.9514173605832291,0.1333083242174901,0.19176255687063934,0.3250708810881294,0.4647030109084354,1.2489606704919227,0.2563703685058448,0.247058091860323,0.5201437530314655,0.12480479337244021,0.17449714479585177,0.277523858067965,0,24.2,2026-01-29
Patrick Giles,SJS,FLA,1.0,R,10.991864489200559,0.38590705164834466,0.502488138445306,1.2114426530250322,0.15861541316840314,0.19007395588148146,0.34868936904988457,0.412461619196589,1.0856334861382158,0.28130383698740186,0.22731558309439953,0.4580935032763486,0.14667552677364182,0.17310202228687832,0.29438771875600944,0,14.7,2025-11-02
Jack Devine,FLA,SJS,0.0,R,10.985628390597553,0.6734356290867842,0.22268979534621156,1.3213007403552808,0.1699343813345618,0.2038556765320809,0.37379005786664266,0.31490049236028655,0.8744062974059751,0.3358505479099373,0.20442053679172822,0.39081019104120895,0.15627982142790453,0.18441992996219125,0.3118786376678577,0,5.5,2025-12-02
Zachary Aston-Reese,CBJ,BUF,1.0,L,10.934014349720234,0.36693831610144306,0.5015609389920124,1.0806291030491906,0.14502384392379186,0.17809630540723903,0.3231201493310309,0.4797192630459773,1.9582471103539087,0.36045244281891253,0.21150373292829358,0.4278768641670168,0.13499833216899915,0.16313817471107817,0.27611312538098687,0,29.3,2026-04-04
Ozzy Wiesblatt,NSH,MIN,1.0,C,10.885496182279363,0.3094744369408484,0.7675354207239865,0.9244963360410096,0.12144204878588595,0.17552242728375556,0.2969644760696415,0.4273131313345963,1.5375224303262285,0.4537312860060503,0.24393938689526676,0.4026378896861154,0.11435762408729444,0.1609814199453149,0.2569295913254641,0,23.2,2026-04-16
Juho Lammikko,NJD,PHI,1.0,C,10.855469693024064,0.34976676711631277,0.23222387874351705,0.9096543565222809,0.13417563870397445,0.18856771595795122,0.32274335466192566,0.43197546467960224,1.265929510228158,0.26781492743781793,0.2111021461934354,0.3580758174285338,0.12556353377281704,0.17185557705303045,0.27584031727250236,0,16.6,2026-02-03
Josh Dunne,BUF,CBJ,0.0,C,10.825003872405295,0.342984417718603,0.29091575505761547,1.0561480431979724,0.13218512824487694,0.1715222551128336,0.3037073833577105,0.5022296014400496,1.036761586449245,0.44942889755857024,0.21353306252586335,0.40123921887815145,0.12382122537470219,0.1576184794843769,0.2619231915876262,0,23.0,2026-04-15
Kevin Rooney,UTA,CHI,1.0,C,10.708611118089342,0.3507170744999866,1.403481926748152,1.0602170414365055,0.1430619943834599,0.18003193140525958,0.3230939257887195,0.3968430595520459,1.2846047513411012,0.2118703937637237,0.24950983355265366,0.45289282147055965,0.13329966332305854,0.16475645951452744,0.2760941422540003,0,28.9,2025-11-28
Paul Cotter,VAN,EDM,1.0,L,10.69283037163662,0.37940418067266846,0.25403542787584504,1.017867032275405,0.16599644021337054,0.16857496920156753,0.33457140941493807,0.3008222171452387,1.5576322432348229,0.2523515471531686,0.19888883723574824,0.3972651118063475,0.1529507505013744,0.15513207802890305,0.2843552607689189,1,29.4,2026-09-29
Mackenzie MacEachern,VAN,EDM,1.0,L,10.673047813702329,0.4064151994343584,0.1679952257978438,1.1008052798758599,0.15488158978372535,0.2024073937613279,0.35728898354505323,0.4018208302345758,1.0538861089137086,0.27675097160737716,0.25558523258650306,0.4254877749836731,0.14348340820587302,0.18323788363653626,0.3004296957858078,0,12.5,2025-11-23
Jacob Gaucher,PHI,NJD,0.0,C,10.643527586850853,0.508151868776717,0.4745835726925815,1.0990954290496466,0.13816315852503355,0.18331177315839542,0.321474931683429,0.42544804065632336,0.8386280325406841,0.23742308315073776,0.22559636728346494,0.39363162961330944,0.1290434238379058,0.16749143855166593,0.2749211936953285,0,7.1,2026-04-14
Connor Clattenburg,EDM,VAN,0.0,C,10.636129845792496,0.6603734838559728,0.4314700157321318,1.1374604377579507,0.17117434945904703,0.22670810656024298,0.39788245601929,0.42691966209625115,1.140149251611887,0.4608525641336211,0.20272608482990037,0.4189582582452246,0.15732535920459956,0.20284656780866572,0.32825901786934675,0,4.7,2025-12-04
Liam O'Brien,UTA,CHI,1.0,C,10.628070104447945,0.31076013058508606,0.19433673360964474,1.1940000400476825,0.1560215071440699,0.18092580682334247,0.3369473139674124,0.3736922794023462,2.337369741897875,0.4100056092914313,0.18337762219419337,0.38617277120611154,0.14445921006587803,0.16550272959754875,0.2860535460820183,0,29.3,2026-04-16
Ryan Lomberg,CGY,SEA,1.0,L,10.619274501350414,0.3359120709928083,0.13612440828549136,1.2197584030991078,0.14684866353181755,0.17966954686008701,0.32651821039190454,0.3133995461986035,1.5227242158136882,0.38700882437229656,0.18795665325438415,0.39356460225500195,0.1365753648357435,0.16445372531421554,0.27856876261657293,0,29.4,2026-03-24
Dominic Toninato,CHI,UTA,0.0,C,10.589518051473785,0.3269812169210582,0.2684291633295834,0.9990739078928191,0.12575606433161254,0.17373967162755316,0.2994957359591657,0.4412188827803943,1.1526631970203591,0.3469215878546331,0.23114155448073415,0.3520469620740865,0.11817006967746668,0.15948432074153562,0.25880811712451157,0,20.0,2026-04-13
Angus Crookshank,NJD,PHI,1.0,C,10.567213632898929,0.3713809800285364,0.20765526378558347,1.1099865800954745,0.13687520902599382,0.18001339491522028,0.3168886039412141,0.48575178369386063,1.0203143838069624,0.28905011839334654,0.19699940996163595,0.42220089012611434,0.1279209530642813,0.1647409768874626,0.27158810717955895,0,18.6,2025-12-19
Arshdeep Bains,VAN,EDM,1.0,L,10.464603363554122,0.4586723420237199,0.2889203948845921,0.9757951382786428,0.14911203931699593,0.18187487488848617,0.3309869142054821,0.31884221490210035,0.9029129425600696,0.3176432130166021,0.24156903196112395,0.44062543213113753,0.13852740930886565,0.16629434859776127,0.28178543261267364,1,24.2,2026-09-29
Adam Edstrom,NYR,TBL,1.0,C,10.362244197184543,0.3121925371386341,0.26283142414908667,1.0243307582596168,0.13953698805256204,0.16117590163579912,0.3007128896883612,0.5580176059373201,1.4518099049648692,0.2530776231371569,0.21967392883408257,0.4539692658879712,0.13023914815068027,0.1488576593913935,0.25970971278723465,0,28.3,2026-03-23
John Hayden,SEA,CGY,0.0,C,10.356751123056785,0.33332576691155735,0.4583792723294922,1.1705782798929552,0.13861604975662659,0.17221121773420625,0.31082726749083284,0.6187639112721752,1.2508329414304884,0.3818028856162008,0.23419350359956465,0.3657492596402563,0.1294377831266753,0.15819864898444835,0.26715954969294164,0,19.7,2025-10-21
Brandon Tanev,UTA,CHI,1.0,L,10.352927876513759,0.32712040886890853,0.15032657807301794,1.1233650917971587,0.14816319386518423,0.1802862976061922,0.3284494914713764,0.4711284866737511,1.9786996571494035,0.4362144681435196,0.21459729170407058,0.519404618809338,0.13770961704144657,0.16496889022203287,0.27996070456725086,0,29.4,2026-04-16
Ben Jones,MIN,NSH,0.0,C,10.347480136226636,0.3547473620343077,0.5071488384581558,1.1129424988058392,0.12641494160296743,0.17356573139784864,0.2999806730008161,0.4182353551475161,1.357952990711302,0.24089042235787478,0.16690548720250156,0.3674643281358563,0.1187508960081104,0.15933810853549146,0.2591674613867747,0,24.8,2026-04-14
Marc McLaughlin,NJD,PHI,1.0,C,10.312290275269,0.37984122789753577,0.2579884802572547,0.9269846706892063,0.13680994748333705,0.1778989401145412,0.31470888759787824,0.37206479791207975,1.1320086431732304,0.23087679155647786,0.21875707674779335,0.38935781125767915,0.1278640379831969,0.162972990931746,0.269998644212211,0,16.6,2026-04-14
Jacob Melanson,SEA,CGY,0.0,R,10.310377030450827,0.34392660644498146,0.12058695499926282,1.1883410789258528,0.1470388832345813,0.16256558649104288,0.30960446972562417,0.3890881002240299,2.6520768145293787,0.45552160733019165,0.1984667036568023,0.4019665307199467,0.1367395895933159,0.1500396575191203,0.26626288592055003,0,21.2,2026-04-13
Juuso Parssinen,NYR,TBL,1.0,C,10.300191377282955,0.3355633209577482,0.23337092656295536,0.9217661487382324,0.12480940074065167,0.16328934164260603,0.2880987423832577,0.464601564923469,1.2932371743168545,0.4101831528241946,0.22767995358661774,0.4093716641078609,0.11733487812866827,0.15065459813555238,0.2503124373524622,0,29.2,2026-03-23
Curtis Lazar,EDM,VAN,0.0,C,10.241983771860399,0.31687027438737325,0.432094169216978,0.9482017794914724,0.13869549435940234,0.18009887541812666,0.318794369777529,0.4126292066968201,1.4493553734100864,0.2729699195797901,0.1610253188238835,0.33330045735034763,0.12950694184900635,0.16481237219731837,0.27297496774416985,0,29.3,2026-04-16
Max Jones,EDM,VAN,0.0,L,10.214809575620778,0.33326509484302175,0.1257652317625293,1.1745184567260594,0.1562181714963383,0.18030505350942103,0.3365232250057593,0.2721728367827674,1.727988599339701,0.37958964615860047,0.19756116325652892,0.3370467133558265,0.1446274478974353,0.16498455183784655,0.28575070506047195,1,29.3,2026-09-29
Reid Schaefer,NSH,MIN,1.0,L,10.183334081372442,0.33153865021465967,0.1630759506524971,1.117286888280795,0.1346253141152557,0.1527227256982637,0.2873480398135194,0.4195797967968644,1.4456352674691146,0.3102130500569114,0.18828595768149742,0.42878976253697737,0.1259566579546436,0.14163230787919068,0.24974943367496838,0,23.6,2026-04-16
Maxim Tsyplakov,NJD,PHI,1.0,R,10.080125137149054,0.3792747395511041,0.11754661665805034,1.1008281097726778,0.13656526933956453,0.16915707552524262,0.30572234486480715,0.2697437428476487,1.310533648420515,0.24631417444208026,0.23269539538549497,0.505771454221971,0.12765061926651033,0.15562373787591643,0.26340889062999695,0,29.0,2026-04-14
Sam Lafferty,CHI,UTA,0.0,C,10.019227448896354,0.3049643431674301,0.20682614446993441,0.7818910732871696,0.1055156835795648,0.14068551466434948,0.2462011982439143,0.3343361637881555,1.106323543320047,0.24862606444719865,0.17697108816736817,0.3962073197341779,0.1001396402954372,0.13123751819788942,0.21823508062772412,0,29.3,2026-04-15
Roby Jarventie,EDM,VAN,0.0,L,9.96133563217405,0.48820281097627055,0.17588139139744877,1.151807068881535,0.16051376680164303,0.19710287399207468,0.3576166407937177,0.47754168118793655,0.8225713931077782,0.31065685377918406,0.18255022441422128,0.3515781974232258,0.14829390177767143,0.1788938415008402,0.3006588775183556,0,8.6,2026-03-26
Matt Rempe,NYR,TBL,1.0,C,9.952062297212644,0.3843495215055279,0.194743249295418,0.9069984659016698,0.12765079128773665,0.15804557839078764,0.2856963696785243,0.3598726191736148,2.163748924816458,0.49624023951328905,0.19498939572107557,0.3282818393712065,0.1198393147359803,0.14618913424367885,0.24850924331005053,1,27.9,2026-09-29
Jonah Gadjovich,FLA,SJS,0.0,L,9.888751496747698,0.37104881174110016,0.19965832627994756,1.1894159376417315,0.14297142278102937,0.1747216296089826,0.317693052390012,0.42996693859718377,1.7809566280783116,0.5780640097010579,0.18752083361824728,0.2964015676480916,0.13322116132976658,0.16030926672386703,0.2721738413687568,0,29.0,2025-10-25
Brian Halonen,NJD,PHI,1.0,L,9.767084785020614,0.4533166753119384,0.13796924795800714,1.002504033712898,0.13692594011879902,0.16759596409336147,0.3045219042121605,0.2617703974939083,1.2159432349380181,0.33649241261884577,0.2346875441800177,0.40798949574915483,0.12796519346515345,0.15430454300312113,0.26252412577032813,0,14.2,2026-04-12
Scott Sabourin,TBL,NYR,0.0,R,9.653379746220256,0.34821981233684657,0.12501979475938452,0.9021055914314131,0.1243369434270929,0.1642334288789035,0.28857037230599636,0.3768225327416548,1.5052353441119657,0.6189153110096295,0.15912890615578681,0.35885657479371225,0.11691775800845017,0.15145607589666854,0.25066592907452256,0,19.0,2026-04-15
Tyler Pitlick,MIN,NSH,0.0,C,9.541202621238007,0.32409500621782045,0.20765230090197034,1.0083187352034275,0.11983825281174589,0.15225474597587224,0.2720929987876181,0.48410747267804655,1.5101285822851103,0.2783155612997113,0.18746727264567928,0.31060775838807975,0.11293609479349875,0.14123051519684116,0.23821658713833482,0,29.0,2026-03-01
Curtis Douglas,VAN,EDM,1.0,C,9.417573136293672,0.30650237871298835,0.22173223842373307,0.9810876668931946,0.13833508367485203,0.17621215539215732,0.3145472390670093,0.34823213425186506,1.1821427805505622,0.6808077687608093,0.2399818493404553,0.47422239591103493,0.12919315030650624,0.16155991511832546,0.26988063102744353,0,22.7,2026-04-16
Jack Studnicka,FLA,SJS,0.0,C,9.290400871835017,0.353267069650998,0.37043824029753164,0.9838475648536338,0.11303338833543301,0.14444339614463364,0.25747678448006667,0.3744103760201625,0.8917707822226286,0.2544116310272649,0.2276904260137873,0.2937242379427393,0.10687916019998855,0.13449609812572194,0.22700042830785816,0,28.0,2026-03-28
Ryan Reaves,SJS,FLA,1.0,R,8.909898280777496,0.33538638830970435,0.11766310076417184,0.8090537250792135,0.12486559834201759,0.14415116502932127,0.26901676337133884,0.31719286163584676,1.9532679256376604,0.45403168522859294,0.21433118978997034,0.38982619865221113,0.11738448039754956,0.13424313399497523,0.23586955386158603,0,29.3,2026-03-21
Anton Blidh,NYR,TBL,1.0,L,8.811737076690516,0.38389423187357646,0.1398213707858307,1.0291344416302914,0.12010066480834009,0.14819857953574425,0.26829924434408436,0.24821898277271165,1.138847300811142,0.3084256028461454,0.19043254076964958,0.30715018363511554,0.11316884046500697,0.13774012922501477,0.23532107898012666,0,14.2,2026-02-05
Mason Geertsen,BUF,CBJ,0.0,L,8.74352532743829,0.680625515278028,0.242644773170414,1.0165185317836323,0.12675555492446336,0.16027550604998805,0.2870310609744514,0.2781571762564116,0.8320201916572539,0.2569573753188591,0.17100336554862453,0.3050840880413307,0.11905101007815966,0.1480909494656948,0.24951158242652982,0,4.7,2025-11-04
Bokondji Imama,FLA,SJS,0.0,L,8.089529588144016,0.34435032866899823,0.12405666983637258,0.8915252064594037,0.11294421782509637,0.13399096383353482,0.24693518165863118,0.3196891688847428,1.4047603789258192,0.5750817252415102,0.13286692929285368,0.29207487614044464,0.10679951660803422,0.12540203241954717,0.21880867258350867,1,19.0,2026-09-29
