name,team,opponent,is_home,position,toi,pp_toi,pk_toi,sog,goals,assists,points,blocks,hits,pim,takeaways,giveaways,p_goals,p_assists,p_points,p_assist_only,last_sog,last_share,share_norm,mate_lift,last_team_sog,team_sog_norm,squeezed,gp_30d,games_used,last_played
Zach Werenski,CBJ,PIT,1.0,D,26.09611672992089,2.6727191083958215,1.0464231422625387,2.9326230877447776,0.1697976270885838,0.5376412735777018,0.7074389006662856,1.5176673222832724,0.7254738841273557,0.4125141233590831,0.4839154985524635,1.5680749930010696,0.15616443122119694,0.41587558156399695,0.5070950391314679,0.350930607910271,1.0,0.05263157894736842,0.11870775720693097,3.1220657276995305,19.0,26.6048632218845,False,2,29.3,2026-10-03
Moritz Seider,DET,SEA,1.0,D,24.269266571932956,2.9725946857522425,1.7634550297329956,2.2252262666314255,0.10996177208511969,0.48132748267613806,0.5912892547612577,1.898691087142636,1.423057839942244,0.5131889107386078,0.38760746499568133,1.1388553384021023,0.10413161817781835,0.3820374874547179,0.44638692385928846,0.3422553056814701,3.0,0.08333333333333333,0.07346247531692744,3.9545454545454546,36.0,25.87878787878788,False,3,29.4,2026-10-06
Jackson LaCombe,ANA,WPG,0.0,D,23.96785025120478,2.62745701660537,1.0970801745181045,1.719017673815783,0.1333924278512345,0.46735053033961144,0.6007429581908459,1.5672900885886059,1.0056011904619138,0.3960404439761204,0.5019539476068605,1.060620590704303,0.12487839737432793,0.37333961157025597,0.45159595657533624,0.3267175592010083,0.0,0.0,0.05440381419110006,5.5,31.0,26.13939393939394,False,3,29.3,2026-10-07
Ivan Provorov,CBJ,PIT,1.0,D,23.08430702793903,0.8978424958837989,2.4642503412283934,1.7859895653157025,0.08937205392793199,0.3208480738006963,0.41022012772862826,1.4597894405844427,0.6911121498638875,0.38665570328327736,0.40439557830392386,1.1324147550199697,0.08549473500415028,0.2744665298400716,0.33649582160803626,0.251001086603886,4.0,0.14285714285714285,0.05315262279457233,1.5558475689881734,28.0,26.611620795107033,False,0,29.4,2026-04-14
Josh Morrissey,WPG,ANA,1.0,D,22.479613544479108,2.5044222391670163,0.8294380655025724,2.012796264504114,0.12590503534963143,0.4531573273358047,0.5790623626854361,1.4899703375916638,0.7004226704889753,0.47391172983928936,0.27497991205484745,1.213574443237059,0.11830142699544666,0.3643818743466717,0.4395764056356315,0.32127497864018484,1.0,0.05263157894736842,0.08003564643973664,1.7419354838709677,19.0,27.123867069486405,False,4,29.4,2026-10-07
Jakob Chychrun,WSH,NYR,1.0,D,22.14195148699108,2.1832819584913086,0.8080317625100937,2.100631122172129,0.1457612222982326,0.3946228021827306,0.5403840244809632,1.5548046192189071,0.8477815344177816,0.6512621998442054,0.41000144725339005,1.0776648444693082,0.13563593058818002,0.326065802179774,0.4174754942563189,0.2818395636681389,1.0,0.037037037037037035,0.09691166230300118,2.319702602230483,27.0,25.439393939393938,True,3,29.4,2026-10-07
Erik Karlsson,PIT,CBJ,0.0,D,22.13023586333569,2.9230545104202252,1.1646407644550338,2.2163961457842984,0.1381746507009988,0.4614414874573752,0.599616138158374,1.2210897011877078,0.6012746571048082,0.36394921964683563,0.3592227012836501,1.1250143208739336,0.12905343296662364,0.3696256863973937,0.45097765562178904,0.3219242226551654,4.0,0.13333333333333333,0.09638713619743677,1.8083140877598152,30.0,28.145015105740182,False,4,29.4,2026-10-07
Adam Fox,NYR,WSH,0.0,D,22.109087100065288,2.7930645337668496,0.884540002131502,1.5662132224829854,0.11262696548608002,0.47300881153937213,0.5856357770254521,1.425680755469161,0.6676920342059092,0.4490447613100351,0.4046088522046801,0.9702951538570941,0.10651610171082515,0.3768754195333074,0.44324822072481285,0.3367321190139877,0.0,0.0,0.06689661515575589,2.305239179954442,24.0,27.072289156626507,True,5,29.4,2026-10-06
Vladislav Gavrikov,NYR,WSH,0.0,D,22.08103508575371,0.7710695443424711,2.420351646567071,1.4693700934529572,0.09165427725449962,0.3039549312846896,0.39560920853918924,1.3820182655283466,0.8574106661451472,0.5391254826533816,0.24567008083075464,1.0169409851743736,0.08757946044281484,0.26210587835870136,0.326730247395971,0.23915078695315617,3.0,0.125,0.05171836665943067,2.305239179954442,24.0,27.072289156626507,False,5,29.4,2026-10-06
Brandon Montour,SEA,DET,0.0,D,21.971333604131207,1.457793558759222,0.6658504419811949,2.3007777118519,0.11206152573600738,0.30714936345831645,0.4192108891943238,1.445445752024647,1.2500765046972695,0.6861892047215725,0.3940835831174606,1.0276244905855174,0.1060107475384785,0.2644592702050419,0.34243449281560345,0.23642374527712495,0.0,0.0,0.09389810018516108,3.323671497584541,27.0,26.42296072507553,True,4,29.4,2026-10-06
Neal Pionk,WPG,ANA,1.0,D,21.937654678267773,1.3123669696991687,1.7630364578100446,1.7775784901507117,0.09978451889003134,0.34335854273012123,0.4431430616201526,1.5514455175238477,1.7873662688580731,0.5165098240120936,0.35116444640361993,1.1340856526366074,0.09496758558459728,0.29061617845399224,0.35798464723899137,0.2630170616543941,1.0,0.05263157894736842,0.06530674226515067,1.7419354838709677,19.0,27.123867069486405,False,4,29.4,2026-10-07
Dylan Samberg,WPG,ANA,1.0,D,21.796861063986086,0.27881904430638166,2.1167913206667297,1.4591252376084465,0.06814637667438565,0.29543770539304953,0.3635840820674352,1.619665128923078,1.0531213809122622,0.4265038021910196,0.35969686168557236,0.9999516491378515,0.0658762703556135,0.2557942267147064,0.30481972743585684,0.23894345708024334,2.0,0.10526315789473684,0.04237292475788232,1.4784688995215312,19.0,27.123867069486405,False,4,29.4,2026-10-07
Damon Severson,CBJ,PIT,1.0,D,21.756889941984394,0.9700053657512598,1.0366956124940843,1.4674229625843307,0.11029637541189304,0.35555186635132685,0.4658482417632199,1.3834281632169885,0.775056489621847,0.5620078976812896,0.4267369115479567,1.1139061617903734,0.10443132857388293,0.29921340406736296,0.3723974793273771,0.26796615075349417,2.0,0.07692307692307693,0.04491000368960354,2.5355648535564854,26.0,26.61198738170347,False,0,29.4,2026-03-26
Simon Edvinsson,DET,SEA,1.0,D,21.363707581608605,0.36706910524846337,1.5203499974179777,1.3808639975054229,0.08666501281423264,0.28297171257661796,0.3696367253908506,1.6025605276132882,1.3285539886601583,0.537651818182272,0.37052252328122764,1.1324481437737697,0.08301577784747205,0.2464588967055389,0.30901469753557076,0.2259989196880987,1.0,0.04,0.04166126973546736,1.9219219219219221,25.0,25.862385321100916,False,0,29.3,2026-04-15
Jake Livanavage,PIT,CBJ,0.0,D,20.9830392951803,1.3881704680198088,1.1642927826602498,1.422203973569658,0.08278837116659427,0.3012371300278195,0.38402550119441375,1.6563726462896435,1.0910036571607238,0.4813264600029121,0.3078605984940906,0.8322377429547444,0.07945405932903715,0.2600977011102499,0.31888594226392697,0.23943188293488982,0.0,0.0,,2.3783783783783785,23.0,28.116207951070336,False,0,1.0,2026-04-14
Dylan DeMelo,WPG,ANA,1.0,D,20.938559822177506,0.22660859002430933,2.0496512266470672,1.108530968502388,0.06346611219786119,0.27189872515343244,0.33536483735129363,1.2955536597935633,1.249296636185262,0.48780933744429406,0.3419919613252806,1.088285004230367,0.06149407733519874,0.2380685783296167,0.2849228480979332,0.22342877076273449,0.0,0.0,0.03763225065317386,1.7419354838709677,19.0,27.123867069486405,False,4,29.4,2026-10-07
Marcus Pettersson,NYR,WSH,0.0,D,20.827761412343122,0.2182033999317483,2.1301288492506427,0.9863196286790628,0.05930315891382114,0.2157860781574126,0.2750892370712337,1.6014290696357607,1.0301702557253025,0.48201385504372324,0.32974422710086515,0.9147859097987981,0.05757897748758012,0.1940923153085382,0.24049565574245568,0.18291667825487556,1.0,0.041666666666666664,0.0402340167399517,2.305239179954442,24.0,27.072289156626507,False,5,29.4,2026-10-06
Adam Larsson,SEA,DET,0.0,D,20.781777034090457,0.1976678353965755,2.203526398387828,1.4585619701401271,0.06691390667977509,0.23735201342716986,0.304265920106945,1.7841656746034986,1.4427656448022637,0.47239982819986703,0.24893677868254976,0.7241980423334471,0.0647242811373211,0.21128639863211052,0.2623353195038748,0.1976110383665537,2.0,0.07407407407407407,0.056614334036057694,3.323671497584541,27.0,26.42296072507553,False,4,29.4,2026-10-06
Mario Ferraro,WPG,ANA,1.0,D,20.663427945266097,0.19589037981148888,2.689074690329511,1.2889058971837046,0.07634237434313994,0.26770653864378186,0.3440489129869218,1.5431914994290883,1.4654543895187293,0.47863812703144865,0.467151065553435,1.0701680703069,0.07350105721596245,0.23486771508232596,0.29110574693384006,0.2176046897178776,0.0,0.0,0.05723577438409626,1.7419354838709677,19.0,27.123867069486405,False,4,29.4,2026-10-07
Vince Dunn,SEA,DET,0.0,D,20.57457487661122,1.7861772969013825,0.4213222304313795,1.8415469613300135,0.09831772354068452,0.3268703975097243,0.4251881210504088,1.3907965842390648,0.724886713459859,0.6492031925526514,0.28253174514010804,0.7985972175542583,0.09363911418847437,0.27882279666838605,0.3463531911612797,0.25271407697280535,1.0,0.037037037037037035,0.0770783198966054,3.323671497584541,27.0,26.42296072507553,True,4,29.4,2026-10-06
Mark Scheifele,WPG,ANA,1.0,C,20.38720082905801,2.7855090739181296,0.4828765498493119,2.0711557206508875,0.3449815648184661,0.62715802489003,0.9721395897084961,0.6525327831079323,0.7698768537612335,0.53688293005209,0.4643895932928843,1.3783714382643881,0.29176659024107066,0.4658924334871608,0.6217271769905678,0.32996058674949713,1.0,0.05263157894736842,0.08232892648818632,1.7419354838709677,19.0,27.123867069486405,False,4,29.4,2026-10-07
Justin Faulk,DET,SEA,1.0,D,20.26900775496091,1.4465060187470498,1.3667172366911051,1.8876239914882003,0.11209003339922001,0.31328530122895165,0.4253753346281717,1.3322799868210486,1.048079491756589,0.45542953334939085,0.3677394305074325,0.8618503691850044,0.10603623271974016,0.26895868417197655,0.34647555126486196,0.2404393185451218,3.0,0.08333333333333333,0.0797025212198651,3.9545454545454546,36.0,25.87878787878788,False,3,29.4,2026-10-06
Kris Letang,PIT,CBJ,0.0,D,20.19528264410101,1.450582574644964,0.578447611994833,1.4457862976263656,0.07278947403068084,0.3342477756845671,0.4070372497152479,1.3505068602056551,1.1065894504536593,0.4528099602356332,0.32301126503609173,1.1044374048315602,0.07020344425643588,0.2841236165104153,0.33438060429322525,0.26417716003678937,3.0,0.1,0.07135403921654605,1.8083140877598152,30.0,28.145015105740182,False,4,29.4,2026-10-07
Kyle Connor,WPG,ANA,1.0,L,20.14843267551296,2.775056989263121,1.0767699243264934,3.227332051948155,0.4353628093718978,0.5306555245061075,0.9660183338780053,0.45396872765608837,0.9228918458572936,0.36283824971226925,0.3802694104968901,0.8077120672667358,0.3529701240144998,0.4117807488658942,0.6194045708864157,0.26643444687191586,4.0,0.21052631578947367,0.12351174237255774,1.7419354838709677,19.0,27.123867069486405,False,4,29.4,2026-10-07
Ryker Evans,SEA,DET,0.0,D,19.803076801295862,0.2601186114148433,1.151325847410237,0.9483968599886461,0.056421062730362806,0.22584508039054246,0.28226614312090526,1.37386693447566,1.161225498714634,0.5702778139883254,0.22379743600088897,0.7671559479879959,0.0548589115924657,0.2021583065844128,0.2459270335082817,0.191068121915816,0.0,0.0,0.03389295742404618,3.323671497584541,27.0,26.42296072507553,False,4,29.3,2026-10-06
Martin Fehrvry,WSH,NYR,1.0,D,19.767279822205246,0.21274917672233865,2.5851067192286155,0.9873831706756404,0.06506495001207109,0.25681389090472606,0.32187884091679714,1.8677072737201392,1.3615999938678902,0.4130605593152581,0.2639107800569877,0.7597949607314696,0.06299339718918573,0.22648784198172156,0.27521400058243106,0.21222060339324533,0.0,0.0,0.04012310075006054,2.319702602230483,27.0,25.439393939393938,False,3,29.4,2026-10-07
Mika Zibanejad,NYR,WSH,0.0,C,19.766891096420665,2.932108481755854,1.45549270261635,2.2243014303951405,0.28750783091012067,0.4589975142039105,0.7465053451140311,0.6334485658217014,1.1385143658798031,0.3464765957142349,0.3856276100983012,1.029740712826726,0.24986930745805047,0.3680831842861071,0.525979801399634,0.2761104939415835,3.0,0.125,0.09760897929756406,2.305239179954442,24.0,27.072289156626507,False,5,29.4,2026-10-06
Matt Roy,WSH,NYR,1.0,D,19.753905290134654,0.25089775109486084,2.673325687457844,1.1545200225980827,0.06063930921595291,0.23775334115492727,0.2983926503708802,1.5552501479582521,1.4150200554217143,0.29042855032683706,0.26783377109056394,0.8626944455102374,0.05883735274509061,0.2116028677614329,0.25799006793417134,0.19915271518908073,0.0,0.0,0.049987171699206016,1.8181818181818181,21.0,25.45288753799392,False,2,29.4,2026-10-03
Ben Chiarot,DET,SEA,1.0,D,19.721058234457267,0.2727527234965536,1.5800814365610187,1.4092690279883098,0.06095571243641456,0.2366236716496594,0.29757938408607393,1.4344784879088497,1.6949261815720194,0.6476148894900775,0.31660032604412336,0.7968381718360764,0.05913509253226257,0.21071173631586104,0.2573863708234515,0.19825127829118894,1.0,0.027777777777777776,0.0521644065339337,3.9545454545454546,36.0,25.87878787878788,False,3,29.4,2026-10-06
Denton Mateychuk,CBJ,PIT,1.0,D,19.678747991202354,0.735490017172206,1.044352369964522,1.381057741244978,0.09073687242759103,0.2826590424021575,0.37339591482974854,1.2652550833211953,0.6725050331859902,0.3783353766771034,0.27373918535161035,1.0495953612029927,0.08674201735722487,0.2462232500393864,0.3116073659679425,0.2248653486107176,1.0,0.05263157894736842,0.03941128919881673,3.1220657276995305,19.0,26.6048632218845,False,2,28.9,2026-10-03
Vincent Desharnais,WSH,NYR,1.0,D,19.673604696384015,0.19404281138274826,2.907437960647343,0.9307636740670484,0.04485186286911837,0.21429775306024476,0.25914961592936314,1.5250559467906475,1.8541355450994295,0.6093412798703839,0.27717466503998955,0.9719063508935206,0.043860888952797605,0.192891969644698,0.2282924453370231,0.18443155638422548,0.0,0.0,0.020026542738452585,2.319702602230483,27.0,25.439393939393938,False,3,29.3,2026-10-07
Rasmus Sandin,WSH,NYR,1.0,D,19.55309299734406,0.48450664217513245,1.4622473587916576,1.3302440532043587,0.07051586659338394,0.28451438398777307,0.355030250581157,1.65294244392822,1.186212692397182,0.317703756066723,0.4194658388919919,1.0353755050882907,0.06808704687540079,0.24762046683184646,0.2988477673747587,0.23076072049935792,1.0,0.03125,0.043365555689427744,2.571428571428571,32.0,25.436923076923076,False,0,29.4,2026-04-11
Braden Schneider,NYR,WSH,0.0,D,19.400161008571274,0.38157319387780386,2.2656268263348003,1.292613175838496,0.054889328442589376,0.20912027732807356,0.26400960577066296,1.5698598872252318,1.4350442215516437,0.4628893924402441,0.2417704745014403,0.8914495496783472,0.0534100972645456,0.18870235093869903,0.23203383728556037,0.17862374002101478,2.0,0.08333333333333333,0.04252814039381151,2.305239179954442,24.0,27.072289156626507,False,5,29.4,2026-10-06
Pavel Mintyukov,ANA,WPG,0.0,D,19.33903111241662,0.6011117350581422,2.4014927386728875,1.2426895993390792,0.07671453053125712,0.24213941727406355,0.31885394780532067,1.3635500341962712,0.7721293601104722,0.40634809829921176,0.27560930318483745,0.8053641782194376,0.07384579537860447,0.21505326521114843,0.27301828117146965,0.19917248579286517,2.0,0.06451612903225806,0.041570544415540006,5.5,31.0,26.13939393939394,False,3,29.3,2026-10-07
Mikael Granlund,ANA,WPG,0.0,C,19.29852993336448,2.957220900684637,1.6888187304060711,1.94031898675405,0.30180047809081784,0.44002397545211763,0.7418244535429355,0.68742276920462,0.775615014061029,0.3453562856637815,0.3763458609235724,0.7536752210628503,0.2605144062510999,0.35597901979613256,0.5237557630671945,0.2632413568160946,2.0,0.06451612903225806,0.07529750297852325,5.5,31.0,26.13939393939394,False,3,29.4,2026-10-07
Tristan Luneau,ANA,WPG,0.0,D,19.17499395082242,0.5056820177382204,1.050373079981739,1.3263908710019754,0.0751511718406873,0.24809618983646506,0.32324736167715235,1.3179337954146981,1.0006789085754828,0.4316005556511347,0.22217504993413578,0.7341434841793759,0.07239675176166882,0.2197151158072751,0.27620520687155836,0.20380845510988954,0.0,0.0,0.050057866017404626,5.5,31.0,26.13939393939394,False,3,13.1,2026-10-07
Samuel Girard,PIT,CBJ,0.0,D,19.0692127617526,0.3287180267307636,1.095014376139879,1.0561168394639016,0.06417250717155049,0.27983885578383405,0.34401136295538454,1.231661247102255,0.6755275422336591,0.40516253855375645,0.24741128817846483,0.8283136621870894,0.06215679910252625,0.2440944585522481,0.2910791274325024,0.22892232832997617,1.0,0.03333333333333333,0.04264946341145381,1.8083140877598152,30.0,28.145015105740182,False,4,29.4,2026-10-07
Dylan Larkin,DET,SEA,1.0,C,19.016076369796725,2.635903663360709,1.420992613889921,2.8038903618106272,0.35350054328993,0.45376813676149874,0.8072686800514288,0.45229832135722037,0.9714085823386962,0.44992804448015444,0.359956015771734,0.9054999425004973,0.2977743889241399,0.36476999734230364,0.553925223209979,0.25615083428583907,4.0,0.1111111111111111,0.11703984713057157,3.9545454545454546,36.0,25.87878787878788,False,1,29.4,2026-10-06
Timothy Liljegren,WSH,NYR,1.0,D,18.912965063067897,0.5104595272925261,1.6675963919052676,1.2128295088567824,0.060334777207545404,0.23730442735064053,0.29763920455818593,1.5798416220379423,0.9343931569906159,0.462458903609136,0.29335744032257804,0.9032623395904954,0.058550694947861914,0.21124886595330672,0.2574307929926548,0.1988800980447929,1.0,0.037037037037037035,0.04512024431292883,2.319702602230483,27.0,25.439393939393938,False,3,29.3,2026-10-07
Adam Fantilli,CBJ,PIT,1.0,C,18.737028963187488,2.534761774203158,0.35400788060354865,2.326432323305758,0.31334968445657735,0.42683841623707375,0.740188100693651,0.646883579740258,1.8416705704383294,0.4458768637130743,0.37246672451861457,1.0024561937931848,0.2690057494562935,0.34743101173801216,0.5229758214973634,0.2539700720410699,1.0,0.05263157894736842,0.085498779536334,3.1220657276995305,19.0,26.6048632218845,False,2,29.3,2026-10-03
Alex DeBrincat,DET,SEA,1.0,R,18.674881358490467,3.0214367897487935,0.14375108056139066,3.147946017435937,0.38710028053890194,0.4839819219563161,0.8710822024952181,0.5321527811137494,0.9445990184909598,0.4311772769129115,0.5033719319654788,0.9551702701094964,0.3209770012799067,0.3836756562500122,0.5815015959226897,0.260524594642783,3.0,0.08333333333333333,0.1166706658442671,3.9545454545454546,36.0,25.87878787878788,False,3,29.4,2026-10-06
Sean Durzi,NYR,WSH,0.0,D,18.57039892421802,0.8518491029711062,1.0780895599348688,1.253631882926892,0.06742966978870722,0.2621773535176097,0.3296070233063169,1.367530837776692,0.797005003798766,0.5946144641134223,0.2393948582919906,0.8197694397642551,0.06520653747408622,0.23062543967782978,0.28079369077708594,0.2155871533029997,0.0,0.0,0.05638890217895057,2.305239179954442,24.0,27.072289156626507,False,5,29.4,2026-10-06
Lucas Raymond,DET,SEA,1.0,L,18.561699443866736,3.0043559106531017,0.37470659759298963,2.3774704486158402,0.29454993987246625,0.4622684916195538,0.7568184314920201,0.37965166815266876,0.9331647600447756,0.3849502541347943,0.38220420182657083,0.8000443676371412,0.2551332531375998,0.3701467930700796,0.5308432907532601,0.27571003761566026,6.0,0.16666666666666666,0.07991873238209524,3.9545454545454546,36.0,25.87878787878788,False,3,29.4,2026-10-06
Leo Carlsson,ANA,WPG,0.0,C,18.536801421650257,3.1012029792752114,0.3560580858547597,2.4174191843031334,0.3020525924018363,0.4801068476616387,0.782159440063475,0.5517865290020981,0.6207307847505741,0.3668382800893055,0.41049970696282834,0.7568486052330704,0.26070081765259756,0.38128272022031384,0.542582820954669,0.28188200330207147,0.0,0.0,0.07326225064745191,5.5,31.0,26.13939393939394,True,3,29.3,2026-10-07
Trevor van Riemsdyk,PIT,CBJ,0.0,D,18.45547845036903,0.20407455758807297,1.634245380031525,0.9605981692768775,0.05986885105738608,0.22203080538443776,0.28189965644182385,1.6238442273802203,0.5869092598423746,0.38621921354993716,0.25251378063672303,0.6910628522677341,0.05811194689343013,0.1991093077910222,0.24565062516411273,0.1875386782706826,1.0,0.03333333333333333,0.03924352971587198,1.8083140877598152,30.0,28.145015105740182,False,4,29.4,2026-10-07
Bryan Rust,PIT,CBJ,0.0,R,18.450102324006988,2.918639515529676,1.2276644635569915,2.2991535105273577,0.3205038957638589,0.41679177094689074,0.7372956667107496,0.7724130238112594,0.8535899029941001,0.41170962430527175,0.2838080278001538,0.8637748763315513,0.2742167741769107,0.34084183846539284,0.5215940631937959,0.24737728901688516,3.0,0.1,0.09664972076178568,1.8083140877598152,30.0,28.145015105740182,False,1,29.4,2026-10-07
Alex Tuch,WSH,NYR,1.0,R,18.44156570375304,1.681777966405181,2.2444914876777635,2.4510132354347762,0.323159800355116,0.35204026010786155,0.6752000604629775,0.824994113433804,1.2108098840763002,0.42839016789080425,0.5105813025688848,0.7262867750878331,0.276141827667846,0.2967481915872693,0.49094543127307866,0.21480360360523265,6.0,0.2222222222222222,0.09014311659497323,1.8461538461538463,27.0,25.439393939393938,False,3,29.4,2026-10-07
Cole Hutson,WSH,NYR,1.0,D,18.274941184974328,1.7089118721727827,0.45039300793061965,1.7518722766461303,0.12145997012126097,0.3126245765347925,0.43408454665605345,1.230865161091816,1.062343319485007,0.49726219043138026,0.3727651580060636,0.8937535138015003,0.1143734958391136,0.2684755075163622,0.3521425210136492,0.23776902517453558,3.0,0.1111111111111111,0.06533878684250244,2.319702602230483,27.0,25.439393939393938,False,3,13.1,2026-10-07
Rickard Rakell,PIT,CBJ,0.0,R,18.16180848866363,2.835239789059884,0.6829439086731658,2.4320530051796725,0.33054892864503277,0.3950546628391269,0.7256035914841596,0.630119362483925,1.1381438284374834,0.34547485708947245,0.34043322086666217,0.6930435529318326,0.2814707961047598,0.3263567850082725,0.5159676770225639,0.23449688091780407,3.0,0.1,0.09358339649783706,1.8083140877598152,30.0,28.145015105740182,False,4,29.4,2026-10-07
Dante Fabbro,CBJ,PIT,1.0,D,18.15554491083012,0.20524663453273306,1.3262252346619343,1.0964077686717528,0.06005646958148292,0.21101320130231177,0.2710696708837947,1.4752735696365362,1.0609223316573277,0.4944208413297956,0.3180915216437556,0.888003593089465,0.05828864596329075,0.19023662312042366,0.23743663390939607,0.1791479879461053,1.0,0.03571428571428571,0.04072036522805455,2.7478991596638656,28.0,26.611620795107033,False,0,29.4,2026-04-14
Charlie Coyle,CBJ,PIT,1.0,C,18.149870248213027,2.5466574892724942,1.903784740593447,1.8038473606764995,0.2790490831081616,0.42269791326681144,0.7017469963749731,0.6158060166145686,1.354746215016364,0.30938294738585215,0.41156436342993136,0.7200899712600404,0.243497229203556,0.3447234464308683,0.5042814715870074,0.26078424238345144,1.0,0.05263157894736842,0.05954605151231139,3.1220657276995305,19.0,26.6048632218845,False,2,29.4,2026-10-03
Tom Wilson,WSH,NYR,1.0,R,18.143385081671216,2.1115322173649322,2.0773229644724864,2.0070637855634943,0.28826969837784144,0.39650768147593896,0.6847773798537804,0.7028150225841163,1.9269051672255764,0.6688530223610077,0.35983838480662406,0.8716871678339323,0.25044058998081953,0.3273348903794644,0.495797537292344,0.24535694731152446,2.0,0.07407407407407407,0.08593820114739845,2.319702602230483,27.0,25.439393939393938,False,3,29.4,2026-10-07
Anton Johansson,DET,SEA,1.0,D,18.133732450393158,0.48353037835210966,1.7135109082323505,1.2253847803064855,0.06519936159106945,0.24006178443816606,0.3052611460292355,1.184724069186928,1.2267015961970658,0.435451314592535,0.2940715856107429,0.807226390640786,0.06311933326237862,0.21342073879251544,0.26306909731794614,0.19994976405556752,0.0,0.0,0.04324393796563994,3.9545454545454546,36.0,25.87878787878788,False,3,2.9,2026-10-06
Alexis Lafrenire,NYR,WSH,0.0,L,18.114535526513578,2.873580852916516,0.14110878432086554,2.137305557917618,0.3052245633210787,0.39452598382541576,0.6997505471464944,0.4560026051296842,1.0068446380285634,0.4141978210692496,0.3469412298601545,0.7303013768619643,0.2630421378966803,0.3260005498190406,0.5032908061358272,0.24024866823914692,3.0,0.125,0.07543847516197222,2.305239179954442,24.0,27.072289156626507,False,5,29.4,2026-10-06
Andrew Copp,DET,SEA,1.0,C,18.03354583065227,1.7192995962945659,1.6032329190825583,1.7799684976300356,0.25304391804080145,0.3875059690693967,0.6405498871101982,0.6930286782527115,0.9200886642526225,0.366855606082897,0.37918713445800617,0.944650399187011,0.22356621837556467,0.32125241725210174,0.47299744755860507,0.2494312291830404,3.0,0.08333333333333333,0.053813125252160296,3.9545454545454546,36.0,25.87878787878788,False,3,29.4,2026-10-06
Elias Salomonsson,WPG,ANA,1.0,D,17.998666232648663,0.5809436785870404,0.7436935122355464,1.3076380321875745,0.07394171533853723,0.27652380530871384,0.35046552064725106,1.0950733232801668,1.3563105005033764,0.45385824172831557,0.2035421182231711,0.9725128336478965,0.0712741772660005,0.24158443539987418,0.2956398807924774,0.2243657035264769,0.0,0.0,0.04828139180195052,3.4838709677419355,22.0,27.090625,False,0,19.7,2026-04-02
Erik Gudbranson,CBJ,PIT,1.0,D,17.954150714039898,0.18414215493410122,2.3812332648634733,1.0580485653982619,0.04829541411976809,0.18920164359533054,0.23749705771509863,1.5384068320651987,1.2447390538757164,0.4264978319599045,0.2359586730544329,0.9238746097544198,0.047147740515565584,0.172380394324816,0.21140078873878432,0.16425304822321873,0.0,0.0,0.045693938276761534,3.1220657276995305,19.0,26.6048632218845,False,2,29.3,2026-10-03
Matthew Robertson,NYR,WSH,0.0,D,17.901259330515433,0.23224598554485132,1.4556512058228905,1.2100371691611178,0.05928416515252964,0.19719609066380908,0.2564802558163387,1.1201324256791807,1.2190553760165086,0.48530414182849685,0.22938442385503324,0.7491079347319863,0.05756107719764603,0.17897037871674837,0.22622972812898767,0.16866865093134165,0.0,0.0,0.045815922714770876,2.785714285714286,21.0,27.143730886850154,False,0,27.1,2026-04-15
Sidney Crosby,PIT,CBJ,0.0,C,17.895133294592316,2.790251052378237,0.20809624559184633,2.194192652834416,0.27162737093311234,0.46562149519556695,0.7372488661286793,0.5180473288653363,0.9425493336556889,0.40572809139192134,0.3282057210088991,0.8137711764696426,0.23786179696852328,0.372255156474965,0.5215716729935542,0.28370987602503095,2.0,0.06666666666666667,0.1038666559955636,1.8083140877598152,30.0,28.145015105740182,False,4,29.4,2026-10-07
Ville Ottavainen,SEA,DET,0.0,D,17.84698188133712,0.5462706928469293,0.947156254035877,1.2673090117678976,0.06197911204791762,0.2532406862503653,0.3152197982982829,1.356282286176456,1.1605043674653555,0.49731932764412784,0.24924413694405292,0.6768123074960273,0.06009748077516874,0.2237189808307295,0.2703715144563832,0.21027403368121445,0.0,0.0,0.05516428489194568,2.652,27.0,26.421212121212122,False,1,2.0,2026-10-04
J.T. Miller,NYR,WSH,0.0,C,17.800064384711906,2.638168383140755,1.230064744249585,1.8933291699104131,0.2612185729268504,0.4131502660264528,0.6743688389533031,0.6283288915585541,1.3311399702391198,0.6106010473723916,0.3040086257791261,0.9586231498465314,0.22988742454161037,0.3384371350644929,0.49052211825688596,0.2606346937152756,3.0,0.125,0.0876842491645999,2.305239179954442,24.0,27.072289156626507,False,5,29.4,2026-10-06
Chandler Stephenson,SEA,DET,0.0,C,17.691075642160328,1.8923401190559943,1.3025064564449296,1.2162847198880775,0.1905392210702735,0.35426897278521347,0.544808193855487,0.5903512001646553,0.6492522673455108,0.3424202903444018,0.39671756477885084,0.6718538547705367,0.17348665964446575,0.2983137925226741,0.4200469887765089,0.24656032913204318,0.0,0.0,0.04623862251511914,3.323671497584541,27.0,26.42296072507553,False,4,29.4,2026-10-06
Beckett Sennecke,ANA,WPG,0.0,R,17.67216843564687,2.7040903227373967,0.14968178955704672,2.4910050671537047,0.3231403064114919,0.39230977332296746,0.7154500797344594,0.40957972994144504,1.2703930439854483,0.618377738302282,0.350489166275555,0.8950194283488574,0.27612771667990377,0.3245051687313273,0.5110280141186228,0.23490029743871899,7.0,0.22580645161290322,0.07782325825286474,5.5,31.0,26.13939393939394,False,3,27.8,2026-10-07
Troy Terry,ANA,WPG,0.0,R,17.550290979240938,2.630724655062456,0.24847854357475088,2.4930815824276644,0.30531573889836416,0.41677537557434885,0.722091114472713,0.3644464959696529,0.6014265105854223,0.3636174119187672,0.37066681909393584,0.6702314094964832,0.26310932739212556,0.3408310312331764,0.5142645352431764,0.25115520785105083,4.0,0.1,0.09429484741012756,3.9885386819484236,40.0,26.134556574923547,False,0,29.4,2026-04-16
Matthew Knies,CBJ,PIT,1.0,L,17.54665927573134,2.2588838188750566,1.2393477039691279,1.7160469643869034,0.30245371891067446,0.3931086440935089,0.6955623630041834,0.41379049950165764,1.5731269481259786,0.3910856296077451,0.38559159003065946,0.7457860210761582,0.2609973106830169,0.3250445863165209,0.5012061341188521,0.24020882343583516,1.0,0.05263157894736842,0.06150978676465169,3.1220657276995305,19.0,26.6048632218845,False,2,29.4,2026-10-03
Matty Beniers,SEA,DET,0.0,C,17.46354428473286,1.889321770736689,0.42637880862921135,1.5962953513863019,0.2317393034991321,0.3483327242335621,0.5800720277326942,0.7098825718568978,0.7655564847678816,0.34235025702934613,0.3419907351825174,0.7404069452327935,0.20684713146588574,0.2941360209128727,0.4401419601921409,0.23329482872625518,0.0,0.0,0.06737396837576233,3.323671497584541,27.0,26.42296072507553,False,4,29.4,2026-10-06
Evgeni Malkin,PIT,CBJ,0.0,C,17.263897331830268,2.6269725000461994,0.19615311983279946,2.2449174203689637,0.28220676512900417,0.44248984714314693,0.7246966122721511,0.48038787101082037,0.6895411424163403,0.6088605632868259,0.41713811634006287,0.9894144102221347,0.2458822568404233,0.3575651365157858,0.5155284706222537,0.2696462137818304,1.0,0.03333333333333333,0.08775262347580624,1.8083140877598152,30.0,28.145015105740182,True,4,29.4,2026-10-07
Gabriel Vilardi,WPG,ANA,1.0,C,17.22240738683114,2.700676566417739,0.20456929481009517,1.7707628688522978,0.30298174837058767,0.46926526548304837,0.772247013853636,0.4990303466607181,0.6187020366882865,0.3894460858590493,0.26132291303513727,0.7171542396139808,0.26138742286950367,0.3745383522373045,0.5380261604497087,0.2766387375802051,2.0,0.10526315789473684,0.06981203214345104,1.7419354838709677,19.0,27.123867069486405,False,4,29.4,2026-10-07
Declan Carlile,PIT,CBJ,0.0,D,17.134598863967213,0.18557657575491243,1.2772567854562986,1.1629276725004662,0.06385687334756082,0.1955780479163816,0.2594349212639424,1.3390324647400003,1.0667711942364837,0.5868743733158497,0.2209848943781522,0.6392722130283237,0.06186073734562991,0.17764084235934496,0.228512586213927,0.1666518488682971,0.0,0.0,0.034314250496639095,1.8083140877598152,30.0,28.145015105740182,False,4,24.2,2026-10-07
Noah Warren,ANA,WPG,0.0,D,17.13105899401362,0.4664921223962457,2.0661838991438928,1.2271165391412426,0.05689179905059302,0.22562794769790012,0.2825197467484931,1.1845191211384543,1.0318625075449006,0.43078661521478073,0.2501942410636641,0.6576098639754855,0.05530371912877574,0.20198505026009383,0.2461182449010737,0.19081452577229796,1.0,0.03225806451612903,0.05894496704735495,5.5,31.0,26.13939393939394,False,3,2.9,2026-10-07
Cutter Gauthier,ANA,WPG,0.0,L,17.053523534440295,2.9851848874047104,0.20861703113842425,3.1365156304868864,0.36391547787059036,0.38844265474435524,0.7523581326149456,0.37946020800137276,1.0749399867649074,0.46942927736321355,0.285143643676758,0.7801277045379128,0.30505006909138377,0.3218878927229265,0.5287460378995016,0.22369596880811782,7.0,0.22580645161290322,0.10393019503195502,5.5,31.0,26.13939393939394,False,3,29.2,2026-10-07
Aliaksei Protas,WSH,NYR,1.0,L,16.954121240004817,0.4396104979920558,1.782915865454235,1.910140868485549,0.2678953794660352,0.31903561182468126,0.5869309912907165,0.48075049598152736,0.7944352209659545,0.3420903711853013,0.3654056153077721,0.7961240637525282,0.23501218965036497,0.27315033559738167,0.4439688667752739,0.20895667712490895,1.0,0.037037037037037035,0.06707567508382722,2.319702602230483,27.0,25.439393939393938,False,3,29.4,2026-10-07
William Wallinder,DET,SEA,1.0,D,16.953872628513636,0.6715038013531422,1.4851261159935831,1.3060283910704387,0.06846547237497273,0.26775104800140725,0.33621652037638,1.1941067621591113,1.0228507607080741,0.3811811374343116,0.29477821208063176,0.7768361459450966,0.0661742976694133,0.23490176987094202,0.2855316078978436,0.2193573102284303,0.0,0.0,,3.9545454545454546,36.0,25.87878787878788,False,1,1.0,2026-10-06
Jordan Eberle,SEA,DET,0.0,R,16.95372403158339,1.951921352637578,0.22137796103873206,1.7996199876452423,0.276510100654257,0.3385714888555062,0.6150815895097632,0.5675325276095367,0.9431818175981577,0.39939324711921975,0.3095198737841507,0.5806619373627804,0.2415740415054044,0.28721217881811756,0.4594032135168564,0.21782917201145202,0.0,0.0,0.07690956787281641,3.323671497584541,27.0,26.42296072507553,True,4,29.4,2026-10-06
Carson Soucy,CBJ,PIT,1.0,D,16.930314901658143,0.20771587015093637,1.4184228851587775,1.0143608790693004,0.05667693114948629,0.1973612966405957,0.254038227790082,1.1403530578454915,1.2818356514221374,0.47872800316413694,0.27427072877649994,0.9257685049933364,0.05510071241268921,0.17910600651373343,0.2243378503701241,0.1692371379574349,0.0,0.0,0.03660764615889222,3.1220657276995305,19.0,26.6048632218845,False,2,29.4,2026-10-03
Pavel Dorofeyev,NYR,WSH,0.0,R,16.886384014789055,2.9843683114401407,0.11850049834004815,2.5252909344894823,0.2923946468150843,0.35095865452419595,0.6433533013392803,0.3905895310687995,0.6858107053662695,0.38585521029324615,0.2891559249249738,0.6971536632974703,0.25352611570547234,0.2959871389993973,0.4744727850555768,0.22094666935010443,0.0,0.0,0.09587764642980195,2.305239179954442,24.0,27.072289156626507,True,5,29.3,2026-10-06
Harrison Brunicke,PIT,CBJ,0.0,D,16.859838151092166,0.5077083149226702,0.5152768737268522,1.2096344740739116,0.06206288288626588,0.21599335074042744,0.2780562336266933,1.452569965213352,0.8264257553146704,0.4557838335198634,0.23103575730673506,0.8702781067894202,0.0601762138993539,0.1942593405655395,0.2427457628350741,0.1825695489357202,1.0,0.02702702702702703,0.044093157976091354,4.2110091743119265,37.0,27.876447876447877,False,0,7.9,2025-11-03
Bobby McMann,SEA,DET,0.0,C,16.8336079695645,1.462708645230142,0.2868949545544309,2.4435159485323843,0.26345201567133036,0.294044356504757,0.5574963721760874,0.48931006449801534,1.6914403170189338,0.3428532365090217,0.263372038738104,0.6405256864494782,0.23160550755149634,0.2547565656837947,0.4273590495380196,0.19575354198652328,3.0,0.1111111111111111,0.07989223466465985,3.323671497584541,27.0,26.42296072507553,False,4,29.3,2026-10-06
Cole Perfetti,WPG,ANA,1.0,C,16.815543283068216,2.090219759852569,0.1999887729053079,2.1113384202023666,0.3149583439254005,0.4152711683230949,0.7302295122484954,0.5880801651803272,1.077057636843873,0.3771712618690605,0.3467841528564895,0.7559621850149008,0.27018072495797074,0.3398387583856458,0.5182016012341661,0.2480208762761954,2.0,0.10526315789473684,0.06960159143722676,1.7419354838709677,19.0,27.123867069486405,False,4,29.4,2026-10-07
Jack St. Ivany,WPG,ANA,1.0,D,16.798829782989035,0.1852136726569541,1.262511544530672,0.955334504225508,0.055057167962661954,0.24837954207027646,0.30343671003293843,1.2763539380651299,1.6234610326383263,0.45376473218522234,0.309940711840613,0.9706645848568883,0.05356895912750392,0.21993617995123182,0.26172338684426877,0.20815442771676484,0.0,0.0,0.03013813994935202,1.7419354838709677,19.0,27.123867069486405,False,2,25.0,2026-10-07
Ryan Lindgren,SEA,DET,0.0,D,16.79127781476519,0.2165922207089075,2.146614140767708,0.8095827273581802,0.04501377776886486,0.16757984635511874,0.2125936241239836,1.2316278104308633,0.7981637182640215,0.5215687746432014,0.20937527866967162,0.6803044843304803,0.04401568958850355,0.15429091219526359,0.19151538088625342,0.14749969129774987,0.0,0.0,0.03334140450347572,3.323671497584541,27.0,26.42296072507553,False,4,29.4,2026-10-06
Alberts Smits,NYR,WSH,0.0,D,16.787989683118713,0.42648350419453473,0.6436012475744476,1.0672808607250714,0.05694203468898179,0.2107860622462455,0.26772809693522726,1.279551350287426,0.9814474434193131,0.5038403827568011,0.28361171148736936,0.7392619331444404,0.055351175357521876,0.19005267334106346,0.23488420984931835,0.17953303449179647,0.0,0.0,0.04137055010642126,2.305239179954442,24.0,27.072289156626507,False,5,4.7,2026-10-06
Alex Killorn,ANA,WPG,0.0,L,16.610731339429154,1.6036476196593628,1.9078502527482568,1.796706473516996,0.23319805760106535,0.29204781236528954,0.5252458699663549,0.3630312472855472,1.0030554131943932,0.37227561160977046,0.26727830704707334,0.6108189228216367,0.20800330297632907,0.25326716794312043,0.4085900634518198,0.20058676047549073,2.0,0.06451612903225806,0.06457153263837451,5.5,31.0,26.13939393939394,False,3,29.4,2026-10-07
Scott Morrow,NYR,WSH,0.0,D,16.546823634240972,1.1416747741698867,0.35071304891152827,1.1931715967552465,0.052255757654769926,0.23927546058529756,0.2915312182400675,1.2241525770443025,0.645132913059997,0.3289924667680363,0.2460242303799855,0.7450909615028991,0.050913900235606935,0.2128019895204818,0.25288131049170426,0.20196741025609732,1.0,0.04,0.04440309988048716,3.0789473684210527,25.0,27.325657894736842,False,0,23.2,2026-02-28
Valeri Nichushkin,CBJ,PIT,1.0,R,16.49838785180462,1.2747799149639254,1.2836272407509364,1.9973508186480293,0.2739247311441494,0.3622702575831272,0.6361949887272766,0.4304070961100186,1.0232987886855234,0.32541146901130086,0.32522514488912146,0.7682470433882153,0.2396106932598996,0.30390578232248655,0.470697400394403,0.2310867071345034,2.0,0.10526315789473684,0.08830761534844819,3.1220657276995305,19.0,26.6048632218845,False,2,29.3,2026-10-03
Josh Mahura,SEA,DET,0.0,D,16.463023359559017,0.21876800436204727,1.2016302913702346,0.9328326746138557,0.04795996550046284,0.17917461001853446,0.2271345755189973,1.3762317603316845,1.2337759590947068,0.3971030094771285,0.17165935815513492,0.6260560738142709,0.04682805392450451,0.1640400803244232,0.20318645652171552,0.156358402597211,0.0,0.0,0.030384184799200162,2.319327731092437,32.0,26.423780487804876,False,1,29.3,2026-10-01
Dylan Strome,WSH,NYR,1.0,C,16.316484218396454,2.4014910922699886,0.2232669662772563,1.6828935870640425,0.24008884375235306,0.3935114072817642,0.6336002510341172,0.6433415675779631,0.5916767155733795,0.3848382116784533,0.30281988296592094,0.8163692897077475,0.21344202279991076,0.32531637877319386,0.4693222156378122,0.2558801928379014,1.0,0.037037037037037035,0.07421740378069179,2.319702602230483,27.0,25.439393939393938,False,3,29.4,2026-10-07
Drew Fortescue,NYR,WSH,0.0,D,16.24768429294236,0.37666780968157476,0.5133299886795981,0.9603321979223659,0.049446548156128464,0.20652169101355142,0.25596823916967987,1.1524729322586282,0.8676189800041428,0.44299457283433774,0.1995215492567822,0.6514772375450849,0.048243970108430956,0.1865913823917421,0.225833443425575,0.17758947331714403,0.0,0.0,0.03323292776692355,2.785714285714286,21.0,27.143730886850154,False,0,7.9,2026-04-15
Pierre-Luc Dubois,WSH,NYR,1.0,C,16.141962622787275,2.067286196824039,0.2448767296910893,1.6429108276826332,0.23191094163785514,0.41094366881324806,0.6428546104511033,0.52895655315598,0.9428267189587114,0.4707202770473825,0.2729943157054324,0.7189379142966438,0.20698325506562898,0.3369757205066989,0.4742106440637657,0.2672273889981367,3.0,0.1111111111111111,0.07335044289840838,2.319702602230483,27.0,25.439393939393938,False,3,29.4,2026-10-07
Mathew Dumba,PIT,CBJ,0.0,D,16.130626685681385,0.5218590871846991,0.37662225268890387,1.1222079699058618,0.05527849493485506,0.2064795883092043,0.26175808324405936,1.212716060608981,1.05838221391188,0.5308665015787251,0.2790997709702774,0.7182395584522878,0.053778406665120126,0.186557134968252,0.23030279616276983,0.1765243894976497,1.0,0.034482758620689655,0.040885278070687266,2.37,29.0,27.871323529411764,False,0,29.3,2025-12-07
Egor Chinakhov,PIT,CBJ,0.0,R,16.089180661746187,1.9346575209703576,0.12112310872703921,2.214488734912619,0.2617177418856648,0.3421578565560474,0.6038755984417122,0.544153726152753,0.854351686262688,0.3265771301633233,0.24185436503128363,0.5595795598652591,0.2302717449056938,0.2897639195620041,0.4533112210994421,0.2230394761937483,2.0,0.06666666666666667,0.06961500629217812,1.8083140877598152,30.0,28.145015105740182,False,4,29.3,2026-10-07
Drew Helleson,ANA,WPG,0.0,D,16.067354241269264,0.18783609368330023,1.0340041925933892,0.8390626984250927,0.04450388965271454,0.20740741428763954,0.2519113039403541,1.1733288084253006,0.9950523204545207,0.39158131755788617,0.3056800327815301,0.6266316228123241,0.0435281202570581,0.18731151836802495,0.2226863203280276,0.1791582000709695,0.0,0.0,0.032417023011402084,2.920863309352518,37.0,26.10122699386503,False,0,28.9,2026-04-14
Cale Fleury,SEA,DET,0.0,D,16.066271014515905,0.23964553398376603,1.0432697921431031,1.0867697563437468,0.04854999120361113,0.18530542440528483,0.23385541560889594,1.5048181307855888,1.6693154765155371,0.33508037540375313,0.20838135212171555,0.6838318983305972,0.04739028399080314,0.16914951691905178,0.2085237572661538,0.16113347327535066,1.0,0.037037037037037035,0.040818998036580435,3.323671497584541,27.0,26.42296072507553,False,2,24.5,2026-10-06
Albert Johansson,DET,SEA,1.0,D,16.064023232961496,0.27081678779966795,1.5593545812200225,1.0283761672618774,0.052645971839904444,0.17429544379417497,0.2269414156340794,0.9728167992082725,0.7681112556131183,0.29306339197531694,0.28500834010601706,0.6567429498083982,0.05128417484674774,0.15995132617534502,0.2030325292435472,0.15174835439679946,3.0,0.08333333333333333,0.028857683850971254,3.0,36.0,25.87878787878788,False,3,29.2,2026-10-06
Connor Mackey,NYR,WSH,0.0,D,16.05924200553603,0.192135989258046,1.4540559261409851,1.136613491891851,0.05156447291249117,0.1760055966899587,0.22757006960244985,1.153859297338566,1.376902839296024,0.8721690180304733,0.207502881475021,0.7074823569481109,0.05025758467139951,0.16138671013463857,0.20353338855660785,0.15327580388520834,1.0,0.1,0.046680659197693736,1.1301369863013697,10.0,27.196202531645568,False,0,20.9,2026-03-23
J.T. Compher,DET,SEA,1.0,L,16.022985032824522,0.7827323063458341,1.4405084365482406,1.4921810702435887,0.21322899932401854,0.27539050065541476,0.4886194999794333,0.5384098101736992,0.7384565194061309,0.3624947181411152,0.3034987907221225,0.6348631145955104,0.19202890880412016,0.24072443228065754,0.3865272910314317,0.19449838222731153,2.0,0.05555555555555555,0.053859797667202766,3.4285714285714284,36.0,25.848024316109424,False,2,29.4,2026-10-04
Sean Monahan,CBJ,PIT,1.0,C,15.966307456724525,1.2451023863313575,1.5215749281416628,1.6038798546610191,0.22767882864532124,0.30685575347453237,0.5345345821198536,0.43466077824322286,0.8927255463633671,0.2527643015343777,0.3921718958782301,0.6574107873103563,0.20362000679260384,0.2642432763958765,0.41405806545385204,0.2104380586612482,1.0,0.05263157894736842,0.07083578548432143,3.1220657276995305,19.0,26.6048632218845,False,2,29.4,2026-10-03
Ryan Graves,PIT,CBJ,0.0,D,15.861742548767937,0.18017361182234468,0.795670233673263,0.9879699327352978,0.0471726106683927,0.16351752008094234,0.21069013074933504,1.4760668821364522,1.068683984118251,0.38272327427168584,0.27618949003916454,0.7892385000127945,0.04607727386059857,0.15084837833388565,0.18997497015456655,0.14389769629396798,1.0,0.043478260869565216,0.041620369848789196,2.3783783783783785,23.0,28.116207951070336,False,0,29.3,2026-04-14
Alex Ovechkin,WSH,NYR,1.0,L,15.84691734923109,3.545817341346091,0.11752235774067253,2.686786405237667,0.32672003512443193,0.3851327111151709,0.7118527462396028,0.3299797721181773,1.4242465904827089,0.33451275281252907,0.21288186094708272,0.6295518297317918,0.2787143505909736,0.31963966116629694,0.5092658511721873,0.23055150058121365,2.0,0.07407407407407407,0.1343554087801454,2.319702602230483,27.0,25.439393939393938,False,3,29.4,2026-10-07
Jared McCann,SEA,DET,0.0,L,15.798303112005186,2.3486017818055673,0.23816242437467322,2.1023880768875545,0.2646772607505391,0.3592716459703818,0.623948906720921,0.4294295992366202,0.9086064078635303,0.3417390525050313,0.2599268498741568,0.7675761032184807,0.23254640259104342,0.301815333462065,0.46417566600968907,0.23162926341864565,7.0,0.25925925925925924,0.09475296611180534,3.323671497584541,27.0,26.42296072507553,False,4,29.4,2026-10-06
Boone Jenner,WSH,NYR,1.0,C,15.795825630434546,0.44805420001032303,1.7642141781286744,1.8872203260722458,0.22679345332606912,0.2952956844086436,0.5220891377347128,0.8499909017587208,1.6558472477032802,0.4173465448567558,0.32323034610113127,0.7082578665089948,0.20291459937279221,0.25568852637252826,0.4067201908522192,0.203805591479427,2.0,0.07407407407407407,0.09657454897273204,2.319702602230483,27.0,25.439393939393938,False,3,29.3,2026-10-07
Vincent Iorio,NYR,WSH,0.0,D,15.790014390722266,0.2167623322244724,0.9355509394543803,0.9289962308299626,0.041875442560472334,0.17214792572827303,0.21402336828874535,1.2904384301878888,0.7497117035490295,0.4093530157598935,0.2673740769553909,0.8067952865303905,0.04101077762427874,0.158145368002233,0.19267048110706242,0.15165970348278368,0.0,0.0,0.03256234701644769,4.034168564920273,43.0,27.141955835962143,False,0,20.9,2026-03-25
Emmitt Finnie,DET,SEA,1.0,C,15.77305487205678,1.2591442258110181,1.026470059299625,1.5616444911029583,0.23046551910747354,0.2966011125491881,0.5270666316566617,0.4557242660880512,1.4938833743464315,0.24230723676063592,0.3404824828128184,0.7230183759790382,0.2058361819926089,0.25665953758495574,0.4096659002890889,0.20382971829648,2.0,0.05555555555555555,0.05236373283566993,3.9545454545454546,36.0,25.87878787878788,False,3,27.8,2026-10-06
Colin Miller,WPG,ANA,1.0,D,15.757972202811143,0.9091025871812684,0.42892889893351605,1.3092331588462747,0.06440522752259098,0.24182236526140205,0.30622759278399303,1.0752025771070255,1.2793815074404749,0.43452692636440543,0.28613740284681155,0.8174641428333496,0.0623750289072168,0.21480435681268228,0.2637809577543119,0.20140592884709507,1.0,0.038461538461538464,0.04810259370575418,3.4838709677419355,26.0,27.085626911314986,False,0,29.3,2026-04-16
Gabe Perreault,NYR,WSH,0.0,R,15.743195332735988,1.3182446451088687,0.11738376780866547,1.642173396513215,0.24234258078702953,0.2770906281854719,0.5194332089725014,0.4808121831169963,0.8144011098780715,0.35553217419836214,0.23268308729201756,0.6143697348038784,0.21521272154887594,0.24201420088001946,0.4051423876040301,0.18992966605515416,1.0,0.041666666666666664,0.0574909060075722,2.305239179954442,24.0,27.072289156626507,False,5,25.6,2026-10-06
Caleb Jones,PIT,CBJ,0.0,D,15.715257804722219,0.37009406252691196,0.936888504903392,1.0190757115842142,0.04704228783747162,0.19619497755475027,0.2432372653922219,1.406936565391012,1.1689768114464332,0.33479069271003853,0.2338461752475595,0.5524655810993996,0.04595294784936521,0.1781480236334112,0.21591454464328286,0.16996159679391765,0.0,0.0,0.05623864656500131,2.4150943396226414,17.0,27.889328063241106,False,0,28.9,2025-10-23
Tyson Hinds,ANA,WPG,0.0,D,15.69241948612481,0.28201441212773865,0.8139235719156346,1.374531451482765,0.05259051020032651,0.20087286628171944,0.253463376482046,1.2122521120614467,0.9591543122000675,0.3626837104157185,0.2702159369289152,0.6228322995796385,0.05123155605244245,0.18198357758725703,0.22389183178391392,0.17266027573147147,2.0,0.06451612903225806,0.05453706132813133,5.5,31.0,26.13939393939394,False,3,7.9,2026-10-07
Ryan Poehling,ANA,WPG,0.0,C,15.619419963324793,0.9647028922189997,2.072898679690874,1.486482650112799,0.18972959296781702,0.29434777856167377,0.4840773715294908,0.7974155703834889,0.8088395271486657,0.28704375269989557,0.30415019742473737,0.5106470268853642,0.17281722025515545,0.2549826546776103,0.38373448133810095,0.2109172610829455,0.0,0.0,0.04311101676467541,5.5,31.0,26.13939393939394,False,3,29.4,2026-10-07
Frederick Gaudreau,SEA,DET,0.0,C,15.610051683439407,0.37008841668980774,1.8056718919946888,1.2164442484326496,0.16383928873843237,0.23258027195994202,0.39641956069837436,0.6295753683299963,0.8339569500545717,0.2705870564833942,0.2996487749964005,0.4539976451825882,0.15112156475742322,0.20751386762158996,0.32727561199517374,0.17615404723775052,0.0,0.0,0.05344514046391283,3.323671497584541,27.0,26.42296072507553,False,4,29.4,2026-10-06
Tommy Novak,PIT,CBJ,0.0,C,15.60903537638655,1.8124681225587622,0.19943686131266727,1.7727626171832414,0.23689952569831554,0.3303790532640082,0.5672785789623237,0.5919026887838822,0.5466205562548482,0.30180516746646835,0.29808551022438057,0.6732950298572946,0.21092943465109104,0.2813487253143534,0.43293343239508275,0.2220039977439917,3.0,0.1,0.05747079732646696,1.6283185840707965,30.0,28.145015105740182,False,4,29.4,2026-10-07
Adam Lowry,WPG,ANA,1.0,C,15.597308395413592,0.3385293576290034,1.5660116604153058,1.311212426375598,0.1974158410694875,0.3026812243737466,0.5000970654432342,0.6236024242636979,1.6941975847015223,0.4355624035332086,0.3578963620850687,0.6033380114146972,0.1791507804866923,0.26116541870858934,0.3935282105975041,0.21437743011081178,2.0,0.10526315789473684,0.04992189907652935,1.7419354838709677,19.0,27.123867069486405,False,4,29.4,2026-10-07
Travis Hamonic,DET,SEA,1.0,D,15.565996016298756,0.23544762407706255,1.476825004031309,1.0765510594944578,0.04661416170646266,0.1848020118108417,0.23141617351730434,1.2895267504923371,1.21386196879048,0.525069601167905,0.28335673225765623,0.7837409476392397,0.045544407929059894,0.16873115102527503,0.20659079858169993,0.16104639065264004,2.0,0.08,0.047008025959086486,1.9219219219219221,25.0,25.862385321100916,False,0,29.3,2026-04-15
Viktor Arvidsson,DET,SEA,1.0,L,15.562539423946458,2.2114606763193185,0.11714555077763283,2.4462677928218683,0.3250558524939216,0.3902809007805849,0.7153367532745065,0.5006678684622023,0.7905743813488731,0.36600274090673207,0.2780828684119526,0.824963627542627,0.27751300018561387,0.3231332845972127,0.5109725975144223,0.2334595973288084,3.0,0.08333333333333333,0.09074995120845805,3.9545454545454546,36.0,25.87878787878788,False,3,29.3,2026-10-06
Kaedan Korczak,PIT,CBJ,0.0,D,15.545799743097808,0.19041021127179245,0.7814097384093914,0.9148071844608018,0.04487699451016568,0.22058208308596503,0.2654590775961307,1.2485425850471867,0.9449524514433006,0.32060348976618375,0.17910885170780755,0.8129988795079015,0.04388491799578176,0.19794819872736158,0.23314617625458045,0.1892612582587987,1.0,0.03333333333333333,0.03397847304195823,1.8083140877598152,30.0,28.145015105740182,False,4,29.2,2026-10-07
Alex Iafallo,WPG,ANA,1.0,L,15.485602408468697,0.7383602223519463,0.8688919167475905,1.6968479161320975,0.2427224368271954,0.29521536045977553,0.537937797286971,0.6668710148170875,1.4249890329227644,0.31889669958747546,0.2565190805909588,0.5526171995995748,0.21551077112529127,0.25562873793458907,0.41604876262581203,0.20053799150052076,2.0,0.10526315789473684,0.05589758812101449,1.7419354838709677,19.0,27.123867069486405,False,4,29.4,2026-10-07
Will Cuylle,NYR,WSH,0.0,L,15.465673238463113,1.201534829151833,1.1252631692853508,1.897738605687556,0.23600749285027903,0.2544749858683495,0.4904824787186285,0.5235705126739649,2.5172613370927563,0.8179046409787637,0.20063137200923534,0.6339808382509992,0.21022524375337015,0.22467655310901846,0.3876691137193782,0.17744386996600803,4.0,0.16666666666666666,0.06451816936365407,2.171232876712329,24.0,27.072289156626507,False,5,29.4,2026-10-06
Ville Heinola,WPG,ANA,1.0,D,15.37637302182675,0.6480917522764204,0.42130305999966305,1.0725084248942867,0.05892711770732242,0.22996200377990864,0.28888912148723106,1.0930757100141142,0.8315045352385113,0.40617469142470825,0.29825688346762286,0.8254803727005606,0.057224521708432174,0.2054362076494889,0.2509047406335849,0.19368021892515275,0.0,0.0,0.03431976190636357,3.4838709677419355,26.0,27.085626911314986,False,0,20.0,2026-04-16
Axel Sandin-Pellikka,DET,SEA,1.0,D,15.277884656283376,1.5609988298660384,0.5579940122082364,1.2253563584993257,0.06858347152386172,0.24202845046553234,0.3106119219893941,0.9128770245982383,0.5743826716727395,0.31238262006156414,0.21098008478205796,0.7785940128254856,0.06628448180655389,0.21496615734417035,0.2670017188052197,0.20071723699866584,1.0,0.027777777777777776,0.03833914875788438,3.9545454545454546,36.0,25.87878787878788,False,3,26.9,2026-10-06
Jacob Bernard-Docker,DET,SEA,1.0,D,15.259744461971403,0.1857986548519802,1.1896864134903582,0.8745861701159344,0.04425986546682592,0.16222979786035938,0.2064896633271853,1.1616551523189338,0.9628894255605104,0.3975743913519272,0.18782609719823679,0.6683943359525758,0.04329468950506221,0.14975420257600325,0.18656533037845924,0.14327064087339703,0.0,0.0,0.027671005604531493,6.0,28.0,25.84307692307692,False,0,29.3,2026-04-11
Anthony Beauvillier,WSH,NYR,1.0,R,15.253603751428018,0.41402793088444995,1.3887057376372716,1.727782127026036,0.2133444690467186,0.24104388318568046,0.45438835223239904,0.5346092547598095,1.2245719990499673,0.3493144538196561,0.3255561369257595,0.5627150546292127,0.1921221996157345,0.21419285808901078,0.36516385466670365,0.17304165505096913,1.0,0.037037037037037035,0.07295305082246903,2.319702602230483,27.0,25.439393939393938,False,3,29.4,2026-10-07
Ben Kindel,PIT,CBJ,0.0,C,15.185398421918453,1.8150051973065597,0.9239436672188411,1.806194735499875,0.2327203335356488,0.30558263080878056,0.5383029643444294,0.6064851972869283,0.6824321671626893,0.28032176926572855,0.35135145903517784,0.7540587691834534,0.20762485670518227,0.26330597130900324,0.4162619634515349,0.2086371067463526,2.0,0.06666666666666667,0.06849122611416196,1.8083140877598152,30.0,28.145015105740182,False,3,27.5,2026-10-07
Isaak Phillips,WPG,ANA,1.0,D,15.150910658613382,0.20168805652215616,0.9117128113909743,1.0355005554388992,0.059909711139168514,0.19655369854308744,0.25646340968225595,1.053652284988442,1.2942397933887775,0.3615610495646117,0.3163016996442845,0.6751698404053407,0.05815043173005774,0.17844278631469923,0.22621669298144287,0.16806626125138513,0.0,0.0,0.04822039795940302,2.9634146341463414,30.0,27.169934640522875,False,0,25.0,2026-03-05
Justin Sourdif,WSH,NYR,1.0,C,15.13976911512397,1.3773062410904577,0.4091848310529314,1.4727710454501142,0.21227879686807458,0.31361905472072005,0.5258978515887947,0.5515993501886918,1.1885866854904221,0.4150226562658667,0.31865300118517725,0.6602856240843777,0.19126080782100607,0.269202631052435,0.4089755261908121,0.21771471836980605,0.0,0.0,0.048945110401836994,2.319702602230483,27.0,25.439393939393938,False,3,27.8,2026-10-07
Mackie Samoskevich,SEA,DET,0.0,R,15.003743671180844,1.5075741642107683,0.12359948226033779,1.9215372253402232,0.25189377733543716,0.2843687442328534,0.5362625215682906,0.4843768193997854,1.5418730292033005,0.45033107036975006,0.200212199351015,0.5719842575237785,0.22267269653887833,0.24751088248130404,0.415069663395353,0.19239696685647467,3.0,0.1111111111111111,0.06440599868036258,3.323671497584541,27.0,26.42296072507553,False,3,29.2,2026-10-06
Owen Pickering,PIT,CBJ,0.0,D,14.966411038160896,0.20190073894851754,0.8930753498243498,0.8981913906601782,0.04391629530175013,0.16763628609132303,0.21155258139307315,0.9951759784607758,0.6943133710463197,0.3593525038835423,0.22353592567311456,0.5828637417178031,0.042965937632172824,0.15433864244613082,0.19067327559272884,0.14770733796055602,0.0,0.0,0.02874344646458108,4.2110091743119265,37.0,27.876447876447877,False,0,18.6,2025-11-03
Travis Mitchell,ANA,WPG,0.0,D,14.943998661722368,0.24896115458009185,0.7296072452961099,0.9643836251797758,0.0567537688086546,0.17240301637764302,0.22915678518629762,0.9613416706709186,1.073801057095877,0.4420122847134806,0.1838048808772702,0.6204984935122206,0.055173313472813734,0.15836008985905115,0.2047961524524885,0.14962283897967477,2.0,0.06451612903225806,0.029251651457574707,2.910891089108911,31.0,26.13939393939394,False,3,10.0,2026-10-07
Emil Andrae,CBJ,PIT,1.0,D,14.93157572159133,0.266902097195794,0.47778860671467394,0.7770254488820023,0.05209182474143606,0.19383036528601025,0.2459221900274463,1.0933987211997513,1.064786814183959,0.35445258195932705,0.19306592901170197,0.8046196132603074,0.05075830103270096,0.17620236290697344,0.218016931360569,0.16725863032786803,0.0,0.0,0.032800036766350654,3.1220657276995305,19.0,26.6048632218845,False,2,28.7,2026-10-03
Urho Vaakanainen,NYR,WSH,0.0,D,14.928573902764063,0.18999296655972905,0.9172135101146667,0.8844519468006923,0.03995541180438085,0.1800714776683458,0.22002688947272664,0.9658749098706497,0.5704176965939093,0.3741229375564809,0.1947804131939626,0.6389142264893716,0.0391677200251247,0.16478948962220763,0.1975027810547264,0.1583350610296017,1.0,0.045454545454545456,0.03605551373936155,2.48,22.0,27.16,False,0,29.3,2026-04-11
Ilya Solovyov,PIT,CBJ,0.0,D,14.907660188921609,0.19282898361860087,0.5913980243803387,1.0132477064640784,0.04463007505047111,0.21021197915195355,0.2548420542024247,1.2793841953693024,1.0629520537752906,0.44092236700867865,0.20903049495726644,0.6517796494248324,0.04364880542713323,0.18958756278028066,0.22496109756821292,0.1813122921410797,2.0,0.08695652173913043,0.029850182799483087,2.0454545454545454,23.0,28.116207951070336,False,0,23.2,2026-04-14
Cole Sillinger,CBJ,PIT,1.0,C,14.847795484323775,0.34983957603258686,0.6301635407085605,1.6450445818741875,0.20784487618411082,0.27982643003440627,0.48767130621851706,0.5152990783115236,1.3719850819733148,0.4274151560658048,0.3695047309280885,0.6362731056767336,0.18766696086049817,0.24408506580104317,0.38594532417122485,0.19827836331072668,2.0,0.10526315789473684,0.06561554940183642,3.1220657276995305,19.0,26.6048632218845,False,2,29.4,2026-10-03
Tyrel Bauer,WPG,ANA,1.0,D,14.796330041472103,0.5462706928469293,0.9471562540358771,1.102751988671157,0.06081983808989115,0.23581621278040069,0.2966360508702918,1.183667173351577,1.0561852793326412,0.7137083169433359,0.25190068442832797,0.670043110148497,0.05900724444235239,0.21007416113372068,0.2566855081990336,0.19767826375668118,0.0,0.0,0.04960498799513516,3.2037302725968435,27.0,27.10030395136778,False,2,2.0,2026-10-04
Eeli Tolvanen,NYR,WSH,0.0,R,14.781710858917702,1.2296367035564977,1.165178723182816,1.6827649378383327,0.2036261295255634,0.23081056326277583,0.4344366927883392,0.7604675519464661,1.599039133873606,0.42382469328588795,0.2680051003514699,0.5516258199658265,0.18423269450969204,0.20611015630702878,0.35237062135446306,0.16813792684477102,0.0,0.0,0.06845227724229275,2.305239179954442,24.0,27.072289156626507,True,5,29.4,2026-10-06
Viggo Bjrck,WPG,ANA,1.0,C,14.763710725638248,1.3248954303461162,0.9531018946541472,1.5845307183714064,0.22477633085015225,0.3239861218696787,0.5487624527198309,0.4740127380600033,0.9385628239822923,0.40107972134615383,0.35069046025083783,0.614392904028838,0.20130515782130398,0.27673972018938864,0.4223357449625442,0.22103058714124024,1.0,0.05263157894736842,0.05359061824661644,1.7419354838709677,19.0,27.123867069486405,False,4,3.8,2026-10-07
Haydn Fleury,WPG,ANA,1.0,D,14.762264507269336,0.2742557983084804,1.2501083345395498,0.9444773227975627,0.05771126617448266,0.19154556764770592,0.24925683382218858,1.3469160481333289,1.1407089130198231,0.36092771265699825,0.22030535239476606,0.7797400706217218,0.05607754956540545,0.1743180001372444,0.22062022340981124,0.1645426738444058,1.0,0.038461538461538464,0.03548032513630813,3.4838709677419355,26.0,27.085626911314986,False,0,29.0,2026-04-16
Connor Dewar,PIT,CBJ,0.0,C,14.647969631805147,0.31971985532476843,2.1295022012519498,1.3763753619526256,0.18361448900613528,0.24095053999466276,0.42456502900079807,0.6147258659557041,1.3556221113999238,0.3595644706828619,0.26434488886574764,0.4605956016909383,0.16774341394619863,0.21411950491940412,0.3459457821179521,0.1782023681717535,0.0,0.0,0.042718630835301176,1.8083140877598152,30.0,28.145015105740182,False,4,29.4,2026-10-07
Tristan Broz,PIT,CBJ,0.0,C,14.628452658703903,1.1273516122854057,0.7317453511857087,1.6157937448435955,0.19899341093350806,0.2791333539178844,0.4781267648513925,0.5424599933636431,0.9962783419618322,0.35308575815503457,0.3035292143772561,0.5375645118872309,0.180444706580543,0.2435609776185056,0.3800563950582071,0.19961168847766408,2.0,0.10526315789473684,,2.782608695652174,19.0,27.883895131086142,False,0,1.0,2025-11-26
Luca Pinelli,CBJ,PIT,1.0,C,14.627066260686913,1.0922911757165983,0.508341786361222,1.6557720325263332,0.21411387040745475,0.2991150905436966,0.5132289609511513,0.5084825191650337,1.1302524449585918,0.33096377284345513,0.3167873621293538,0.6206362946993551,0.19274354283284845,0.25852593212950703,0.4014402708895497,0.20869672805670125,2.0,0.08,0.06155135602979575,2.3981042654028437,25.0,26.14022140221402,False,0,2.9,2025-12-01
Jordan Kyrou,WSH,NYR,1.0,R,14.6264705016621,1.6759083099407175,0.12125681599210905,2.1074211810266315,0.23629237228634864,0.3247150013810191,0.5610073736673677,0.42665313105675534,0.657879629797974,0.28378031345496385,0.3122781695386636,0.7316219913720401,0.21045020229599887,0.2772666977138183,0.4293660673860006,0.21891586509000172,1.0,0.037037037037037035,0.1177451913343695,2.319702602230483,27.0,25.439393939393938,True,3,29.4,2026-10-07
Andrei Kuzmenko,PIT,CBJ,0.0,L,14.534689929271192,2.329058495659887,0.11683057746135822,1.4981935412536376,0.21329915672551256,0.2986458659333638,0.5119450226588763,0.3671560737084253,0.6164405167871654,0.33813157290187695,0.23405700579743383,0.6249652502817108,0.1920855919679657,0.25817793261035415,0.40067126355979443,0.20858567159182873,1.0,0.03225806451612903,0.05582316032525413,3.4011976047904193,31.0,28.136363636363637,False,2,29.4,2026-10-05
Kaapo Kakko,SEA,DET,0.0,R,14.522596044212218,1.4823327156552228,0.11691895563502906,1.2977270942860362,0.19506220125297724,0.30774918456940703,0.5028113858223843,0.3743823441016795,0.8078947522175304,0.3319639520800885,0.2825599055025266,0.599610550272459,0.17721652169896684,0.2649003307708966,0.39517213725373934,0.2179556155547725,2.0,0.07407407407407407,0.05224807393075312,3.323671497584541,27.0,26.42296072507553,False,4,29.4,2026-10-06
Morgan Barron,WPG,ANA,1.0,C,14.497105433401433,0.32050053319601046,1.5550367835188714,1.4603423548452334,0.2097481399120606,0.2759977944224305,0.4857459343344911,0.6156993843404803,1.6817838152217113,0.42659800104551543,0.3144006517767345,0.5899978356358158,0.18921157449908255,0.2411853956161334,0.3847619016645033,0.19555032716542076,0.0,0.0,0.04978247855409797,1.7419354838709677,19.0,27.123867069486405,False,4,29.4,2026-10-07
Ryan Leonard,WSH,NYR,1.0,R,14.462005827298814,1.9182900268175052,0.11756855163046495,2.0808996884614768,0.24603632116937751,0.2943400438187962,0.5403763649881737,0.3998488023637954,1.673244942035535,0.48560510792607536,0.27049254868378614,0.7014971157339709,0.21810617488833395,0.254976892137719,0.4174710323969797,0.19936485750864574,2.0,0.07407407407407407,0.07289876423187965,2.319702602230483,27.0,25.439393939393938,False,3,27.9,2026-10-07
Berkly Catton,SEA,DET,0.0,C,14.406522330077147,1.1820877724002792,0.19672803003830505,1.4423054113452642,0.19370279674198418,0.2593738061010001,0.45307660284298423,0.4899366518774364,0.6026848405596079,0.4408834298720558,0.27176093477530466,0.5750880388544742,0.17609726553842076,0.2284654351941191,0.3643305623248102,0.18823329678638945,3.0,0.1111111111111111,0.04835978242615715,3.323671497584541,27.0,26.42296072507553,False,4,26.8,2026-10-06
Noah Laba,NYR,WSH,0.0,C,14.322010592729455,0.5327354665806833,1.4288929756369688,1.1297114210740438,0.1593627214070126,0.23351470534335245,0.3928774267503651,0.5030275680368014,1.287345927100575,0.4470473164587161,0.2670817196701055,0.5588305862200581,0.14731298496414547,0.20825404724144259,0.324888506875587,0.17757552191144155,0.0,0.0,0.04076893236940431,2.305239179954442,24.0,27.072289156626507,False,5,27.5,2026-10-06
A.J. Greer,ANA,WPG,0.0,L,14.255479872650033,0.6086742170000266,0.7815499467305754,1.6095635406955706,0.22745574493656726,0.25320118082474263,0.4806569257613099,0.4241749273162532,1.890427342417985,0.6753481398162896,0.22251987316627625,0.5842658236109282,0.20344232757220881,0.22368831291289382,0.38162296945540297,0.17818064188319416,1.0,0.03225806451612903,0.03903115775761125,5.5,31.0,26.13939393939394,False,3,29.4,2026-10-07
Cole Beaudoin,NYR,WSH,0.0,C,14.240952658703904,1.1815182789520724,0.840078684519042,1.4795011883675617,0.18393934077937746,0.2645256849866013,0.44846502576597874,0.5471335778984748,1.0831508133123877,0.4197123714024196,0.3231777596471316,0.5303124728803583,0.16801373006525822,0.23243006640907926,0.36139235403763237,0.19337862397237415,0.0,0.0,,2.305239179954442,24.0,27.072289156626507,False,1,1.0,2026-10-06
Tye Kartye,NYR,WSH,0.0,L,14.169052099380691,0.37366923341706026,1.4419147146061073,1.3152743811492495,0.1669274827312171,0.23381688482940635,0.4007443675606235,0.5640203441409444,2.030103316665727,0.5154306378987871,0.27813400347658884,0.468225979432865,0.15373902235312076,0.2084932604820452,0.3301787328014417,0.17643971044832096,1.0,0.041666666666666664,0.042176106131412844,2.305239179954442,24.0,27.072289156626507,False,5,29.3,2026-10-06
Jonathan Toews,WPG,ANA,1.0,C,14.151157458263237,2.2459405675579585,0.296955975674485,1.3797998967287022,0.21607053128968687,0.33430947705974806,0.5503800083494349,0.4448685390353284,0.5612381279911067,0.40255944532540877,0.28086918682627104,0.7754477607262883,0.1943215256724241,0.2841677857050722,0.4232693937123322,0.22894786803990808,0.0,0.0,0.06125713965912306,3.4838709677419355,26.0,27.085626911314986,False,0,29.1,2026-04-16
David Perron,DET,SEA,1.0,L,14.110471564188167,1.5201635191042078,0.1197708694687313,1.676475448792798,0.21865648828771922,0.26129238058761584,0.47994886887533506,0.37494709490811207,1.3926432625635552,0.41223085645364027,0.28943406387959136,0.5720447528766964,0.19640228402593018,0.22994426265176127,0.3811849682942272,0.18478268426829703,1.0,0.04,0.07290881695776294,1.9219219219219221,25.0,25.862385321100916,False,0,29.4,2026-04-15
Ilya Protas,WSH,NYR,1.0,L,14.110109661524122,1.7463464993324789,0.2073279831216015,1.6253258138609838,0.22165012397557315,0.31853721846873106,0.5401873424443042,0.4471851979431393,0.9699186471949605,0.35635770760440894,0.3064610005584537,0.5481176664060722,0.19880436555472802,0.2727879882656179,0.41736091088224925,0.21855654532752122,1.0,0.037037037037037035,0.05415104598941861,2.319702602230483,27.0,25.439393939393938,False,3,6.3,2026-10-07
Shane Wright,SEA,DET,0.0,C,14.092454369862663,1.4760196392021607,0.21379757836805993,1.3543854268261968,0.20200247541573457,0.2649514304993339,0.46695390591506847,0.7161465887691584,0.7845462368371459,0.2856229105613104,0.22387991462634052,0.6194807662659646,0.18290709470490119,0.23275678630931318,0.3730910134575284,0.1901839187526272,4.0,0.14814814814814814,0.04611144994655687,2.751660026560425,27.0,26.42296072507553,False,4,29.3,2026-10-06
David Kampf,WSH,NYR,1.0,C,14.066682608798986,0.32120387519259136,0.9819533279737311,1.1376203904675266,0.15037904776766625,0.22357179425651977,0.37395084202418605,0.5838046725942346,1.1328322376754203,0.32246670275722034,0.2850964187127099,0.4848818621009418,0.13961821118776996,0.20034252100751138,0.31198926778736435,0.1723710565995944,0.0,0.0,0.036936072172314816,4.3076923076923075,32.0,25.439252336448597,False,0,29.4,2026-04-02
Blake Lizotte,PIT,CBJ,0.0,C,14.011752021775491,0.31157779958585513,1.7959458223382971,1.1445168603263267,0.15862704579173284,0.24550261266917586,0.4041296584609087,0.6508068573598592,0.894842811790434,0.4195190522011499,0.26264233864882086,0.5136608149039629,0.146685453118082,0.21768876012862215,0.33244243882852376,0.18575698571044175,1.0,0.03333333333333333,0.038958154984976776,1.8083140877598152,30.0,28.145015105740182,False,4,29.4,2026-10-07
Nikita Klepov,ANA,WPG,0.0,R,13.972307569211072,1.4200578759268145,0.4394905407087354,1.6381632265000017,0.21177561544150247,0.2720923451202655,0.48386796056176795,0.41047220207525886,1.274600038635826,0.3791047599002093,0.2773411214842815,0.4813681325423418,0.1908537628804221,0.2382160891852253,0.3836054150659889,0.19275165218556678,0.0,0.0,,5.5,31.0,26.13939393939394,False,1,1.0,2026-10-07
Mathieu Olivier,CBJ,PIT,1.0,R,13.962822267696591,0.33760699602247574,0.5655848757361417,1.7048490613182627,0.2544499402881801,0.24663010546190675,0.5010800457500868,0.5231204093909526,2.5361663251101603,0.7029555855726279,0.2797889948656466,0.5053012499858673,0.22465713444029722,0.2185703133474104,0.3941240675173606,0.1694669330770634,1.0,0.05263157894736842,0.04790938643444566,3.1220657276995305,19.0,26.6048632218845,False,2,29.4,2026-10-03
Conor Garland,CBJ,PIT,1.0,R,13.881041574570332,1.1912251540868244,0.24816014879095274,1.588573818279927,0.19854163933937677,0.2594088331204534,0.4579504724598301,0.40744312299437346,0.8818558626500492,0.35892879619334855,0.3041035450508057,0.6917442033876392,0.18007437113193692,0.2284924592770402,0.3674211944962743,0.1873468233643374,0.0,0.0,0.08094066078105602,3.1220657276995305,19.0,26.6048632218845,False,2,29.4,2026-10-03
Michael Rasmussen,DET,SEA,1.0,C,13.857040809328122,0.7102102249160932,1.651186747567957,1.2979569004846718,0.17125194649714962,0.22227632197046568,0.3935282684676153,0.7369454490978897,1.2138665009998129,0.26227824648192927,0.30392677163380954,0.5055128015242477,0.15739074572387646,0.19930591560332778,0.3253277546432165,0.16793700891934005,0.0,0.0,0.05037570551158942,3.9545454545454546,36.0,25.87878787878788,False,3,29.4,2026-10-06
Marco Kasper,DET,SEA,1.0,C,13.805224266241439,0.7876501834904093,0.8537987923083109,1.7448910698851274,0.20302804399670477,0.2500893099307198,0.4531173539274246,0.5066221428126353,1.6984120684982644,0.3285951229848699,0.27984507845261675,0.6303388962005971,0.18374464995771833,0.22126876846670807,0.36435646601593563,0.1806118160582173,4.0,0.18181818181818182,0.06440286540173534,1.917808219178082,22.0,25.859756097560975,False,1,29.2,2026-10-02
Tim Washe,ANA,WPG,0.0,C,13.792745908921448,0.3095464498252415,1.8771446220459036,1.1314882670415956,0.15488324803462816,0.2097658713934063,0.36464911942803446,0.5501651205984214,1.6007319538483797,0.3410177065496435,0.3041027143130387,0.3971723386343998,0.14348482852410704,0.18922595085146732,0.30555972626534045,0.1620748977412334,1.0,0.03225806451612903,0.030984677942022705,5.5,31.0,26.13939393939394,False,3,23.0,2026-10-07
Ryan Winterton,SEA,DET,0.0,C,13.729737923675335,0.32493650073590197,1.1119843042543474,1.5801410566350858,0.16891277477417282,0.23330528979233475,0.40221806456650755,0.5713452814740573,1.1822750264077893,0.3915233726737689,0.32188882721124773,0.5204737911505859,0.1554174309214481,0.20808822596430865,0.33116511940138216,0.17574768847993405,1.0,0.037037037037037035,0.05146725765295286,3.323671497584541,27.0,26.42296072507553,False,4,28.2,2026-10-06
Andreas Englund,DET,SEA,1.0,D,13.726836134499395,0.17883634537634194,0.5491516899727559,0.7632358144657333,0.037702944133011236,0.1617813507654987,0.19948429489850994,1.010878651133417,1.6462585927133413,0.566174599924341,0.21519097494335349,0.6181638111042631,0.037001037101328293,0.14937282681119546,0.1808469144057525,0.14384587730442422,0.0,0.0,0.021164664926852515,3.4285714285714284,36.0,25.848024316109424,False,1,29.3,2026-10-04
Ville Koivunen,PIT,CBJ,0.0,R,13.665600654891872,1.1626119178015915,0.1339648201710722,1.3312309711749926,0.17484894560194492,0.24850601780109702,0.4233549634030419,0.4588713505275687,0.622530354867681,0.35978665784617886,0.2895645048253068,0.5000796646791473,0.16041616597821862,0.22003483285422865,0.3451538545643137,0.18473768858609507,1.0,0.03333333333333333,0.03974055611779172,1.8083140877598152,30.0,28.145015105740182,False,3,24.2,2026-10-07
Conor Sheary,NYR,WSH,0.0,L,13.610149093059192,0.9544720376961979,0.6539845442104223,1.344635672452326,0.1749476553284695,0.2171036631603628,0.39205131848883235,0.4761793989320726,0.6776688737832915,0.3498593420026502,0.2740711620909353,0.5309963398908008,0.16049903697871515,0.19515346795472766,0.32433056126365256,0.1638315242849374,2.0,0.09523809523809523,0.05465622245186996,2.785714285714286,21.0,27.143730886850154,False,0,29.3,2026-04-15
Jacob Bryson,WPG,ANA,1.0,D,13.52777319863332,0.17901857151672163,0.8235862477703414,0.7927740250485726,0.044199276279649785,0.19310670299023125,0.23730597926988103,0.9162201868694614,0.583388920471593,0.29446764848888185,0.20328717360478452,0.5656945787179468,0.04323672175184046,0.17560599585950976,0.21125009003041773,0.16801336827857727,1.0,0.041666666666666664,0.016515785973930094,2.6666666666666665,24.0,27.095092024539877,False,0,29.3,2026-04-14
Nino Niederreiter,WPG,ANA,1.0,R,13.514020809138605,1.4157791595962117,0.11848328149610063,1.4830141099894174,0.22265187862077432,0.26935140565644233,0.4920032842772166,0.36529215759895783,1.0747467157369401,0.3530413923458612,0.24407738611872512,0.6379734602746978,0.199606565132587,0.23612522143922177,0.3885996421791542,0.1889930770465672,0.0,0.0,0.06986295363873574,3.2037302725968435,27.0,27.10030395136778,True,2,29.4,2026-10-04
Nick Robertson,PIT,CBJ,0.0,L,13.504469067047859,0.9540649130450578,0.32791247075898833,1.6767388388466562,0.19766333147338905,0.21911482932569085,0.4167781607990799,0.45677804523254606,0.8826675551989293,0.34041623657127285,0.24652503211545368,0.6490492993486354,0.17935390765452275,0.19677052144157525,0.3408328671643335,0.16147895950981073,1.0,0.03333333333333333,0.05980827727614545,1.8083140877598152,30.0,28.145015105740182,False,4,29.3,2026-10-07
Michael Brandsegg-Nygrd,DET,SEA,1.0,R,13.477221640227596,1.1665986635633907,0.14307980568033563,1.8618986403490467,0.21109677808470628,0.2675843531288173,0.47868113121352357,0.32102335681335886,1.9028878895842338,0.3034889800644686,0.33406082014548494,0.6394064895754976,0.19030429770991264,0.23477422128839986,0.3803999756956319,0.19009567798571925,1.0,0.027777777777777776,0.06196155098220749,3.9545454545454546,36.0,25.87878787878788,False,3,13.1,2026-10-06
Brendan Smith,CBJ,PIT,1.0,D,13.46063796249482,0.19034790820021144,1.0236702949251535,0.911171578359233,0.04822584635413681,0.1735461736084424,0.22177201996257923,0.9757454322498185,1.0344196709192224,0.486693883299191,0.2539122434836429,0.7594627598487603,0.04708145040709588,0.15932166688647575,0.1989020221352802,0.1518205717281843,0.0,0.0,0.03175904824364731,1.9448094612352167,22.0,26.289752650176677,False,0,29.3,2025-12-29
Brayden Yager,WPG,ANA,1.0,C,13.454740496043899,0.7831685319459252,1.3503885726695812,1.3635504897455142,0.19550961127480465,0.28290654618783734,0.478416157462642,0.4438288853388769,0.903033989684052,0.37379786333323667,0.31969763963690784,0.544303570201994,0.17758456093459218,0.24640978955298887,0.3802357761998283,0.2026512152652361,0.0,0.0,0.05670195877820083,3.4838709677419355,26.0,27.085626911314986,False,0,2.9,2026-04-16
Egor Zamula,CBJ,PIT,1.0,D,13.448193599553445,0.18243525052725196,0.5612883096526774,0.7411969277715291,0.03631684172003255,0.16201381421187505,0.1983306559319076,1.103945246169478,0.5664723493255065,0.22838627107676931,0.22281452824000048,0.7368032457849772,0.03566529639230953,0.14957054355360833,0.17990136217851949,0.14423606578620995,0.0,0.0,0.026151622311512242,2.4175824175824174,35.0,26.585889570552148,False,0,29.3,2026-04-12
Ian Moore,ANA,WPG,0.0,D,13.434547825337166,0.21432566822731178,0.6569571238185583,1.0041384963062336,0.05621125973879422,0.15695425157515186,0.21316551131394607,0.902259642890409,0.7922082237079032,0.29861480714148864,0.251657937845221,0.49841814085846037,0.05466059736193141,0.14525683892348618,0.19197761069895403,0.13731701333702262,0.0,0.0,0.03532982859071611,3.9885386819484236,40.0,26.134556574923547,False,0,26.8,2026-04-16
Bogdan Trineyev,WSH,NYR,1.0,R,13.405323079933757,1.082647604619903,0.35752709320311743,1.620409022504087,0.20778920534984419,0.25886767507431585,0.46665688042416004,0.4789780872663409,1.1494480589814722,0.34382193464374405,0.31417654719925814,0.5368542009152956,0.1876217363436753,0.22807483877456636,0.3729047778510537,0.1852830415073784,1.0,0.034482758620689655,0.05205528294758635,2.688073394495413,29.0,25.125448028673834,False,0,2.0,2025-12-18
Filip Hallander,PIT,CBJ,0.0,C,13.333004208542999,0.5552868540222107,1.0872992981781,1.5107293225313763,0.18966265575345656,0.2521020894533903,0.44176474520684683,0.5331882231608246,0.73783479752733,0.2847463757211536,0.2791567117449203,0.5549613010632295,0.1727618490909374,0.22283460637132957,0.3570991368241049,0.1843372877331675,0.0,0.0,0.05886136529344136,3.340909090909091,30.0,28.130699088145896,False,2,13.1,2026-10-03
Mason Appleton,DET,SEA,1.0,C,13.298081353154828,0.3474720307216975,1.078723867975913,1.1778014455104198,0.14717296308488867,0.207554017280873,0.35472698036576167,0.3885593573042305,1.331431825381801,0.3763789824084201,0.21428399585889135,0.43320780197160724,0.13685532766067476,0.18743065219909716,0.29863509653941045,0.16177976887873569,0.0,0.0,0.050382202128619255,3.4285714285714284,36.0,25.848024316109424,False,2,29.4,2026-10-04
Isac Lundestrm,CBJ,PIT,1.0,C,13.281515013898304,0.3171514864776,1.4189510595883714,0.9819478731623047,0.14249253268160283,0.20463623325602084,0.34712876593762365,0.5338418565530624,0.8391901099138941,0.21114824987600359,0.2515679266431853,0.5418387183525254,0.13280597011798945,0.1850562880806571,0.2932856783336608,0.16047970821567137,0.0,0.0,0.033076894826983776,2.7478991596638656,28.0,26.611620795107033,False,0,29.4,2026-04-14
Kent Johnson,CBJ,PIT,1.0,C,13.251600445905579,1.5369353660811857,0.19499743200639613,1.5090558916810635,0.19169478769553314,0.27978663574803986,0.471481423443573,0.4659123897054461,0.6141536637160133,0.3384578539708546,0.2236061561836257,0.6456289552376488,0.17444119925263646,0.2440549841071472,0.3759229392485498,0.20148173999591334,5.0,0.2631578947368421,0.06019583126489849,1.8380062305295952,19.0,26.6048632218845,False,2,29.4,2026-10-03
Judd Caulfield,ANA,WPG,0.0,R,13.21854402185484,0.8475713567674091,0.48477661541853306,1.439632032608069,0.18652456880417503,0.2344473284613499,0.420971897265525,0.37071136862177767,1.226210123798258,0.3505979621550281,0.2581477013232237,0.43950550362627705,0.17016182643069555,0.2089921036028578,0.34359145197489793,0.17342962554420238,1.0,0.03225806451612903,0.04764272071792154,5.5,31.0,26.13939393939394,False,3,2.9,2026-10-07
Vladislav Namestnikov,WPG,ANA,1.0,C,13.047120239724036,1.2523444071213399,0.6145889332194849,1.3480606336763505,0.190817209566684,0.27068535425509327,0.46150256382177723,0.5692195037748669,1.0348411723715667,0.3606622841660433,0.26780914404687933,0.6661344962334415,0.17371638891268804,0.23714351180512727,0.36966418619295527,0.19594779728026723,0.0,0.0,0.045372135097873315,1.7419354838709677,19.0,27.123867069486405,False,4,29.4,2026-10-07
Philip Tomasino,PIT,CBJ,0.0,R,12.993067658708734,0.8170743752689382,0.11684185009294429,1.5254380315161844,0.17606912710619385,0.22291215284392368,0.39898127995011756,0.48825215935122457,1.0504013593788437,0.26895678781996835,0.25373158649752725,0.46507427322362865,0.1614399858936706,0.19981485980401825,0.32899673754958225,0.16755675165591166,0.0,0.0,0.05934348330735494,2.6804123711340204,22.0,27.924242424242426,False,0,29.1,2025-11-16
Justin Brazeau,PIT,CBJ,0.0,R,12.912039198778302,0.935918855413794,0.11722413533090752,1.5056857342564058,0.18737098115463077,0.23441326619331634,0.4217842473479471,0.6259301173941938,1.264511304029749,0.3045202044924948,0.20847523447837216,0.5267033355380636,0.17086391453974548,0.20896515962099005,0.34412446898547044,0.17326055444572497,1.0,0.043478260869565216,0.051452407580016,2.3783783783783785,23.0,28.116207951070336,False,0,29.2,2026-04-14
Rafael Harvey-Pinard,PIT,CBJ,0.0,L,12.799569269406579,0.5136800511830221,1.2343653497198475,1.0183466235670007,0.1546686148501194,0.19023086183292803,0.34489947668304743,0.738585693761869,1.027382321705081,0.2619839275769176,0.21062175034468722,0.39020356221386365,0.14330097221514637,0.17323175732245488,0.2917084502947551,0.14840747807960875,2.0,0.08695652173913043,0.04735284262536063,2.3783783783783785,23.0,28.116207951070336,False,0,27.6,2026-04-14
Gustav Nyquist,WPG,ANA,1.0,R,12.793285858572155,1.792781340577332,0.312006714408808,1.4147241164364672,0.1955478127972542,0.2769131784385785,0.4724609912358327,0.36507243045917875,0.7755810072071905,0.3208807376069369,0.24906999335512223,0.5455430934978851,0.17761597785635952,0.24187968455722608,0.3765339657173661,0.19891798786100656,2.0,0.08333333333333333,0.05778227750379794,2.5803108808290154,24.0,27.129337539432175,False,0,29.4,2026-03-26
Ben Meyers,SEA,DET,0.0,C,12.776016206588258,0.32249492676060953,1.6811238849318355,1.1198545850962984,0.1480687539037209,0.19134168658760425,0.3394104404913252,0.40630488475957693,1.198008932682511,0.3841111546980039,0.2560518945023719,0.44911441487653675,0.13762817852544518,0.1741496420538765,0.2878099225525884,0.15018174402714324,0.0,0.0,0.03568336869930825,3.323671497584541,27.0,26.42296072507553,False,2,29.0,2026-10-06
Joona Koppanen,PIT,CBJ,0.0,L,12.76444086923084,0.35426694983595575,1.3243674883730174,1.1132185242816854,0.1401650014515188,0.1816116162572411,0.32177661770875987,0.38333394865198145,1.2952150149272732,0.2928214619787097,0.2663848799556045,0.491405326833477,0.13078519813822853,0.1660748394965469,0.275139906845445,0.14435470870721645,0.0,0.0,0.03387085693719939,2.3783783783783785,23.0,28.116207951070336,False,0,20.0,2026-04-14
Rutger McGroarty,PIT,CBJ,0.0,R,12.742831336570628,0.5365365572785942,0.3588383643834058,1.4937696354738528,0.17954853351872432,0.2180917828126287,0.397640316331353,0.4254737121327476,1.0572803171344596,0.30285658628106676,0.24706341661528325,0.5142826417908228,0.16435260694944054,0.195948359841276,0.3280963430233357,0.16374373607389514,1.0,0.043478260869565216,0.05319866235767854,2.3783783783783785,23.0,28.116207951070336,False,0,19.7,2026-04-14
Oliver Bjorkstrand,NYR,WSH,0.0,R,12.726219235957982,1.63821630214229,0.11681780368541363,1.5041972610304604,0.18015693610289585,0.2354294070915524,0.41558634319444826,0.4818456499481944,1.044089666597661,0.3827805970710499,0.20992566183861772,0.43858549677532893,0.1648608623551998,0.20976855422404372,0.3400467918348642,0.17518592947966438,3.0,0.125,0.07643679520744703,2.305239179954442,24.0,27.072289156626507,False,5,29.4,2026-10-06
Elmer Soderblom,PIT,CBJ,0.0,L,12.677705751138042,0.4446482566908509,0.39771803485349294,1.3862461748019717,0.17364382950912377,0.20706031846084486,0.38070414796996865,0.40493830875353887,1.3698935981408655,0.38583377228558424,0.2753421617376593,0.6081438041546787,0.1594037600777718,0.18702938862737117,0.31661996091289313,0.15721620083512133,0.0,0.0,0.04787122173377609,3.5738831615120272,38.0,28.100609756097562,False,1,28.6,2026-09-30
Kevin Hayes,PIT,CBJ,0.0,R,12.578006375895873,1.0382004911196825,0.13438397274082545,1.5723572207383207,0.1810817179091491,0.2232949485139222,0.4043766664230713,0.3724273040233949,0.9956671790243258,0.31539895370351434,0.2274532010556466,0.5234987961368871,0.16563282683101588,0.20012110859178778,0.33260731049818915,0.16697448366717327,2.0,0.08695652173913043,0.07581506168094855,2.3783783783783785,23.0,28.116207951070336,False,0,29.4,2026-04-14
Nikita Nesterenko,ANA,WPG,0.0,C,12.508353646484556,0.3369827043961401,0.6185947646511967,1.2108912433833712,0.14747255733997042,0.21470338440140282,0.36217594174137324,0.3514493588215739,1.516748998339447,0.30709747402608406,0.19507290638860195,0.42281370836165927,0.13711388211316378,0.19321929156700735,0.3038401265142635,0.16672624440109973,1.0,0.03225806451612903,0.047799448673053246,5.5,31.0,26.13939393939394,False,3,26.2,2026-10-07
Danton Heinen,CBJ,PIT,1.0,L,12.461549990302755,0.34265681547574506,0.41268895241304093,1.2121180185808844,0.17623054183333242,0.22005572579558635,0.3962862676289188,0.45033603395572125,1.1093130981246537,0.3127402568049959,0.27697895817031676,0.5641095210604297,0.1615753309059038,0.19752592178997752,0.327185936520172,0.1656106056142682,0.0,0.0,0.04776891591099055,3.1220657276995305,19.0,26.6048632218845,False,2,29.4,2026-10-03
Brendan Gaunce,CBJ,PIT,1.0,C,12.444570806812322,0.3256852205290273,1.4396639065207675,1.251568233301535,0.1518799239575957,0.20587868046795343,0.35775860442554913,0.5739318730448675,1.3661288502466005,0.3124151307184044,0.31046584210906386,0.43234889533432513,0.1409085691528491,0.18606818387968627,0.30075815147717966,0.15984958232433055,2.0,0.09090909090909091,0.04347705427839934,1.690376569037657,22.0,26.48639455782313,False,0,26.4,2026-01-20
Dysin Mayo,CBJ,PIT,1.0,D,12.435291281278829,0.2591363850335257,0.9570803142010949,0.891174380981564,0.043888340956209984,0.1583390966162515,0.20222743757246148,1.016239464256031,1.127726786047218,0.324393456917661,0.19396798961220685,0.5633801718918685,0.042939183997361186,0.14643970651831373,0.18309088901296555,0.14015170501560437,1.0,0.023255813953488372,0.04091045298467002,4.230769230769231,43.0,26.398625429553263,False,0,13.6,2026-01-13
Keegan Kolesar,DET,SEA,1.0,R,12.42570985048601,0.3840480884632567,0.7470351723478285,1.1219319775460301,0.1575228773580843,0.20313554861669245,0.3606584259747767,0.4851666267433211,2.2437188252090836,0.48532971809987613,0.2306183430917887,0.532214731196405,0.14574272976453728,0.18383239646227578,0.3027828909472443,0.15704016118270703,1.0,0.027777777777777776,0.03303896266271471,3.9545454545454546,36.0,25.87878787878788,False,3,29.4,2026-10-06
Joseph Veleno,NYR,WSH,0.0,C,12.419238910226337,0.3051057784167328,1.7697731442622437,0.9664189183381894,0.12110589290340887,0.17342667823218227,0.29453257113559117,0.5249811714220112,1.7681485474808136,0.3179345875038928,0.24370284889042015,0.40656051214448435,0.11405986014811453,0.1592212037104237,0.2551203156307128,0.14106045548259827,1.0,0.045454545454545456,0.04013478211716843,4.0,22.0,27.08761329305136,False,4,29.4,2026-10-04
Avery Hayes,PIT,CBJ,0.0,R,12.386880032827918,0.5318059689721087,0.18466479087373786,1.5726954184152822,0.19596098379566135,0.20308846225711558,0.3990494460527769,0.4929874550863937,1.1775125535920217,0.4142362231068063,0.25376890499475646,0.47389546481401457,0.1779556928988283,0.18379396519623348,0.32904247566794287,0.15108678276911458,3.0,0.13043478260869565,0.05339125378221196,2.3783783783783785,23.0,28.116207951070336,False,0,12.5,2026-04-14
Cole Koepke,WPG,ANA,1.0,L,12.30838488843486,0.3380749031154716,1.5684507092554163,1.5016221795905433,0.19522940356576043,0.2120602683101842,0.40728967187594467,0.445387667446836,1.8635243859605788,0.27231771196074844,0.2694453737572875,0.5775860626453845,0.1773540814989798,0.19108405589966193,0.3345486001754574,0.1571945186764776,0.0,0.0,0.044525336940546896,1.7419354838709677,19.0,27.123867069486405,False,2,29.3,2026-10-07
Brad Lambert,WPG,ANA,1.0,C,12.299589845380877,1.105114615683418,0.20256995077160997,1.2884620959253343,0.17459502777618152,0.2518888386317177,0.4264838664078992,0.40527117552010045,0.961942763189337,0.3161006758046474,0.22489918868147063,0.6446949567970659,0.1602029536084726,0.22266885754015364,0.34719960249406945,0.18699664888559686,0.0,0.0,0.03961033262690599,1.7419354838709677,19.0,27.123867069486405,False,4,20.6,2026-10-07
Sam Colangelo,ANA,WPG,0.0,R,12.191964166979766,1.001236914507419,0.11874404860492026,1.2893296781298194,0.18017049287781586,0.19859035555403567,0.37876084843185154,0.39257894808536004,1.346511749583841,0.3014545262599366,0.1855303894159581,0.4965766062977719,0.16487218407177262,0.18011431383194065,0.31529065759965247,0.15041847352787985,0.0,0.0,0.04733787175043741,2.4615384615384617,20.0,26.1580547112462,False,1,23.2,2026-10-04
Taylor Raddysh,NYR,WSH,0.0,R,12.18712658150547,0.8458165175828077,0.6071578387873097,1.091615219535832,0.15274614666948844,0.2017105433634643,0.35445669003295277,0.5152241229183538,0.7714978282793505,0.32495605671933825,0.21457557708634312,0.4124733238426011,0.1416524114487846,0.1826685242746796,0.29844549876416504,0.15679308731538044,1.0,0.047619047619047616,0.05758094135267818,2.785714285714286,21.0,27.143730886850154,False,0,29.4,2026-04-15
Adam Sykora,NYR,WSH,0.0,L,12.15926510296541,0.5330328976062186,0.19301129703207354,1.450556527007204,0.17690611004962753,0.19639933354626143,0.37330544359588896,0.5544200068194365,1.2245439951240515,0.3860296747835428,0.23293803595920054,0.4230624259752119,0.16214155268184904,0.17831595684925317,0.31154508341961473,0.1494035307377657,1.0,0.047619047619047616,0.05484860346728527,2.785714285714286,21.0,27.143730886850154,False,0,9.3,2026-04-15
Jonny Brodzinski,NYR,WSH,0.0,C,12.104522697603965,0.8642522744099843,0.19459351985921036,1.3594755688811262,0.15380891511941988,0.21386934841375507,0.36767826353317495,0.3984206980636215,0.9147702253499072,0.2893797705879729,0.2334503652290709,0.3974136234302326,0.14256415161481428,0.19254612673921023,0.3076601031487306,0.16509595153391632,3.0,0.1111111111111111,0.05219646432547758,2.8949771689497714,27.0,27.144171779141104,False,0,29.3,2026-04-13
Nathan Gaucher,ANA,WPG,0.0,C,12.016820880330602,0.7831685319459251,0.6437129068499322,1.2420632214699858,0.15863130293536773,0.22595665786373317,0.3845879607991009,0.42468550330691074,0.995401879661973,0.2896264092098186,0.2720648685812439,0.41512261398241673,0.1466890857929415,0.20224732277837698,0.3192689336888884,0.17257984789594694,0.0,0.0,0.053502664414873724,3.197674418604651,39.0,25.993788819875775,False,0,2.9,2026-04-04
Dylan McIlrath,WSH,NYR,1.0,D,11.903169791163803,0.19166626465009715,0.439364923056346,0.771449814206043,0.03848444922288122,0.14784521462647723,0.18632966384935845,0.8965308586331566,1.448337484814587,0.5386561916355939,0.15762784489353998,0.5947358908471541,0.03775333169305817,0.13743538300387448,0.17000007109602489,0.13224673940296672,0.0,0.0,0.02171786522794381,2.319702602230483,27.0,25.439393939393938,False,1,22.0,2026-10-07
Isak Rosen,WPG,ANA,1.0,R,11.897118771148026,1.2559215274951692,0.1175528899426177,1.2856884999090061,0.18843556754299953,0.23349166265702878,0.4219272302000283,0.4597140215139999,0.74354126340613,0.24655610468233174,0.21476343224785457,0.5771312430054,0.17174613184884102,0.2082358030776087,0.34421824123543354,0.17247210938659252,1.0,0.05263157894736842,0.03856394341412892,1.7419354838709677,19.0,27.123867069486405,False,4,25.1,2026-10-07
Mikael Pyyhtia,CBJ,PIT,1.0,L,11.854041197526335,0.33683256450955135,0.892563353861167,1.0999546786012806,0.14491385035724985,0.17225931362435634,0.3171731639816062,0.5168828123663232,0.7922997269974608,0.24325717661684693,0.2657699571850522,0.5006275821826854,0.13490318231764975,0.15823913519613708,0.27179535460863513,0.13689217229098538,1.0,0.027777777777777776,0.034890552829919215,4.835164835164835,36.0,26.455479452054796,False,0,26.9,2026-01-15
Ethen Frank,WSH,NYR,1.0,R,11.845415038878356,1.1816088219784409,0.1349133951952864,1.4569719824661895,0.19620476959077177,0.22920587131076794,0.4254106409015397,0.5884710263033638,0.9322745737743372,0.2813791684410672,0.20050509851470222,0.48324479078365423,0.17815607119816712,0.20483518496954312,0.3464986243703866,0.16834255317221947,1.0,0.047619047619047616,0.048379599206924626,1.8571428571428572,21.0,25.46749226006192,False,0,27.9,2026-04-05
Brendan Brisson,NYR,WSH,0.0,C,11.79238086898391,0.6428679306677558,0.21858611860398341,1.152642993142414,0.13933703543700743,0.2107856726954273,0.35012270813243473,0.35732303437518403,0.8649771051444473,0.2612606615847822,0.2463691800847018,0.37390462425139065,0.13006521980531172,0.19005235782535823,0.2953983759355969,0.1653331561302852,1.0,0.030303030303030304,0.046648806412716314,4.2439024390243905,33.0,27.318032786885247,False,0,17.8,2026-03-02
Frank Vatrano,ANA,WPG,0.0,R,11.773102895788462,0.8466903519537644,0.5606648646141955,1.4614311913674962,0.17396387298921223,0.19961579651512706,0.3735796695043393,0.4086382877742885,1.1513518602943387,0.4234448217803877,0.18832020524281276,0.38639110051195114,0.15967274437811396,0.1809546272784014,0.3117338497110542,0.15206110533294026,0.0,0.0,0.1072366526131189,3.523510971786834,20.0,26.176829268292682,False,1,29.4,2026-10-02
Justin Dowling,NYR,WSH,0.0,C,11.770113140828729,0.3183664332803053,0.3685533286396384,1.0082083632098966,0.12601114999198237,0.1817986375741345,0.3078097875661169,0.4638760058498339,1.0064974514262421,0.27272072089092625,0.2764758032437629,0.4790702201509315,0.1183949831602551,0.16623078669507496,0.26494487866385075,0.14654989550359565,1.0,0.041666666666666664,0.028645602261752293,2.8949771689497714,24.0,27.46712802768166,False,0,25.1,2026-01-05
Jani Nyman,SEA,DET,0.0,R,11.760927995697655,1.0131578134154124,0.1198998299402427,1.3367823772132086,0.1712649499050129,0.21223292150563614,0.38349787141064906,0.3595218932212342,0.9619141207981217,0.3180427984958347,0.16448080469170065,0.4280115548272341,0.15740170244444174,0.19122370576641812,0.3185264713754905,0.16112476893104877,1.0,0.045454545454545456,0.05255301157478517,2.8087167070217918,22.0,26.43730886850153,False,0,22.0,2026-04-16
Sam Poulin,PIT,CBJ,0.0,R,11.704225360668106,0.5186950362643853,0.303283611177299,1.1557931563297472,0.15028705955480892,0.19977654424278737,0.35006360379759627,0.4188363640545322,1.0882111009537445,0.33677931529563887,0.2419645474094361,0.49936154317783993,0.1395390625643277,0.1810862763794866,0.29535672969455595,0.15581766713022827,0.0,0.0,0.03374158017678708,4.2110091743119265,32.0,27.86842105263158,False,0,11.9,2025-11-22
Dmitri Voronkov,CBJ,PIT,1.0,L,11.697212948925909,1.198268521166779,0.11749466659854585,1.379708648295885,0.1988547868464978,0.23492246265539946,0.4337772495018972,0.41289199445053965,1.3632250682266718,0.4138252349710582,0.20143790581446222,0.4793212680839221,0.18033108860132596,0.20936784923033247,0.35194340566183424,0.17161231706050828,1.0,0.05263157894736842,0.06818586146976374,3.1220657276995305,19.0,26.6048632218845,False,2,29.3,2026-10-03
James van Riemsdyk,DET,SEA,1.0,L,11.647354179007785,1.5193534768410222,0.11681759143378714,1.3338100105868405,0.19944215123664868,0.2560104756683011,0.4554526269049498,0.3111576143817478,0.6413426356392133,0.2510846191137285,0.21570918691715524,0.5125644801294419,0.18081239156764628,0.22586614081975775,0.3658391352916289,0.18502674372398265,1.0,0.04,0.05883397324846477,1.9219219219219221,25.0,25.862385321100916,False,0,29.4,2026-04-15
Nate Danielson,DET,SEA,1.0,C,11.513739755241986,1.2259982580797828,0.24077205959074316,1.226114927409388,0.16248934004040808,0.2470116869766716,0.4095010270170797,0.3520945406684573,0.6640955433412347,0.26590680410406237,0.2739232513980023,0.5252381895247049,0.14997484858913168,0.21886843558834013,0.3360185236891704,0.18604367510003872,1.0,0.027777777777777776,0.04003210544257202,3.9545454545454546,36.0,25.87878787878788,False,3,19.3,2026-10-06
Carter Mazur,DET,SEA,1.0,L,11.507824287369047,0.5339467544427885,0.17609748606191747,1.2135718739756107,0.1631605175476444,0.21627054432200374,0.37943106186964815,0.42528850934938,1.1056952291077422,0.2711423522756297,0.22781879169309507,0.4704739921001587,0.15054517493482633,0.19448265575255164,0.31574940525532047,0.16520423032049414,1.0,0.027777777777777776,0.028579805725841335,3.9545454545454546,36.0,25.87878787878788,False,1,8.6,2026-10-06
Hendrix Lapierre,PIT,CBJ,0.0,C,11.488606926012839,0.6836207581938339,0.19841066485666617,1.008712785837238,0.14780727623079593,0.2216792627890817,0.3694865390198776,0.43905817751414666,0.8611159654135084,0.3177458272191587,0.2010734532686362,0.4667198646581347,0.13740265806537233,0.1988277111047716,0.30891091316729424,0.1715082551019219,1.0,0.03333333333333333,0.031226428798371727,1.8083140877598152,30.0,28.145015105740182,False,4,29.2,2026-10-07
John Leonard,DET,SEA,1.0,L,11.461119608039144,1.0208685814596277,0.13112888300100267,1.3456516732067911,0.1790364356941683,0.20985495924347028,0.3888913949376386,0.5093304010783302,0.9760222131589975,0.25424671080056427,0.26129039132122167,0.5615973781582084,0.16392456414682366,0.18929817775107627,0.3221921206162668,0.15826755646944313,0.0,0.0,0.04138644268407769,1.9111969111969114,25.0,25.731629392971247,False,0,16.1,2026-03-16
Brett Leason,WSH,NYR,1.0,R,11.409247609063073,0.5401100717546324,0.8399915766870967,1.0975340335491706,0.1372701314331432,0.18344639807231602,0.32071652950545926,0.5058416626218414,1.0701470950416343,0.2713036793563849,0.1914408251075754,0.44464971503137374,0.12826528862333253,0.16760350740129015,0.2743710837735134,0.14610579515018085,0.0,0.0,0.047936920016577615,1.7920489296636086,24.0,25.35374149659864,False,0,29.3,2026-01-17
Jake Christiansen,CBJ,PIT,1.0,D,11.40323762988604,0.17865578171474503,0.48655063495755785,0.7810932739217438,0.034979934725302454,0.14532088049975453,0.18030081522505698,0.8354826630947522,0.8429322719560415,0.23506172721280605,0.14812083633384157,0.5272055528322459,0.03437520841012187,0.1352552311465285,0.16498101279742916,0.1306058043873073,0.0,0.0,0.03127218920005651,3.1220657276995305,19.0,26.6048632218845,False,2,29.2,2026-10-03
Luca Del Bel Belluz,CBJ,PIT,1.0,C,11.343380968302409,0.6628067029096557,0.207347318306914,1.1140563372289898,0.1458399248750605,0.21284238043040754,0.3586823053054681,0.538545890201354,0.6716923017962274,0.24991676480174776,0.23425876043905347,0.414059193973912,0.13570395559085358,0.19171647152158589,0.30140374357503896,0.1656997879841854,0.0,0.0,0.04342794714164285,2.8225806451612905,10.0,26.59190031152648,False,0,19.0,2026-04-02
Brett Berard,NYR,WSH,0.0,L,11.342109860501496,0.3352776591643662,0.11891916756772307,1.3489185697627764,0.14860701251858943,0.1667656403426573,0.3153726528612467,0.504441830550938,1.170116832707589,0.3348411384928304,0.19909813983100783,0.4822457518065196,0.13809223268579496,0.15360205037151609,0.2704830329763924,0.13239080029059747,0.0,0.0,0.0554281348124245,3.5365853658536586,21.0,27.42,False,0,23.8,2026-01-29
Miles Wood,CBJ,PIT,1.0,L,11.247411612624843,0.33474565326051886,0.3000725883087974,1.323484239302366,0.16360915128052186,0.18461184421556992,0.34822099549609176,0.37488516365816116,1.1601889732416337,0.37672263016782326,0.20019032899581582,0.5380969562791929,0.15092618355085674,0.1685730555954037,0.2940571512157397,0.14313096766488298,1.0,0.03571428571428571,0.06548843183453978,2.7478991596638656,28.0,26.611620795107033,False,0,29.3,2026-04-14
Sheldon Dries,DET,SEA,1.0,C,11.166907463054324,1.0876849141602234,0.7233115197025408,1.2923231436524305,0.16036069283931537,0.20463533486766458,0.3649960277069799,0.4917652360383783,1.1327942995053513,0.30075645524561434,0.233027881985944,0.3978419782401871,0.14816351777153425,0.18505555594438639,0.3058005915640334,0.15763707379249914,0.0,0.0,0.055846589709162654,2.731707317073171,44.0,25.736507936507937,False,0,26.6,2026-03-21
Oscar Fisker Molgaard,SEA,DET,0.0,C,11.130831386931215,0.41349372264617745,0.3093231929188088,0.9736834659175069,0.13325352791193631,0.1988164745627178,0.3320700024746541,0.4997344925096561,0.8784381946614932,0.28154006701434786,0.20174446511535588,0.4344307995490818,0.12475683459450881,0.18029968461181134,0.2825629012757622,0.1578060666812534,0.0,0.0,0.032214469447521724,2.427843803056027,33.0,26.427692307692308,False,0,10.6,2026-04-13
Parker Ford,WPG,ANA,1.0,C,11.003395091111509,0.3867502929747664,0.6318984300445726,1.0632008346962094,0.1534944194429363,0.2105687006397131,0.3640631200826494,0.5309216846650067,1.1660811978539032,0.3055685150528823,0.2555090127117734,0.4032831542185438,0.14229444933975843,0.18987660275413465,0.3051526654624894,0.162858216122731,0.0,0.0,0.0359090421304661,3.090909090909091,26.0,27.074766355140188,False,0,13.6,2026-04-04
Nikita Chibrikov,WPG,ANA,1.0,R,10.949963849652969,0.5777525208597192,0.265029261960409,1.3221938421754436,0.1857242537504148,0.2070518491371323,0.39277610288754705,0.4346614091054436,1.2126525585588066,0.45853172428955147,0.24520125216734226,0.5496895297909784,0.1694974286198807,0.1870225032869376,0.3248200985056292,0.1553226698857485,0.0,0.0,0.048235013948490564,3.4838709677419355,26.0,27.085626911314986,False,0,12.5,2026-04-16
Zachary Aston-Reese,CBJ,PIT,1.0,L,10.933114824701551,0.3673739413986304,0.501704289475262,1.044273616699361,0.1501096706294,0.18400587521680192,0.33411554584620196,0.49671470101772836,1.885633083895177,0.323860974126421,0.20517138980644686,0.449097516826995,0.1393864127844897,0.16806908396218267,0.2840289500332085,0.14464253724871878,0.0,0.0,0.04071340415581524,1.2298850574712643,16.0,26.540372670807454,False,0,29.3,2026-04-04
Ivan Miroshnichenko,WSH,NYR,1.0,L,10.790438407594559,0.5094820898045098,0.11786017984928923,1.2266373318287331,0.16744200655453412,0.18677602357135276,0.3542180301258869,0.4003466869103469,1.3613389374809732,0.23573280764135285,0.20734525505736182,0.46727030802130953,0.15417433178872253,0.17037046696249813,0.2982780458507449,0.14410371406202238,0.0,0.0,0.04589222542634425,2.2941176470588234,21.0,25.46177370030581,False,0,24.5,2026-04-14
Danil Zhilkin,WPG,ANA,1.0,C,10.593251654181072,0.5719307377276953,0.862172050799484,1.1312949035615674,0.15602096116976544,0.22569331240597992,0.3817142735757454,0.4459907449787577,0.829544360834175,0.26205181874067957,0.24491615002378841,0.42427291519455546,0.14445874296246275,0.20203721056958657,0.3173099120615245,0.17285116909906173,1.0,0.041666666666666664,0.04803688622213487,2.6129032258064515,24.0,27.100313479623825,False,0,5.5,2026-03-31
Jaroslav Chmelar,NYR,WSH,0.0,R,10.592423262882175,0.4420239737081354,0.12420769776858749,1.0953552335230679,0.13918763504582238,0.16777492382503437,0.30696255887085677,0.42678333449785905,1.3529214593875962,0.3334365971815077,0.2208960652573049,0.3226082038657266,0.12993524149968205,0.15445587489362111,0.2643218549879558,0.13438661348827374,0.0,0.0,0.037522240175060506,2.305239179954442,24.0,27.072289156626507,False,4,19.7,2026-10-06
Ryan Lomberg,CBJ,PIT,1.0,L,10.588036392367256,0.3344299367981275,0.13317316702564938,1.1737707562411994,0.1453071321702562,0.17525354535783452,0.3205606775280907,0.3130566649105981,1.5957703099044545,0.38041277673700424,0.19459518617838076,0.39023638615844203,0.13524334226878842,0.1607557926814389,0.2742579842589211,0.1390146419901327,2.0,0.10526315789473684,0.035537457239761434,3.1220657276995305,19.0,26.6048632218845,False,2,29.4,2026-10-03
John Hayden,SEA,DET,0.0,C,10.35513710591135,0.33337867933579013,0.45871613966441127,1.1233360824400604,0.13757054437753627,0.17337706770151898,0.31094761207905525,0.5920121476161393,1.3152593677714568,0.37905578235537685,0.20745479454561136,0.34642166639232874,0.12852712968251578,0.15917949119348773,0.26724773776858124,0.13872060808606546,1.0,0.05263157894736842,0.040278281241368,2.524390243902439,19.0,26.71031746031746,False,0,19.7,2025-10-21
Jacob Melanson,SEA,DET,0.0,R,10.339908426534322,0.34836631134707136,0.15350272641732368,1.1437507553848458,0.1476027101886156,0.16385337374062497,0.31145608392924057,0.3852808517783878,2.7587882722825423,0.47038688562410635,0.1750879457721954,0.37582812617551137,0.1372261818912366,0.15113352112784195,0.2676202269589263,0.1303940450676897,1.0,0.03125,0.03763153570199582,2.319327731092437,32.0,26.423780487804876,False,1,21.5,2026-10-01
Juuso Parssinen,NYR,WSH,0.0,C,10.29865812487328,0.3356135856666368,0.23369093719881862,0.9075718000322485,0.11804213022532598,0.15857300202668956,0.2766151322520155,0.4685968607417928,1.1280079880084077,0.38240795615092515,0.19101791066255522,0.3826388157386112,0.11134138756163858,0.1466393355410298,0.24165369601241338,0.1303123084507748,1.0,0.1,0.035200768179408,1.1301369863013697,10.0,27.196202531645568,False,0,29.2,2026-03-23
Walker Duehr,WPG,ANA,1.0,R,10.144350453444755,0.3574053846287063,0.1947754106496457,1.0707644869927953,0.15424120616246373,0.18505329008936475,0.3392944962518285,0.44936899048698503,1.5216816617500408,0.23676039379000377,0.19746664681538947,0.45780231648519154,0.14293473334670315,0.16894000458935432,0.28772734342848727,0.14479261008178412,1.0,0.03333333333333333,0.03346622373311131,2.9634146341463414,30.0,27.169934640522875,False,0,28.2,2026-03-05
Matt Rempe,NYR,WSH,0.0,C,9.950528333165268,0.3843998095440793,0.19506340845975015,0.8929904691174332,0.12072851335175927,0.1534875669482892,0.27421608030004846,0.36291450700172406,1.8866636548972249,0.46252989050330356,0.16349492552887596,0.3070649052025545,0.11372546136168538,0.14228857189692612,0.2398321997731383,0.12610673841145292,1.0,0.041666666666666664,0.027015628994565725,1.9375928677563152,24.0,27.125,False,1,27.9,2026-09-29
Jeff Malott,ANA,WPG,0.0,L,9.932748118262408,0.32950922150313244,0.14730309699513733,1.1419110278378233,0.1414349781471125,0.16364098771281357,0.3050759658599261,0.4118798619144085,1.7173066052046086,0.3296680631843604,0.17617377064464296,0.31567176756153853,0.1318883800241436,0.15095321460163635,0.26293261969253323,0.13104423966838963,2.0,0.06451612903225806,0.036404450767949965,5.5,31.0,26.13939393939394,False,3,27.0,2026-10-07
Sonny Milano,WSH,NYR,1.0,L,9.795479498746024,1.1192064665591346,0.11685222839937337,1.1705040193544867,0.15145426940225754,0.19405283604920787,0.3455071054514654,0.24428682445835023,0.6087934353541411,0.21402671505035425,0.22853695433418938,0.4553786418410782,0.14054281513494749,0.1763856134113223,0.29213869788813795,0.15159588275319047,0.0,0.0,0.04704872944416326,2.5203252032520322,28.0,25.442244224422442,False,0,29.2,2026-02-03
Curtis Douglas,SEA,DET,0.0,C,9.292622578643993,0.30543755148050555,0.21760150565671663,0.9378568237485083,0.12194018793661242,0.16108910854888547,0.2830292964854979,0.38846697895977705,1.3139456813172448,0.6792080416547488,0.18746339507918477,0.38403817150454345,0.11479868736371546,0.14878378291431182,0.24650228729845636,0.1317035999347409,1.0,0.037037037037037035,0.02805989460298294,2.652,27.0,26.421212121212122,False,2,23.2,2026-10-04
Anton Blidh,NYR,WSH,0.0,L,8.81067337332337,0.38440936606752,0.1399908851278972,1.0131639311820262,0.11364716363298623,0.14366852110172776,0.257315684734714,0.25051070364398836,0.9939449980345386,0.287409978676304,0.15966290704610017,0.28795387488806806,0.10742716751530745,0.1338251808476646,0.22687588824228377,0.11944872072697632,0.0,0.0,0.03815024429406678,2.305239179954442,16.0,27.374172185430464,False,0,14.2,2026-02-05
Dominik Shine,DET,SEA,1.0,R,8.728276749098995,0.38285829134607763,0.17562268758374305,1.017675177690365,0.1376931118356939,0.15349664839737479,0.2911897602330687,0.2898177244870931,0.9244698622752547,0.2754454165022497,0.2524838669062217,0.40668426627685433,0.12863393735137796,0.14229636112422184,0.25262615727341764,0.12399221992203968,2.0,0.07142857142857142,0.0274515422658983,6.0,28.0,25.84307692307692,False,0,17.8,2026-04-11
