name,team,opponent,is_home,position,toi,pp_toi,pk_toi,sog,goals,assists,points,blocks,hits,pim,takeaways,giveaways,p_goals,p_assists,p_points,p_assist_only,last_sog,last_share,share_norm,mate_lift,last_team_sog,team_sog_norm,squeezed,gp_30d,games_used,last_played
Quinn Hughes,MIN,BUF,0.0,D,25.81610840137636,2.5034636962236,0.3795475492341303,2.2932774556659745,0.12193294254650149,0.5115577844921645,0.6334907270386659,1.4093598914414853,0.5540795951039678,0.5492432667329131,0.4496000632882432,1.2457864842527897,0.11479227371164402,0.4004391356571466,0.4692640905035812,0.3544718167919372,4.0,0.13333333333333333,0.08956549124581067,3.1411042944785277,30.0,27.364741641337385,False,2,29.4,2026-10-03
Matthew Schaefer,NYI,NYR,0.0,D,24.484487402623568,3.0447992905720875,0.7799525101603526,2.6293988684891283,0.15942364605368153,0.44373968101329975,0.6031633270669813,1.5919720216309001,0.7916567675383389,0.5078286722163273,0.4421127293220788,0.934751526088012,0.14736493303678067,0.3583675718076762,0.452921691622465,0.3055567585856843,2.0,0.0625,0.09391476102009441,3.4054054054054053,32.0,25.595744680851062,False,2,27.8,2026-10-03
Moritz Seider,DET,OTT,1.0,D,24.37307950812957,2.787049602801921,1.7028049219244377,2.0213307353958885,0.1075259888559598,0.4752811270356982,0.582807115891658,2.0144583422751023,1.5344338048881128,0.5575485894698677,0.3812032264851535,1.1219084095329297,0.10194681722729326,0.37828974766521417,0.44167112912832296,0.3397243119010297,3.0,0.08571428571428572,0.07342182065132023,4.090909090909091,35.0,25.848024316109424,False,2,29.4,2026-10-04
Roman Josi,NSH,TOR,0.0,D,24.317597908356067,2.6883142622333356,1.4617095907241997,2.4252453243137797,0.14653229073078783,0.457785105593974,0.6043173963247619,1.464820139299427,0.7235103268428672,0.45193292568111415,0.3013168061795162,0.9842732722478785,0.13630215755004027,0.36731657827201103,0.453552693699678,0.3172505361496377,0.0,0.0,0.10969687741579673,4.962025316455696,26.0,28.237082066869302,True,2,29.4,2026-10-03
Seth Jones,FLA,LAK,0.0,D,23.960239688823048,3.221442193816251,2.4659656674867474,1.7492932281717217,0.10430730311475653,0.40438741530317496,0.5086947184179315,1.5880012609569727,0.9937665980159102,0.43506822323840916,0.3221532613791716,0.9807871346645042,0.09905160937045121,0.33261448418363604,0.39872009359577565,0.29966848422532444,4.0,0.12903225806451613,0.09629282414913937,4.9411764705882355,31.0,31.245454545454546,False,3,29.4,2026-10-04
Lane Hutson,MTL,CAR,1.0,D,23.809775188155164,3.0422988656781915,0.9514009880636126,1.4766248188676314,0.11639289385534594,0.535934699404378,0.6523275932597239,1.9741885852024645,0.7531570524882453,0.4829094212635482,0.5144888675799647,1.1668005503769998,0.10987457022573621,0.4148778788327715,0.47916792042559186,0.36929335019985565,3.0,0.12,0.051084698315458844,1.9172932330827068,25.0,24.72340425531915,False,2,29.3,2026-10-03
Brock Faber,MIN,BUF,0.0,D,23.468533173068273,0.6037224642748844,2.004679313163839,1.9410758213938466,0.09497602342000774,0.33834884935282916,0.43332487277283693,1.53593945763666,0.843011154844379,0.5679255796066243,0.3441432349845183,0.9494355158044046,0.09060526161747195,0.2870534664249268,0.35165017361876605,0.2610449120012941,1.0,0.045454545454545456,0.0653690992683709,2.355828220858896,22.0,27.384615384615383,False,0,29.4,2026-04-11
Thomas Chabot,OTT,DET,0.0,D,23.059530254269657,2.190729487247074,1.937855689162127,1.775217066667096,0.1024947624853522,0.3852272290069849,0.48772199149233714,1.937645227492821,0.8767062302259965,0.4759065928718035,0.36561547587403354,1.00038770562212,0.09741712296841476,0.3197039643522487,0.3859764469118707,0.28855932394345596,1.0,0.041666666666666664,0.0763240423906864,1.6129032258064517,24.0,28.534954407294833,True,2,29.4,2026-10-05
Mikhail Sergachev,UTA,NJD,0.0,D,22.975202522300847,2.4825446531478326,2.2479399405732026,1.9178209162873394,0.09980084468822338,0.42768792772707903,0.5274887724153025,1.667053455452574,0.8120987576937516,0.5730386844087992,0.3911011975953512,1.0381638993268048,0.09498236084054301,0.3479851411885694,0.4099150517815924,0.31493269094104936,3.0,0.1,0.06534451395310656,2.814432989690722,30.0,24.94242424242424,False,3,29.4,2026-10-04
Rasmus Dahlin,BUF,MIN,1.0,D,22.814055448334962,2.813162493220856,0.815230672061853,2.328753294209462,0.1677923424497071,0.4641214308580741,0.6319137733077812,1.1026755750276476,1.0424828176572924,0.6983691857648119,0.373198632022038,1.1491913244375593,0.1544706029811087,0.3713127921953321,0.46842648427142874,0.31395588129032004,3.0,0.10714285714285714,0.09328179415112034,2.5900000000000003,28.0,28.632218844984802,False,2,29.4,2026-10-03
Mike Matheson,MTL,CAR,1.0,D,22.579861536962213,0.41475180128613537,3.066900962930286,1.469658152561181,0.08215920041508788,0.31806429868554303,0.40022349910063093,1.6162054982818426,1.0844577062463685,0.4836238382374449,0.3026534691388545,1.187196153072119,0.07887469650779022,0.27244399398425756,0.32982975315116925,0.250955056643379,2.0,0.08,0.0808030731372549,2.3087557603686637,25.0,24.72340425531915,False,2,29.4,2026-10-03
Drew Doughty,LAK,FLA,1.0,D,22.42165653952945,1.181888421924643,1.3095818549863842,1.429368633826201,0.08106277748360571,0.35499326846657536,0.4360560459501811,1.2370036368060793,1.0725399859952351,0.6249036174515479,0.294525335069076,1.0175338909550844,0.07786419973758751,0.29882183680307184,0.3534185133538722,0.2755543136162847,0.0,0.0,0.05509176787334377,2.7927927927927927,35.0,28.762917933130698,False,2,29.4,2026-10-03
Luke Hughes,NJD,UTA,1.0,D,22.38219851490191,2.198315364361302,1.1057938555253528,2.08553499394832,0.1167924743632547,0.3760090997007285,0.49280157406398317,1.1094767101958856,0.6665525587054388,0.46649621266904334,0.49057583485816986,1.2351474588078517,0.11023017594577922,0.3134039148050223,0.38908752207974795,0.27885734613396873,3.0,0.08108108108108109,0.06406771947311037,2.1235521235521237,37.0,29.264437689969604,False,2,29.3,2026-10-03
Philip Broberg,STL,CHI,0.0,D,22.301268824613338,1.7869707205073269,2.1876941043477114,1.3624395228948996,0.09160647555117225,0.36970435928073614,0.4613108348319084,1.1355672806159731,0.7651836053232568,0.3866708693281918,0.31483349345964223,1.0455030508155239,0.08753584414441473,0.30906142997906394,0.3695433209577813,0.2820074768133666,3.0,0.11538461538461539,0.04248796356000516,2.395348837209302,26.0,24.890577507598785,False,2,29.3,2026-10-03
Brandon Montour,SEA,VGK,1.0,D,22.152194291641248,1.4093059852307208,0.6628658308341377,2.3099326002698546,0.11981649329017174,0.3188320926053326,0.4386485858955043,1.4337414728263396,1.3075798297486967,0.5360188676555877,0.4791562931931144,1.1725679723681368,0.11291679249731223,0.27300239266699444,0.35509263064025787,0.24217583814294563,3.0,0.1111111111111111,0.09384586933081271,2.672064777327935,27.0,26.421212121212122,False,3,29.4,2026-10-04
Adam Fox,NYR,NYI,1.0,D,22.03188006235168,2.8436898503216557,0.879609028871829,1.6516752974918882,0.12064234816087849,0.4917669210607426,0.6124092692216211,1.3880606177108539,0.7328813206435624,0.4071507298529208,0.44628018294891236,1.0311423539220952,0.11364909205675022,0.3884551125439545,0.4579566337552815,0.3443075416985313,1.0,0.045454545454545456,0.06695644002927098,2.179310344827586,22.0,27.08761329305136,False,4,29.4,2026-10-04
Jake Sanderson,OTT,DET,0.0,D,21.999435916604103,2.2750510309248906,2.164169586653228,1.9045475598889317,0.1274029161035267,0.4061518888973658,0.5335548050008925,1.7190586515325947,0.7362782879867237,0.3365979717898002,0.32300587240677464,0.9294334042736339,0.11962111770228834,0.33379103000616983,0.413483691620122,0.29386257391783366,0.0,0.0,0.07304264738156901,2.0418410041841004,29.0,28.533536585365855,True,1,29.4,2026-10-03
Vladislav Gavrikov,NYR,NYI,1.0,D,21.975926422409717,0.8246818226843947,2.279057030494448,1.4843797084903765,0.09863615346403151,0.3045960678850619,0.4032322213490934,1.35422184712467,0.9218636203771567,0.490986870551402,0.2762170672551275,1.1267494761660095,0.09392768066932855,0.2625788176617363,0.3318430789952035,0.23791539832587494,3.0,0.13636363636363635,0.051502531441626635,1.9613670133729568,22.0,27.08761329305136,False,4,29.4,2026-10-04
Artem Zub,OTT,DET,0.0,D,21.9421377427016,0.30232958572777,2.4378868718622253,1.2971393690990631,0.06388380772276926,0.3134412295839729,0.37732503730674216,1.5906164739725805,0.910219407842982,0.6707492844461124,0.3090328724293347,0.8082081917762008,0.06188600520023957,0.269072665355126,0.3143068381879559,0.25242083298771634,4.0,0.10526315789473684,0.037248206292471005,5.777777777777778,38.0,28.504587155963304,False,0,29.4,2026-04-15
Brady Skjei,NSH,TOR,0.0,D,21.905577582227536,0.7223920180573083,2.3279189969026044,1.3963813153981315,0.07325383530433346,0.2963525149697599,0.3696063502740934,1.1845132058260501,0.9484333250071103,0.5183826064113501,0.3687669767578727,1.0566253759752815,0.07063510553815089,0.2564747219739034,0.3089937084575597,0.2383586029194088,2.0,0.07692307692307693,0.0668010304844783,4.962025316455696,26.0,28.237082066869302,False,2,29.4,2026-10-03
Darren Raddysh,TOR,NSH,1.0,D,21.892531690059524,3.4675000496375374,0.5074958278133168,2.834232091587745,0.15275144401505739,0.49854461430276753,0.6512960583178249,1.2370336887909987,0.9123805145422005,0.6109382266948703,0.30826495048640173,1.0167449473933492,0.14165695840053605,0.3925859615678382,0.4786303867419246,0.33697342834138855,2.0,0.06896551724137931,0.06501867111026303,3.240641711229946,29.0,27.984848484848484,False,3,29.4,2026-10-03
Gustav Forsling,FLA,LAK,0.0,D,21.863998524341817,0.7078192883845894,2.378864634453814,1.5385966882347701,0.06788863553542994,0.29427035403469676,0.3621589895701267,1.4569588871389147,0.8575565746874592,0.5481437645116096,0.31649780160872065,0.7659120057777049,0.06563547721179275,0.2549249698289767,0.30382832499284274,0.23819284778105,0.0,0.0,0.06704147041695994,4.9411764705882355,31.0,31.245454545454546,True,2,29.4,2026-10-04
K'Andre Miller,CAR,MTL,0.0,D,21.78758908724139,1.0022221294376426,1.9104359319341808,1.5534015085462556,0.0849169691511467,0.337623744262028,0.42254071341317473,1.3558352088490766,1.3836379773908156,0.6457371194052418,0.427196361962804,0.8533725636058477,0.08141144757763119,0.28653631779306843,0.34462042895560174,0.26320898137797055,0.0,0.0,0.04992094782918295,2.2304038004750595,40.0,31.36060606060606,False,3,29.4,2026-10-03
Bowen Byram,CHI,STL,1.0,D,21.7016102869959,1.6340332182339683,1.3008545894637624,1.4004735193457092,0.10370556777522442,0.36430811804495555,0.46801368582018,1.231754696545225,0.8065862608854314,0.4254725805199865,0.3508352823965863,0.9163153506181225,0.09850931374185579,0.30532288079150915,0.373755047076907,0.2752457333350512,0.0,0.0,0.0452468573489749,1.7183098591549297,15.0,21.195121951219512,False,2,29.4,2026-10-01
Aaron Ekblad,FLA,LAK,0.0,D,21.61336335626395,1.7733489815605603,2.515091396738422,1.3781891358413592,0.07555360868422142,0.31367072696557646,0.38922433564979786,1.3895806618779902,1.102622377915825,0.5829344360929264,0.2969928092272203,0.8584364119907962,0.07276997837983368,0.26924039201741834,0.3224177528911666,0.2496477745113329,0.0,0.0,0.06608446297375316,2.4705882352941178,26.0,31.26139817629179,True,2,29.4,2026-10-01
Jordan Spence,OTT,DET,0.0,D,21.601983484888134,1.4717747909784973,0.8292851964264025,1.6716012358889392,0.09521737229804983,0.34028707103882977,0.4355044433368796,1.2661977147415233,1.016771516651115,0.49550126213317397,0.25102489914109244,0.9327475756334194,0.09082471653361379,0.28843397655774183,0.35306175893183567,0.2622370423982219,1.0,0.041666666666666664,0.04300849215729816,1.6129032258064517,24.0,28.534954407294833,False,2,29.3,2026-10-05
Owen Power,BUF,MIN,1.0,D,21.565743420330918,0.631848001010348,1.695492512720763,1.5328971091215404,0.07768274151125894,0.318435465221198,0.3961182067324569,1.333263937602241,0.6266786974204966,0.391939681691521,0.293118799246067,0.9590144699030689,0.07474207408523459,0.27271398831697513,0.32707285328334257,0.252330779198108,1.0,0.03571428571428571,0.055052497878293416,2.5900000000000003,28.0,28.632218844984802,False,2,29.4,2026-10-03
Jaccob Slavin,CAR,MTL,0.0,D,21.49228565647828,0.2445752115432065,2.7243978586584627,1.6145636871653835,0.0715133629510042,0.2682427928115507,0.3397561557625549,1.4766513555910363,0.6134807815471975,0.33315178257597006,0.4966018280504619,0.8275972584791471,0.06901616317965786,0.23527791046468594,0.2880560949831441,0.21903993180348624,1.0,0.025,0.052722212725594256,2.2304038004750595,40.0,31.36060606060606,False,3,29.4,2026-10-03
Noah Dobson,MTL,CAR,1.0,D,21.49092359034935,1.3261121212447293,2.113742751301256,1.640077780677084,0.10181122505907904,0.34943342699667895,0.451244652055758,2.1079189264565232,1.2079278640952265,0.4624472910096602,0.4227242948794468,1.1412906716809321,0.09679996288967374,0.29491253990833755,0.36316497987918483,0.2663650169895111,1.0,0.04,0.09466943503678607,2.3087557603686637,25.0,24.72340425531915,True,2,29.4,2026-10-03
Mattias Samuelsson,BUF,MIN,1.0,D,21.451502012641267,0.211254960211601,2.4203810055281485,1.3952921038055472,0.09567835717213273,0.285720897675936,0.38139925484806875,1.579598371594762,1.441933403740307,0.5181823016182399,0.30645168407210577,1.067495275396165,0.09124373599894364,0.24852767564733036,0.317094818021078,0.22585108202213433,1.0,0.03571428571428571,0.04222071608845925,2.5900000000000003,28.0,28.632218844984802,False,2,29.3,2026-10-03
Simon Edvinsson,DET,OTT,1.0,D,21.36436042149033,0.36704810310392527,1.5201350353779544,1.2607442549323198,0.08462053886331516,0.279983466529571,0.3646040053928862,1.6718112688856612,1.4390573342708615,0.6089387236490852,0.35836538419220587,1.1284933872772371,0.08113910974604122,0.24420376271283506,0.3055283965557233,0.22438928680968206,1.0,0.04,0.04166205901313536,1.9216867469879517,25.0,25.862385321100916,False,0,29.3,2026-04-15
Artyom Levshunov,CHI,STL,1.0,D,21.09939264202086,2.094112516977335,1.3088805891865225,1.4749782908286193,0.08159803082344333,0.31517184017501393,0.3967698709984573,1.3468452657107532,1.4131258563541855,0.5316335089559132,0.3650313601256074,1.2134824848293064,0.07835764393385392,0.27033652200445346,0.3275112330047659,0.249153589070912,2.0,0.13333333333333333,0.050613334274817665,1.842105263157895,15.0,21.17629179331307,False,3,28.0,2026-10-03
Shea Theodore,VGK,SEA,0.0,D,21.09897676862294,1.5985760993973053,0.9862095051618811,1.7778808845526182,0.10069316456389599,0.3559788663598091,0.45667203092370506,1.2315428092563105,0.46466269099149066,0.45137450876752666,0.33490150477264136,1.1567694421602823,0.0957895658716923,0.29951257607200055,0.3666119623086438,0.2708223964369515,2.0,0.07142857142857142,0.07312185165820234,2.156378600823045,28.0,27.963636363636365,False,3,29.4,2026-10-04
Marcus Pettersson,NYR,NYI,1.0,D,21.071789154389368,0.22177701707562847,2.1207817727737948,1.022605337574895,0.06395336464434732,0.23017821009668366,0.29413157474103097,1.584492133336586,1.130538513008744,0.44350676823045626,0.3783433814453385,1.022767025805664,0.06195125525248446,0.20560797879080372,0.25482156166727177,0.1928703064147873,0.0,0.0,0.040336627791949194,2.179310344827586,22.0,27.08761329305136,False,4,29.4,2026-10-04
Rasmus Andersson,VGK,SEA,0.0,D,21.038514970016816,1.2489843091170578,1.3223344934945511,1.846055882722825,0.10501758377977247,0.3081269191301486,0.4131445029099211,1.5492593183220453,0.6649407131866505,0.5366520753004117,0.3074818179537514,0.9985564142711798,0.0996913083826787,0.26517795088489726,0.33843332238962287,0.23874201400694417,1.0,0.03571428571428571,0.06928466968919769,2.156378600823045,28.0,27.963636363636365,True,3,29.4,2026-10-04
Olli Maatta,MIN,BUF,0.0,D,21.03283845433709,0.2406513153363383,2.3194287280783623,1.122880621052255,0.062100168065467226,0.27112755539505895,0.3332277234605262,1.5016994946707618,0.6263308686490551,0.34589080788355053,0.35724491628325666,1.0955188131414453,0.06021125474438027,0.23748077323964623,0.2833930126496017,0.22318175790522143,1.0,0.03333333333333333,0.031280106661446504,3.1411042944785277,30.0,27.364741641337385,False,2,29.4,2026-10-03
Dougie Hamilton,NJD,UTA,1.0,D,20.8860763081912,1.737602474718778,1.4187441798826292,2.3033504742368205,0.12633238055444115,0.3680914326977129,0.494423813252154,1.2836451527232986,1.238571661997699,0.5092225550021826,0.297294824331023,1.3532014274736923,0.11867813615454836,0.3079460975593845,0.3900777648195184,0.27139962866497,3.0,0.08108108108108109,0.09976245845507016,2.1235521235521237,37.0,29.264437689969604,False,2,29.4,2026-10-03
Colton Parayko,STL,CHI,0.0,D,20.855300056192792,0.2679633862931081,2.1801171764334675,1.554447003900009,0.08186830356626416,0.23740177385959568,0.31927007742585983,1.6091814220392033,1.3392204988759642,0.40025731861295366,0.38031340167027206,0.9173579381639969,0.07860670508259182,0.2113256443855237,0.273320736863514,0.19471403178092217,2.0,0.07692307692307693,0.0685874768753927,2.6666666666666665,26.0,24.890577507598785,False,2,29.4,2026-10-03
Jack Hughes,NJD,UTA,1.0,C,20.838755659769095,2.7928322383956807,0.48125359934886625,3.2261590947421106,0.377141514064084,0.5600735514035797,0.9372150654676638,0.6363118894520557,0.6249348079149466,0.388221709394822,0.492782452469887,1.5186192851027063,0.31418098600738475,0.4288329478345406,0.608282775458816,0.2941017894514313,3.0,0.08108108108108109,0.13356918356111483,2.1235521235521237,37.0,29.264437689969604,False,2,29.4,2026-10-03
Sean Walker,CAR,MTL,0.0,D,20.828574911810108,0.541208884733362,2.050034267144262,1.9835903382880504,0.09630579803779846,0.3053768255566377,0.4016826235944362,1.4373695185832929,1.6028344202172586,0.6848128558640438,0.3832079630428727,0.9855951748507535,0.09181374797280417,0.26315434020597295,0.3308069019091564,0.23899315393635223,4.0,0.1,0.058339602265187064,2.2304038004750595,40.0,31.36060606060606,False,3,29.4,2026-10-03
Jake McCabe,TOR,NSH,1.0,D,20.813829535543412,0.4146679194916455,2.80868826654089,1.210410093304031,0.06867054445988248,0.2666745157611559,0.3353450602210384,1.723164363725486,1.2412692145929887,0.5950835541794156,0.3301456893386672,0.9649104267559832,0.06636577961866019,0.23407767345565744,0.28490870578411076,0.21854292616545057,1.0,0.034482758620689655,0.04064406184291681,3.240641711229946,29.0,27.984848484848484,False,3,29.4,2026-10-03
Noah Hanifin,VGK,SEA,0.0,D,20.78089170771565,0.46248403424055556,1.5386980358906688,1.6158392133266242,0.0712116712699256,0.2661552118116083,0.3373668830815339,1.4433828946950782,0.6963812608617636,0.35011084927583763,0.32312850807442123,1.004891615531046,0.06873525072852638,0.23367982367289541,0.2863530331310675,0.21761778240254115,1.0,0.03571428571428571,0.06686800660252874,2.156378600823045,28.0,27.963636363636365,False,3,29.4,2026-10-04
Adam Larsson,SEA,VGK,1.0,D,20.67018825751337,0.1993828251553723,2.148889217141478,1.410511789316919,0.07045702060882071,0.24679749528545905,0.3172545158942798,1.7548361608029814,1.4762087221996263,0.44488944813155284,0.28543293371404593,0.8079392644554959,0.06803220592657788,0.21870110577781143,0.271854593039743,0.20382238711316514,1.0,0.037037037037037035,0.05667463970671435,2.672064777327935,27.0,26.421212121212122,False,3,29.4,2026-10-04
Mikey Anderson,LAK,FLA,1.0,D,20.65495156351713,0.3119144252218059,1.558443438628278,1.062465432838355,0.06554362281229541,0.2993231765032919,0.3648667993155873,1.6759574013391072,1.479038191602042,0.4247360380120552,0.275064606258023,0.7400773833356586,0.06344180943364752,0.2586802064207212,0.3057108754943687,0.24226906606072118,1.0,0.02857142857142857,0.037064838072812974,2.7927927927927927,35.0,28.762917933130698,False,2,29.4,2026-10-03
Wyatt Kaiser,CHI,STL,1.0,D,20.492815196859873,0.25978858512433717,1.6251453091599775,1.1254902834509761,0.06725306248579645,0.2460495374388775,0.31330259992467396,1.1940426928342303,0.8115792478886915,0.4149738910771079,0.41924546114221023,1.1186441410362333,0.06504143154286346,0.21811650853956066,0.26897133012387986,0.2039298985810164,0.0,0.0,0.04389711126678941,1.842105263157895,15.0,21.17629179331307,False,3,29.3,2026-10-03
Alex Vlasic,CHI,STL,1.0,D,20.479273663442047,0.26689152720558207,2.2309494707740307,1.2158636842476334,0.053122555836341075,0.2699716353992109,0.32309419123555194,1.31507765538125,0.6491020379776721,0.3334106471743109,0.3604840842860388,1.0949272479575771,0.051736209901289576,0.23659885240144773,0.27609433441249176,0.22435812451120218,0.0,0.0,0.049073343061778636,1.842105263157895,15.0,21.17629179331307,False,3,29.4,2026-10-03
Niko Mikkola,FLA,LAK,0.0,D,20.461550308848906,0.27042229942763696,2.3252640894384617,1.2085462884353901,0.06383308238122926,0.20428901751843626,0.2681220998996655,1.3638434357428122,1.461238881459603,0.5282830773128707,0.2855852637088285,0.8984971653795105,0.06183841784051758,0.18477327766864193,0.235185608358924,0.1733471905184064,1.0,0.03225806451612903,0.03801205462565419,4.9411764705882355,31.0,31.245454545454546,False,3,29.4,2026-10-04
Logan Mailloux,STL,CHI,0.0,D,20.446068371742104,1.2069458647699034,1.4407120590188336,1.6243460557355403,0.08795352529971656,0.287533128780498,0.3754866540802146,1.1403595637978017,1.497656463632011,0.5916100206923666,0.34027421528753976,0.9405115036718988,0.08419656257540709,0.24988828392704332,0.31304511196792606,0.22884854939251897,2.0,0.06896551724137931,0.04855304691779811,5.5,29.0,24.880733944954127,False,0,27.2,2026-04-16
Justin Faulk,DET,OTT,1.0,D,20.421400549013985,1.4018278263113504,1.260497309278249,1.70569908679259,0.10585548940018641,0.30199280325812994,0.40784829265831635,1.4271378385980897,1.1654383499772707,0.5272905969345782,0.3441170050945881,0.8804262702745147,0.10044536613675947,0.2606566142661141,0.3349202313469457,0.23447486521018623,3.0,0.08571428571428572,0.07968596793483311,4.090909090909091,35.0,25.848024316109424,False,2,29.4,2026-10-04
MacKenzie Weegar,UTA,NJD,0.0,D,20.416360252806697,0.9526325652963628,1.479590610747469,1.5615342446687555,0.07088945117635945,0.2791116308603064,0.3500010820366658,2.0979631660658096,1.760709283434844,0.6849016288040334,0.372503814594777,1.1536662990112816,0.06843513016403979,0.2435445452715883,0.295312672779225,0.22687754261518522,0.0,0.0,0.07332767245303368,2.814432989690722,30.0,24.94242424242424,True,3,29.4,2026-10-04
Cam Fowler,STL,CHI,0.0,D,20.350030860261175,0.9746357680712039,1.964706732068771,1.1624502112422888,0.06460100916544857,0.2910974579839883,0.35569846714943687,1.041411054157263,0.5552588487919683,0.3354862677262278,0.2752272542235079,0.673087498802951,0.06255858069581988,0.25255716980302967,0.29931613241141897,0.2367575517155991,1.0,0.038461538461538464,0.05485046375119827,2.6666666666666665,26.0,24.890577507598785,False,2,29.4,2026-10-03
Vince Dunn,SEA,VGK,1.0,D,20.34398964456388,1.7021926158774203,0.33461079326494614,1.8036479571608992,0.10311683142012833,0.335158198030521,0.43827502945064933,1.362619592630673,0.7533410341342154,0.6080899112540086,0.34662424968147587,0.900664511635655,0.09797841713734379,0.28477506977308364,0.35485167633388404,0.25687325919654025,0.0,0.0,0.07734828578736488,2.672064777327935,27.0,26.421212121212122,True,3,29.4,2026-10-04
Brandt Clarke,LAK,FLA,1.0,D,20.306834482965105,2.245411976208078,0.4189553487130033,1.8588070603373297,0.09310324517221254,0.38078691612982035,0.4738901613020329,2.383038288026483,0.6310143631575429,0.697017161557482,0.3389465669015189,1.0314155857352505,0.08890057117742012,0.31667652068050145,0.37742436829094694,0.2885237971135268,5.0,0.14285714285714285,0.06377240252375818,2.102189781021898,35.0,28.762917933130698,False,2,29.3,2026-10-03
Adam Pelech,NYI,NYR,0.0,D,20.238025802438884,0.3495661879967013,2.1755799377468907,1.4603482079181636,0.06232409942074207,0.24286254324665524,0.3051866426673973,1.3110726498420164,1.04746622372218,0.5762998521425382,0.26944316606935564,0.7821459188355122,0.06042167935056442,0.2156206754029265,0.26301419144294313,0.20259251209237872,0.0,0.0,0.057669797752043006,3.4054054054054053,32.0,25.595744680851062,False,2,29.4,2026-10-03
Viking Gustafsson-Nyberg,MIN,BUF,0.0,D,20.229843111081244,0.546206414563251,2.294453609589338,1.2860619163845113,0.06914744793673026,0.25166431602049066,0.32081176395722094,1.4163659182173702,1.2641227110473385,0.5089379488580639,0.33326694054110756,0.7503036265955366,0.06681092686989132,0.22249430952800608,0.27444018535505477,0.20762925848516345,0.0,0.0,0.0502186188621776,3.6543209876543212,20.0,27.37920489296636,False,0,2.0,2026-04-14
Sam Reinhart,FLA,LAK,0.0,C,20.2202573738731,3.872230406334135,1.3647555732540033,2.3068763123286073,0.32744628982373886,0.4663878800294546,0.7938341698531934,0.6599692311083165,1.1306300606504376,0.3276424447594519,0.2932188259945513,0.7283175327496968,0.27923799750986544,0.3727360662980579,0.5478919910551492,0.26865399354528374,3.0,0.0967741935483871,0.08583050473509035,4.9411764705882355,31.0,31.245454545454546,False,3,29.4,2026-10-04
Marek Alscher,FLA,LAK,0.0,D,20.030012392704105,0.41134886410413013,1.6537094461611404,1.4510472354413733,0.06748019983196243,0.28466634290614723,0.35214654273810964,1.6204547013168729,1.123388402483563,0.4333396515103998,0.30623070639707284,0.7688542430128189,0.06525377143480526,0.24773478892556267,0.29682293106736957,0.2315691596325643,2.0,0.07407407407407407,0.061877328963813094,3.8135593220338984,27.0,31.30886850152905,False,0,3.8,2026-04-15
Morgan Rielly,TOR,NSH,1.0,D,20.029233606727633,1.528764928744973,0.8540577177406662,1.5857857397103265,0.09321627983258801,0.32736174766652193,0.42057802749910994,1.5186346926774648,0.768928858598463,0.4623587198082393,0.29437930659941997,0.949946817154677,0.08900355117166137,0.2791770601594836,0.3433328615712865,0.25432931039962514,1.0,0.034482758620689655,0.06800019655360133,3.240641711229946,29.0,27.984848484848484,False,3,29.4,2026-10-03
Jalen Chatfield,CAR,MTL,0.0,D,19.99622481975392,0.23179556250330563,2.2403329967389713,1.3651396553969013,0.06435597735982466,0.24301210562324044,0.3073680829830651,1.0198404654361668,0.7958099618968384,0.40611287929496326,0.32715900843787993,0.8927095739141235,0.06232884958761653,0.21573798026644175,0.264620129731695,0.2022912801440785,2.0,0.05,0.0420228332847789,2.2304038004750595,40.0,31.36060606060606,False,3,29.4,2026-10-03
Ryan O'Reilly,NSH,TOR,0.0,C,19.978024249614485,2.665842066247669,1.8818257442199777,2.0735005928937857,0.2977867467968861,0.47757966593011003,0.7753664127269961,0.7189863281532345,0.6648759837146869,0.394476474012403,0.46177973388163424,0.648246018979008,0.25754034523385627,0.3797171317838641,0.5394649958068942,0.28192465057303795,1.0,0.038461538461538464,0.07034003633451301,4.962025316455696,26.0,28.237082066869302,False,2,29.4,2026-10-03
Kirill Kaprizov,MIN,BUF,0.0,L,19.957492715914128,2.623704786321871,0.12085968006160823,2.8761942164587424,0.3913950461018099,0.4274936582136837,0.8188887043154935,0.405745764191128,1.0882008055618222,0.48715415823091524,0.3103822104004474,0.9627714074415382,0.3238869925332204,0.3478584622746945,0.5590786236345333,0.23519163110131291,3.0,0.1,0.129182206268991,3.1411042944785277,30.0,27.364741641337385,False,2,29.4,2026-10-03
Brett Pesce,NJD,UTA,1.0,D,19.920230243157782,0.23691036909688956,2.1099928284922145,1.2649024408361909,0.05988610477661873,0.23718400519042246,0.2970701099670412,1.6171248530978517,0.6746269808548102,0.36486206258489934,0.4042007779314751,0.8253036134675095,0.058128197825252026,0.21115387711860478,0.2570080806031376,0.1988798827778856,2.0,0.05405405405405406,0.051113236433787824,2.1235521235521237,37.0,29.264437689969604,False,2,29.4,2026-10-03
Bo Horvat,NYI,NYR,0.0,C,19.83338697835364,3.064616484458202,1.674901645838402,2.7771016057615467,0.2986833586563851,0.4089252579435669,0.707608616599952,0.621156447814588,0.9732576045947255,0.41674925772705357,0.34800851859028464,0.7738508139192918,0.2582057450182732,0.3356361136103412,0.5071786858588185,0.24897294084054533,4.0,0.125,0.11445427719834081,3.4054054054054053,32.0,25.595744680851062,False,2,29.4,2026-10-03
Ben Chiarot,DET,OTT,1.0,D,19.832311593600423,0.27401699011492453,1.5064578436636302,1.2992907855508402,0.060293191246109136,0.23795417868295987,0.29824736992906903,1.5186567585557533,1.8531740741571887,0.6829155972157575,0.31257746806172904,0.8109238008752301,0.05851154305928907,0.21176119159336393,0.25788226057245156,0.1993707175131625,1.0,0.02857142857142857,0.05226953221053335,4.090909090909091,35.0,25.848024316109424,False,2,29.4,2026-10-04
Alexander Romanov,NYI,NYR,0.0,D,19.830445693601014,0.2859554106536556,2.1386331434023247,1.4149583195118853,0.055837784883973174,0.2161425600147823,0.27198034489875544,1.9416744631022707,1.652099598333675,0.34368687009324767,0.3138414734533608,0.9729561916176888,0.0543074709279574,0.19437955557583164,0.2381307644403653,0.1838232935124079,0.0,0.0,0.056950575920901685,3.4054054054054053,32.0,25.595744680851062,False,2,29.3,2026-10-03
Mika Zibanejad,NYR,NYI,1.0,C,19.8180831791823,2.9878613337258164,1.4510793448287451,2.289913167754258,0.3087110533861771,0.46672479944612383,0.7754358528323009,0.6039483430595488,1.2421873831860841,0.3137207066395547,0.43824368130272867,1.1276871720220627,0.26560706027492176,0.37294736809885987,0.5394969742957743,0.2738899140208525,0.0,0.0,0.09784702301185347,2.179310344827586,22.0,27.08761329305136,True,4,29.4,2026-10-04
Nick Suzuki,MTL,CAR,1.0,C,19.814316518156932,3.155639193664351,0.49375851317115177,2.0966124171830924,0.33399030165040156,0.5879243856281098,0.9219146872785113,0.7365150376013487,1.1791599298082613,0.3498943716764707,0.39533763105081965,0.933870847908512,0.28393927319920476,0.444520950690515,0.6022432682288354,0.3183039950296307,4.0,0.16,0.08613693908120014,2.3087557603686637,25.0,24.72340425531915,False,2,29.4,2026-10-03
John Marino,UTA,NJD,0.0,D,19.730950881985976,0.39410052676226826,1.01638641667636,0.8726090454345754,0.05765845907406654,0.29255705683184113,0.35021551590590766,1.106795742861228,0.6412362785585184,0.3523245097620381,0.3091917774437355,0.8815713056540809,0.056027702441650895,0.2536473406971863,0.2954637654091391,0.2394360629674882,1.0,0.03333333333333333,0.02864729046462682,2.814432989690722,30.0,24.94242424242424,False,3,29.4,2026-10-04
Auston Matthews,TOR,NSH,1.0,C,19.71703982638825,2.7409374980790053,0.8281429859773684,3.2697697655055915,0.3900365786451792,0.48792470970834584,0.877961288353525,0.924625691183878,0.9967179358351631,0.34816071298300866,0.45535167784036484,0.7364345605935807,0.3229678908720691,0.3861009080554434,0.5843706029890552,0.26140271211698607,6.0,0.20689655172413793,0.14548173083317656,3.240641711229946,29.0,27.984848484848484,False,3,29.4,2026-10-03
Artemi Panarin,LAK,FLA,1.0,L,19.659955230453644,2.8865050703746444,0.11842441221582851,2.5499211872074135,0.3552480977500692,0.5149147266617286,0.8701628244117978,0.36121821896472733,0.6924986162889712,0.42147976836681594,0.4001451327074362,1.1131460990094344,0.29900049476739354,0.40244845233900306,0.5811166607386629,0.2821161659712693,4.0,0.11428571428571428,0.1081387913387007,2.7927927927927927,35.0,28.762917933130698,False,2,29.4,2026-10-03
Connor Bedard,CHI,STL,1.0,C,19.641735202229018,3.1480736043782263,0.19700742952004932,2.801899368410685,0.32903480626271225,0.49720380528810676,0.826238611550819,0.49173437907581535,0.7931677820077416,0.5414821773867268,0.4070693451914252,0.9839495548307609,0.2803820309009145,0.39177098911036234,0.5623074744364533,0.28192544353553883,0.0,0.0,0.12748252462672782,2.703639514731369,24.0,21.171779141104295,True,0,29.3,2026-04-15
Tony DeAngelo,NYI,NYR,0.0,D,19.639298397582465,1.3667045498004498,0.3344493694188689,1.8591765478756237,0.08267168785732673,0.30138387505382047,0.3840555629111472,1.2623368517133913,0.6960287897933785,0.4311664786020066,0.28884579415653233,0.9271827436367589,0.07934664071548903,0.26020627012616226,0.31890641741403314,0.2395597766985441,3.0,0.09375,0.07435424256285642,3.4054054054054053,32.0,25.595744680851062,False,2,29.3,2026-10-03
Brayden McNabb,VGK,SEA,0.0,D,19.635545444852614,0.24014383969761566,2.0293384951887483,1.4337313280111057,0.07265305336445738,0.2612537738727774,0.33390682723723475,1.6635115825374271,1.3391602344503584,0.41660832309600954,0.25891288088751774,0.8538154675071814,0.07007659213842055,0.22991453275561657,0.28387949795542633,0.21380290581700578,1.0,0.03571428571428571,0.04100885291135112,2.156378600823045,28.0,27.963636363636365,False,3,29.4,2026-10-04
Ryan Pulock,NYI,NYR,0.0,D,19.60407590256635,0.2584552089212079,2.5766917171805965,1.2011440698518123,0.05404775418558829,0.22733367880755562,0.2813814329931439,1.7107316308382257,0.8103057711289837,0.3561059067155081,0.2972597011109043,0.7241210571677894,0.05261313626657349,0.20334508892594916,0.2452596023197232,0.19264646605314972,0.0,0.0,0.05474005633801903,3.4054054054054053,32.0,25.595744680851062,False,2,29.4,2026-10-03
Tyler Kleven,OTT,DET,0.0,D,19.600594267511894,0.31745917676924346,2.041753784446165,1.3430302292171277,0.0623230230018131,0.245753377911091,0.3080764009129041,1.3593684672546755,1.6925535684783959,0.6021249564047164,0.396924161585765,0.9718062039735856,0.06042066797013046,0.21788491200087767,0.2651408280473021,0.20472016007717164,1.0,0.041666666666666664,0.03954596617638231,1.6129032258064517,24.0,28.534954407294833,False,2,29.3,2026-10-05
Jack Eichel,VGK,SEA,0.0,C,19.57972172126273,3.3842927123934126,0.9009557924795657,2.7746628568886167,0.3047311061253121,0.5389028214481707,0.8436339275734828,0.5148894379680414,0.7181529153923695,0.39080003222017734,0.35592342776282465,0.9843829909779008,0.2626783909972672,0.41661201785767477,0.5698554343339632,0.30717704333669604,2.0,0.07142857142857142,0.1236565429170037,2.156378600823045,28.0,27.963636363636365,False,3,29.4,2026-10-04
Kaiden Guhle,MTL,CAR,1.0,D,19.544053231542595,0.2084960982624462,1.592816189931366,1.1719352512955499,0.06571999386716185,0.2609878113217733,0.32670780518893516,1.7925983472255718,1.9605810449144403,0.6433133888349057,0.396394758003968,0.9078159186660498,0.0636069766238776,0.2297096916214293,0.27870552926006453,0.21509855263618693,3.0,0.10344827586206896,0.04860184388578929,3.001027749229188,29.0,24.712538226299696,False,0,29.3,2026-04-14
Braden Schneider,NYR,NYI,1.0,D,19.524641856412913,0.3842323207315382,2.1586383250612133,1.3262597586471718,0.05891349369371311,0.2243234180660367,0.2832369117597498,1.530903653602481,1.6080828764304511,0.42505969497662016,0.2748996286785919,0.9935926167135035,0.05721167723498899,0.20094333678617282,0.24665870869442963,0.18944703145944064,0.0,0.0,0.0426320459767353,2.179310344827586,22.0,27.08761329305136,False,4,29.4,2026-10-04
Jonas Siegenthaler,NJD,UTA,1.0,D,19.50424586898799,0.22142902363934125,1.6607205817762845,0.9591667213863141,0.056261621012202445,0.26923738494507327,0.3254990059572757,1.5768908899605987,1.0462192936812196,0.4327387544328437,0.28627508491605425,0.8665423502684619,0.054708204659259185,0.2360381189279226,0.2778331018694864,0.2231248972102272,2.0,0.05405405405405406,0.0321321366892976,1.7478510028653296,37.0,29.264437689969604,False,2,29.4,2026-10-03
Ryker Evans,SEA,VGK,1.0,D,19.484548765513857,0.2542006538902098,1.0183648280272941,0.9356584486856677,0.0591380518084109,0.2325012621607114,0.2916393139691223,1.3693628003991416,1.1421991618909897,0.535618690970428,0.2730147883246946,0.8726018119311544,0.057423364234401864,0.20745125097774608,0.25296206646637054,0.19553870223196868,1.0,0.037037037037037035,0.03387581623045599,2.672064777327935,27.0,26.421212121212122,False,3,29.3,2026-10-04
Mathew Barzal,NYI,NYR,0.0,C,19.46949423722531,2.927505482687164,0.19891795429404632,2.2565323281469998,0.2780755847940565,0.491461166816191,0.7695367516102475,0.6523742413558777,0.714872819717029,0.41695736049811555,0.416475512898246,0.8490695559601451,0.24276041644677127,0.3882681015106292,0.5367723919416829,0.29401197549491165,3.0,0.10344827586206896,0.09776757967520343,2.0689655172413794,29.0,25.581039755351682,False,0,29.4,2026-04-14
Domenick Fensore,CAR,MTL,0.0,D,19.405235805657654,0.5593389808091338,1.622684340572197,1.5913558934565029,0.06811682779530902,0.24668978198134964,0.31480660977665864,1.4984766692581915,1.2119146449399412,0.5445002593565067,0.2672279555269661,0.7192006203535733,0.06584866763867092,0.21861694495987916,0.27006997804970534,0.20422131041103442,2.0,0.08333333333333333,0.06752583495457361,2.6229508196721314,24.0,31.244094488188978,False,0,2.9,2025-10-28
Parker Wotherspoon,VGK,SEA,0.0,D,19.402907482805215,0.26953891091064464,1.4990880264524198,0.9905112286757835,0.04672220767816055,0.2680272212144371,0.31474942889259766,1.2418510080879677,1.485270450174422,0.5096224735607746,0.2594336576429317,1.1464086245909964,0.04564752744002343,0.23511304033247638,0.2700282388124158,0.22438071137239235,1.0,0.03571428571428571,0.03183906046984868,2.156378600823045,28.0,27.963636363636365,False,3,29.3,2026-10-04
William Nylander,TOR,NSH,1.0,R,19.31019416209966,2.6114726712528067,0.26659968200088385,2.6918070703451984,0.3627822622334814,0.5020150534523922,0.8647973156858736,0.4886078187360349,0.8101456500510724,0.3580784100387806,0.42583952369458866,0.9256474537594335,0.3042620945744732,0.3946903014230897,0.5788630981783434,0.2746010036038702,2.0,0.06896551724137931,0.11595240299922256,3.240641711229946,29.0,27.984848484848484,False,3,29.4,2026-10-03
Nico Hischier,NJD,UTA,1.0,C,19.289203632250477,2.7507901218946924,1.6603138781833593,2.226490340695801,0.31682971669752125,0.45012184608983546,0.7669515627873567,0.6191200035917146,0.9526531384015559,0.36558075109488375,0.35890421606277306,0.7923724874240844,0.2715452117479331,0.36244953614219955,0.535573311850459,0.26402810010252586,3.0,0.08108108108108109,0.09150619873025169,2.1235521235521237,37.0,29.264437689969604,False,2,29.4,2026-10-03
Quinton Byfield,LAK,FLA,1.0,R,19.287339541146828,1.788855643003118,1.0882184946147968,2.379196808297126,0.343636056167228,0.38493302070448565,0.7285690768717137,0.6029140707735556,1.1895520568899103,0.616996533163385,0.5559663883603582,0.804430243340946,0.29081301468292486,0.31950378616480535,0.5174009415905345,0.22658792690760965,4.0,0.11428571428571428,0.06836030887267859,2.7927927927927927,35.0,28.762917933130698,False,2,29.4,2026-10-03
Oliver Ekman-Larsson,TOR,NSH,1.0,D,19.281291058457157,1.4407704589477175,0.8668288965561379,1.3943206680440157,0.07493015462388723,0.3047727461070158,0.37970290073090307,1.1655789364488638,1.0248600295284387,0.5880111444508426,0.2680571068323523,1.0987827769184897,0.07219171281571457,0.2627090924163681,0.3159353858782833,0.24374367306256872,0.0,0.0,0.05283097182798524,3.240641711229946,29.0,27.984848484848484,False,3,29.4,2026-10-03
Mitch Marner,VGK,SEA,0.0,R,19.26434756649681,3.346029618663867,1.2341995600540778,2.278986644441957,0.27978812869021136,0.44174855534080754,0.7215366840310189,0.4757655735289907,0.7569651252943937,0.39154968082361724,0.4238773014478379,0.9245288855061962,0.24405611268849825,0.35708872826099713,0.513995154045237,0.26993904135673874,3.0,0.10714285714285714,0.07764012489764718,2.156378600823045,28.0,27.963636363636365,False,3,29.4,2026-10-04
Nate Schmidt,UTA,NJD,0.0,D,19.18295755575147,0.23852291323108374,1.8988454726773212,1.1237932569427322,0.06360912653691488,0.23258771283410135,0.2961968393710162,1.2090896524307209,0.9920423275423507,0.3615871418664334,0.21807144586393157,0.780740096569324,0.06162828754220584,0.20751976438923547,0.2563589642209706,0.19473067667876476,3.0,0.1,0.039103622961654136,2.814432989690722,30.0,24.94242424242424,False,3,29.4,2026-10-04
Anze Kopitar,LAK,FLA,1.0,C,19.11230908493653,2.204253521912281,0.5181824373437225,1.747524623894893,0.2751555943916697,0.43233896389122856,0.7074945582828982,0.8485546929679483,0.8280164171785416,0.34571658199179184,0.4559497977820454,0.7890202691032384,0.24054605274347662,0.3510106445596606,0.5071224722833674,0.26657641953989075,3.0,0.10714285714285714,0.05571364333386983,2.737864077669903,28.0,28.75840978593272,False,0,29.4,2026-04-16
Nicolas Hague,NSH,TOR,0.0,D,19.081863545867012,0.20548497688581438,1.7863798811917306,1.170189358527502,0.05952937525074966,0.22483096908361022,0.28436034433435986,0.9718359556422749,1.0797057205041665,0.5369146544439961,0.28551890774304833,0.6976272360622209,0.05779214440730829,0.2013487959043878,0.24750456162255208,0.1897124172152438,0.0,0.0,0.0437254051956311,4.962025316455696,26.0,28.237082066869302,False,2,29.4,2026-10-03
Sam Rinzel,CHI,STL,1.0,D,19.05270102245716,1.380283248185947,0.36457107306857367,1.6048110193281797,0.0813480301165335,0.26083168412845326,0.3421797142449868,1.300916890222327,0.9869582770644947,0.4383966049351641,0.30351470164488203,1.0963045959352244,0.07812720388943262,0.22958941896886897,0.2897794435116644,0.21165223962223179,2.0,0.13333333333333333,0.0664917720847512,1.7183098591549297,15.0,21.195121951219512,False,2,26.2,2026-10-01
Adam Jiricek,STL,CHI,0.0,D,19.042550677063467,1.3268363014710214,0.9464983502221208,1.545842149001457,0.08313641961603914,0.281912718645309,0.3650491382613481,1.3323563356115284,1.2359100268618237,0.4435653726315008,0.31790413024402064,0.8315952979083365,0.07977439816637888,0.245660478564792,0.3058374599004,0.22606306173402113,1.0,0.038461538461538464,0.06482918553812819,2.6666666666666665,26.0,24.890577507598785,False,2,2.0,2026-10-03
Alexander Nikishin,CAR,MTL,0.0,D,19.01668980361778,1.4723760100755194,1.011177167033384,1.4247168119814295,0.08647302237730103,0.3034673999767459,0.3899404223540469,1.3053009828644768,1.3814386845381252,0.4899124811158011,0.30670963439849425,0.8346850309757993,0.08283970874475044,0.2617460441643632,0.32290278684544715,0.24006307810069671,0.0,0.0,0.047849083985396584,2.5,21.0,31.43730886850153,False,0,27.6,2026-04-14
Jonas Brodin,MIN,BUF,0.0,D,18.997656519296356,0.27391826205852093,1.9283809741923632,1.2940701693209793,0.053916971495964056,0.21935331862430205,0.2732702901202661,1.628760204966579,0.5767576326650642,0.4096308238233945,0.2893957487838265,0.6799030411462377,0.05248922636196107,0.19696206023565632,0.2391129004331899,0.18662367407122882,0.0,0.0,0.05447722120352827,3.1411042944785277,30.0,27.364741641337385,False,2,29.3,2026-10-03
Troy Stecher,TOR,NSH,1.0,D,18.976460057589108,0.19467466777900574,2.2162175340432917,1.1780836239928985,0.058784098663164995,0.22610882490813525,0.28489292357130025,1.2250914657621894,0.7852735650855602,0.33285873503545377,0.25092322370068815,0.936337877674764,0.057089677218236656,0.2023687052099965,0.24790521836872204,0.19081554115048538,2.0,0.06896551724137931,0.03708742137006716,3.240641711229946,29.0,27.984848484848484,False,3,29.4,2026-10-03
Dylan Larkin,DET,OTT,1.0,C,18.95583499728107,2.432960132979631,1.3506538515899724,2.5218058515928217,0.3324767958877383,0.43975609218548684,0.7722328880732252,0.46041352506894134,1.0759691227314359,0.4851478276070236,0.35241287585618414,0.8572488042725218,0.2828546906088124,0.35580647424217526,0.5380196346626048,0.2551649440537924,1.0,0.03333333333333333,0.11735544728822335,2.6422018348623855,30.0,25.849693251533743,True,0,29.4,2026-04-13
Tim Sttzle,OTT,DET,0.0,C,18.926587808770638,2.8120128393209343,1.5655345059120243,2.091235185551855,0.2972229553929086,0.4572316852233699,0.7544546406162784,0.5628613838307613,1.4307771482132692,0.4738433142049272,0.35083375617152573,0.6973532394975662,0.25712163484112993,0.3669663414731327,0.5297329906630224,0.27261135582189244,3.0,0.125,0.08558478550518236,1.6129032258064517,24.0,28.534954407294833,False,2,29.4,2026-10-05
Chris Tanev,TOR,NSH,1.0,D,18.812176488518702,0.21081057113449841,2.187288820146952,0.9109145373336823,0.04856944159322282,0.23778540617691732,0.28635484777014014,1.6600980033646253,0.6457981871882792,0.33138253858242483,0.2718687197473639,0.9212716765105373,0.04740881244073403,0.2116281473275179,0.24900392062442156,0.20159510818368753,0.0,0.0,0.02831887166631592,3.240641711229946,29.0,27.984848484848484,False,3,29.3,2026-10-03
Alex Laferriere,LAK,FLA,1.0,R,18.81187213724479,1.8745156931167508,1.0833529783664666,2.4677931691557746,0.3351992146705698,0.4081389691416476,0.7433381838122174,0.5915406180545639,2.64620686762264,0.44587646433596995,0.3833598756590096,0.8804123803315174,0.2848044052949743,0.3351135263007228,0.524476123031318,0.23967171773634366,0.0,0.0,0.08025223248366543,2.7927927927927927,35.0,28.762917933130698,True,2,29.4,2026-10-03
Johnathan Kovacevic,NJD,UTA,1.0,D,18.80760254411219,0.2081137299792284,1.7566998109079712,1.049685783890783,0.05230623218847658,0.23925946946733692,0.2915657016558135,1.2422371831358205,1.4462676771455503,0.6153421446445394,0.33721610868913576,0.8998922752970707,0.05096180370497716,0.2127894012435878,0.25290707325188966,0.2019452695469125,1.0,0.047619047619047616,0.03817156403910543,3.5180722891566263,21.0,29.244648318042813,False,0,29.4,2026-04-14
Jared Spurgeon,MIN,BUF,0.0,D,18.79193399345703,0.8933096653975034,1.6766042613590593,1.2434963771552972,0.06531079472134088,0.24505630945662782,0.3103671041779687,1.4346285444236964,0.9674267370066367,0.3901181309123934,0.22869667131562238,0.6722513337326769,0.06322372699119594,0.21733953418452157,0.2668222458020415,0.20359851881084556,1.0,0.03333333333333333,0.05521223107196746,3.1411042944785277,30.0,27.364741641337385,False,2,29.4,2026-10-03
Louis Crevier,BUF,MIN,1.0,D,18.758906348570996,0.2525184237102266,1.884535653284425,1.5003716625823047,0.07475981838965097,0.24028952984030436,0.31504934822995534,1.3209402410727653,1.345594273595694,0.54876186423381,0.27500258134261724,0.9720328180078692,0.07203365998530264,0.2135998582050872,0.2702471386315357,0.19821347864623307,1.0,0.03571428571428571,0.05226088604584328,2.5900000000000003,28.0,28.632218844984802,False,2,29.1,2026-10-03
Tage Thompson,BUF,MIN,1.0,C,18.73995297540143,2.8608289559079143,0.2148579943796751,2.9445559169730737,0.34404143616522065,0.4263818872749934,0.770423323440214,0.5897764820119356,1.1650854501971024,0.43164899085591846,0.35378869708214955,0.8213537524882826,0.2911004466380902,0.3471330270809775,0.5371828944929629,0.24608244785487265,4.0,0.14285714285714285,0.11901442277484357,2.5900000000000003,28.0,28.632218844984802,False,2,29.4,2026-10-03
Shayne Gostisbehere,CAR,MTL,0.0,D,18.734800266061384,2.7051354871677535,0.3203689324433846,1.859881470344557,0.12071904507532479,0.37760029049717087,0.49831933557249564,1.2903440855433224,0.7788332633222739,0.4722840219866859,0.2997451632127871,0.7502673790737205,0.11371706982963015,0.3144955514452453,0.39244910869006844,0.2787320388604383,4.0,0.1,0.06861458606033986,2.2304038004750595,40.0,31.36060606060606,False,3,29.4,2026-10-03
Alex DeBrincat,DET,OTT,1.0,R,18.73091921443767,2.8642768969354004,0.1449240100681153,2.874838416601853,0.3672323256101368,0.4711838938114661,0.8384162194216029,0.5506594506566103,1.0442990361070532,0.43142738893627813,0.5014264455475349,0.9574217692103919,0.30735129368328395,0.3757372302046562,0.5676052000995653,0.2602539064162813,4.0,0.11428571428571428,0.11669361097058221,4.090909090909091,35.0,25.848024316109424,False,2,29.4,2026-10-04
Brandon Carlo,STL,CHI,0.0,D,18.721407836522193,0.1947473727728957,2.8365878267617415,1.188441876131299,0.057442607532095256,0.2058989320860021,0.26334153961809736,1.3295588440231028,1.2700453613644345,0.6118390492731571,0.23133139789122373,0.7938994396383625,0.05582392257333657,0.18608466714903704,0.23152061367136068,0.1756966910980241,2.0,0.07692307692307693,0.04084555374723736,2.6666666666666665,26.0,24.890577507598785,False,2,29.4,2026-10-03
Adrian Kempe,LAK,FLA,1.0,R,18.715930591639317,2.5729210539885448,0.2829424611008476,2.6937028720888154,0.39046034052309525,0.43204085062545666,0.8225011911485519,0.44244337217265167,1.416656073208829,0.5788715528580679,0.35192897719946564,0.841742819235595,0.3232547304899026,0.3508171433822581,0.5606685727368914,0.2374138422469888,6.0,0.17142857142857143,0.10289889805514955,2.7927927927927927,35.0,28.762917933130698,False,2,29.4,2026-10-03
Juraj Slafkovsk,MTL,CAR,1.0,L,18.692382682433024,3.1765812411564225,0.15036668694337943,2.1793400938870473,0.3642448325012139,0.4876793047181081,0.851924137219322,0.8290685358614946,1.4108224960075568,0.45056996033211016,0.3639805074225783,1.0499008651911395,0.3052789163811541,0.38595023566765596,0.573406682327137,0.26812776594598287,1.0,0.04,0.07040165574334163,2.3087557603686637,25.0,24.72340425531915,False,2,29.4,2026-10-03
Matt Boldy,MIN,BUF,0.0,L,18.690552272638932,2.4836934477013024,1.3680115761771443,2.822842716826265,0.3211599633968217,0.4046905973435349,0.7258505607403566,0.6628253373891357,1.123608908154784,0.4803566473399185,0.3903360833780625,0.7974563334744841,0.2746927808965458,0.3328167928163063,0.5160872033650714,0.2413944224685256,4.0,0.13333333333333333,0.11670935057634664,3.1411042944785277,30.0,27.364741641337385,False,2,29.4,2026-10-03
Nick Perbix,NSH,TOR,0.0,D,18.671455498427648,0.20679224198083773,2.4667522214728965,1.1145247129492857,0.05785309456993371,0.21269405984784412,0.2705471544177778,1.233680933889784,0.6087492016861173,0.3573085451312347,0.3102314194511813,0.9688474627811279,0.056211415078790905,0.1915965775466132,0.23703807787725573,0.18082666279846482,1.0,0.038461538461538464,0.037328538827631284,4.962025316455696,26.0,28.237082066869302,False,2,29.4,2026-10-03
Sean Durzi,NYR,NYI,1.0,D,18.625818625621104,0.8306457133060214,0.9928487556399255,1.3246254222486689,0.07285451315244475,0.26982250506556105,0.3426770182180058,1.3209226585717715,0.8834084076275133,0.547186256219058,0.2712699200542148,0.8909348996590463,0.07026391544132282,0.23648499764420972,0.29013255120791837,0.21986863576659554,0.0,0.0,0.056571082293404955,2.179310344827586,22.0,27.08761329305136,False,4,29.4,2026-10-04
Nick Schmaltz,UTA,NJD,0.0,C,18.59234180763398,2.680999494963968,1.3799491807736675,2.318595261968093,0.31372519662052817,0.39847755437495846,0.7122027509954867,0.6411691190577326,0.653415385291836,0.3897991144711032,0.48221012850759915,0.8751802485285632,0.26928019515707635,0.3286586509009739,0.5094375804033746,0.24015738524629826,3.0,0.1,0.087778589633291,2.814432989690722,30.0,24.94242424242424,False,3,29.4,2026-10-04
Kirill Marchenko,TOR,NSH,1.0,R,18.582839023664988,3.0637472556848317,0.1298840096295696,2.680997885002058,0.33060616320749486,0.4672640190821406,0.7978701822896355,0.48238593934675156,1.2091409153008226,0.4999446609506161,0.4716053748047282,0.9967597916481037,0.2815119196325062,0.373285396046953,0.5497130272675012,0.26820110763499494,2.0,0.06896551724137931,0.0952809554542891,3.240641711229946,29.0,27.984848484848484,False,3,29.4,2026-10-03
Vincent Trocheck,UTA,NJD,0.0,C,18.55809286012873,2.537902231136377,1.4479489425489422,1.6393316545782792,0.23065436817348867,0.39593323550246445,0.6265876036759531,0.6966651527097043,1.9541750436053325,0.5448287706747045,0.36017069627238707,0.8170563001458752,0.20598614492727685,0.32694836960872486,0.46558768029004194,0.2596015353627651,2.0,0.06666666666666667,0.08825535972738695,2.814432989690722,30.0,24.94242424242424,False,3,29.4,2026-10-04
Lucas Raymond,DET,OTT,1.0,L,18.53261310477153,2.8371958323943445,0.31948693534841494,2.0804368205287633,0.2837883994268079,0.4324194035192417,0.7162078029460496,0.38776151648288887,1.0276592298528415,0.44114047968061704,0.3577136371401619,0.8128324053483003,0.2470740525866264,0.3510628469223992,0.51139837920731,0.2643243266206836,2.0,0.05714285714285714,0.08002359878378511,4.090909090909091,35.0,25.848024316109424,False,2,29.4,2026-10-04
Sebastian Aho,CAR,MTL,0.0,C,18.5116765243545,3.026588123449916,1.4833107606602045,2.354928100625259,0.2979998899941114,0.4801452517697159,0.7781451417638273,0.40945021160720213,0.874818851326434,0.6223183213534218,0.3201137607741839,0.9203621121854512,0.2576985785947027,0.3813064810493362,0.540742921468677,0.2830443428739743,6.0,0.15,0.08500985242620068,2.2175438596491226,40.0,31.36060606060606,False,3,29.4,2026-10-03
Andrew Peeke,UTA,NJD,0.0,D,18.48400268792647,0.19986809575839914,1.6830268783757067,1.1682404630663878,0.059350011298173445,0.19422068946101687,0.2535707007591903,1.5384220196443883,1.3070262963943564,0.36614558879499676,0.19646437681152593,0.7448746296948963,0.0576231311251888,0.1765238482942032,0.22397512256241225,0.16635199143722346,3.0,0.1,0.042942254989722935,2.715008431703204,30.0,24.94242424242424,False,3,29.4,2026-10-04
Ronan Seeley,CAR,MTL,0.0,D,18.477162072226697,0.6714247872079582,1.3259840537321799,1.2998192985052068,0.06906276017660523,0.2545000736287911,0.32356283380539635,1.4043804155067783,1.1046731787319746,0.4898946393287198,0.27308234638008466,0.7421215275426228,0.06673189383099642,0.2246960039939283,0.2764335079421527,0.2097016141111563,0.0,0.0,,2.5,21.0,31.43730886850153,False,0,1.0,2026-04-14
Filip Forsberg,NSH,TOR,0.0,L,18.476319376160035,2.8852766109339116,0.11967628614254308,2.768517046378595,0.3592072158339866,0.4227170379950421,0.7819242538290287,0.472771903963463,1.1930792117678275,0.4156683603558148,0.40154880097879614,0.9239431011891281,0.3017703478795729,0.3447359782970366,0.5424752300793079,0.24070488219973496,1.0,0.038461538461538464,0.11984354448962384,4.962025316455696,26.0,28.237082066869302,True,2,29.4,2026-10-03
William Villeneuve,TOR,NSH,1.0,D,18.467224391694458,0.4664372314541365,0.8082696546259432,1.3722697462526419,0.06912620827860266,0.2621142597096341,0.33124046798823675,1.4309837931703724,1.0631649554849631,0.41937737515405304,0.318000536697507,0.7854815200388905,0.06679110604251648,0.23057689537565318,0.2819675155481802,0.21517640950566375,0.0,0.0,0.057033265205349834,2.42798353909465,20.0,28.015290519877677,False,0,2.9,2026-04-15
Robert Thomas,STL,CHI,0.0,C,18.451777616011643,2.380037415213821,1.1885840195182984,1.769078061547072,0.29853378174900175,0.46680915243345955,0.7653429341824614,0.5645668851935288,0.6411548897642189,0.4214118784521827,0.4168007569974349,0.9676687556587121,0.2580947814291099,0.3730002596307668,0.5348256205774726,0.2767308391483627,0.0,0.0,0.07223567889944507,2.6666666666666665,26.0,24.890577507598785,True,2,29.4,2026-10-03
Henry Thrun,TOR,NSH,1.0,D,18.43679019144031,0.24429855998573588,1.576231153347775,1.105590647246634,0.05326104712531951,0.2049026341391722,0.25816368126449174,1.1094374272801444,0.8981853992207977,0.42379845976322583,0.2486503196170526,0.741313412166555,0.05186752708251918,0.1852733608897532,0.22753121690865385,0.17566368982613467,1.0,0.045454545454545456,0.048679262945842176,3.5967302452316074,22.0,28.37769784172662,False,0,28.9,2025-12-18
Sam Bennett,FLA,LAK,0.0,C,18.406514052140892,3.110182993449758,0.704094502186316,2.3827998053926684,0.3094751705136374,0.4364639562939249,0.7459391268075624,0.5562246527506614,1.291747167436042,0.5546250451746848,0.3315690833540854,0.7869561541046304,0.2661680081562161,0.3536822068450407,0.5257113264850175,0.2595433183288014,4.0,0.12903225806451613,0.09045466979734941,4.9411764705882355,31.0,31.245454545454546,False,3,29.4,2026-10-04
Ludvig Jansson,FLA,LAK,0.0,D,18.403027096802585,0.50440627428116,1.2074720459964878,1.2198365407108778,0.05978304567620427,0.24259151143484153,0.3023745571110458,1.5037928705575232,0.9162225132589557,0.4065863737340686,0.28408622615625756,0.7555489935357932,0.0580311243625482,0.21540805484126524,0.2609388075846254,0.2029076832220772,0.0,0.0,0.056900898251004535,3.8135593220338984,27.0,31.30886850152905,False,0,3.8,2026-04-15
Connor Brown,NJD,UTA,1.0,R,18.353888379067957,2.1097380175752583,1.3498871688992675,1.8508983627140965,0.29143809845252827,0.3854124074273453,0.6768505058798735,0.47299346787089513,0.8534313256507338,0.31781571776106277,0.36663442809165686,0.848631181790421,0.25281173571872695,0.3198299288341955,0.49178490510955253,0.23897316939082558,1.0,0.047619047619047616,0.0487401408395128,3.5180722891566263,21.0,29.244648318042813,False,0,29.3,2026-04-14
Kevin Fiala,LAK,FLA,1.0,L,18.32024068574342,2.958372052000164,0.17132745130565927,2.379293693204907,0.32061210072834995,0.4329050063011052,0.7535171070294551,0.483714113785574,1.0806477805430437,0.5791742175262897,0.3858629877900243,0.9948344310488335,0.2742953032763932,0.3513778961086167,0.5292918928072758,0.25499658953088267,2.0,0.06060606060606061,0.09944190218600762,3.358490566037736,33.0,28.727574750830566,False,0,29.4,2026-02-05
Anton Lundell,FLA,LAK,0.0,C,18.28977804265245,2.4247613147381095,1.845444291492975,1.9634381100114315,0.2538923324619964,0.3547858991505746,0.608678231612571,0.536674211557696,1.180105787934903,0.4499147055765798,0.3184251995539722,0.7652617430824851,0.22422467663076107,0.2986764188898895,0.45593047207783133,0.23170579544707026,1.0,0.03225806451612903,0.06594308055031455,4.9411764705882355,31.0,31.245454545454546,True,3,29.4,2026-10-04
Anton Johansson,DET,OTT,1.0,D,18.260013278020203,0.5679643395314841,1.3403229687803837,1.2003152121790996,0.06736256816542883,0.24922722327576638,0.3165897914411952,1.2744663293522671,1.2909923221287702,0.45277046126297743,0.2935476694277507,0.8004052333145385,0.06514380921076013,0.22059714520707863,0.27137041607803036,0.20622660686727023,0.0,0.0,0.053062125797896535,4.090909090909091,35.0,25.848024316109424,False,2,2.0,2026-10-04
Joel Edmundson,LAK,FLA,1.0,D,18.255531606942753,0.20648199682883278,1.6291106263952841,1.3140256718394496,0.06673278907083564,0.2569438596802819,0.3236766487511175,1.4226043823297123,1.1622480539624522,0.40608731472933396,0.24788549105578403,0.9046307804624302,0.06455487089429557,0.2265883678770214,0.2765158559368668,0.21196098504257121,1.0,0.02857142857142857,0.045614234617449415,2.7927927927927927,35.0,28.762917933130698,False,2,29.4,2026-10-03
Clayton Keller,UTA,NJD,0.0,R,18.250025917713153,2.7447256444202996,0.1235571607835073,2.4523624617608917,0.29329916866098765,0.4952167378863153,0.788515906547303,0.5031976783100175,0.5954643794314863,0.5311965640953722,0.309208019264743,0.9437161335007526,0.25420101236581216,0.39056119549734014,0.5454811565769266,0.2912801442111145,2.0,0.06666666666666667,0.11065092062063277,2.814432989690722,30.0,24.94242424242424,False,3,29.4,2026-10-04
Aleksander Barkov,FLA,LAK,0.0,C,18.23019840048652,2.693281461130635,0.9967958449878344,1.9539058491864583,0.26581396694004245,0.46697192019279016,0.7327858871328325,0.6872843496650488,1.2246851449857274,0.3430279403192359,0.42294785535347423,0.6677046934718796,0.2334182762194208,0.3731023066683984,0.5194316856117919,0.2860134093923711,1.0,0.038461538461538464,0.08025752726951203,2.4705882352941178,26.0,31.26139817629179,True,2,29.3,2026-10-01
Mark Stone,VGK,SEA,0.0,R,18.226890363317338,3.2267808434867327,0.7201122264212294,2.048658388996869,0.3235403147491257,0.44155630577237814,0.7650966205215038,0.6386030775920116,0.9584057114758526,0.3540410956396713,0.3753266118278628,0.8497599009752477,0.27641721372413797,0.3569651169647384,0.5347110276607725,0.25829381393663453,3.0,0.10714285714285714,0.07627466891845115,2.156378600823045,28.0,27.963636363636365,False,3,29.3,2026-10-04
Matthew Tkachuk,FLA,LAK,0.0,L,18.18041630937187,3.5133366674166986,0.42356255871239196,2.51570006205489,0.3534753582424908,0.48736410407286906,0.8408394623153599,0.38836744452795097,1.2071549129999521,0.6807527778643923,0.2905034167028696,0.8239946300764829,0.2977567031161039,0.3857566562791582,0.5686517292164879,0.27089502610038396,1.0,0.03225806451612903,0.10857284630091715,4.9411764705882355,31.0,31.245454545454546,True,3,29.4,2026-10-04
Alexandre Carrier,MTL,CAR,1.0,D,18.133990989556814,0.18162431471863338,2.1899905896279326,0.899382324462524,0.06335142516088213,0.23123148907921565,0.29458291424009775,1.8447807202272013,0.8586580882918757,0.4414130022756748,0.3106175116302236,0.7071314187686342,0.061386436699366165,0.20644425471739247,0.25515781424260164,0.19377137754323548,0.0,0.0,0.03562252827490399,2.3087557603686637,25.0,24.72340425531915,False,2,29.4,2026-10-03
Cody Ceci,LAK,FLA,1.0,D,18.12098269715905,0.19102098840182022,1.7670231151941038,0.9527199630753481,0.050409104609461915,0.21640190398535927,0.2668110085948212,1.4986762386606347,0.7803712293499653,0.35640028512472366,0.21970979608840424,0.7725269822869532,0.049159648250350574,0.19458846129027696,0.23418220923002064,0.18502256097967007,2.0,0.05714285714285714,0.036555189679640526,2.7927927927927927,35.0,28.762917933130698,False,2,29.4,2026-10-03
Conor Timmins,BUF,MIN,1.0,D,18.112055203985097,0.18361481778208635,2.49937080966754,1.2933991329903896,0.048587996528863586,0.2162508371729841,0.2648388337018477,1.4918825236623074,0.9081215306116941,0.4378740498391126,0.2372023378622539,0.963895045020729,0.047426487544930396,0.19446678114578952,0.23267039231680642,0.18524390477187602,4.0,0.16666666666666666,0.03492771985491645,2.983783783783784,24.0,28.654434250764528,False,0,29.2,2026-04-15
Patrick Kane,CHI,STL,1.0,R,18.11107635088929,2.5768516189609807,0.12934170083805885,2.368305624388502,0.2916953293950316,0.44949760349570267,0.7411929328907343,0.38470565264649625,0.8224129624768023,0.40239938674924086,0.2871863897632379,0.8538823833304252,0.2530039109424088,0.3620514257409435,0.5234549100086185,0.27045099906620973,0.0,0.0,0.10741760970302762,1.842105263157895,15.0,21.17629179331307,False,3,29.4,2026-10-03
Alexis Lafrenire,NYR,NYI,1.0,L,18.108988022520432,2.91681019503291,0.14325031327246057,2.1907201663878886,0.2993566648427839,0.40449142007695194,0.7038480849197358,0.42378124159108516,1.110756874422313,0.3464942334831989,0.3754186457649576,0.7889546461973445,0.25870503157396185,0.33268389185380354,0.5053219266815785,0.24661689510761664,4.0,0.18181818181818182,0.07518071988675155,2.179310344827586,22.0,27.08761329305136,False,4,29.4,2026-10-04
Shane Pinto,OTT,DET,0.0,C,18.071492810682265,1.7360304190362295,1.9240929775344124,1.9388528169550672,0.28062083253641035,0.37265685633517487,0.6532776888715852,0.6557652275378968,1.410472682521359,0.4711951243459779,0.3461444041760419,0.624803980940274,0.24468532805958543,0.3110984154952401,0.47966252570055545,0.23497719764097003,2.0,0.08333333333333333,0.07414133590071066,1.6129032258064517,24.0,28.534954407294833,False,2,29.4,2026-10-05
Dmitry Kulikov,FLA,LAK,0.0,D,18.05641215143121,0.20814181676094534,1.67842753693912,0.9204485634772663,0.04579003325216096,0.19027881433519409,0.23606884758735505,1.197879201043085,1.1972856154149096,0.4738009337393045,0.3038928512207049,0.8607148143106115,0.044757489700954056,0.17327140197794755,0.2102736986894037,0.16551620898844965,0.0,0.0,0.03480866754897497,4.9411764705882355,31.0,31.245454545454546,False,3,29.3,2026-10-04
Andrew Copp,DET,OTT,1.0,C,18.049839279832845,1.705139539543854,1.4757157047209697,1.6168324374289655,0.24844631942826892,0.38701813087314035,0.6354644503014093,0.7310348806859338,0.9930628521041602,0.3894996382269516,0.37094225060537334,0.9080098499442212,0.21998826881300249,0.32092121747623836,0.47031058323128216,0.2503223144182797,1.0,0.02857142857142857,0.05393357102409213,4.090909090909091,35.0,25.848024316109424,False,2,29.4,2026-10-04
Ian Cole,CHI,STL,1.0,D,18.021834714725703,0.21239697594178167,2.275978237373735,0.9726925040371462,0.05676397523051803,0.2363869139362037,0.2931508891667217,1.4605394293858034,0.8538733674154976,0.5062355475405642,0.2794480025364986,1.0354633263226634,0.055182956723352605,0.21052484410808092,0.25409041746982675,0.19890746074647414,1.0,0.06666666666666667,0.03304959254455245,1.842105263157895,15.0,21.17629179331307,False,3,29.4,2026-10-03
Uvis Balinskis,FLA,LAK,0.0,D,18.01998263851546,1.694254381259332,0.6217274919566177,1.3758845551221004,0.07346711023913048,0.2541288448743936,0.3275959551135241,1.2080118560223265,1.2066628599064624,0.562522738782044,0.3092496086220509,0.686058842248784,0.07083329464028465,0.2244081354279729,0.27934586249181104,0.2085125678515264,0.0,0.0,0.03829312689299652,4.9411764705882355,31.0,31.245454545454546,False,2,29.2,2026-10-04
Topias Vilen,NJD,UTA,1.0,D,18.0171973114315,0.546206414563251,0.999339025144972,1.2060462703852977,0.06902313633442039,0.24842507933530047,0.31744821566972087,1.329529040438147,1.066531460438485,0.42232968760885947,0.3005714973517422,0.7939202511135914,0.06669491343019351,0.21997170111536657,0.27199562098257823,0.20530070755238472,0.0,0.0,0.05051942419371272,3.5180722891566263,21.0,29.244648318042813,False,0,2.0,2026-04-14
Brenden Dillon,NJD,UTA,1.0,D,17.99484788466519,0.19396057570370143,1.774279990131957,0.8510293257870543,0.04424165245276844,0.20570237481340248,0.24994402726617093,1.2786143028820014,1.9234272344877994,0.6992491452223835,0.20181062163000174,0.8493589535502292,0.043277264859116094,0.1859246704473423,0.22115562409966483,0.17787835924054873,0.0,0.0,0.029860833659868177,2.1235521235521237,37.0,29.264437689969604,False,2,29.4,2026-10-03
Donovan Sebrango,FLA,LAK,0.0,D,17.993374737954277,0.19210901185044257,1.2196365404880363,1.0567349958177852,0.04803045217479055,0.23103834670105985,0.2790687988758504,1.1625878538915448,1.5601635319899454,0.6726764540392031,0.2132300504550129,0.6663044966239157,0.046895237477245444,0.20629097067120328,0.24351214408941124,0.1966169066121658,1.0,0.037037037037037035,0.031080490527766545,3.8135593220338984,27.0,31.30886850152905,False,0,23.0,2026-04-15
Mike Benning,FLA,LAK,0.0,D,17.978717610709477,0.8703753472602719,0.6331006789697102,1.1811482992135423,0.07337017963895029,0.25012180972914116,0.3234919893680914,1.3421163854466116,0.7063612418788651,0.35533515459759263,0.2788065841863354,0.7879856796964472,0.0707432255887136,0.22129407666349943,0.27638224546536094,0.20563901987664734,2.0,0.07407407407407407,0.03890404895456077,3.8135593220338984,27.0,31.30886850152905,False,0,13.6,2026-04-15
Steven Stamkos,NSH,TOR,0.0,C,17.976915527772533,2.8640616656999147,0.20972456118058616,2.5517857421504018,0.35311749471675424,0.4135402219063428,0.766657716623097,0.5062177136666456,1.0987672417139396,0.49153438743490513,0.28345057238103943,0.653464366666262,0.29750535088174024,0.3386950650996561,0.5354368217970091,0.2379314709152689,4.0,0.15384615384615385,0.09560694152830186,4.962025316455696,26.0,28.237082066869302,False,2,29.4,2026-10-03
John Tavares,TOR,NSH,1.0,C,17.954806900876417,2.59159531205914,0.21529359444338425,2.194853457398258,0.3574116069593808,0.4670129341309924,0.8244245410903732,0.5262854650469402,1.0684768347573013,0.42032956796397497,0.30979557774926403,0.876980973644736,0.30051547422574265,0.3731280176843932,0.5615127487287992,0.26099727450305654,3.0,0.10344827586206896,0.10622469153001879,3.240641711229946,29.0,27.984848484848484,False,3,29.4,2026-10-03
J.T. Miller,NYR,NYI,1.0,C,17.93411694156372,2.759106207429824,1.1678082347851648,1.949660730651803,0.27362069435217407,0.4319486246174832,0.7055693189696572,0.5983426876999545,1.4246876606593366,0.4917883974800897,0.3435498145407006,1.036548827035644,0.2393794717862896,0.35075726907800586,0.506172651067201,0.2667931792809114,1.0,0.045454545454545456,0.08779942130800664,2.179310344827586,22.0,27.08761329305136,True,4,29.4,2026-10-04
Matthew Robertson,NYR,NYI,1.0,D,17.901913029853258,0.23222495575123459,1.4554359607878455,1.25074616465702,0.06297288602792143,0.20766205871595853,0.27063494474387995,1.0735393857136626,1.3275009746188682,0.4359778242202022,0.25614087246961903,0.8133411979705956,0.061031067478594325,0.18751843861516948,0.23710505561316075,0.17607398813456643,0.0,0.0,0.04581787693178986,2.797297297297297,21.0,27.143730886850154,False,0,27.1,2026-04-15
Jesper Bratt,NJD,UTA,1.0,L,17.89074718568979,2.6106341242573623,0.5712648792353706,2.1550620999157752,0.28581129108363357,0.4527497440998789,0.7385610351835125,0.36174064408501155,1.1460397909250555,0.31034869119298597,0.3223241924814625,1.0675525869075735,0.24859560072148335,0.3641227542512885,0.5221990401433116,0.2736034394218283,2.0,0.05405405405405406,0.08541335778391297,2.1235521235521237,37.0,29.264437689969604,False,2,29.4,2026-10-03
Dylan Holloway,STL,CHI,0.0,L,17.88615187199166,2.360309530320592,0.4470963697149893,2.6138315728894796,0.33500031944325337,0.4382835444449428,0.7732838638881961,0.5801258113377681,1.7735970482775736,0.41808196595588304,0.3035053338679122,0.6569062888318993,0.2846621421573291,0.3548571697447902,0.5385049098026804,0.2538427676453513,2.0,0.07692307692307693,0.07192156714508265,2.6666666666666665,26.0,24.890577507598785,False,2,29.3,2026-10-03
Seth Jarvis,CAR,MTL,0.0,C,17.868774789419806,2.4841922046870835,1.3134937348791722,2.477959549277941,0.3216767788387935,0.42677817464871004,0.7484549534875036,0.45124019622785816,1.0695679271236493,0.46904693173605966,0.4238186886264927,0.6112596658761023,0.2750675340201102,0.3473916987615162,0.5269030548642392,0.25183552084412897,2.0,0.06896551724137931,0.08170039745055711,2.6982758620689657,29.0,31.46153846153846,False,0,29.4,2026-04-11
Nick Jensen,OTT,DET,0.0,D,17.86762525357949,0.20939788634327994,0.8532235039273184,0.8532604188234489,0.05213527718218363,0.23183856326581279,0.2839738404479964,1.2624021211635297,0.8096482610484171,0.3020216109448718,0.20118223387813902,0.7110926257482458,0.05079954700525491,0.20692585572741795,0.24721366299804526,0.19641411599279035,0.0,0.0,0.03987778573245148,2.4224519940915807,34.0,28.472491909385113,False,0,29.4,2026-03-11
Ville Ottavainen,SEA,VGK,1.0,D,17.84897993572809,0.5462064145632511,0.9464983502221208,1.2373446913039812,0.06480133216876627,0.26129663451230445,0.3260979666810707,1.3557996791073776,1.201431257666539,0.462850754900675,0.303997557303387,0.7622478533635271,0.06274635296818865,0.22994753840390658,0.2782655219632376,0.21551916899504897,0.0,0.0,0.05518707673360436,2.672064777327935,27.0,26.421212121212122,False,1,2.0,2026-10-04
Cole Caufield,MTL,CAR,1.0,R,17.842727381516543,3.1301274536047567,0.12022516247653985,2.788448602973008,0.3762225270194239,0.4233687222222045,0.7995912492416284,0.38861665598883444,1.02768967760437,0.3360885932315568,0.26576496676186545,0.7442201062398079,0.3135504375299799,0.3451628644120255,0.5504873347865136,0.23693689725653366,3.0,0.12,0.1291539535285465,2.3087557603686637,25.0,24.72340425531915,False,2,29.4,2026-10-03
Adam Wilsby,NSH,TOR,0.0,D,17.842219007042367,0.18770234555992096,1.2117635270250873,1.2467123013821357,0.06378430676303894,0.24709884050112363,0.31088314726416255,1.0436846540599134,0.7378590983743035,0.41730920974243435,0.2620465905720642,0.7608701548502645,0.06179265731339545,0.21893651099069056,0.26720049950704783,0.20540784219365238,1.0,0.038461538461538464,0.04071188745910904,4.962025316455696,26.0,28.237082066869302,False,2,27.7,2026-10-03
Angus Booth,LAK,FLA,1.0,D,17.752162072226696,0.6714247872079582,1.1634840537321798,1.3599244897292382,0.0806003373964022,0.2710320909237773,0.3516324283201795,1.3781893677934622,1.180280341958609,0.4763908503404479,0.31485189220782145,0.796978027530078,0.07743766856274503,0.23740797627011456,0.29646132465230246,0.21902365608955743,1.0,0.047619047619047616,,3.1323529411764706,21.0,28.714754098360658,False,0,1.0,2026-03-02
Carter Verhaeghe,FLA,LAK,0.0,C,17.746426812713874,2.3603807956130938,0.3057715873846121,2.188285920988536,0.2754172651140848,0.37561363128805,0.6510308964021347,0.47083187698399476,0.9503271462642762,0.3671753758037172,0.35234184546524083,0.7274357333315303,0.24074475360826308,0.31313233404379215,0.4784921210459021,0.23774736743763902,3.0,0.0967741935483871,0.09532430282135268,4.9411764705882355,31.0,31.245454545454546,False,3,29.4,2026-10-04
Tyler Bertuzzi,CHI,STL,1.0,L,17.74322147967346,2.892795626724056,0.11680792483804117,1.9560587187918963,0.311698262216398,0.38333799467344715,0.6950362568898452,0.35416114662325543,0.9429513937755687,0.4054332714680329,0.34364612329459515,0.9645590478438733,0.26779757196248877,0.3184175109013542,0.5009436465741209,0.23314607461163217,1.0,0.06666666666666667,0.07427060008221012,1.842105263157895,15.0,21.17629179331307,False,3,29.4,2026-10-03
Chandler Stephenson,SEA,VGK,1.0,C,17.740383518466416,1.791183014316053,1.284246660387365,1.202618234647058,0.20017058199886478,0.36674184456478576,0.5669124265636505,0.602919823903947,0.6795039741676182,0.29328559803392423,0.4560464272855416,0.7202585251964659,0.18140889573928443,0.3070114792923023,0.432725761593886,0.25131686585460156,1.0,0.037037037037037035,0.04626821343485362,2.672064777327935,27.0,26.421212121212122,False,3,29.4,2026-10-04
William Trudeau,NSH,TOR,0.0,D,17.739662072226697,0.6714247872079582,1.1634840537321798,1.4470281321057685,0.06901632442378186,0.26107868348129576,0.3300950079050776,1.2576292210039173,1.0715816111029977,0.42576931836308485,0.271578005048277,0.6880561369354085,0.06668855581769162,0.22977968638487511,0.28114456676131727,0.21445601094362565,1.0,0.038461538461538464,,4.962025316455696,26.0,28.237082066869302,False,1,1.0,2026-10-03
Mats Zuccarello,LAK,FLA,1.0,R,17.720786070156134,2.6654962099400787,0.11996043730792626,2.0438654307874997,0.2936249495831008,0.48843572912538874,0.7820606787084896,0.48440683737299833,0.7356055604702932,0.48890636366660173,0.317323278979348,0.885520341608831,0.25444393987499214,0.38641454226812055,0.5425376435834204,0.28809370370842824,1.0,0.02857142857142857,0.0848534992095186,2.7927927927927927,35.0,28.762917933130698,True,2,29.4,2026-10-03
Joel Eriksson Ek,MIN,BUF,0.0,C,17.686123273943956,2.48674475525244,1.2689185797776452,2.3251059766142936,0.2901363452915119,0.39688454065934203,0.687020885950854,0.5198124302865135,1.3962515193003966,0.47806402464854836,0.31404395398840024,0.5198915822211164,0.2518384476808758,0.3275883426424736,0.4969274506339181,0.24508900295304226,2.0,0.06666666666666667,0.11203645699043677,3.1411042944785277,30.0,27.364741641337385,False,2,29.4,2026-10-03
Ryan Lindgren,SEA,VGK,1.0,D,17.67240315836541,0.22002001367444018,2.2027697380403484,0.8305544735735729,0.049492030499085474,0.18113469170257343,0.23062672220165892,1.304391613292544,0.869712737179771,0.5157682615966834,0.2687611476456324,0.8121211564480397,0.04828725721818683,0.16567702525459793,0.20596419333917193,0.1576769361209851,1.0,0.037037037037037035,0.03332951964905848,2.672064777327935,27.0,26.421212121212122,False,3,29.4,2026-10-04
Timo Meier,NJD,UTA,1.0,R,17.670038310343287,1.6379244667903574,0.15762281946677237,2.9270675993739257,0.333492223362554,0.35276929030039783,0.6862615136629518,0.6284606321551757,1.6382184462088312,0.38064449936745454,0.4007190942326183,0.9449109349062033,0.2835825300627748,0.29726069655006304,0.49654528619694827,0.21296275613417348,6.0,0.16216216216216217,0.1268101368732128,2.1235521235521237,37.0,29.264437689969604,False,2,29.4,2026-10-03
Nikolas Matinpalo,OTT,DET,0.0,D,17.61662346927192,0.18778898170146366,1.957909083101761,1.0118737664932553,0.04773266354410635,0.19128044520581772,0.23901310874992407,1.1840711218436,1.0731348160762428,0.4459804409146623,0.22913494017381653,0.7912375853839465,0.04661137145117533,0.17409906428809663,0.2125954395844375,0.16598406813326216,1.0,0.041666666666666664,0.03218436340045104,1.6129032258064517,24.0,28.534954407294833,False,2,28.3,2026-10-05
Kyle Palmieri,NYI,NYR,0.0,C,17.588734746517158,2.9898342643166855,1.210895686499175,2.212402526621112,0.2598578662151673,0.3565982528838631,0.6164561190990304,0.5724877477220416,0.8541531760900091,0.38695612386288175,0.2881220911059845,0.6225509281721706,0.22883881392747618,0.29994631420300766,0.46014576934634943,0.23130695541887325,2.0,0.0625,0.09248188540764626,3.4054054054054053,32.0,25.595744680851062,False,2,29.4,2026-10-03
Matty Beniers,SEA,VGK,1.0,C,17.57680115183205,1.8615640910184856,0.3807558361675851,1.5925803878164722,0.24644279782712486,0.36350845502277873,0.6099512528499036,0.7299532540166522,0.7840992385231739,0.3235127112692074,0.4060243012358588,0.8390796320624518,0.21842393189230103,0.3047671510182648,0.45662264347354176,0.23819871158124073,0.0,0.0,0.0675837142441172,2.672064777327935,27.0,26.421212121212122,False,3,29.4,2026-10-04
Erik Gustafsson,LAK,FLA,1.0,D,17.514265639186817,1.2104419498161036,0.34551299893236886,1.26965766605516,0.06581402836719309,0.2923818584061466,0.3581958867733397,1.0577369187757675,0.8218211159606137,0.41798022787237105,0.29294599953676925,0.9529472202365673,0.06369502573377162,0.253516569431138,0.3010638507510558,0.23736882501728418,2.0,0.05714285714285714,0.050697434905458846,2.7927927927927927,35.0,28.762917933130698,False,1,29.3,2026-10-03
Dawson Mercer,NJD,UTA,1.0,C,17.469762371345123,1.059287242731266,1.6772172051707757,1.81369366698254,0.2664554990233101,0.3215299548173757,0.5879854538406858,0.5104805336110837,0.7862071647536324,0.31542057657112166,0.37968786435850754,0.8440523622847652,0.23390990527490518,0.2749610887060254,0.44455487176741937,0.21064496649251419,3.0,0.08108108108108109,0.06200075265068884,2.1235521235521237,37.0,29.264437689969604,False,2,29.4,2026-10-03
Frank Nazar,CHI,STL,1.0,C,17.370345803069387,2.66570980414722,0.9572335404785186,1.9611175068580802,0.2776505303633096,0.3662220523986303,0.6438725827619399,0.5363536229684606,0.8042315795378577,0.35149106509488476,0.4077506827285942,0.9447536353608474,0.2424384799912337,0.306651175654611,0.474745610732616,0.23230713074138232,2.0,0.13333333333333333,0.08134715984356247,1.842105263157895,15.0,21.17629179331307,False,3,29.0,2026-10-03
Hunter Skinner,STL,CHI,0.0,D,17.364662072226697,0.6714247872079582,1.1634840537321798,1.3002487734105799,0.0687257244933029,0.24940716844094263,0.3181328929342455,1.2101391134957653,1.2807577900536862,0.42110017308546327,0.27022621055574175,0.6651090437076345,0.06641729616478786,0.22073738236464546,0.2724938984302806,0.20607660226549274,0.0,0.0,,1.6862326574172892,17.0,24.840304182509506,False,0,1.0,2025-11-14
Jordan Oesterle,NSH,TOR,0.0,D,17.31934214816375,0.294959773897004,0.9397853643926813,1.236340390541204,0.06706298876505803,0.21139766948343772,0.27846065824849575,1.3761898288710745,0.8381587637515702,0.31283394763735617,0.32279836200214157,0.8886363006021115,0.06486370359884974,0.19054789153284057,0.24305195317391848,0.17818824957506874,0.0,0.0,0.0391265750628316,3.9090909090909087,30.0,28.299382716049383,False,0,28.8,2026-04-09
Carson Lambos,MIN,BUF,0.0,D,17.243828738893363,0.6714247872079582,1.4718173870655131,1.3185959981631257,0.061757724257377765,0.22874329677169825,0.290501021029076,1.253026274380208,1.062722990838085,0.458346294442973,0.2665703350665039,0.7147503491340245,0.05988937479790346,0.2044672768858501,0.25211123430443017,0.1922218595065267,1.0,0.03571428571428571,,2.25,28.0,26.92142857142857,False,0,1.0,2025-12-18
Mikulas Hovorka,FLA,LAK,0.0,D,17.22509930008491,0.43496977754548055,1.3250879583040294,1.190652128002794,0.06645408834475659,0.22540198497853794,0.29185607332329455,1.287516239682434,0.9720676119985426,0.38406208690373633,0.25137359848461965,0.7661007487931258,0.06429412532430467,0.20180470825744157,0.25312397637800754,0.18882985105370287,3.0,0.1111111111111111,0.03869779858485139,3.8135593220338984,27.0,31.30886850152905,False,0,3.8,2026-04-15
Jeremy Lauzon,VGK,SEA,0.0,D,17.211118383308982,0.19482004471781328,1.9964902091630268,1.2695524316428233,0.056070984771612806,0.1996474922657032,0.255718477037316,1.1598076560061383,2.5098707967827876,0.6267351939070185,0.2193240966024461,0.6618893715580321,0.0545279806070631,0.1809805871248351,0.22564006178690021,0.17111208117983712,0.0,0.0,0.04045880091421168,2.156378600823045,28.0,27.963636363636365,False,3,29.4,2026-10-04
Trevor Moore,LAK,FLA,1.0,L,17.182539971436317,0.9338999726103433,1.298349184966277,2.360200265895972,0.2758309854728114,0.3439558930426356,0.619786878515447,0.5139837590878064,1.1755433824578811,0.34316902731909016,0.38660861417864173,0.7009112224208968,0.2410588079913396,0.29103980256289164,0.4619409026703858,0.22088209467904618,2.0,0.05714285714285714,0.08775730373394038,2.7927927927927927,35.0,28.762917933130698,False,2,29.4,2026-10-03
Mavrik Bourque,NSH,TOR,0.0,C,17.16804674888398,1.4274015784926715,0.2897090899136207,2.08983331575073,0.27761094805778075,0.3506595972371258,0.6282705452949066,0.37447647455538235,1.1833086227641854,0.4328499229759005,0.27730576560173165,0.6347091662347749,0.24240849336622583,0.29577656733819857,0.4664863086429376,0.22407781527671178,2.0,0.07692307692307693,0.05537545872961377,4.962025316455696,26.0,28.237082066869302,False,2,29.2,2026-10-03
David Reinbacher,MTL,CAR,1.0,D,17.09486301776886,0.5462064145632511,0.9464983502221208,1.287120326146052,0.06390911852786417,0.2495719004307654,0.31348101895862956,1.437575337406618,1.134432119711687,0.3962617150175048,0.2727326275953888,0.8204461360557658,0.06190974932022608,0.22086574127354353,0.2691017479180986,0.20719199859787252,1.0,0.034482758620689655,0.06564491768817042,3.001027749229188,29.0,24.712538226299696,False,0,2.0,2026-04-14
Jimmy Snuggerud,STL,CHI,0.0,R,17.084583986276034,2.3347539675298585,0.12990191732540246,2.479725977857045,0.31511477016880834,0.4251064942051631,0.7402212643739714,0.48154137156756455,1.1870964072797543,0.3898833924137569,0.3170133603309639,0.8567036055144901,0.2702948789169619,0.3462998338567047,0.5229916411124045,0.25269676219544257,1.0,0.038461538461538464,0.09129179548317704,2.6666666666666665,26.0,24.890577507598785,True,2,27.5,2026-10-03
Jordan Eberle,SEA,VGK,1.0,R,17.07017067622055,1.8537614941345941,0.2307844711781096,1.7938865565466104,0.29394405629475384,0.3483050974094191,0.642249153704173,0.5633633652437967,0.996617720229384,0.378388522989176,0.38746049310198416,0.6504016886340199,0.2546818138620802,0.29411651986347886,0.4738922049599258,0.21921039109784557,2.0,0.07407407407407407,0.07692003853879988,2.672064777327935,27.0,26.421212121212122,False,3,29.4,2026-10-04
Anton Frondell,CHI,STL,1.0,C,17.063376296836555,2.616545837486425,0.5256642260043765,2.2534487546277813,0.27263769635980867,0.4113965253208007,0.6840342216806093,0.686449105388022,1.0021928209641289,0.3628617623424438,0.3689876760890034,0.7240767255277231,0.23863141572553692,0.3372759073904107,0.4954226958452589,0.25679128011972197,1.0,0.06666666666666667,0.09987494433838096,1.842105263157895,15.0,21.17629179331307,False,3,11.9,2026-10-03
Matt Grzelcyk,BUF,MIN,1.0,D,17.04971440400197,0.7000100124675532,0.8236975392245997,1.084417087624223,0.046361242619370066,0.20420110605131436,0.25056234867068444,0.9848523346486201,0.6408995730032776,0.41810150170351085,0.30713898705015247,0.7216121001151711,0.045302977362130514,0.18470160674114278,0.2216370513943302,0.1763340740321997,0.0,0.0,0.042302017902012656,3.0895522388059704,26.0,28.640243902439025,False,1,29.4,2026-10-01
Blake Coleman,MIN,BUF,0.0,L,17.027316675235873,1.5236424663470782,2.0025847406240675,2.3276184406388585,0.2597793466143922,0.28948616733979016,0.5492655139541824,0.5734179879106379,1.7223290889620642,0.6045414482857797,0.4000696405612211,0.6970282460891974,0.22877826028171966,0.2513518513652757,0.4226262723730583,0.19384801209133862,2.0,0.06666666666666667,0.08107018718568032,3.1411042944785277,30.0,27.364741641337385,False,2,29.4,2026-10-03
Dylan Guenther,UTA,NJD,0.0,R,16.961712467351646,2.8595442441639696,0.24958341607926243,2.5865232485873935,0.3271556331337082,0.3900567034778572,0.7172123366115655,0.4222141010558955,0.9935257343932207,0.3674567790234153,0.27716312943060195,0.7621757165833886,0.27902847276351217,0.3229815158928818,0.5118889495459592,0.23286047678244703,2.0,0.06666666666666667,0.10382819264772053,2.814432989690722,30.0,24.94242424242424,False,3,29.3,2026-10-04
Pavel Dorofeyev,NYR,NYI,1.0,R,16.949633707494687,3.0388325229963526,0.11859580258820138,2.6787606353743034,0.31684835661310023,0.37025948068321896,0.6871078372963192,0.38028842230549503,0.7319931682121676,0.35073190017168787,0.3110429261848282,0.737292612738016,0.27155878995714056,0.30944487832704415,0.496971191567258,0.22541240161011744,3.0,0.13636363636363635,0.09574512335189503,2.179310344827586,22.0,27.08761329305136,False,4,29.3,2026-10-04
Logan Stanley,NYI,NYR,0.0,D,16.944831052652926,0.4261018301748128,1.740604001648731,1.2969239032407007,0.05823375357703078,0.225919367525811,0.28415312110284174,1.1542711795996108,1.221035756808122,0.7952666379468092,0.23073113926576172,0.7273411233501808,0.05657060833502514,0.20221757375679295,0.24734861092836358,0.19077800259333844,1.0,0.03125,0.03751669080144802,3.4054054054054053,32.0,25.595744680851062,False,2,29.3,2026-10-03
Brian Dumoulin,LAK,FLA,1.0,D,16.9346295103894,0.25533483451229544,0.757865655121106,0.826012077310616,0.05542505678737478,0.2179503592501185,0.27337541603749327,1.130284376310315,0.6996940061149967,0.4059020068997197,0.30040795840185247,1.00561220387667,0.05391707649263178,0.1958346399527362,0.2391928851831293,0.18527580869049753,0.0,0.0,0.032428595672326706,2.7927927927927927,35.0,28.762917933130698,False,2,29.4,2026-10-03
Kevin Gravel,NSH,TOR,0.0,D,16.93013838085222,0.18975849201032077,1.1802695406466537,1.1984958009933246,0.0533814508292162,0.19951698376284374,0.25289843459205996,1.433202738840077,0.9863034187035811,0.3307441859653369,0.19182968839855608,0.7145062284550541,0.0519816788717562,0.180873691152183,0.22345325189411713,0.17147157302236093,1.0,0.047619047619047616,0.03953635400288253,1.8358208955223883,21.0,28.28440366972477,False,0,19.0,2026-04-16
Jackson Blake,CAR,MTL,0.0,R,16.919459580593724,2.5231296629925444,0.14607534867826297,2.1592597797318502,0.2981603998264044,0.40857986653094736,0.7067402663573518,0.5093842678382173,0.6617935248952694,0.4512363178937991,0.3124609595582634,0.8825976485512923,0.2578177157097683,0.33540660839684433,0.5067505584957774,0.24893284278600913,2.0,0.05,0.0622308801528042,2.2304038004750595,40.0,31.36060606060606,False,3,29.3,2026-10-03
Simon Holmstrom,NYI,NYR,0.0,R,16.910587489476622,1.739626368827111,1.6229062197655282,1.6001618241482591,0.229916637232597,0.29551648182660883,0.5254331190592059,0.47746045392692404,0.7219003094586441,0.31254741608646414,0.3581651969384378,0.65584412807384,0.20540016021594354,0.255852850282252,0.4087007940585151,0.20330063384257158,1.0,0.03125,0.04262077112292455,3.4054054054054053,32.0,25.595744680851062,False,2,29.4,2026-10-03
Alberts Smits,NYR,NYI,1.0,D,16.897431111327293,0.4419813989718611,0.7128093168799955,1.1359375434668937,0.058772937892792504,0.22702243301345007,0.2857953709062426,1.2372045240948941,1.1205924905410158,0.4161564089019728,0.29375341003834915,0.7971342502007228,0.05707915355391624,0.20309709484396832,0.24858363813493145,0.1915044845810152,1.0,0.045454545454545456,0.040952616812208104,2.179310344827586,22.0,27.08761329305136,False,4,3.8,2026-10-04
Carter Yakemchuk,OTT,DET,0.0,D,16.882745711380014,1.5335630108516543,0.6046332682816508,1.3356030371970022,0.07236655504364671,0.25391143645213204,0.32627799149577874,1.330942228149274,0.8118988349814132,0.3936986558520047,0.2629917007764013,0.7446348669455045,0.06981013247528534,0.22423949689332268,0.27839544038429387,0.20858530790900853,1.0,0.041666666666666664,0.05346999823181961,1.6129032258064517,24.0,28.534954407294833,False,2,5.5,2026-10-05
Bobby McMann,SEA,VGK,1.0,C,16.853618298532734,1.341990532431825,0.21173914681358388,2.39758307297008,0.2778334798041372,0.3028742811646555,0.5807077609687927,0.499575534329095,1.7722400787551142,0.32320968180555126,0.3251815528675194,0.7375271373200287,0.24257706277050428,0.26130804197422797,0.44049776744431235,0.19792070467380807,6.0,0.2222222222222222,0.07928645442416331,2.353448275862069,27.0,26.421212121212122,False,3,29.3,2026-10-04
Logan Cooley,UTA,NJD,0.0,C,16.843321572543832,2.3875887343695705,0.7006301801894164,1.7088827670693847,0.26705547095032717,0.3773051860785731,0.6443606570289002,0.569968135646641,1.0629313405121443,0.3957541215408024,0.3837279857754374,0.7650520251043392,0.23436939996956385,0.31429322620143996,0.4750019113316739,0.24063251136211006,0.0,0.0,0.0715151984433131,2.814432989690722,30.0,24.94242424242424,True,3,29.3,2026-10-04
Ridly Greig,OTT,DET,0.0,C,16.78475079165118,0.8357555516553873,1.9155922784072996,1.6328233703557256,0.2317075463915273,0.32153515862464827,0.5532427050161756,0.6380332490763775,1.2805117773215513,0.5689763125290119,0.3020467187543185,0.5680017083453188,0.2068219428249356,0.27496486165896805,0.4249180375870062,0.2180960947620706,0.0,0.0,0.05285868035117141,5.777777777777778,38.0,28.504587155963304,False,0,29.4,2026-04-15
Theo Lindstein,STL,CHI,0.0,D,16.75137293505106,0.2580142652669254,0.7858682077580109,1.2757840207206341,0.0725812477153186,0.2277724420894484,0.300353689804767,1.0446135578996212,0.8313212669291034,0.38431881344144797,0.26987166820133757,0.6040870950792887,0.07000981598704592,0.20369455517718194,0.25944375283871024,0.18943393685166432,0.0,0.0,0.049808301724415006,2.6666666666666665,26.0,24.890577507598785,False,2,14.2,2026-10-03
Andrei Svechnikov,CAR,MTL,0.0,R,16.74723554946913,2.971525542665393,0.12735813964895745,2.347044436683902,0.32923156458159364,0.4303390965704788,0.7595706611520725,0.35356640570177417,1.8593576912461969,0.715087626124742,0.2758461836640181,0.8338676979947914,0.2805236077940788,0.34971145328411957,0.5321327425160267,0.2516091347219479,4.0,0.1,0.08478008060128851,2.2304038004750595,40.0,31.36060606060606,False,3,29.4,2026-10-03
Brayden Schenn,NYI,NYR,0.0,C,16.697191686804896,2.7149922970097857,0.23444373110483843,1.7293903956060852,0.2643619223264123,0.35359892595031805,0.6179608482767304,0.592192712985737,1.7890300179939058,0.502600505927651,0.24596179567554177,0.5129435569658297,0.232304356821886,0.29784347234958886,0.46095749289370647,0.22865313607182047,4.0,0.125,0.07034340675614353,3.4054054054054053,32.0,25.595744680851062,False,2,29.4,2026-10-03
Dylan Cozens,OTT,DET,0.0,C,16.690276724449806,2.6332583544946586,0.2868465834978181,2.309040806818231,0.29936433412017244,0.37956716327772233,0.6789314973978948,0.4353810715277378,1.9447524783222898,0.47757705017085655,0.26527275311834614,0.5668714153029251,0.2587107167489008,0.31584252638763843,0.4928413967550097,0.23413068000610893,4.0,0.16666666666666666,0.08562222413609222,1.4773869346733668,24.0,28.534954407294833,False,2,29.4,2026-10-05
Matt Benning,TOR,NSH,1.0,D,16.661156707369305,0.2556365680216827,1.7951936828358541,1.0178649014333665,0.04703692039548214,0.21395511540316656,0.2609920357986487,1.3478788397593038,1.1330710707030929,0.43877500871776903,0.2503823277897363,0.6763483901806943,0.04594782704341471,0.19261537665728756,0.22971294568815104,0.18376511864473632,0.0,0.0,0.04642133598893109,1.874125874125874,21.0,28.363636363636363,False,0,28.4,2026-01-03
Michael Amadio,OTT,DET,0.0,R,16.64077729440898,0.3848341803732364,1.5933845453301538,1.383311589241248,0.22853144135930348,0.2835877414118055,0.5121191827711089,0.6265306660155326,1.2888166457834356,0.34232224641511394,0.3392296454734316,0.6083880482460802,0.2042987211186259,0.24692295680179144,0.40077563363098156,0.19647691251235566,2.0,0.08333333333333333,0.04821884238389983,1.6129032258064517,24.0,28.534954407294833,False,2,29.4,2026-10-05
William Eklund,OTT,DET,0.0,L,16.55658331775435,1.6608373686075704,0.4357934424356828,1.9172633737812987,0.24473486106418685,0.35505775705902387,0.5997926181232107,0.5109078925225334,1.141322982302701,0.4376729147446911,0.23591418874720302,0.5967675621736763,0.2170879087958364,0.298867053337881,0.45107453851662305,0.23398662972078665,2.0,0.08333333333333333,0.09207627039934992,1.6129032258064517,24.0,28.534954407294833,False,2,29.4,2026-10-05
Logan Stankoven,CAR,MTL,0.0,C,16.554246103542678,1.720973461900965,0.5968605810683637,2.0500310467753966,0.2737631719060704,0.3481056121753999,0.6218687840814703,0.4102960795376612,0.9908309580241054,0.33655515963703003,0.32747479720610856,0.5588467303960737,0.23948783541871688,0.29397569248622935,0.46305992564570075,0.22357209022698388,4.0,0.1,0.07298137349337816,2.2304038004750595,40.0,31.36060606060606,False,3,29.3,2026-10-03
Jonathan Marchessault,NSH,TOR,0.0,R,16.552545643858945,2.501761585586379,0.11685094075760448,2.091630828665395,0.25802733278612516,0.3591519830268326,0.6171793158129577,0.2934928542901805,1.072612642599086,0.3993172673273946,0.2665264524605012,0.7410187855976058,0.22742588478471937,0.30173178163079684,0.4605360490104625,0.23311016422574315,3.0,0.11538461538461539,0.10162557814545094,4.962025316455696,26.0,28.237082066869302,False,2,29.4,2026-10-03
Scott Morrow,NYR,NYI,1.0,D,16.547487240082955,1.1416534256796986,0.350494541939824,1.2333769989950005,0.05550387592998722,0.2519442674909282,0.3074481434209154,1.1733555445353192,0.7028205137210634,0.2954042531944902,0.2746437710244452,0.8090166443055931,0.0539916429988303,0.22271194292451113,0.26467900220938534,0.21068735921055504,1.0,0.04,0.044405893658965766,3.08,25.0,27.325657894736842,False,0,23.2,2026-02-28
Ryan McLeod,BUF,MIN,1.0,C,16.536740593274875,1.6390965541061133,1.8978881743537859,1.3170796191586618,0.1982536287632459,0.36285087672107985,0.5611045054843258,0.443861770127411,0.5693077424699005,0.34892780667283896,0.40125359608534034,0.9386413664934241,0.17983818986946398,0.3043098306366453,0.4294214914049319,0.24958330153546793,1.0,0.03571428571428571,0.04296288482572984,2.5900000000000003,28.0,28.632218844984802,False,2,29.4,2026-10-03
Pavel Buchnevich,STL,CHI,0.0,L,16.510938518992354,1.7691807066019412,1.562743145322343,1.7850807457799365,0.2558511059074775,0.3150577596977684,0.5709088656052459,0.4413404759428465,0.7755959575885387,0.3685471886883072,0.30482142949326035,0.6380005616706951,0.22574275746024774,0.2702532768984246,0.43498831441895414,0.2092455569587064,2.0,0.07692307692307693,0.0815966580013122,2.6666666666666665,26.0,24.890577507598785,False,2,29.4,2026-10-03
Jordan Staal,CAR,MTL,0.0,C,16.47656223875486,1.3590207149171087,2.0235239718638396,1.5811435234637612,0.23889529573371915,0.31441375201298505,0.5533090477467042,0.6282446326550688,1.9700424232373757,0.32677624663941984,0.27398046622251915,0.5339077426539078,0.21250266761343584,0.26978316303858074,0.42495618882912767,0.21245352121569183,1.0,0.025,0.04745721569742824,2.2304038004750595,40.0,31.36060606060606,False,3,29.4,2026-10-03
Josh Mahura,SEA,VGK,1.0,D,16.46367619932042,0.21874700222138002,1.2014153293698302,0.9105804302549563,0.05014215160698353,0.18486428765747479,0.2350064392644583,1.3754931354924707,1.2764409961316692,0.36965768496212525,0.20934791148715445,0.7056593842047149,0.04890578468025997,0.16878291738471096,0.20943424104964814,0.16052845636938817,0.0,0.0,0.03038479101633786,2.353448275862069,32.0,26.423780487804876,False,1,29.3,2026-10-01
Ryan Greene,CHI,STL,1.0,C,16.433266658839862,1.214247046160467,1.464833156160574,1.4791352297728064,0.21847605978335183,0.30035452419765934,0.5188305839810112,0.4770013208777443,0.8441466658660882,0.28344290494294233,0.31167167588905503,0.6766769719575282,0.19625727901079837,0.2594443707533215,0.4047838035054042,0.20852652449460585,0.0,0.0,0.0539575969248034,1.842105263157895,15.0,21.17629179331307,False,3,27.8,2026-10-03
Brady Tkachuk,FLA,LAK,0.0,L,16.41335497069325,3.1933012617927568,0.1548436096777165,2.7901914480105066,0.3277794091601706,0.4110180817874157,0.7387974909475863,0.4470515818092185,2.0805925742745557,0.7308943243244269,0.24517838462182456,0.6131807142931526,0.27947805728336406,0.33702505627964774,0.5223120055781594,0.24283394829479532,4.0,0.12903225806451613,0.1426605345563631,4.9411764705882355,31.0,31.245454545454546,False,3,29.4,2026-10-04
Justin Barron,NSH,TOR,0.0,D,16.39627393140337,0.31096705687742154,0.7774815954239701,1.0033593329928123,0.05818036695717236,0.21911817255756794,0.2772985395147403,1.2175713488964957,0.8699167067560413,0.3852076674482964,0.19265629250410257,0.7737966980962927,0.05652024048425641,0.19677320681948363,0.2421717783334445,0.1856515378491881,0.0,0.0,0.04060325317846155,1.8358208955223883,21.0,28.28440366972477,False,0,29.3,2026-04-16
Lawson Crouse,UTA,NJD,0.0,L,16.386202953754655,1.005949443712101,1.9134365316115884,1.8446490023255666,0.2520550256862022,0.28135907686664,0.5334141025528423,0.5205194941149581,1.997864915675952,0.4281324955880498,0.3142321238433002,0.6005514531667289,0.2227980291794538,0.24524272905930544,0.41340116153375517,0.19060313235430137,5.0,0.16666666666666666,0.07365147738985091,2.814432989690722,30.0,24.94242424242424,False,3,29.4,2026-10-04
Roman Kantserov,CHI,STL,1.0,R,16.3702380433364,2.084005819241495,0.3109531932951992,1.826852260745052,0.2598746269677394,0.33566632580042866,0.5955409527681681,0.42821379664014,1.3267636339997806,0.4054554931598351,0.3603794529462099,0.6777154666551073,0.22885173906099132,0.28513840310416705,0.4487357227416958,0.2198839836807045,0.0,0.0,0.053016154922961155,1.842105263157895,15.0,21.17629179331307,False,3,2.9,2026-10-03
Chris Kreider,MTL,CAR,1.0,L,16.34045592724761,2.5267287061381203,0.35157085181003156,1.7057515469428566,0.2776412022728099,0.4017464525109524,0.6793876547837623,0.358511721760653,1.3651178394199406,0.42703975425676066,0.27723794124062806,0.7738665489198421,0.24243141335585683,0.3308496144163866,0.49307268814103855,0.2506412747851817,1.0,0.04,0.08724557624167904,2.3087557603686637,25.0,24.72340425531915,True,2,29.4,2026-10-03
Maveric Lamoureux,UTA,NJD,0.0,D,16.337714540947488,0.21992516889826494,0.7322367944791224,1.1698514357107692,0.05568610783177239,0.19630119696582934,0.25198730479760173,1.2658146523624036,1.2161881103798537,0.7272722092389392,0.23761782389777636,0.7471402254459621,0.054164020194042206,0.17823531563020079,0.2227453945891572,0.168581374395115,1.0,0.03333333333333333,0.04616317206134715,4.076628352490421,30.0,24.458483754512635,False,0,14.7,2025-12-10
Jack Quinn,BUF,MIN,1.0,R,16.320890152888616,2.5765252303393362,0.20002489953223115,2.679278992433138,0.293999597020206,0.34231133170287653,0.6363109287230826,0.3429904676418034,0.9894082493960132,0.3605407295948944,0.256929778108238,0.771833176761272,0.2547232082252838,0.28987291478448984,0.47075876417825413,0.2160355559529703,5.0,0.17857142857142858,0.06680299606050996,2.0597014925373136,28.0,28.632218844984802,False,2,29.4,2026-10-03
Nikolaj Ehlers,CAR,MTL,0.0,L,16.31912461600908,2.6469974723220444,0.12327971269172502,2.3133927239017975,0.2620853139616656,0.4061178173295861,0.6682031312912518,0.40322960999276714,0.7927376979897259,0.36451611015617014,0.2709409150021561,0.7343797785647392,0.2305546235260495,0.33376833083539725,0.48737112250077375,0.25681649897472425,1.0,0.025,0.09146413263919663,2.2304038004750595,40.0,31.36060606060606,True,3,29.4,2026-10-03
Philippe Myers,TOR,NSH,1.0,D,16.287049350741782,0.1860180767270101,1.0741076709667141,1.250728590288995,0.05138137439001065,0.17879117776919387,0.2301725521592045,1.2799402687131358,1.3913334912405313,0.4830016135534609,0.23291123940080638,0.9660005349521446,0.05008367231735411,0.16371948487267363,0.2056034841576987,0.15551981184034458,0.0,0.0,0.04853977168195214,2.42798353909465,16.0,28.083333333333332,False,0,28.1,2026-04-09
Drew Fortescue,NYR,NYI,1.0,D,16.24871579644757,0.37663462576264667,0.5129903432259746,0.9927982584410213,0.05252171775863567,0.21749420980228537,0.270015927560921,1.104608304311706,0.9453233547556525,0.39788307558278385,0.22282147830121057,0.7068853940320105,0.051166285709556614,0.19546773669278628,0.2366326643397194,0.1854663786301628,0.0,0.0,0.03324369858947707,2.797297297297297,21.0,27.143730886850154,False,0,7.9,2026-04-15
Ethan Del Mastro,CHI,STL,1.0,D,16.24726156451237,0.19231117792513266,0.9317715926208914,1.0349321560020568,0.04901910121194416,0.18518945255067615,0.23420855376262031,1.0815945418055655,1.0772926674520238,0.36004790442135615,0.29347153529704406,0.8461146992617826,0.04783705794135917,0.16905315606016058,0.2088032083799003,0.16096615043854112,0.0,0.0,0.04032323580313008,1.842105263157895,15.0,21.17629179331307,False,1,23.2,2026-10-03
Drake Batherson,OTT,DET,0.0,R,16.217371926935034,2.7349514636554617,0.12305584645042447,1.961481648102647,0.2792689031620094,0.35759705598705993,0.6368659591490693,0.36805965206740143,1.499266276304695,0.4478008137731776,0.23317475443696528,0.6220660842377892,0.24366350540727688,0.30064518092356185,0.47105242766319866,0.22738892225592178,2.0,0.08333333333333333,0.08646364546482212,1.6129032258064517,24.0,28.534954407294833,False,2,29.4,2026-10-05
Teuvo Teravainen,CHI,STL,1.0,C,16.206853218379187,2.2969554337281926,1.596492519948853,1.3967832107948164,0.19954019767487102,0.3391298956978641,0.5386700933727351,0.4832727323857975,0.5962936218931543,0.24738268910959907,0.3239487924663308,0.7404160189137433,0.1808927060575498,0.28761009330518905,0.41647623129529876,0.23558352523774895,1.0,0.06666666666666667,0.06010664353201907,1.842105263157895,15.0,21.17629179331307,False,2,29.4,2026-10-03
Luke Evangelista,NJD,UTA,1.0,R,16.1896509382113,2.0666692860295597,0.12124794827690667,2.117752329102711,0.25022945517628625,0.3722663686106929,0.6224958237869791,0.40242097924059633,0.8150766793808688,0.3695476011806148,0.33693885840050763,0.6787725498238983,0.22137789629932947,0.31082935535419254,0.4633965028571341,0.2420186065578046,3.0,0.08108108108108109,0.07545928174895156,2.1235521235521237,37.0,29.264437689969604,False,2,29.4,2026-10-03
Easton Cowan,TOR,NSH,1.0,R,16.185887726410755,1.7284026907545458,0.21087340842692925,1.7072121133743534,0.232923726468417,0.35303243482174496,0.5859561612901619,0.45367805506583053,1.2794452557257556,0.579939372488231,0.2965766639793678,1.0333404549933818,0.20778600382078183,0.2974455942192299,0.4434265666631001,0.23564056284231827,0.0,0.0,0.05520261305821741,3.240641711229946,29.0,27.984848484848484,False,3,26.7,2026-10-03
Justin Holl,STL,CHI,0.0,D,16.143288153269193,0.18362565411890866,0.9519921631880905,0.9603769079800906,0.05094838661275309,0.19694352133398887,0.24789190794674196,0.9984671990860114,0.8092212791795427,0.37721025037091344,0.2577242057966226,0.6139981998034052,0.049672281100793136,0.17876298562607384,0.2195557014544316,0.16988342035363846,1.0,0.034482758620689655,0.024000620177781873,5.5,29.0,24.880733944954127,False,0,29.3,2026-04-16
Ryan Hartman,MIN,BUF,0.0,R,16.14187719590067,1.079788979300073,0.1435063607266259,2.05972006552853,0.26652268518167804,0.30805301085101694,0.574575696032695,0.8376962396807995,1.0723640385980135,0.6874096847147309,0.28053283931049283,0.7182844237407418,0.23396137419631458,0.26512363944477135,0.437056322624659,0.2030949484283444,0.0,0.0,0.08293539848367995,3.1411042944785277,30.0,27.364741641337385,True,2,29.4,2026-10-03
Tyler Tucker,STL,CHI,0.0,D,16.127671114968,0.18384121297917164,0.9361468932589331,1.1178282273758617,0.06155346908917587,0.22493212794391554,0.2864855970330914,0.9285523779999003,1.4568535909803357,0.6389239605277516,0.2603112121458089,0.7544070191784995,0.05969733273189981,0.20142958246376852,0.2491021063892812,0.1894047736573814,1.0,0.034482758620689655,0.03549102057466562,5.5,29.0,24.880733944954127,False,0,29.2,2026-04-16
David Spacek,MIN,BUF,0.0,D,16.11023285262166,0.5462064145632511,0.9464983502221208,1.0502671754120425,0.05909609157049914,0.2084338893542942,0.2675299809247933,1.1995503542261847,1.0143180524314812,0.42674685910645477,0.2427066300677604,0.6285345467855112,0.057383812664724254,0.1881452948327924,0.23473261314508242,0.17734880048035817,0.0,0.0,0.04933731852904572,3.2857142857142856,20.0,27.135135135135137,False,0,2.0,2026-01-20
Erik Haula,LAK,FLA,1.0,L,16.091376884818658,1.344360901386304,1.594170723130554,1.7258273957144072,0.2445122300664797,0.30531879818493074,0.5498310282514105,0.5653791177309471,1.4993845893132929,0.5448671424640953,0.28531288216425066,0.6721843383424617,0.21691358889206758,0.26311158174841287,0.4229526931643637,0.2060391042722961,2.0,0.05714285714285714,0.06303459277747941,2.7927927927927927,35.0,28.762917933130698,False,2,29.4,2026-10-03
Connor McMichael,STL,CHI,0.0,L,16.08758497557814,1.5821832308004204,1.816049840301127,1.7438201610877264,0.2548605277428018,0.3354453099971533,0.590305837739955,0.4653218514454104,0.9440554732398171,0.42569505074675335,0.32539228173949647,0.5996786347943277,0.22497541514842223,0.28498038993303765,0.44584222354711545,0.22086680839869322,2.0,0.07692307692307693,0.07212585184295212,2.6666666666666665,26.0,24.890577507598785,False,2,29.4,2026-10-03
Evan Rodrigues,NJD,UTA,1.0,C,16.07980859472347,1.6438079620234236,1.043079182519656,1.9282756242906676,0.21410917698274776,0.3157265297041443,0.5298357066868921,0.4368566009712091,1.0525924249527634,0.41895205914663586,0.4228580466664457,0.6648980375227462,0.1927397540265563,0.2707411464646362,0.4112983185167307,0.2185585644901744,1.0,0.02702702702702703,0.07494522069631761,2.1235521235521237,37.0,29.264437689969604,True,2,29.4,2026-10-03
Zach Benson,BUF,MIN,1.0,L,16.062201451412722,1.562393256154329,1.0520001767237646,1.9175640309279007,0.26115052538663686,0.3484322658393163,0.6095827912259532,0.3916373243053826,1.0035431222049682,0.49002797290578864,0.3529220528133268,0.7250671652371496,0.22983501849213184,0.2942062802498735,0.4564223928802743,0.22658737438814247,1.0,0.03571428571428571,0.05576181530225562,2.5900000000000003,28.0,28.632218844984802,False,2,29.3,2026-10-03
Connor Mackey,NYR,NYI,1.0,D,16.059918792712267,0.19211421671856935,1.4538330789220306,1.1748939396073514,0.05477287735997949,0.1853485697934407,0.24012144715342018,1.1058690893619365,1.4994095280724993,0.7838200300342455,0.231732245608053,0.7680200420540033,0.05329985942705129,0.1691853635123306,0.2134676668470601,0.1601678074200088,1.0,0.1,0.046684864154042695,1.1267123287671232,10.0,27.196202531645568,False,0,20.9,2026-03-23
Tobias Bjornfot,FLA,LAK,0.0,D,16.039386648880868,0.18843786017673114,0.8469830510273838,0.8923178994178137,0.05088133391623443,0.18387933716349325,0.23476067107972767,1.3673137862358873,0.9365388407218578,0.33493492770557454,0.18646126053460327,0.5626441748801165,0.049608556928249614,0.16796380638291042,0.20923992126032787,0.15963136433207825,0.0,0.0,0.028225863458357488,3.8135593220338984,27.0,31.30886850152905,False,0,23.6,2026-04-15
J.T. Compher,DET,OTT,1.0,L,16.023208313364897,0.782432382179704,1.4404514244880304,1.3622673960603504,0.20817238905860225,0.27252293395068106,0.4806953230092833,0.5616800382598142,0.7990828953634443,0.4106948630059154,0.2937919775704231,0.6324961493262716,0.18793296682662408,0.23854403421861126,0.38164671297574004,0.19371374614911596,2.0,0.05714285714285714,0.053860248186651465,4.090909090909091,35.0,25.848024316109424,False,2,29.4,2026-10-04
Cale Fleury,SEA,VGK,1.0,D,16.0043555403749,0.2452135425749458,0.9393823942871092,1.0593951963513926,0.05144688514448705,0.18504867546865678,0.23649556061314383,1.496787855693966,1.7713803735054383,0.3148365326205341,0.25659514870404,0.7853506911293702,0.05014590001435604,0.16893616955384128,0.2106106133009421,0.16046471328658607,2.0,0.1,0.03999734586350739,2.3421052631578947,20.0,26.440729483282674,False,1,24.3,2026-10-03
Eetu Luostarinen,FLA,LAK,0.0,C,16.003678168608925,1.0721638814694185,1.4393004730656571,1.403904032007588,0.19670218741201892,0.28763527058716654,0.4843374579991855,0.6991043031670158,1.2340211204108398,0.3976663420011293,0.2698309628055519,0.5347922306993259,0.17856476935933563,0.249964897780121,0.3838947428194194,0.20532997346008375,0.0,0.0,0.045214635162773825,4.9411764705882355,31.0,31.245454545454546,False,3,29.4,2026-10-04
William Karlsson,VGK,SEA,0.0,C,15.997248884319042,1.2387163122651819,1.3022021604159149,1.9351609245664456,0.22430534817916797,0.30358470668568804,0.527890054864856,0.5784189620069914,0.663882294947628,0.29167915986598525,0.3298792032785851,0.6392065423375861,0.2009288977922118,0.26183264122697825,0.41015179501142973,0.20922289721921794,2.0,0.07142857142857142,0.07820387595548682,2.156378600823045,28.0,27.963636363636365,False,3,29.3,2026-10-04
Tomas Hertl,VGK,SEA,0.0,C,15.974179910364906,3.336797559097357,0.26870274035943115,2.208791660043641,0.29325505900384136,0.3856674679861702,0.6789225269900115,0.5687478587372437,1.2573179756839212,0.34294638178759296,0.24540661995628804,0.5630359124780648,0.2541681147026206,0.32000339126998967,0.49283684731507194,0.23866873261245136,2.0,0.07142857142857142,0.10218469928451172,2.156378600823045,28.0,27.963636363636365,False,3,29.4,2026-10-04
Albert Johansson,DET,OTT,1.0,D,15.933659609537427,0.2791523467330572,1.422259531654505,0.8907721108278382,0.05131023027337141,0.17284030728348077,0.22415053755685216,0.9922286909845925,0.8367381730732372,0.3335360431085103,0.27826711398669557,0.6598819821673616,0.050016088955289084,0.15872805087887842,0.20080518352170995,0.15078909456642087,1.0,0.02857142857142857,0.028868141948291275,4.090909090909091,35.0,25.848024316109424,False,2,29.2,2026-10-04
Ivan Demidov,MTL,CAR,1.0,R,15.932787098631204,3.108141919424863,0.12819629390392073,1.775190095875757,0.27280301445343824,0.39042266927058733,0.6632256837240256,0.3961945010331627,0.8663341182852177,0.43142947457157704,0.2804125645706659,0.7967226515981116,0.23875727332488283,0.3232292361677729,0.48481317840635363,0.2460559050814708,3.0,0.12,0.05993103407993292,2.3087557603686637,25.0,24.72340425531915,False,2,27.9,2026-10-03
Gabe Perreault,NYR,NYI,1.0,R,15.89702636954653,1.3294603182085107,0.11737796880634568,1.718806708779098,0.259163312198903,0.2923094945990896,0.5514728067979926,0.47355825104164906,0.8811499268306018,0.32486965185943445,0.2650532694616478,0.6846777299442343,0.22830301477931658,0.25346254909366206,0.4238992997812451,0.1955962850019285,1.0,0.045454545454545456,0.05766416558414675,2.179310344827586,22.0,27.08761329305136,False,4,25.4,2026-10-04
Kevin Korchinski,CHI,STL,1.0,D,15.865508814474145,0.3918099274268227,0.38162659750607464,1.022779117148678,0.05033067263863901,0.18609613456981952,0.23642680720845854,1.0042098029616902,0.5562261106674126,0.34863064828791496,0.24548431911626836,0.8386217841048087,0.049085069042966056,0.169806219176442,0.21055633822720743,0.16147126918424137,2.0,0.13333333333333333,0.051400835577912876,1.641509433962264,15.0,21.17629179331307,False,1,28.6,2026-10-03
Jared McCann,SEA,VGK,1.0,L,15.857277388714468,2.2887600649136535,0.22130986144185916,1.9760320683574535,0.27087096569835584,0.37327530067039283,0.6441462663687487,0.4391058397946837,0.9565403419249784,0.32226595698029525,0.3227156513264455,0.8707315117896578,0.23728509355890004,0.31152433106158994,0.47488934457866694,0.2376042510197669,2.0,0.07407407407407407,0.09482320907198376,2.672064777327935,27.0,26.421212121212122,False,3,29.4,2026-10-04
Jaycob Megna,VGK,SEA,0.0,D,15.839445935378642,0.18504712423086056,1.1806880783738405,0.844595731932831,0.037580089806400735,0.15164146274186246,0.1892215525482632,1.2233181454228574,1.103368361470267,0.3889388249473235,0.21651095686173802,0.6016591992231083,0.03688272124455616,0.14070368473830086,0.17239687120057234,0.13551414995601618,1.0,0.04,0.04119926092054553,5.297297297297297,25.0,27.81911262798635,False,0,28.7,2026-01-19
Ryan Ufko,NSH,TOR,0.0,D,15.798947091743587,1.4426533569183666,0.427179773392271,1.131925291759458,0.06579581143883277,0.27865550685088875,0.34445131828972153,1.0457743852147454,0.7652923056046304,0.38312552577689685,0.20711649924858622,0.6662862031876603,0.06367796897777156,0.24319942907472347,0.29139095235246304,0.22771298337469148,1.0,0.05,0.03165431344211282,2.695278969957082,20.0,28.26219512195122,False,1,14.7,2026-10-01
Vincent Iorio,NYR,NYI,1.0,D,15.790691177898504,0.2167405596849957,0.9353280922354256,0.9603125697115127,0.04448210340093851,0.18128881484807904,0.22577091824901754,1.2367515891469394,0.8166679856571005,0.3677037013311836,0.29853954706303365,0.8760123573454185,0.04350728209287735,0.16580560382711174,0.20209913474170316,0.1585918526488258,0.0,0.0,0.03256606080353838,4.036613272311213,43.0,27.141955835962143,False,0,20.9,2026-03-25
Jeff Petry,MIN,BUF,0.0,D,15.787998731778114,0.36017420763067765,1.1274113396454035,0.9953410061330439,0.045271597401046144,0.1802815560506589,0.22555315345170504,1.0557060926821804,1.1092869477908842,0.40357860094103315,0.2611131053504754,0.6610044152621063,0.044262129341916534,0.16496493086626707,0.20192536110130055,0.15766323175938401,1.0,0.05,0.042883511027635136,3.6543209876543212,20.0,27.37920489296636,False,0,29.4,2026-04-14
Jean-Gabriel Pageau,NYI,NYR,0.0,C,15.75974730786477,0.793267967834926,1.7982689208977936,1.3276299646501593,0.19700766483828194,0.2613345541455015,0.45834221898378347,0.545079199118766,1.36043173226256,0.2601115006861653,0.27874265568020345,0.5629183999215808,0.1788156609566227,0.2299767379571711,0.36766895651133424,0.18885329555471153,2.0,0.0625,0.05448410323200609,3.4054054054054053,32.0,25.595744680851062,False,2,29.4,2026-10-03
Ivan Barbashev,VGK,SEA,0.0,L,15.737308156523309,1.123895113240531,0.12371151269992163,1.7011903929176198,0.2303153975669267,0.34145893390174314,0.5717743314686698,0.4005380430381315,1.5099266757106837,0.34623724792986865,0.23741252888289818,0.8177916703460198,0.20571695194752793,0.289267345962427,0.43547710120061345,0.22976014925308552,0.0,0.0,0.056972115240514855,2.156378600823045,28.0,27.963636363636365,False,3,29.4,2026-10-04
Dmitri Simashev,UTA,NJD,0.0,D,15.732617209914112,0.19682283452179852,0.6618159038234902,0.9914747927714941,0.046695433568943116,0.17780838290036827,0.2245038164693114,1.1132936419552788,0.8657351408925915,0.39081446789197777,0.16359628904234153,0.8066153611255769,0.04562197516062294,0.1628971886654481,0.20108747233104074,0.1554654971704178,0.0,0.0,0.036327013959024816,2.814432989690722,30.0,24.94242424242424,False,3,19.3,2026-10-04
Emil Heineman,NYI,NYR,0.0,L,15.730479775115596,1.3983374068215837,0.808999875204237,1.8084901908448532,0.22172995495782857,0.23786230411896903,0.45959225907679757,0.5477131513711839,1.9560353346452466,0.3279268243420393,0.22689972409567705,0.6114317811998106,0.19886832323626835,0.2116887691696826,0.3684589018332267,0.16959057859695836,1.0,0.03125,0.06010134792688241,3.4054054054054053,32.0,25.595744680851062,False,2,29.2,2026-10-03
Olen Zellweger,BUF,MIN,1.0,D,15.719828889417641,0.27703474383731397,1.3844215629299874,1.3572148135833573,0.07029439021938175,0.2059550125168658,0.27624940273624754,1.0807290474323028,0.6169219730012845,0.37492327283063664,0.23476510298656628,0.7820514728507875,0.067880627315973,0.1861303105917259,0.24137629566221575,0.17349566834624275,1.0,0.03571428571428571,0.06079209133519559,2.5900000000000003,28.0,28.632218844984802,False,1,29.3,2026-10-03
Josh Norris,BUF,MIN,1.0,C,15.701048228591835,2.595363345218151,0.384357290432531,1.6972452250764691,0.23825517450725164,0.3702441086879918,0.6084992831952434,0.6160973055449822,1.046339095473362,0.5225883839970724,0.27991337437370256,0.5303932041223137,0.2119984124801999,0.30943426303542076,0.4558331029851309,0.243834690504931,1.0,0.03571428571428571,0.06379661449910035,2.5900000000000003,28.0,28.632218844984802,False,2,29.2,2026-10-03
Anthony Mantha,NJD,UTA,1.0,R,15.628949534609015,2.1773134201528874,0.11924427486693456,1.8312149546438488,0.26709166317231364,0.34098645968822583,0.6080781228605394,0.486357196664146,1.0271507676577565,0.5239803234128156,0.3282015185398144,0.8458204483149881,0.23439710934076485,0.2889314637691003,0.4556038732047921,0.22120676386402727,0.0,0.0,0.06433099268944764,2.1235521235521237,37.0,29.264437689969604,False,2,29.3,2026-10-03
Brett Howden,VGK,SEA,0.0,C,15.610811916109446,0.9808110292541623,0.9835045860580026,1.4660246897665923,0.20592544818542002,0.26999434612808665,0.47591979431350667,0.4361398270191117,1.3945334085580976,0.5201995361427163,0.28373748044501956,0.6226149476760054,0.1861062487227898,0.23661618960106334,0.37868668689011886,0.19258043816732906,1.0,0.03571428571428571,0.04374576670233185,2.156378600823045,28.0,27.963636363636365,False,3,29.4,2026-10-04
Brad Marchand,FLA,LAK,0.0,L,15.599842940407319,2.9007761264144234,0.6289950430145056,2.0903223610802133,0.28837338693875525,0.36617286074971406,0.6545462476884694,0.3804603901584449,0.8838116936361505,0.48633812918787084,0.2840828451037137,0.7282552131805795,0.25051830668812736,0.3066170678437644,0.48032218589399334,0.22980387920586598,3.0,0.0967741935483871,0.0936340236780008,4.9411764705882355,31.0,31.245454545454546,False,1,29.4,2026-10-04
Emmitt Finnie,DET,OTT,1.0,C,15.593111157318832,1.196055183340278,0.9106979661283578,1.4103315049299425,0.2251180255922215,0.2918836195404985,0.51700164513272,0.46208336652352794,1.6304991396244386,0.27318738807504195,0.3293372997956087,0.7296953304534107,0.20157802102877775,0.2531445497038187,0.4036941933690795,0.20211617234030177,2.0,0.05714285714285714,0.05231885157001193,4.090909090909091,35.0,25.848024316109424,False,2,27.8,2026-10-04
Frederick Gaudreau,SEA,VGK,1.0,C,15.586954577535934,0.3763285422088842,1.692853727014803,1.2111612083871872,0.17357026469645262,0.24314612446479747,0.4167163891612501,0.6456140997544844,0.8410079092432655,0.25318620728752095,0.3682242625697613,0.5196865039521037,0.1593419194982324,0.21584307911103362,0.34079214807330505,0.18145022857507265,0.0,0.0,0.05362291529561513,2.672064777327935,27.0,26.421212121212122,False,3,29.4,2026-10-04
Scott Mayfield,NYI,NYR,0.0,D,15.579123936133884,0.18895864479446722,1.4131127559925343,0.9420775934250898,0.04233074392157914,0.18610822872266583,0.22843897264424498,1.0194758055647417,0.9448269821548646,0.46817261415861566,0.26167136810465036,0.7036089672712884,0.04144730733868551,0.16981625960620406,0.2042251402418852,0.1627778329031997,0.0,0.0,0.040805751438770875,2.0689655172413794,29.0,25.581039755351682,False,0,29.4,2026-04-14
Jack Roslovic,TOR,NSH,1.0,C,15.568191566396704,1.6904068833188766,0.1949516062765692,2.0064582377033076,0.25429548554149783,0.3379591087330411,0.592254594274539,0.48073386798446693,1.0127667302308263,0.31282409538346,0.24921809418651295,0.7715921360056359,0.2245373698055353,0.28677554804653294,0.44692109056915885,0.22238372076362356,2.0,0.06896551724137931,0.06477341799624756,3.240641711229946,29.0,27.984848484848484,False,3,29.4,2026-10-03
Travis Hamonic,DET,OTT,1.0,D,15.56664885605237,0.23542662193664582,1.476610042033469,0.982934111788883,0.045514304905322364,0.18285826254504267,0.22837256745036505,1.3452740780075412,1.3148411102344726,0.5947488222737223,0.2740858342699222,0.7808273482190665,0.04449406594773031,0.16711380145859966,0.20417229490345512,0.1596782289557248,2.0,0.08,0.047008655895976546,1.9216867469879517,25.0,25.862385321100916,False,0,29.3,2026-04-15
Arseny Gritsyuk,NJD,UTA,1.0,R,15.556419177442015,1.3777257795689817,0.15419393914888269,2.1365700303514887,0.23076682210463723,0.30979355184448176,0.5405603739491189,0.4059828211279754,1.1319216694589171,0.40921001973840304,0.4013280825118113,0.708064428075427,0.20607542988634975,0.26640160937328905,0.4175782130856228,0.21150278319927307,2.0,0.05405405405405406,0.07330480279255222,2.1235521235521237,37.0,29.264437689969604,False,2,26.6,2026-10-03
Josh Doan,BUF,MIN,1.0,R,15.54792332527804,2.080604582605939,0.1233816849219149,1.965805492072726,0.26254588756438296,0.3157785008913649,0.5783243884557479,0.42889433557253037,1.1142125041637294,0.37174160999442996,0.39053446082491244,0.675130186077061,0.23090892815724284,0.270779045928197,0.4391626748227191,0.20825374666547625,1.0,0.03571428571428571,0.06882506700584295,2.5900000000000003,28.0,28.632218844984802,False,2,29.2,2026-10-03
Skyler Brind'Amour,CAR,MTL,0.0,C,15.546619101828114,0.6773655111648649,1.735951892481796,1.3575190479320967,0.1966209997412558,0.26247491133582823,0.45909591107708403,0.4594427539633309,1.1609049880020883,0.45955844522599815,0.2987371160944246,0.5924303919417246,0.17849807623898417,0.23085433903630637,0.3681453598658876,0.18964728362690342,1.0,0.047619047619047616,0.037811859950674535,2.288135593220339,21.0,31.43730886850153,False,0,5.5,2026-04-14
Charles Alexis Legault,CAR,MTL,0.0,D,15.52674692040064,0.23421816550736774,1.177209621296199,1.1173933364139312,0.06326259866729227,0.18829670865129242,0.25155930731858467,1.067296178944431,1.0767053283348837,0.6432190507263296,0.3119372815982232,0.7713187159041504,0.0613030592446937,0.17163111344917847,0.22241266037786445,0.16110960113317074,1.0,0.030303030303030304,0.04178612678774538,2.4173913043478263,33.0,31.35562310030395,False,2,11.3,2026-10-02
Calum Ritchie,NYI,NYR,0.0,C,15.523191744633012,2.4203059126209916,0.19900759845053156,1.5369712015576518,0.23379171175013938,0.34545615043769673,0.5792478621878361,0.5687318170297925,0.7105320671333664,0.33144885468849805,0.2546449604864876,0.6549678316958198,0.2084733355693663,0.29210262788677666,0.43968035429200925,0.23120701872264293,1.0,0.03125,0.04657324868081536,3.4054054054054053,32.0,25.595744680851062,False,2,27.1,2026-10-03
Dylan Coghlan,VGK,SEA,0.0,D,15.483230742317414,0.4121339596117058,0.5560890374276741,1.4647109518251176,0.05748652219715845,0.20069268763233208,0.25817920982949055,1.076610769589212,0.8304288797240987,0.3792106529758856,0.21798404546087313,0.6378331401784905,0.05586538483912995,0.18183617521410855,0.22754321214722695,0.171677827308097,1.0,0.04,0.057184915571614515,3.514124293785311,25.0,27.815181518151814,False,0,17.8,2026-02-25
Axel Sandin-Pellikka,DET,OTT,1.0,D,15.47892361795801,1.5302491818982287,0.5803137497800019,1.1254956066442021,0.06791495516885125,0.24172926480475962,0.30964421997361086,0.9316291663171203,0.6355295260684353,0.36159146750361126,0.18943341350510803,0.7598261224153986,0.0656600690198893,0.2147312513367241,0.26629205157311686,0.20063198255322756,3.0,0.08571428571428572,0.03756516299320994,4.090909090909091,35.0,25.848024316109424,False,2,26.8,2026-10-04
Jayden Struble,MTL,CAR,1.0,D,15.462350249379309,0.205938853667744,0.553688264193952,0.7654238258680088,0.04849836319853233,0.19166734241164685,0.2401657056101792,1.0530443029876455,1.8796041358193554,0.45127545641878253,0.3002000633873891,0.8166822815044348,0.047341101381957795,0.17441854124605882,0.2135024767839938,0.16616137540203602,0.0,0.0,0.028592071878731213,2.3087557603686637,25.0,24.72340425531915,False,2,29.3,2026-10-03
Dennis Cholowski,NJD,UTA,1.0,D,15.444840166615299,0.42228105121553206,0.36848241807195514,0.9427648939343608,0.047878319502990666,0.18851416416540287,0.23639248366839355,1.1247019199267931,0.5804262306022009,0.3237449907566334,0.2864702171943107,0.9074957419819483,0.046750228073163314,0.17181122724719755,0.21052924126102424,0.16377901318786092,1.0,0.030303030303030304,0.03093598908150215,3.2727272727272725,33.0,29.23076923076923,False,0,25.4,2026-04-11
Viktor Arvidsson,DET,OTT,1.0,L,15.439544821314408,2.0196396076762895,0.11711822179386382,2.195136673478455,0.31063510173194975,0.3736946752943614,0.6843297770263111,0.5339864587846742,0.8655520500083068,0.41787043494946585,0.2724869050743133,0.8240387095107601,0.2670187093197529,0.31181299975196997,0.4955718043288314,0.2285530950090785,3.0,0.08571428571428572,0.090644997263964,4.090909090909091,35.0,25.848024316109424,False,2,29.3,2026-10-04
Marshall Rifai,TOR,NSH,1.0,D,15.435791240462825,0.46643723145413646,0.8082696546259431,1.2134423807258188,0.05886668413334499,0.22621157951538487,0.28507826364872985,1.1303447431149813,1.053496770906924,0.3589977745699799,0.24363488975366024,0.6785712157611613,0.05716754469517582,0.20245066128966815,0.24804459875699902,0.1908770540618232,1.0,0.024390243902439025,0.047659560324663244,4.588607594936709,41.0,28.296666666666667,False,0,2.9,2026-01-31
Jason Zucker,BUF,MIN,1.0,L,15.434013738384378,2.9251611086741005,0.12021657980800916,2.0887957198864817,0.2900323614429619,0.3471686885485761,0.6372010499915379,0.40713567044466614,0.9907988219053682,0.40164310306439566,0.24345535548242195,0.8105600575205895,0.2517606469183873,0.29331389165140076,0.47122964345748164,0.21946899653909435,2.0,0.07692307692307693,0.07722460461238811,2.5313432835820895,26.0,28.662576687116566,False,0,29.4,2026-04-13
Jonathan Drouin,STL,CHI,0.0,L,15.41314602532799,1.8421277833261622,0.125609743719343,1.554682015452839,0.20584860270173627,0.30342810610813126,0.5092767088098675,0.4749030518424451,0.7728305659660509,0.28575808426684585,0.27146183373841,0.5941150363615744,0.18604370226062994,0.2617170347404758,0.3990699309133138,0.21302622865268384,3.0,0.0967741935483871,0.0522428082469145,3.2527472527472523,31.0,24.86196319018405,False,0,29.4,2026-04-14
Taylor Hall,CAR,MTL,0.0,L,15.402852284905531,1.7440626264456032,0.11729679992705751,1.803928534958762,0.2333028506118177,0.3442319837845445,0.5775348343963622,0.4102130971295945,1.0544093948752733,0.5135990481764303,0.2562326955827171,0.6538126666575791,0.20808629434618242,0.29123551289163785,0.43871968857818955,0.23063339423200713,2.0,0.05,0.0695041038614403,2.2304038004750595,40.0,31.36060606060606,False,3,29.3,2026-10-03
Jiri Kulich,BUF,MIN,1.0,C,15.361353829745568,1.2465384126491659,0.21905758953248075,1.8941319131221404,0.23640473787428645,0.2860661871611266,0.522470925035413,0.6368574263170271,0.8885393404204857,0.34942014445039526,0.2710273761193018,0.6256539915858462,0.21053891553897286,0.24878710634741708,0.4069466543159257,0.19640773877695283,1.0,0.03571428571428571,0.0720271040990395,2.5900000000000003,28.0,28.632218844984802,True,2,27.3,2026-10-03
Lassi Thomson,OTT,DET,0.0,D,15.35703533607701,0.6710529494908621,0.46928945999751787,1.1226114735560855,0.05255619573660752,0.21834906931025144,0.27090526504685897,1.1059898018627587,0.8467723749112942,0.377487241793095,0.24977027800790055,0.5594480204930121,0.05119899901350933,0.19615520486132387,0.23731125373464357,0.18611225472113424,3.0,0.07894736842105263,0.03686262846031735,5.777777777777778,38.0,28.504587155963304,False,0,10.6,2026-04-15
Wilmer Skoog,FLA,LAK,0.0,C,15.333092823206286,1.0673135718525406,0.6641686120524763,1.5861251957732811,0.20440718755548754,0.30865099070128826,0.5130581782567758,0.7557854148555939,1.0727344152728744,0.44853193267087926,0.3033591811349152,0.517985402589709,0.18486960734887192,0.2655629493385011,0.401338038516756,0.21646843116788406,2.0,0.07407407407407407,0.05863579824510688,3.8135593220338984,27.0,31.30886850152905,False,0,2.9,2026-04-15
Anders Lee,UTA,NJD,0.0,L,15.332149051376083,1.5117375863707097,0.1314114677929446,2.088843782248264,0.279402567987896,0.29217446791501767,0.5715770359029136,0.5357824670348937,1.2627140209717762,0.44077897842528174,0.18869666860597356,0.6962580521395086,0.24376459423697738,0.25336173981131227,0.43536571234801047,0.1916011181110331,1.0,0.03333333333333333,0.09861650316161348,2.814432989690722,30.0,24.94242424242424,True,3,29.4,2026-10-04
Cole McWard,NYI,NYR,0.0,D,15.325338794280553,0.2943548428980863,0.5191903903827532,1.12261010300734,0.05323565326718935,0.1739742596109889,0.22720991287817824,1.2794953710262138,0.9743687363566552,0.3205694373199724,0.23822879441107067,0.6428448147724782,0.05184345003530999,0.15968147249415887,0.2032464840886532,0.1514030340533432,1.0,0.03225806451612903,0.047939775557094444,3.6482084690553744,31.0,25.19377162629758,False,0,7.9,2026-01-08
Noah Ostlund,BUF,MIN,1.0,C,15.320100626712414,1.4638655450050662,0.2638779272261043,1.4514610454410188,0.18905219533142514,0.3108281295251771,0.4998803248566022,0.4831716631927267,0.5836936201777357,0.366200911514637,0.32571358934974043,0.6425009453446019,0.17225669876876104,0.2671601814263064,0.3933967493001086,0.22114005053134755,2.0,0.07142857142857142,0.0359904471576822,2.5900000000000003,28.0,28.632218844984802,False,2,26.8,2026-10-03
Seamus Casey,NJD,UTA,1.0,D,15.311672683577376,0.7502914354035167,0.38771695269073714,1.178305802672393,0.06274124158101152,0.21564509616663302,0.27838633774764454,1.0155991414906613,0.8998327213875646,0.2975843807328552,0.2941379486097302,0.8854926455554396,0.06081353534547218,0.19397868882931046,0.24299569432539303,0.18218215897992085,2.0,0.06451612903225806,0.04241269584501104,2.6636771300448427,31.0,29.09375,False,0,12.5,2025-10-30
Will Cuylle,NYR,NYI,1.0,L,15.304925552661254,1.1562339564391226,1.0280696410748729,1.9276532396433916,0.24539164246565343,0.2629238842189789,0.5083155266846323,0.5103159399254733,2.6879776852201047,0.7493332447781107,0.22186202021649215,0.6962450257634863,0.21760194207409622,0.23119958707196953,0.3984920499924761,0.1808901079183799,2.0,0.09090909090909091,0.06443475742228852,2.179310344827586,22.0,27.08761329305136,False,4,29.4,2026-10-04
Zach Bogosian,MIN,BUF,0.0,D,15.300703136526781,0.1906669366825632,1.0867657243449937,0.9060529637198951,0.04251864750543895,0.16889153278998284,0.2114101802954218,0.95599170884593,1.1568102046368078,0.47878928170511226,0.23733119394315422,0.7163734053998249,0.041627405903842285,0.15539949012132026,0.1905580183726322,0.1489306124687899,0.0,0.0,0.03842878078790597,3.1411042944785277,30.0,27.364741641337385,False,2,29.3,2026-10-03
Radko Gudas,FLA,LAK,0.0,D,15.270504037701908,0.1921332424509413,1.3082672393927024,0.9981030092838571,0.04224863952899977,0.18704384391251055,0.22929248344151032,1.4721817580856789,1.7282101014141764,0.6100354330484232,0.17153190816114164,0.6353574150584118,0.041368602721146064,0.17059262887600313,0.20490405290602187,0.1635354501848758,0.0,0.0,0.04398389610913337,4.9411764705882355,31.0,31.245454545454546,False,3,29.4,2026-10-04
Jacob Bernard-Docker,DET,OTT,1.0,D,15.260397301743428,0.1857776527109713,1.1894714514864568,0.7985492294403632,0.04321479127243462,0.16052682615220248,0.2037416174246371,1.2118713897800386,1.0430931672756707,0.4502596256218773,0.18171172906215444,0.6657952589558003,0.04229433884414324,0.1483050244335542,0.1843269003220157,0.14203256147787247,0.0,0.0,0.02767166069078318,5.333333333333333,28.0,25.84307692307692,False,0,29.3,2026-04-11
Jake Evans,MTL,CAR,1.0,C,15.250718166465346,0.3201844018150567,2.211315237094245,1.183410159229274,0.2055406498021144,0.2562271361798755,0.4617677859819899,0.6966921976815319,1.450424546690744,0.3297106039049273,0.3177764925847822,0.6169617978281403,0.18579300345884542,0.2260338468894174,0.36983134305132115,0.18403833959247573,1.0,0.04,0.04082568723550512,2.3087557603686637,25.0,24.72340425531915,False,2,29.4,2026-10-03
Teddy Blueger,TOR,NSH,1.0,C,15.23165924472442,0.3466566364444254,1.7407274904753618,1.3803483613526415,0.1885007200161019,0.2609355150303094,0.4494362350464113,0.4834547670753064,1.2347537863233455,0.4797682018919641,0.3106305620156686,0.6396746478319562,0.17180009287884135,0.2296694072415979,0.36201227462490426,0.1902121817460629,0.0,0.0,0.05076758064492556,3.240641711229946,29.0,27.984848484848484,False,3,29.4,2026-10-03
Cameron Crotty,OTT,DET,0.0,D,15.208069808518204,0.28898080169247164,1.2607587085318308,0.9878230957010214,0.04732866557272018,0.1984470693206548,0.245775734893375,1.0159099363496313,0.9292858084202132,0.3312775618732726,0.23144468684540348,0.5461740301560332,0.046226126565462655,0.17999682708325093,0.21790239753858154,0.17167627097311888,0.0,0.0,0.03489849253842081,1.6129032258064517,24.0,28.534954407294833,False,1,7.9,2026-10-05
Scott Laughton,LAK,FLA,1.0,C,15.200492037785162,0.7975805338921562,1.4722727146296528,1.6604976067335673,0.21461828221657092,0.26987692356027493,0.48449520577684585,0.602685093276914,1.6645925857076957,0.47847505295127146,0.32689731558245294,0.7991465700630899,0.19315062984444953,0.23652654585082378,0.38399192438925467,0.19084129454480514,0.0,0.0,0.0660359621915946,2.7927927927927927,35.0,28.762917933130698,True,2,29.4,2026-10-03
Josiah Slavin,CAR,MTL,0.0,L,15.161825021486424,0.9916034170727658,1.0506969142558198,1.6100093393697261,0.2145068450653172,0.276312793067596,0.4908196381329132,0.4635054653309841,1.2560080591143437,0.49541521580156855,0.3240894803673615,0.51039674286388,0.19306071183913842,0.2414243835460329,0.38787553204244907,0.19481482020331065,0.0,0.0,0.053062125797896535,2.6982758620689657,29.0,31.46153846153846,False,0,2.0,2026-04-11
Nick DeSimone,UTA,NJD,0.0,D,15.117608435372748,0.1935817616569353,0.4556840789174442,0.9777514387722684,0.05059748970562364,0.1921255067728993,0.24272299647852294,1.0787729190479884,0.7114873649462241,0.30958275779204336,0.19796802136246355,0.7062633524534473,0.04933875553034861,0.1747967066102093,0.2155112101656067,0.1661724546352581,2.0,0.08695652173913043,0.033062715563456066,2.4380952380952383,23.0,24.908256880733944,False,0,28.4,2026-04-16
Claude Giroux,OTT,DET,0.0,R,15.114802717479138,1.866953189895901,0.6012117083930719,1.7601984440462328,0.21528716790080557,0.32320942466051983,0.5384965925613254,0.3682479777721711,0.950608454162985,0.35153090113112073,0.318044986922928,0.5449942095379735,0.1936901393822621,0.27617774773559733,0.4163749806646724,0.22268484128241028,1.0,0.041666666666666664,0.07224261066915692,1.6129032258064517,24.0,28.534954407294833,True,2,29.4,2026-10-05
Felix Unger Sorum,CAR,MTL,0.0,R,15.106480927460646,1.4147628360839226,0.44760938355838154,1.7282032883874914,0.22776724789515743,0.2988049159955519,0.5265721638907094,0.49069350154674024,1.2619515611959593,0.4579901967470867,0.29068285439409347,0.6177535531194891,0.20369041900124452,0.25829591007389485,0.4093739269258799,0.2056835079246354,0.0,0.0,,2.5,21.0,31.43730886850153,False,0,1.0,2026-04-14
Mackie Samoskevich,SEA,VGK,1.0,R,15.082593070214365,1.576930114246101,0.12415628448747494,1.861366986533918,0.26326507295933627,0.2968882205772664,0.5601532935366027,0.4945411572315964,1.6107581818778012,0.42690415042080615,0.2471243878293444,0.6592065069616129,0.23146184837359696,0.25687292596508626,0.42887849209767026,0.1974166437240733,3.0,0.1111111111111111,0.06414541102682182,2.672064777327935,27.0,26.421212121212122,False,2,29.2,2026-10-04
Vladimir Tarasenko,MIN,BUF,0.0,R,15.08059770361427,1.4699912951940652,0.1179867732032356,1.908527623689945,0.23732344094043253,0.2907057023141803,0.5280291432546128,0.4583545103548535,1.0783500682869545,0.34150148722144696,0.21620970979111795,0.7087396056493143,0.21126386280124498,0.2522642974729905,0.4102338303432491,0.19896996754200413,0.0,0.0,0.07265639131368279,3.6543209876543212,20.0,27.37920489296636,False,0,29.4,2026-04-14
Joel Nystrom,CAR,MTL,0.0,D,15.0521171168216,0.1919754237100953,1.0053419509499066,1.0899052407176935,0.047913838202830274,0.22432214103705791,0.2722359792398882,0.8316264374448391,0.6318370281945656,0.33782894549876064,0.1834899576721651,0.6846943958182136,0.04678408566439218,0.20094231636700666,0.23832549948888349,0.1915414138244913,0.0,0.0,0.039444907600835875,2.5,21.0,31.43730886850153,False,0,21.5,2026-04-14
Pius Suter,STL,CHI,0.0,C,15.051159648232064,0.7107268283208344,2.015184340315167,1.4698375248751239,0.20553016219327744,0.26851484040252294,0.4740450025958004,0.37189588665774054,0.9207588089870686,0.30757957021302007,0.26078504851203926,0.5167454654888587,0.18578446432957596,0.2354859229709737,0.3775207612442315,0.19173629691465555,0.0,0.0,0.060351350337953934,2.6666666666666665,26.0,24.890577507598785,False,2,29.4,2026-10-03
Jordan Martinook,CAR,MTL,0.0,L,15.045749862183492,0.34070388905512344,1.8606895763166291,1.5037702209730204,0.19439343473457726,0.2500258994692137,0.444419334203791,0.5385365417969837,1.2944478483563704,0.4417951300202487,0.24190069661909186,0.5888139784307821,0.1766660876213607,0.22121938719429923,0.3588035111740481,0.18213742355268736,3.0,0.075,0.052679203911034714,2.2304038004750595,40.0,31.36060606060606,False,3,29.4,2026-10-03
Alex Newhook,MTL,CAR,1.0,C,15.024649444612855,1.3502672185853328,0.9868931356256196,1.4778132406346836,0.21320851710955047,0.27509398723045875,0.4883025043400092,0.559215245061918,1.2280055802628327,0.32092519694155525,0.22966402084793808,0.5236718981355502,0.19201235959746465,0.24049926350045425,0.3863327920317443,0.19432043243427966,2.0,0.08,0.05596163687165578,2.3087557603686637,25.0,24.72340425531915,False,2,29.4,2026-10-03
Adam Boqvist,NYI,NYR,0.0,D,15.023390717789367,0.7481223636505873,0.41807772064970444,1.03081514521528,0.050676172188990364,0.20514720811722933,0.2558233803062197,1.0325286800779305,0.6185793632423057,0.33095227503311136,0.20346348197944603,0.5233743775022068,0.04941355297524108,0.1854725974598761,0.22572129041507805,0.17630773743983696,1.0,0.045454545454545456,0.045126261261159095,2.736156351791531,22.0,25.549689440993788,False,0,29.2,2026-04-03
Adam Engstrom,MTL,CAR,1.0,D,14.94014924078131,0.5167580736560878,0.4810315843194805,1.0131976195091505,0.05332687036311221,0.20341491787851892,0.25674178824163113,1.1046176325260155,0.8824197232598263,0.4125609502063659,0.2255862637061996,0.6604195662807155,0.051929934177801895,0.18406037675637676,0.22643206768447854,0.17450213350667665,1.0,0.034482758620689655,0.03832869150969434,3.001027749229188,29.0,24.712538226299696,False,0,11.9,2026-04-14
Ben Hutton,VGK,SEA,0.0,D,14.938161440631715,0.2894087998486343,0.33337297747748995,1.2521789970352508,0.05337800297427593,0.18783837050204846,0.2412163734763244,1.0896121961376763,0.7165712554611947,0.321592880988057,0.2859225148111318,0.6035248960809644,0.05197841023646932,0.17125135336420638,0.2143283905019604,0.16234998026549108,2.0,0.05714285714285714,0.05048350984312186,3.8623481781376516,35.0,27.87962962962963,False,0,29.1,2026-04-09
Urho Vaakanainen,NYR,NYI,1.0,D,14.929226742634508,0.18997196441555375,0.9169985480783571,0.9142352148060839,0.04244071934745344,0.1896297356756199,0.23207045502307333,0.9257028696071742,0.6213723175711885,0.33607929076194676,0.2174973272947789,0.6936988158133618,0.0415527187828435,0.17273461589836303,0.20710974176271935,0.16555702297987585,1.0,0.045454545454545456,0.03605632164607066,2.4,22.0,27.16,False,0,29.3,2026-04-11
Gavin McKenna,TOR,NSH,1.0,L,14.889648966053615,1.7656542385850704,0.3210900602674984,1.8172105393513807,0.24442581384339065,0.3177262702197508,0.5621520840631414,0.41042911037119684,1.145379708995744,0.38450611252644995,0.3086956137709876,0.6753226515899704,0.21684591459803093,0.27219801777262753,0.430018904254982,0.21317298965695108,1.0,0.034482758620689655,0.05464377725200337,3.240641711229946,29.0,27.984848484848484,False,3,2.9,2026-10-03
Mike Reilly,CAR,MTL,0.0,D,14.868611566617071,0.2210542458258682,0.7026423019489014,1.3204384493469472,0.04739550045757611,0.20139954873716623,0.24879504919474232,0.9551690221269793,0.6421938686906328,0.535925767199446,0.22530002111388708,0.5625796419936191,0.04628986980231253,0.18241429904853412,0.22026023469780986,0.17397036489549733,1.0,0.025,0.06279378205194135,2.2304038004750595,40.0,31.36060606060606,False,1,29.1,2026-10-03
Max Domi,TOR,NSH,1.0,C,14.835926230472454,1.1884327525351752,0.1990534275693664,1.5448601571682945,0.20082406450690865,0.306812040785617,0.5076361052925257,0.47699763163891973,0.7473767675321329,0.7565384004998837,0.3679231603117258,0.8135903047174178,0.1819436559599037,0.2642111137881483,0.39808323376019816,0.21613957780029447,2.0,0.1,0.06334608961150619,2.42798353909465,20.0,28.015290519877677,False,0,29.4,2026-04-15
Eeli Tolvanen,NYR,NYI,1.0,R,14.833218013818476,1.2182807076437114,1.1017915534427554,1.7786019601799068,0.21973853063074403,0.24540750881051537,0.46514603944125943,0.6863091120948103,1.7415809639202908,0.3609567947189485,0.30304985587758093,0.5942346592254427,0.1972713405186184,0.21761435577302235,0.371956620612201,0.17468528009358264,2.0,0.09090909090909091,0.06838255547725529,2.179310344827586,22.0,27.08761329305136,False,4,29.4,2026-10-04
Marcus Johansson,MIN,BUF,0.0,L,14.812140307544128,1.232766188265903,0.46294238150569206,1.5693666354566547,0.18338881057379117,0.2905546165242737,0.4739434270980649,0.3445219519273865,0.8739198671163362,0.34135626163833394,0.2901486784526177,0.5316480413190874,0.16755557038922753,0.252151316699053,0.37745752939437593,0.2099019590051484,3.0,0.15,0.05728976381264825,3.6543209876543212,20.0,27.37920489296636,False,0,29.4,2026-04-14
Isaiah George,NYI,NYR,0.0,D,14.757534120997523,0.18987607831995187,0.41349283158879707,0.9485036186600815,0.04176223852054841,0.1729646744368107,0.21472691295735913,1.0662704931324725,0.67345935792901,0.2929832988425261,0.2182735387855702,0.6213107671893604,0.040902210025032804,0.15883267097058063,0.1932382737287378,0.152336063703705,1.0,0.034482758620689655,0.03505037353219157,2.0689655172413794,29.0,25.581039755351682,False,0,21.2,2026-04-14
Jorian Donovan,OTT,DET,0.0,D,14.721410298344626,0.5462064145632513,0.9702255356467294,1.0907551790823666,0.05278274805011189,0.20209917257936558,0.25488192062947745,1.1203522943907795,0.9547637656903768,0.3655126521937503,0.2123851840283847,0.5721142250023948,0.051413927728120035,0.18298610145134053,0.22499199498419087,0.17357806725607083,0.0,0.0,0.059729302434173695,1.6666666666666667,29.0,28.533123028391167,False,0,2.0,2026-03-26
Jonatan Berggren,STL,CHI,0.0,R,14.696046986530767,1.0903065965307537,0.1432323924826999,1.4446808552432406,0.19067896666493134,0.27335845710322676,0.4640374237681581,0.35051634164283163,1.1067774007262123,0.3333634488388355,0.23789899877034978,0.5888650635616691,0.17360215317266248,0.23917998259587292,0.371259975794092,0.1976578226214295,3.0,0.11538461538461539,0.04936755291156844,2.6666666666666665,26.0,24.890577507598785,False,2,29.3,2026-10-03
Tyson Jost,NSH,TOR,0.0,C,14.675071457050686,0.3180559762867454,1.8899919607589326,1.7245058801384978,0.19650159566661002,0.2346321155484009,0.43113371121501093,0.5106682760475031,0.9467925809310676,0.4270533155768556,0.3459931793132735,0.5426780353688498,0.17839997970551147,0.20913825814371556,0.35022797684074214,0.17182799713523067,0.0,0.0,0.04441295923152049,1.8358208955223883,21.0,28.28440366972477,False,0,29.3,2026-04-16
Alexander Kerfoot,NSH,TOR,0.0,C,14.668869909028214,1.0116471033098167,1.5480872973295303,1.2966252536455312,0.19937399752572782,0.2796808078895599,0.4790548054152877,0.6423537100608263,0.9352637276709848,0.37164722995670896,0.3121262152347021,0.6423935901659523,0.18075655898961418,0.24397497983172078,0.38063146098739253,0.19987490199777835,1.0,0.038461538461538464,0.04872305127620743,4.962025316455696,26.0,28.237082066869302,False,2,29.4,2026-10-03
Declan Chisholm,NJD,UTA,1.0,D,14.663954315567844,0.38197043910823203,0.42042264147226005,0.9578166787651337,0.04437506656006132,0.19625310218164838,0.2406281687417097,1.0826639176430184,0.7045061546331766,0.28091359280902245,0.24391473921619242,0.8960027813461312,0.04340489665462133,0.17819579208462788,0.21386611879952755,0.17046122214490622,0.0,0.0,0.03717396228328597,2.1235521235521237,37.0,29.264437689969604,False,2,29.0,2026-10-03
Andre Burakovsky,CHI,STL,1.0,L,14.66121403366447,1.571329743029625,0.12153153987531305,1.337441918931272,0.1918309305858006,0.28016227923181164,0.4719932098176123,0.43976827495462023,0.6149520197219807,0.29002410553038493,0.33240304942489984,0.695824535812869,0.17455358556338385,0.24433889659817998,0.3762422516677506,0.20168866610436675,1.0,0.041666666666666664,0.061275035631343004,2.703639514731369,24.0,21.171779141104295,False,0,29.4,2026-04-15
Matthew Kessel,STL,CHI,0.0,D,14.62089964628712,0.18378346879615975,0.7461594921603721,0.9324449813458435,0.047747202348552134,0.16051089204657687,0.208258094395129,1.0358522454723447,0.9742531937590072,0.3740117314384282,0.18514434441296643,0.6059155944119753,0.04662523248124506,0.1482914533277313,0.18800256232258916,0.1413773298413441,1.0,0.03225806451612903,0.029922910392221627,3.2527472527472523,31.0,24.86196319018405,False,0,28.4,2026-04-14
Matias Maccelli,NYI,NYR,0.0,L,14.618170940813858,1.8830878568215772,0.11676274202979699,1.5238934739524719,0.19891901302647055,0.287969665240214,0.4868886782666846,0.3161779863620027,0.7599277491583395,0.35067445299196964,0.256845274081315,0.7169303155377872,0.18038373111381567,0.25021566357819347,0.38546455971265536,0.2050808285988397,2.0,0.0625,0.05845338691248953,3.4054054054054053,32.0,25.595744680851062,False,2,29.4,2026-10-03
Jake Neighbours,STL,CHI,0.0,L,14.604084774484399,1.9330634991752218,0.3073583508031174,1.4483819368246926,0.21663581794692982,0.3099339792182839,0.5265697971652137,0.4665660166464206,1.7043024373028008,0.5683566948665336,0.2459186906188898,0.5334881515069033,0.19477683626136444,0.2665046194358247,0.4093725290744402,0.21459569281307578,1.0,0.038461538461538464,0.06004296088080321,2.6666666666666665,26.0,24.890577507598785,False,2,29.4,2026-10-03
Phillip Danault,MTL,CAR,1.0,C,14.568524625142066,0.3568121481398716,1.9943805988877996,1.1256874541734092,0.1654058038648441,0.2326230156418381,0.39802881950668223,0.566670049026356,1.0346379118750364,0.3220570234433794,0.28151536320097453,0.5821608176299775,0.15245030464942155,0.2075477406728048,0.32835732902735815,0.1759070243779366,0.0,0.0,0.057939845551476236,2.3087557603686637,25.0,24.72340425531915,False,2,29.4,2026-10-03
Peyton Krebs,BUF,MIN,1.0,C,14.567301064992932,0.4152569608741596,0.3011559899995823,1.3849769496098483,0.18042834688100873,0.2908500558301534,0.4712784027111621,0.46171054387787225,1.8911890035275556,0.4543137841623658,0.29272053175134644,0.6819537648626798,0.1650874973613976,0.2523722279604087,0.3757962258043023,0.21070872844290467,1.0,0.03571428571428571,0.03613961369278491,2.5900000000000003,28.0,28.632218844984802,False,2,29.4,2026-10-03
Dakota Mermis,TOR,NSH,1.0,D,14.549493837866793,0.183688941084114,0.8398259208848117,1.0191095637960819,0.05392773016080033,0.18114680009059594,0.23507453025139627,1.1072352354786097,0.9551861659883301,0.4673936316431543,0.19603870739652624,0.6283416874986063,0.052499420257966944,0.16568712749975123,0.2094880696197734,0.15698864936180645,1.0,0.04,0.03401764847784467,1.9124579124579124,25.0,28.39051094890511,False,0,26.2,2025-12-08
Luke Haymes,TOR,NSH,1.0,C,14.546718308079116,0.9150005055504934,1.0996352589895466,1.5317665437325685,0.20420783827823535,0.2965660876689088,0.5007739259471442,0.5142130364861505,1.0791636767096293,0.374084029168756,0.315727778590408,0.5484731459822179,0.1847070954964587,0.256633501718304,0.3939385685052894,0.20923147300883072,1.0,0.05,0.05244645988570256,2.42798353909465,20.0,28.015290519877677,False,0,3.8,2026-04-15
Kaapo Kakko,SEA,VGK,1.0,R,14.478186443536037,1.3984355956058687,0.11687111803870692,1.2473058205368053,0.2042648069835422,0.30624505900895116,0.5105098659924934,0.37990511745935984,0.8448869042748589,0.3113993455546956,0.3507978005099888,0.6701356422043463,0.1847535403547098,0.263793816609424,0.39981051542186175,0.21505697506715193,0.0,0.0,0.05242403835479776,2.672064777327935,27.0,26.421212121212122,False,3,29.4,2026-10-04
Bobby Brink,MIN,BUF,0.0,R,14.40342091816648,1.4927207621672574,0.12738514826140768,1.4842130260627724,0.19803568845003838,0.2531045223671323,0.4511402108171707,0.5004663558520683,1.2160165675895787,0.37885211778189004,0.25737603077842736,0.5704786081971035,0.17965942406825353,0.22361327219599358,0.3630984645674973,0.18343904049924376,1.0,0.03333333333333333,0.05175483359598937,3.1411042944785277,30.0,27.364741641337385,False,2,29.3,2026-10-03
Barrett Hayton,UTA,NJD,0.0,C,14.375510864663008,1.636988154548614,0.3992432810849627,1.6360576296431313,0.21820631534239818,0.29226974786727955,0.5104760632096778,0.488230583522544,0.7712955432990839,0.48636996990527936,0.22060711365038926,0.564398842726554,0.1960404446362357,0.2534328760801159,0.3997902270041658,0.20374978236793007,1.0,0.03333333333333333,0.07905190004620603,2.814432989690722,30.0,24.94242424242424,False,3,29.4,2026-10-04
Jesper Boqvist,FLA,LAK,0.0,C,14.325286034120259,0.6856924359600423,1.2223471522715297,1.220460770300286,0.16715147318905987,0.23009100509096825,0.3972424782800281,0.5383848971410196,1.4941626875536531,0.29147897674343926,0.2722978204915808,0.6314994820866663,0.1539285555093567,0.2055387008094045,0.3278289810018996,0.17390042549254292,2.0,0.07407407407407407,0.03424115924218915,3.8135593220338984,27.0,31.30886850152905,False,0,29.4,2026-04-15
Victor Eklund,NYI,NYR,0.0,R,14.30787149893666,1.8789784859562602,0.3051640460923561,1.7917558294236426,0.22642079674418572,0.296378085409842,0.5227988821540277,0.4173713237973884,1.1814675398005354,0.44908215909969745,0.2558822325565909,0.5226674823674953,0.2026175048982578,0.2564937339994008,0.40714111849266255,0.20452361359440474,1.0,0.03125,0.06444289372839086,3.4054054054054053,32.0,25.595744680851062,False,2,2.9,2026-10-03
Cole O'Hara,NSH,TOR,0.0,R,14.306480927460646,1.3105961694172559,0.43927605022504823,1.832735239735978,0.23171668818799893,0.29586932998209786,0.5275860181700968,0.4099759854905106,1.1789877135416127,0.39198200794195076,0.3138866560388825,0.5651998711004002,0.2068291938641562,0.2561153749130527,0.40997243224772606,0.20314323838356985,1.0,0.047619047619047616,,1.8358208955223883,21.0,28.28440366972477,False,0,1.0,2026-04-16
Berkly Catton,SEA,VGK,1.0,C,14.298432263270772,1.092553871784047,0.1967460456010087,1.3571403319444428,0.19966406593896352,0.26399125412223345,0.463655320061197,0.4966149772196708,0.6255876916482936,0.4160366333935881,0.33538765321299097,0.657518358498902,0.18099416117249167,0.2320197437112167,0.37101968599524016,0.19002552482274848,2.0,0.07407407407407407,0.04798513842804261,2.672064777327935,27.0,26.421212121212122,False,3,26.7,2026-10-04
Noah Laba,NYR,NYI,1.0,C,14.264409091735377,0.5307473531746121,1.3446979986741678,1.1851199717436502,0.17093307943990146,0.2486979098953898,0.4196309893352913,0.4668164437721648,1.413212845571954,0.40843005315929465,0.28198789549727127,0.6168761589715874,0.15712202254934837,0.22018448764438292,0.3427106781610538,0.18558865561170546,1.0,0.045454545454545456,0.0407204620859191,2.179310344827586,22.0,27.08761329305136,False,4,27.4,2026-10-04
Ryan Johnson,BUF,MIN,1.0,D,14.259839580427778,0.20057750130511476,0.4248645431287248,1.0260204226355145,0.04729482708097143,0.17907117818841364,0.22636600526938508,1.0207124219253876,0.5785180760773228,0.4012276926975973,0.2738685554110022,0.5579273856339403,0.04619385175005375,0.16395361098825967,0.20257381393843577,0.15637996218838202,0.0,0.0,0.0313120231915501,4.018817204301075,27.0,28.811244979919678,False,0,23.6,2025-10-15
Mason McTavish,STL,CHI,0.0,C,14.253219484009692,2.1951340508632,0.1989171168674951,1.9114088429210454,0.25068733078333916,0.3290982759439008,0.57978560672724,0.38296194522361354,1.2586413176187414,0.3329709872371931,0.2372843059263259,0.5745307740730706,0.22173432676109206,0.2804277033745668,0.4399815821227401,0.21824725536164802,3.0,0.11538461538461539,0.07941845932654454,2.6666666666666665,26.0,24.890577507598785,False,2,29.4,2026-10-03
Kevin Stenlund,UTA,NJD,0.0,C,14.252704344408262,0.3200356338134862,2.171377207191121,1.0552249352671916,0.14876589956310596,0.22640894893251626,0.3751748484956222,0.6825678932431225,0.7410630794213324,0.2798957689111673,0.2712714049139618,0.5360023716703396,0.13822916778469474,0.2026080576046625,0.3128308822001913,0.17460171441549655,0.0,0.0,0.0365629671547127,2.814432989690722,30.0,24.94242424242424,False,3,29.4,2026-10-04
Daemon Hunt,MIN,BUF,0.0,D,14.239680344200265,0.41078907296268147,1.1441279203036412,0.9020004062542699,0.04153128822799848,0.1719475156859871,0.21347880391398558,1.2162167555962446,0.8444137396416901,0.35527246195033796,0.1759221255185244,0.4693958591375788,0.040680680529687874,0.15797663497250358,0.19223071848371998,0.1515500379540321,1.0,0.03333333333333333,0.025497147362212084,3.1411042944785277,30.0,27.364741641337385,False,2,23.6,2026-10-03
Matt Kiersted,MIN,BUF,0.0,D,14.207825139326175,0.1920577823398614,1.214978329725483,0.9017670341574591,0.04372411710827351,0.1811922997648337,0.2249164168731072,0.9813611990863688,0.7990930048108225,0.3760788853090771,0.16832430802779771,0.6366465669071745,0.04278199888102896,0.16572508760006965,0.20141703596883398,0.15863503708780502,0.0,0.0,0.02776842796326546,3.6543209876543212,20.0,27.37920489296636,False,0,18.2,2026-04-14
Nick Paul,TOR,NSH,1.0,L,14.205550547346046,1.1956028096567826,0.8502396053450766,1.635893691632969,0.22003472019926074,0.2660380517745014,0.48607277197376214,0.42435649485195803,1.3611768653605714,0.4158910813228529,0.25986491494969277,0.5872893641992419,0.19750906516638778,0.2335900363129586,0.3849629517749914,0.18745388660860363,2.0,0.06896551724137931,0.05849049802679115,3.240641711229946,29.0,27.984848484848484,False,3,29.4,2026-10-03
Ryan Donato,CHI,STL,1.0,C,14.17885521384966,1.382531784252739,0.19437797506438675,1.5084463374818888,0.21272961044920868,0.27383147492882937,0.48656108537803805,0.3769992567975289,0.8543289159928913,0.4225994791622451,0.32044715433508114,0.6260120609129847,0.19162531626358426,0.23953977892443334,0.385263209293914,0.19363789303032974,1.0,0.06666666666666667,0.07845593914032892,1.842105263157895,15.0,21.17629179331307,False,3,29.4,2026-10-03
Marshall Warren,NYI,NYR,0.0,D,14.168876193879537,0.2976045131502954,0.7541506434974087,1.0914660382879693,0.04773504709464893,0.19696525248146546,0.2447002995761144,1.0546809115889033,0.8923853437614743,0.3728352982096144,0.20295998515351843,0.6228645050655055,0.04661364389845002,0.17878083185483618,0.2170608497213362,0.1704472058228862,0.0,0.0,0.04677741333100496,1.7027027027027026,22.0,25.20979020979021,False,0,7.1,2026-01-01
Dalibor Dvorsky,STL,CHI,0.0,R,14.164988114733315,1.6028349254241026,0.1257249170542098,1.577096357294586,0.21252013474630016,0.25292537343658067,0.46544550818288083,0.3362387058190994,1.000659390432822,0.4068089743343548,0.204660188306104,0.5213909938769514,0.19145596367148776,0.22347417088445942,0.37214467181357624,0.18068870814208848,3.0,0.11538461538461539,0.05269208319698622,2.6666666666666665,26.0,24.890577507598785,False,2,27.2,2026-10-03
Zachary L'Heureux,NSH,TOR,0.0,L,14.122272546695942,0.6929675507767895,1.62886101165434,1.5441020967453463,0.2075023714128574,0.21638770964041024,0.42389008105326764,0.46100738658793483,1.9416152214674625,0.4725220287601514,0.2900372102804842,0.5564908299450047,0.18738868526610708,0.19457702891993334,0.34550418055374876,0.15811549528764168,0.0,0.0,0.04733676095615489,1.8358208955223883,21.0,28.28440366972477,False,0,27.9,2026-04-16
David Perron,DET,OTT,1.0,L,14.11069484472856,1.5198635949380537,0.11971385740851644,1.5305348722645822,0.21347810003904233,0.2585436394071156,0.47202173944615794,0.3911277464444289,1.5074701143131213,0.4671634704169998,0.28017596180052723,0.5698266912813776,0.19223014991496268,0.22782466695981352,0.37626004699076476,0.18402989707580208,1.0,0.04,0.07290938779912244,1.9216867469879517,25.0,25.862385321100916,False,0,29.4,2026-04-15
Colton White,NJD,UTA,1.0,D,14.10080139539977,0.18203967863432735,0.5163456021902306,0.8173667902801739,0.03940447295786463,0.17149322693942357,0.21089769989728818,0.9320281460572498,0.9637036495654923,0.26651017007425676,0.2250710763627128,0.6723275009032359,0.03863821434786985,0.15759402633260855,0.19014308891109521,0.15150487456322537,0.0,0.0,0.029997517754763673,2.3365253077975376,44.0,29.177083333333332,False,0,26.7,2026-01-06
Victor Olofsson,VGK,SEA,0.0,L,14.084055415070837,1.630853597830496,0.12787287496119806,1.8445783451409774,0.2113720103761971,0.2682468869833857,0.47961889735958285,0.3577951330739492,0.6710661536081949,0.25021020047988035,0.2556819175072445,0.639146655904242,0.1905271214479135,0.2352810413619173,0.38098074326787723,0.19045362181996373,4.0,0.14285714285714285,0.06169669747828797,1.3841463414634148,28.0,27.963636363636365,False,3,29.4,2026-10-04
Michael McCarron,MIN,BUF,0.0,C,14.079403940688358,0.517082044591226,1.7807968848838245,1.5318741841096148,0.17724001850488902,0.21951277377178052,0.39675279227666954,0.6748758262548895,1.838010188498886,0.6253063139053777,0.3012207878132026,0.45245549172572624,0.1624212739984655,0.197090098560316,0.32749974765813183,0.16507847365966632,4.0,0.13333333333333333,0.044407969908299344,2.8428246013667424,30.0,27.364741641337385,False,2,29.4,2026-10-03
Tye Kartye,NYR,NYI,1.0,L,14.07573556913457,0.3778381344664033,1.410820777745619,1.3570760682632395,0.17697006315906122,0.2469443941434285,0.4239144573024897,0.5321498868494362,2.19819936054081,0.44212630550437765,0.31277277812702153,0.4954637770559448,0.1621951346214362,0.21881586926358654,0.34552013451250874,0.18332499989107254,2.0,0.09090909090909091,0.04198147082330548,2.179310344827586,22.0,27.08761329305136,False,4,29.3,2026-10-04
Tomas Nosek,FLA,LAK,0.0,L,14.057803870187273,0.3528011377719544,1.5871422006986466,1.090357875282989,0.1667228744790658,0.20334437968885372,0.3700672541679195,0.5033788304967494,1.6226448529588713,0.31455327535438504,0.24436240251918898,0.5128825016000822,0.1535658526582504,0.18400281982251987,0.3093121225632026,0.15574626990495222,0.0,0.0,0.031422517740253314,4.181818181818182,16.0,31.355828220858896,False,0,29.3,2026-04-13
Danila Yurov,MIN,BUF,0.0,R,14.051268223570206,0.936332273833407,0.450564477869871,1.3817631692026842,0.1906332152834803,0.2182316259830303,0.40886484126651057,0.48923952359568446,1.199268975142164,0.44711274068778395,0.2711272738451599,0.5356482962586737,0.17356434346462535,0.19606079311010682,0.33559597373942274,0.1620316302747974,1.0,0.03333333333333333,0.03929532144939364,3.1411042944785277,30.0,27.364741641337385,False,2,27.2,2026-10-03
Colton Sissons,TOR,NSH,1.0,C,14.023343650113569,0.8929246179822723,1.5925082013389857,1.4965458300862964,0.19786679372892993,0.24229499904368032,0.44016179277261025,0.6237369657156823,1.3324291133492494,0.35424419889082714,0.31144195145722925,0.5464703326412369,0.17952086117452637,0.21517537911360696,0.3560677709261033,0.17654690975157694,4.0,0.13793103448275862,0.04340934945389533,2.0697674418604652,29.0,27.984848484848484,False,3,29.4,2026-10-03
Shane Wright,SEA,VGK,1.0,C,14.018960785605703,1.4434640994034311,0.20932174387154084,1.2581828854149242,0.20232314241093413,0.2717407551387665,0.47406389754970063,0.7102861609097325,0.8195149346357329,0.2666935927994422,0.27496384628927595,0.6757424985131236,0.1831690674263935,0.23794820650444182,0.3775325228496338,0.1943634554232403,1.0,0.037037037037037035,0.04616501917917115,2.672064777327935,27.0,26.421212121212122,False,3,29.3,2026-10-04
Kai Uchacz,VGK,SEA,0.0,C,14.012553901438972,0.9754810797700522,0.6310733213658593,1.4405321837640883,0.1838345868836341,0.2587975885905491,0.4426321754741832,0.5566072809681051,1.183763390808338,0.42871445304526,0.28481257530967063,0.5035043771823985,0.167926571697268,0.228020735358348,0.35765656669099866,0.18972999499373067,1.0,0.04,0.04966683607854999,3.514124293785311,25.0,27.815181518151814,False,0,2.9,2026-02-25
Zach Metsa,BUF,MIN,1.0,D,13.99815975533266,0.2676608513361773,0.9734182818468289,0.8889538243691292,0.045549657898837505,0.17750229837239948,0.22305195627123697,0.9808615024676561,0.5236748182809253,0.37347660693012624,0.20578339734180542,0.6678972788535077,0.04452784534571563,0.16264092522944373,0.19992672060965855,0.15539887526394291,0.0,0.0,0.02350385391863316,2.5900000000000003,28.0,28.632218844984802,False,2,23.2,2026-10-03
Yakov Trenin,MIN,BUF,0.0,C,13.978664874074392,0.5269614705400344,1.4361611577665268,1.4137054787054906,0.16438119699329426,0.22716400490468402,0.39154520189797826,0.4299840037731603,3.254903020905091,0.45227291796440044,0.2906694359804528,0.6010704340577411,0.1515814543686127,0.20320990590975474,0.32398850719845784,0.17240705282984514,4.0,0.13333333333333333,0.050552112254556816,3.1411042944785277,30.0,27.364741641337385,False,2,29.4,2026-10-03
Bradly Nadeau,CAR,MTL,0.0,L,13.96339681196065,1.2373939488447352,0.36411294215437817,1.583877697994921,0.2149676603591745,0.24679856853529178,0.4617662288944663,0.4410547810968999,1.3901429338970255,0.36273668532107656,0.21137498230335777,0.5072943068399683,0.1934324761404207,0.218701944306269,0.3698303618228037,0.17639788568238302,0.0,0.0,0.05954018902715537,2.5,21.0,31.43730886850153,False,0,11.9,2026-04-14
Michael Carcone,UTA,NJD,0.0,L,13.915405788041575,1.1390973332361005,0.11679567176180454,1.773915481625692,0.21312213178457884,0.2576812508048961,0.47080338258947496,0.30616537104260055,1.6622454525673043,0.2892599708922667,0.24112731768204104,0.6094647261093461,0.19194255830771523,0.22715846453228317,0.3754996460164196,0.18355708770870438,2.0,0.06666666666666667,0.060786627240602686,2.814432989690722,30.0,24.94242424242424,False,3,29.3,2026-10-04
Jack Drury,NSH,TOR,0.0,C,13.8869446805469,0.48156156754340934,1.5443543284848849,1.3527869187903625,0.16688239632793864,0.24689804658652872,0.41378044291446736,0.4750765008416147,0.7940348046663468,0.3605022927869,0.2877109957270988,0.5091528689999358,0.15370086662925797,0.2187796624485958,0.3388539053586481,0.18515303872939015,0.0,0.0,0.04372657645315451,4.962025316455696,26.0,28.237082066869302,False,2,29.4,2026-10-03
Otto Stenberg,STL,CHI,0.0,C,13.850127820547025,0.4676235359556921,1.1607520278470862,1.2647816139483066,0.1787639943788619,0.2324980468942861,0.411262041273148,0.4285367314441398,1.2545329686926239,0.3058993124054809,0.26040157797934854,0.4752936724332791,0.16369675162402186,0.2074487027182662,0.3371867755786906,0.17349002395466873,2.0,0.09090909090909091,0.041875042207596115,2.571428571428571,22.0,24.87076923076923,False,0,19.7,2026-04-13
Matthew Wood,NSH,TOR,0.0,R,13.815307008754543,1.5794836218750279,0.2892900552391583,1.6568001643635673,0.21859542510212784,0.2647858062688388,0.48338123137096667,0.37427525239951626,0.9462198599697822,0.3653774150766186,0.24325272214309313,0.5808591074374367,0.19635321229123592,0.23262970171858988,0.3833053248030286,0.18695211251179267,3.0,0.11538461538461539,0.05206487593007754,4.962025316455696,26.0,28.237082066869302,False,2,27.5,2026-10-03
Marco Kasper,DET,OTT,1.0,C,13.805450530746667,0.7875153257450168,0.8536150796700103,1.5931204324041885,0.19823878021394034,0.24723998474253023,0.44547876495647054,0.5285359231165636,1.8388164463230228,0.37208136171832856,0.2709364109345402,0.6279627891401763,0.1798260115659729,0.21904674582464811,0.3594824547424691,0.1796564431764962,4.0,0.18181818181818182,0.0644037627312491,2.0454545454545454,22.0,25.859756097560975,False,1,29.2,2026-10-02
Oliver Kapanen,MTL,CAR,1.0,C,13.797814138071603,1.4961975534424117,0.8162256039784738,1.3858091761099793,0.20572156659051077,0.25507762834853537,0.46079919493904614,0.6053810178784222,0.7590421466277791,0.2996793118661481,0.25697786941898265,0.5935774021647819,0.18594029384969546,0.22514365519208346,0.36922067163696837,0.1832803777872729,1.0,0.034482758620689655,0.05773350447834229,3.001027749229188,29.0,24.712538226299696,False,0,28.4,2026-04-14
Joel Armia,LAK,FLA,1.0,R,13.790973967849922,0.6695438144987422,0.9506966028431036,1.5223898400725606,0.20418423854873455,0.24738143449393896,0.4515656730426735,0.6096781240743903,1.2290332170488902,0.4019642589526429,0.3588778622243388,0.6638606693542799,0.1846878545774091,0.21915720365601254,0.36336938447500833,0.17868152989759922,2.0,0.05714285714285714,0.06151659849909011,2.7927927927927927,35.0,28.762917933130698,False,2,29.4,2026-10-03
Bo Groulx,TOR,NSH,1.0,C,13.78549269677746,0.43384192822610884,1.7271189285489,1.1852650774167908,0.15592140003522642,0.22001859010254213,0.3759399901377686,0.5141150619096763,1.8177877853214366,0.3214164111888278,0.2589493134937911,0.5226657217848575,0.14437356006388458,0.19749612080559653,0.3133564628099701,0.16898290274608552,1.0,0.034482758620689655,0.03643142176422067,3.240641711229946,29.0,27.984848484848484,False,2,25.9,2026-10-03
Ryan Winterton,SEA,VGK,1.0,C,13.780436930478254,0.3270906241968059,1.0172749623286361,1.563191374549502,0.17824224854867904,0.24518547930131196,0.423427727849991,0.5881565558878186,1.2036829006257537,0.30194535650558213,0.3990908053663936,0.6000258973251521,0.16326030004291792,0.21744062378632667,0.34520150234836966,0.18194120230545174,3.0,0.1111111111111111,0.050811253261835956,2.672064777327935,27.0,26.421212121212122,False,3,28.1,2026-10-04
Zachary Bolduc,MTL,CAR,1.0,R,13.728692305882179,1.3190779546935771,0.11727103901134953,1.3500765306038816,0.19994054670746952,0.26082567781816807,0.4607662245256376,0.5744986072455348,1.956683792767472,0.34860227156596363,0.27156174523585686,0.7269776425939204,0.18122056923604168,0.2295847916299757,0.3691998742388952,0.18797930500285354,0.0,0.0,0.05678336656419043,2.3087557603686637,25.0,24.72340425531915,False,2,29.3,2026-10-03
Andreas Englund,DET,OTT,1.0,D,13.727488974494461,0.17881534322815756,0.5489367278954124,0.696891695875235,0.0368132778490047,0.16008295291123412,0.19689623076023882,1.0545818899303765,1.7830439997417558,0.6414188875506079,0.20815146931907075,0.6157639544134964,0.0361439081696836,0.1479268959100748,0.17872414793815827,0.14258023976847467,0.0,0.0,0.021165431039726054,4.090909090909091,35.0,25.848024316109424,False,1,29.3,2026-10-04
Maxim Shabanov,MIN,BUF,0.0,R,13.711110565390362,1.4911682548701304,0.11852387259878423,1.4308582845867632,0.18230689033727215,0.24862163758333655,0.4309285279206087,0.42139845147760063,0.9366177743257386,0.29324498247328035,0.2631414690948286,0.5856655076208169,0.16665444452980382,0.22012500704394788,0.35009464079772334,0.18344019626791952,0.0,0.0,0.04645748343089451,3.1411042944785277,30.0,27.364741641337385,False,2,23.4,2026-10-03
Reilly Smith,VGK,SEA,0.0,R,13.682047340905907,0.6323608362151393,0.5709039339149343,1.6321697879507862,0.20115159210806957,0.22663658906558362,0.4277881811736532,0.30054210460721187,0.6989620980155751,0.2640140442035562,0.2131439094612157,0.6381563445905176,0.18221154811844875,0.2027895553536666,0.348050504648872,0.16583895653042324,5.0,0.19230769230769232,0.06536784821412839,1.1342685370741483,26.0,27.93577981651376,False,0,29.4,2026-04-15
Alexandre Texier,MTL,CAR,1.0,L,13.65466833296006,1.376551370051106,0.19609374819617909,1.4791737759674235,0.1948940760321797,0.259879632612161,0.45477370864434075,0.43816529203932836,1.4083914091915728,0.3843633623745366,0.21434755581482245,0.5468584033566752,0.1770781794159213,0.22885559914532083,0.36540844571544895,0.18833026629952765,1.0,0.04,0.05606991098531353,2.3087557603686637,25.0,24.72340425531915,False,2,29.2,2026-10-03
Patrik Laine,MTL,CAR,1.0,L,13.65398365344146,2.5583875078870997,0.11684196803391791,1.7450119326061009,0.22336962610255237,0.2803718274431631,0.5037414535457154,0.4271734471871946,0.8184800897238901,0.3250417594634946,0.26399257940482224,0.6415615176734291,0.20018083938829068,0.2444972274412338,0.3957344066122285,0.1955535672239378,0.0,0.0,0.10581710673791349,2.0342465753424657,30.0,24.204,True,0,29.0,2025-10-16
Braeden Bowman,VGK,SEA,0.0,R,13.630639491075163,1.4046307083204843,0.1255448767121034,1.5350827406018137,0.20574847866950383,0.27321137785361077,0.47895985652311457,0.41366021730480373,0.7467786691202257,0.3296877037771539,0.2990791345375384,0.47948277750621826,0.18596220159401966,0.23906807352907122,0.3805726498387839,0.19461044824476426,1.0,0.03571428571428571,0.0501070040571187,2.156378600823045,28.0,27.963636363636365,False,3,25.3,2026-10-04
Jack McBain,UTA,NJD,0.0,C,13.62236534788744,0.41670377317689566,0.8900275167991258,1.3549152821508557,0.18862259260480646,0.2374532376607341,0.4260758302655405,0.5188877554953713,2.542096933903469,0.5961455485527746,0.2339282359652144,0.5673348920464247,0.1719010215951402,0.21136623152133094,0.34693318198723944,0.17503216039209923,2.0,0.06666666666666667,0.044213030986019086,2.814432989690722,30.0,24.94242424242424,False,3,29.4,2026-10-04
Josh Anderson,MTL,CAR,1.0,R,13.611929895400692,0.3563722072334578,1.4265920668927405,1.3319104091183978,0.21776607096502604,0.22363579612587542,0.44140186709090146,0.5009543608337803,1.7003952073077129,0.728170662409411,0.24421274223388,0.5865080610176846,0.19568642804116232,0.20039369894325187,0.3568657998362532,0.1611793717950909,3.0,0.12,0.06773372641540686,2.3087557603686637,25.0,24.72340425531915,False,2,29.4,2026-10-03
Conor Sheary,NYR,NYI,1.0,L,13.610372373602736,0.9541721135258123,0.6539275321494029,1.3897656170869397,0.18581884000271537,0.22863997987315815,0.4144588198758735,0.4563519016546706,0.7372591522689657,0.3144733156048627,0.30621554886879576,0.5765401345350006,0.16957597903068056,0.20438508066615468,0.3393022595436075,0.16972628051292693,2.0,0.09523809523809523,0.054656944895099674,2.797297297297297,21.0,27.143730886850154,False,0,29.3,2026-04-15
Brady Martin,NSH,TOR,0.0,C,13.608433667324947,1.5011634489006493,0.5078616375757128,1.5370729040380606,0.20245648480927061,0.2930283160507053,0.4954848008599759,0.4913581916183729,0.8631931920265022,0.32343122742127184,0.26897600802912197,0.5390070705488261,0.18327797836059434,0.2539989834044648,0.39072454158104275,0.2074465632204484,2.0,0.07142857142857142,0.04393956596265518,2.7056962025316458,28.0,28.357142857142858,False,0,2.9,2025-10-21
Arber Xhekaj,MTL,CAR,1.0,D,13.5751540799563,0.1971973920286029,0.7416162505299367,0.78144904393593,0.039845944325778725,0.14977520007290265,0.18962114439868138,0.9817371342602059,2.2486208319679095,0.6421982774932207,0.1560292583757419,0.6314758245479621,0.03906253438097773,0.1390985147350181,0.17272750860181618,0.13366497422083845,0.0,0.0,0.041980502451222326,2.3087557603686637,25.0,24.72340425531915,False,2,29.3,2026-10-03
Andrew Agozzino,UTA,NJD,0.0,L,13.566311287757712,1.309485906647274,0.35170009065461033,1.5728316558663709,0.2056392088652206,0.2603970828804549,0.4660362917456755,0.5077073606840061,1.3668690301624231,0.32818325785883967,0.26616060269151864,0.4815744173899596,0.18587324698317076,0.22925452480144137,0.3725154888741844,0.18664224189101364,0.0,0.0,0.07484131822119829,3.655786350148368,23.0,24.0,True,0,5.5,2025-10-11
Michael Brandsegg-Nygrd,DET,OTT,1.0,R,13.514805014693842,1.2615368294398102,0.14598029532276172,1.7297169471657987,0.21214061270167503,0.2717923104904539,0.4839329231921289,0.34155804602349793,1.975878452675691,0.34831797394077507,0.3075730762336795,0.6532318588554727,0.1911490451481621,0.23798749333992752,0.38364545637895786,0.19249641123079575,6.0,0.17142857142857143,0.05513947030719324,3.084745762711864,35.0,25.848024316109424,False,2,12.5,2026-10-04
Cody Glass,NJD,UTA,1.0,C,13.5118399908072,0.6200981444477606,1.2098270350577758,1.3864918645349205,0.19292898956122811,0.214868074304752,0.40779706386598014,0.5222467800046046,0.8284499518786885,0.3122938934564687,0.2589370990394664,0.5674960424727834,0.17545947695538155,0.19335214926344224,0.3348861592408614,0.15942668228547985,1.0,0.02702702702702703,0.05831185249480861,2.1235521235521237,37.0,29.264437689969604,False,2,29.4,2026-10-03
Dennis Gilbert,OTT,DET,0.0,D,13.509865337834897,0.1819551456328375,0.5986176066216303,0.7067583629939421,0.03594479356284666,0.18067279010479725,0.21661758366764391,1.3449753103942248,1.4729517709980535,0.5631195472059689,0.18970520285319686,0.5354352907530799,0.03530645069312055,0.16529156112310583,0.1947621534634446,0.15945570277032406,0.0,0.0,0.018817064194458596,5.777777777777778,38.0,28.504587155963304,False,0,28.2,2026-04-15
Konsta Helenius,BUF,MIN,1.0,C,13.475285876956594,0.7780404211941508,0.28108441448365395,1.6846553651396463,0.18657103058774363,0.26470952492771416,0.45128055551545776,0.43100791586004317,1.1184508470741374,0.2967614852226445,0.2673767276848153,0.6431226385895581,0.17020038129664206,0.23257116345043727,0.36318784404921123,0.19298746275256917,3.0,0.10714285714285714,0.06265365537765344,2.5900000000000003,28.0,28.632218844984802,False,2,9.3,2026-10-03
Trevor Connelly,VGK,SEA,0.0,L,13.444597727137838,1.4069718013399515,0.32542606130230695,1.7722756015601782,0.21730007867384019,0.2608405340551089,0.47814061272894903,0.40894033630694,1.0808269930794405,0.3492807701621703,0.256144698284259,0.4875931149615316,0.1953115367754974,0.2295962370158362,0.38006497990189925,0.18475344312640185,2.0,0.07142857142857142,0.06096713282699666,2.156378600823045,28.0,27.963636363636365,False,3,2.9,2026-10-04
Justin Danforth,BUF,MIN,1.0,R,13.436592496218575,0.4395206556382483,1.4952815880586237,1.4285173718004678,0.18220124025215886,0.21638198196094263,0.3985832222131015,0.5129525076077777,1.4291223182368924,0.3661230516639233,0.24723286406678177,0.4814094791531354,0.16656639684989905,0.1945724157021076,0.3287295863421259,0.16216318949222686,0.0,0.0,0.05007162633350589,4.018817204301075,27.0,28.811244979919678,False,0,29.1,2025-10-15
Ryan Tverberg,TOR,NSH,1.0,C,13.422411638344919,0.9166917428954017,0.5947151416057729,1.4763105748155123,0.19729914608648652,0.27930385727126456,0.4766030033577511,0.494630165415871,1.1077855784070392,0.36566780393873183,0.30030434174366094,0.5427709340183787,0.17905498591171043,0.24368994201370586,0.37911102879132663,0.2000560428796162,1.0,0.05,0.051443857418084826,2.42798353909465,20.0,28.015290519877677,False,0,2.0,2026-04-15
Jack Ahcan,NSH,TOR,0.0,D,13.401960950195315,0.40815338713187405,0.44201590150331344,1.066464580288235,0.050184854824320724,0.2006382981473556,0.25082315297167634,0.8444518089706196,0.7299783905251269,0.33280405390363543,0.16439544220453337,0.5734448942341004,0.04894639859606631,0.18179167449487743,0.22184002532967118,0.17289362673360487,0.0,0.0,0.032979997139538295,4.962025316455696,26.0,28.237082066869302,False,1,11.3,2026-10-03
Michael Rasmussen,DET,OTT,1.0,C,13.37334574219492,0.5853958141144031,1.4796998180239036,1.1675918640365168,0.16186942864641188,0.21166394925596121,0.37353337790237306,0.7537619567654267,1.1855077594041836,0.29201823397811894,0.2554134929384777,0.49738342596513446,0.14944774495069324,0.19076340356163157,0.31170198803091986,0.16225424308022662,4.0,0.11428571428571428,0.05007415312881271,4.090909090909091,35.0,25.848024316109424,False,2,29.4,2026-10-04
Kirby Dach,MTL,CAR,1.0,C,13.373128369128917,1.305862998098843,0.25361500790540326,1.244294296608868,0.17844929201423357,0.253756891885839,0.4322061839000726,0.6687668573018019,1.4565180108567277,0.4914456587979857,0.259130700082923,0.5592209296041027,0.1634335235971428,0.2241195980582047,0.3509244660375198,0.187490942440377,0.0,0.0,0.06217412084942097,2.3087557603686637,25.0,24.72340425531915,False,2,29.2,2026-10-03
Shane Lachance,NJD,UTA,1.0,L,13.314814260793979,1.2189295027505893,0.43927605022504823,1.5988357978268664,0.20754182754621692,0.2603235373428234,0.4678653648890403,0.42078402160631256,1.205986041478938,0.3659745833656159,0.3041709895022676,0.532897558768358,0.18742074713398782,0.22919783782657932,0.3736621549536151,0.18624140781962728,0.0,0.0,,2.1235521235521237,31.0,29.11787072243346,False,0,1.0,2025-11-15
Mason Appleton,DET,OTT,1.0,C,13.298307617487316,0.3473371730792605,1.078540155477865,1.0753831149733644,0.14369969113870532,0.2051849835959345,0.3488846747346398,0.4053727138511793,1.4414516323337236,0.42621944506151255,0.20755779796815257,0.4313977466105062,0.1338521791280357,0.18550336604127293,0.29452551538909866,0.16067333626106295,0.0,0.0,0.05038272215697374,4.090909090909091,35.0,25.848024316109424,False,2,29.4,2026-10-04
Jordan Greenway,CHI,STL,1.0,L,13.249793691856532,0.3371602559156672,1.5621156576041595,1.2666547372427688,0.16287550493439015,0.20991219324202084,0.372787698176411,0.5406488380697524,1.3840539867118893,0.4667487848722101,0.2736578457746238,0.5635150674898248,0.15030303509047727,0.18934457613020073,0.3111885467503889,0.1608855116599116,2.0,0.13333333333333333,0.04865665410835281,1.842105263157895,15.0,21.17629179331307,False,3,29.3,2026-10-03
Calle Jarnkrok,TOR,NSH,1.0,C,13.224752909140788,0.5260880199123521,2.158907484549782,1.0994551317165746,0.14521778492373053,0.204805820031485,0.35002360495521556,0.3274333555584496,0.8098187851070113,0.2540848893416044,0.23902340527084687,0.46033693073875764,0.1351660751907564,0.18519448003885086,0.29532854421576293,0.16016246902500653,0.0,0.0,0.046086800559223456,3.5967302452316074,27.0,28.01840490797546,False,0,29.3,2026-04-13
Steven Lorentz,TOR,NSH,1.0,C,13.224409507784644,0.3039450892006308,2.1998260060874952,1.2720079822442505,0.17515864603228065,0.2129403148463325,0.3880989608786132,0.5785570299120097,1.7618255663057214,0.26589257936820887,0.29937231661213987,0.4976731908103963,0.16067614519300277,0.1917956264207915,0.3216547896956242,0.16097864450262145,1.0,0.05,0.043388795697661714,2.42798353909465,20.0,28.015290519877677,False,0,29.4,2026-04-15
Corey Perry,LAK,FLA,1.0,R,13.182127356718945,1.5037741578863342,0.11722622733698333,1.5255277190626326,0.22311462437320437,0.27138967686893645,0.49450430124214084,0.3530546557917041,0.7735876214839748,0.6184020034429346,0.2134450539645906,0.5455133237665094,0.19997685811248533,0.2376806197100546,0.39012685425869476,0.19014999614620942,3.0,0.08571428571428572,0.04813917344775506,2.7927927927927927,35.0,28.762917933130698,False,1,29.4,2026-10-03
Nick Foligno,MIN,BUF,0.0,L,13.169380091996722,0.7413036395473294,1.229891421495295,1.2315177684288725,0.1610808034928684,0.2059798717056624,0.3670606751985308,0.4328307972232702,1.7583173599331403,0.579886530044557,0.23860779827388662,0.47620371065677874,0.14877671348659038,0.18615054248051555,0.30723239004310887,0.1584556765565185,1.0,0.03333333333333333,0.05921304658945058,3.1411042944785277,30.0,27.364741641337385,False,2,29.4,2026-10-03
Justin Robidas,CAR,MTL,0.0,C,13.136103913585481,0.6903619165204672,0.5036915676498078,1.3984457739015221,0.17407874784748611,0.2570005822805973,0.4310793301280834,0.4585590897014055,1.0987705094094284,0.348474525939902,0.25546049498758633,0.47597192067574623,0.15976927130814234,0.22663223655172526,0.3501926405710639,0.19042336926292158,1.0,0.02857142857142857,0.05014808164138742,3.4728506787330318,35.0,31.382899628252787,False,0,3.8,2025-11-28
Anthony Duclair,NYI,NYR,0.0,L,13.100169918619052,1.2603967481961855,0.12184897663775512,1.3499373354919255,0.17717097873401236,0.23071435754864153,0.4078853362826539,0.5954458351342985,0.6659687070350638,0.28054841734530045,0.21689761319971335,0.46813350491043443,0.16236344575892991,0.20603377589361516,0.3349448678557345,0.1725814220968046,0.0,0.0,0.06240199310303285,3.4054054054054053,32.0,25.595744680851062,False,2,29.3,2026-10-03
Nick Lardis,CHI,STL,1.0,L,13.085744557592747,1.369812323304895,0.11902651974677651,1.5315482333867763,0.21569067074263404,0.24482437052574726,0.4605150412683813,0.3737252814887894,1.1839034448563184,0.30111076409275644,0.21679236113811073,0.546227014274424,0.19401542207175748,0.21715798369933892,0.36904140790741735,0.17502598583565987,1.0,0.06666666666666667,0.057150079403466295,1.842105263157895,15.0,21.17629179331307,False,3,23.0,2026-10-03
Warren Foegele,OTT,DET,0.0,L,13.075939935177322,1.0538564566956117,0.47076063747910785,1.460526297453853,0.20086502622271266,0.2120439191935647,0.4129089454162773,0.36828879210527227,1.1447911478316768,0.33130322814607116,0.2211265846736446,0.5901592342584779,0.18197716426509647,0.19107083073044684,0.33827746704544026,0.1563003027803438,0.0,0.0,0.07183887975808964,1.6129032258064517,24.0,28.534954407294833,True,2,29.4,2026-10-05
Trevor Kuntar,BUF,MIN,1.0,C,13.054303909227595,1.1268442515472568,0.731054188957656,1.468889429733573,0.18020252288840372,0.25747239322526694,0.43767491611367065,0.44728810018274306,0.9744572347860342,0.3303239002935138,0.300661973196247,0.5053195203362663,0.16489893279617573,0.22699703386232584,0.3544643980267066,0.18956546523053086,0.0,0.0,,1.6097560975609757,15.0,28.82608695652174,False,0,1.0,2025-12-11
Cole Reinhardt,FLA,LAK,0.0,L,13.050943980311445,0.3438328240152292,0.3329457500468134,1.2610640994461775,0.17873339746774483,0.1919986684437091,0.3707320659114539,0.4466501789771595,1.8707850851825905,0.395689634959627,0.2001009422174353,0.4810523152603144,0.16367116293639905,0.1746920325650333,0.30977114737579003,0.14609998443939098,3.0,0.1111111111111111,0.030486296032964717,3.128205128205128,27.0,31.30886850152905,False,0,27.2,2026-04-15
Brandon Saad,VGK,SEA,0.0,L,13.021531222218105,0.36982592820879656,0.6611086599626044,1.5699405990066744,0.18464733918369902,0.2100257378742036,0.3946730770579026,0.33175331023682203,0.646359196821162,0.29358488535390936,0.2558449060282766,0.5032860948224621,0.16860256654454886,0.1894366164766884,0.32609968328575223,0.15749711674120337,1.0,0.034482758620689655,0.06743445896703233,2.0869565217391304,29.0,27.90153846153846,False,0,29.4,2026-04-11
Cole Smith,CHI,STL,1.0,R,13.013441061079408,0.36128788445318005,1.2537145728713206,1.2252699954153399,0.17296039403383667,0.19778765015395786,0.3707480441877945,0.3311154917935738,1.830162067765436,0.42287734047938275,0.27874850035588217,0.44210380698898755,0.15882907042773797,0.17945592295260204,0.30978217595502644,0.15095310552728847,0.0,0.0,0.039202047691805436,1.842105263157895,15.0,21.17629179331307,False,3,29.4,2026-10-03
Oskar Sundqvist,STL,CHI,0.0,C,12.997307640236022,0.6175375989969897,1.4117685715843902,0.9807028953469918,0.14244000879815688,0.21408203864797928,0.35652204744613614,0.43171206970702586,1.2183462274751946,0.4076430497199598,0.2693741011696967,0.46118269212018875,0.13276042052362858,0.19271784603048392,0.2998929642726975,0.16713254374906894,1.0,0.03225806451612903,0.03618644897845013,3.2527472527472523,31.0,24.86196319018405,False,0,29.4,2026-04-14
Marcus Foligno,MIN,BUF,0.0,L,12.991596087887014,0.4337152853402154,1.1356840913950148,1.3411911610421632,0.17451841646302405,0.19380245279946187,0.3683208692624859,0.5681942541665598,2.269073333426472,0.6894715856600834,0.27398527967451564,0.48783278953493225,0.16013861318939226,0.17617936834559322,0.3081048618155391,0.14796624862614682,1.0,0.03333333333333333,0.043145741890588646,3.1411042944785277,30.0,27.364741641337385,False,2,29.4,2026-10-03
Casey Cizikas,NYI,NYR,0.0,C,12.958487809594889,0.3286820601680101,1.6657809756967161,1.317046548589075,0.16843415420291666,0.19202792330678511,0.3604620775097018,0.554476820490594,1.3614387514393675,0.30934390916915055,0.2294167270502322,0.4672103209923285,0.15501309957683185,0.17471617648345095,0.3026459799973702,0.14763288042053835,4.0,0.125,0.04619586373470616,3.0217391304347827,32.0,25.595744680851062,False,2,29.4,2026-10-03
Oliver Bjorkstrand,NYR,NYI,1.0,R,12.952805062854969,1.6783328915497802,0.1167608110554776,1.548503511066449,0.18919199899229636,0.25331762774320377,0.4425096267355001,0.4588002287425166,1.1602351913063487,0.29020631383553935,0.24034338927613966,0.4887162941842048,0.17237241222376398,0.22377870675347622,0.35757784348982924,0.18520543126606526,0.0,0.0,0.07662634896320518,2.179310344827586,22.0,27.08761329305136,True,4,29.4,2026-10-04
Vinnie Hinostroza,FLA,LAK,0.0,C,12.928272454534646,0.7575802507514732,0.1943742067127936,1.215717785442741,0.1502425135744781,0.23454185475896275,0.3847843683334409,0.5421528368398483,0.8354035225606474,0.36430609688370913,0.28664418742477177,0.579839590375404,0.1395007316345952,0.20906687111688294,0.3194026212701173,0.17990188963552212,2.0,0.07407407407407407,0.04462531644019808,3.8135593220338984,27.0,31.30886850152905,False,0,29.2,2026-04-15
Kenny Connors,LAK,FLA,1.0,C,12.911227335699987,1.0353276700184437,0.6353903166193874,1.552737053494783,0.20259316318279708,0.2800642872901132,0.48265745047291025,0.49608379047848034,1.0625897958883699,0.35261736589064024,0.3121717340777446,0.5160427339560556,0.18338959896989981,0.24426484427118522,0.38285881140774736,0.19946921243784754,1.0,0.02857142857142857,0.0787229870600228,2.802919708029197,35.0,28.68954248366013,False,0,2.0,2026-03-05
Dakota Joshua,TOR,NSH,1.0,C,12.891093752673209,0.8428527437875786,0.3074715988855177,1.2658069457791266,0.2002505225257743,0.25654741297866823,0.45679793550444253,0.4777560274097504,2.4253224603968335,0.5311560224712177,0.23324302694575091,0.4659968246531835,0.1814743317279539,0.2262816905998959,0.3666917037439621,0.18521737201600819,1.0,0.045454545454545456,0.039507141576981694,1.874125874125874,22.0,28.102167182662537,False,0,29.4,2026-04-08
Ben Meyers,SEA,VGK,1.0,C,12.867197233125815,0.3244275098284816,1.7080021294687833,1.118018781984727,0.15733812012286003,0.1998344026493643,0.35717252277222433,0.37611251457402434,1.2313676222175831,0.32477540628235985,0.31812688099526226,0.5166539581560797,0.14558488497208366,0.18113365605198994,0.3003482185431716,0.15476333357108796,0.0,0.0,0.03589899982489693,2.3421052631578947,20.0,26.440729483282674,False,1,28.9,2026-10-03
Nick Cousins,OTT,DET,0.0,C,12.832092484020345,0.35018014945356246,0.23865617870500397,1.213263874584263,0.15459673694963735,0.2294296873577953,0.3840264243074326,0.5646231810521768,1.6722926247513417,0.5014613082034928,0.2325805897432481,0.48822336561833357,0.14323939227459226,0.2050131357003211,0.31888657100889084,0.17564717873429858,1.0,0.041666666666666664,0.04191947010981016,1.6129032258064517,24.0,28.534954407294833,False,2,29.4,2026-10-05
Nic Dowd,VGK,SEA,0.0,C,12.785259760119073,0.37414188593391035,1.2133846511362,1.0287482394229177,0.13841029185898504,0.21708530345771496,0.3554955953167,0.4761418810191235,1.3149502323931612,0.4300124386045067,0.2545567934224304,0.46473754933908534,0.12925863964570428,0.19513869107607307,0.29917396897104076,0.16991532932533648,1.0,0.03571428571428571,0.03706972946553863,2.156378600823045,28.0,27.963636363636365,False,3,29.4,2026-10-04
Jesperi Kotkaniemi,CAR,MTL,0.0,C,12.777962345513382,0.5460198601168882,0.21964143832557437,1.1889125698601137,0.15111986097942412,0.22319165550404862,0.3743115164834727,0.424478647882501,1.2001842267584415,0.35495419188008587,0.19129318757729322,0.6036670010149827,0.14025535735179084,0.20003848242628075,0.3122373709412636,0.17198201358947274,1.0,0.025,0.047593126345088145,2.2304038004750595,40.0,31.36060606060606,False,1,29.4,2026-10-03
Oliver Moore,CHI,STL,1.0,C,12.772492451438435,1.3720316268045436,0.31867515292882576,1.3157169917018225,0.17855893860411026,0.26581283075107176,0.444371769355182,0.31685892134068055,0.7131096369319493,0.37073017897331484,0.2612770345988143,0.5873533000681991,0.16352524522991152,0.23341740523722632,0.35877301203479073,0.1952477668048792,1.0,0.06666666666666667,0.0491563563863203,1.842105263157895,15.0,21.17629179331307,False,3,25.9,2026-10-03
Kailer Yamamoto,UTA,NJD,0.0,R,12.769544149775669,0.363936479660544,0.1716644938599384,1.3091335491290619,0.18389376678861516,0.20535409882386896,0.38924786561248415,0.4367608084670701,1.0258724711724443,0.29113584363581263,0.3136462979747202,0.480144270927025,0.1679758122666517,0.18564109817854757,0.32243369618858453,0.15445788392193283,2.0,0.08695652173913043,0.04481624064196748,2.4380952380952383,23.0,24.908256880733944,False,0,29.3,2026-04-16
Fabian Zetterlund,OTT,DET,0.0,L,12.768435983520789,1.2805919040134064,0.118076023105387,1.5716610958413122,0.1933396763303241,0.24315578410734306,0.4364954604376672,0.40371053751162095,1.5882906976398865,0.28211579617045496,0.25842506175354035,0.41634367243711995,0.17579803531330185,0.21585065375000478,0.3537025682129641,0.17790453289966224,2.0,0.08333333333333333,0.08617793866058873,1.6129032258064517,24.0,28.534954407294833,False,2,29.4,2026-10-05
Ross Colton,NSH,TOR,0.0,C,12.752081434930405,0.851899040575458,0.19810218136502217,1.7975245116171505,0.20422769983732597,0.2451472988703097,0.44937499870763564,0.38901548588888,1.5680209557595277,0.2877222976652174,0.26142827622387144,0.5242542595544325,0.18472328832384977,0.21741074476166455,0.3619732053962025,0.17724991707235271,0.0,0.0,0.06427498302895078,4.962025316455696,26.0,28.237082066869302,True,2,29.4,2026-10-03
Amadeus Lombardi,NJD,UTA,1.0,C,12.734535969704968,1.170911586730492,0.5947151416057728,1.3521074326002631,0.18249127924583977,0.25713187083243044,0.43962315007827024,0.45457705580265434,0.957111786398912,0.38720243048709463,0.3257294873641466,0.49104256362609,0.16680809004153718,0.22673376422056668,0.35572082810454286,0.18891273806300568,1.0,0.02702702702702703,0.04661070498970767,2.1235521235521237,37.0,29.264437689969604,False,2,2.0,2026-10-03
Luke Kunin,FLA,LAK,0.0,C,12.690462092761486,0.3238133654530798,0.8273499066935823,1.125643532505533,0.1473651705749367,0.20150534808890813,0.34887051866384483,0.7227943410287387,1.6723831942380583,0.4361922270546641,0.20243044468765614,0.415180352031582,0.13702121458882766,0.18250079451002565,0.29451552857166363,0.15749431398283598,4.0,0.14814814814814814,0.06000697461339335,3.8135593220338984,27.0,31.30886850152905,False,0,29.4,2026-04-15
Daniil But,UTA,NJD,0.0,L,12.644924226079889,1.2155973981413633,0.12412424434420405,1.3906093240587998,0.1923413692327366,0.2248766460118761,0.41721801524461266,0.5140128641995111,0.9707855334499931,0.30596347596146695,0.21097736752857518,0.5565690036139571,0.17497481779853497,0.2013852750050138,0.3411227410022386,0.16614792320370364,0.0,0.0,0.052384457788026924,2.814432989690722,30.0,24.94242424242424,False,3,19.7,2026-10-04
Robby Fabbri,MIN,BUF,0.0,C,12.62753357811323,0.5084832753257293,0.3900765355824487,1.3854270435781786,0.1648828989683,0.20201908639059935,0.36690198535889934,0.4675481274996232,1.3984148810471448,0.45021675355303403,0.21996208768191997,0.40216705127762564,0.15200700087090113,0.18292066730188583,0.30712244613892337,0.15511544526802223,4.0,0.2,0.05443013880123405,3.6543209876543212,20.0,27.37920489296636,False,0,29.2,2026-04-14
Lenni Hameenaho,NJD,UTA,1.0,R,12.621835109121037,0.7650559383409828,0.12237609242527343,1.5280224932892594,0.17679881046562695,0.2245850047203325,0.40138381518595945,0.4617575531990852,0.940102561635064,0.4271960066135867,0.26989003562193686,0.45379470256808235,0.16205164599561162,0.20115233200892346,0.33060691150663335,0.16855526551102173,0.0,0.0,0.051235472847960185,2.7554438860971526,30.0,29.242331288343557,False,0,20.0,2026-04-12
Mark Jankowski,CAR,MTL,0.0,L,12.61725818498251,0.7071717365285946,1.2855542154312178,1.1921337286525457,0.18450408820929007,0.20370999687141217,0.3882140850807022,0.5245308796698241,0.9030999392610742,0.3194116617356175,0.2149719618779404,0.48783592171285034,0.16848345952119037,0.18430110787956977,0.3217328791516221,0.1532494196304317,0.0,0.0,0.0378156408588176,2.2304038004750595,40.0,31.36060606060606,False,3,29.3,2026-10-03
Hunter Haight,MIN,BUF,0.0,C,12.596790776236086,0.873399135904088,0.30702405096883567,1.4415998747673129,0.18091757995910476,0.23473592216013395,0.4156535021192387,0.41647515350206865,1.0755016195926608,0.39258688838492606,0.2465092428630134,0.4477550079854414,0.16549586427355845,0.20922035056054533,0.3400911120944694,0.17459524782091096,2.0,0.1,0.04945722085220848,3.6543209876543212,20.0,27.37920489296636,False,0,7.9,2026-04-14
Aleksanteri Kaskimaki,STL,CHI,0.0,C,12.5007388814006,0.8840353772598455,0.4497165918675969,1.371199415191921,0.16857399358841763,0.23621463943692245,0.40478863302534007,0.45656624812417484,0.9434102177567655,0.2967827897163111,0.24832013534158498,0.4425875178139733,0.1551312537642463,0.2103888259550114,0.332882197370869,0.1777509436066227,2.0,0.07692307692307693,0.05182005194107582,2.6666666666666665,26.0,24.812274368231048,False,0,4.7,2025-12-11
Jared Wright,LAK,FLA,1.0,R,12.49618687473766,0.3636866993653486,0.16958617242274798,1.505388914384679,0.18862901290728337,0.24771026209426347,0.43633927500154684,0.5906891312590009,1.192809388397962,0.3664938744415507,0.2749513446139678,0.47190201019842654,0.17190633822399515,0.21941392410826666,0.35360161808345214,0.181695279859457,0.0,0.0,0.051643426751618496,2.737864077669903,28.0,28.75840978593272,False,0,16.1,2026-04-16
Eric Robinson,CAR,MTL,0.0,L,12.48536724467218,0.3414552429887821,1.0488894204205992,1.3102660599138394,0.16795407932494463,0.18719775909897282,0.35515183842391745,0.2944115748223827,1.3472427034131458,0.3176840426951385,0.20658010906233695,0.5022457205280887,0.15460734520527586,0.17072027744240437,0.298933013779602,0.14432566857432616,2.0,0.05,0.04520285149913157,2.2304038004750595,40.0,31.36060606060606,False,3,29.4,2026-10-03
Alex Turcotte,LAK,FLA,1.0,C,12.480102846869725,0.7140463527506324,0.2524940149356144,1.265834071449586,0.1847437276294398,0.2619850225595366,0.4467287501889764,0.5427120971661706,1.1532953992148585,0.3595473572507116,0.31490070375338003,0.4757538151547427,0.16868269978893102,0.23047745090057048,0.36028259203112245,0.19159989224219143,0.0,0.0,0.03898934170441124,2.7927927927927927,35.0,28.762917933130698,False,2,29.2,2026-10-03
Nils Hoglander,NSH,TOR,0.0,L,12.461009585952684,0.6248075116934061,0.1193808637762759,1.3218404529949561,0.1684246287867365,0.21519411254725773,0.3836187413339942,0.29766758031292145,1.09881410447055,0.2924642303681106,0.2065751003502624,0.5438697154180412,0.15500505068660408,0.19361510444196595,0.3186088360508509,0.1636037853642468,2.0,0.07692307692307693,0.04785208532010974,4.962025316455696,26.0,28.237082066869302,False,2,29.3,2026-10-03
Ondrej Palat,NYI,NYR,0.0,L,12.440715440760249,0.5610968922819906,0.3512513453302984,1.2337597513496497,0.15123933494825295,0.19147336118613736,0.3427126961343903,0.6236932586341363,1.3410609287536746,0.2597479413534006,0.2157987713962131,0.445548931132372,0.14035806832066156,0.17425837840914238,0.2901578773476059,0.14979980902694434,4.0,0.125,0.045739549409238085,3.4054054054054053,32.0,25.595744680851062,False,2,29.4,2026-10-03
Zach Dean,STL,CHI,0.0,C,12.429532261549921,0.4598577643586305,0.6139478925857763,1.2777323151225022,0.16010291550755185,0.20859711933729824,0.3687000348448501,0.4450117728070544,1.1208654981043966,0.4414800694325573,0.30743823124229913,0.4193267579616777,0.14794390533170831,0.18827780304756758,0.30836715490914446,0.16042324957743614,0.0,0.0,0.04982893894059034,2.6666666666666665,26.0,24.890577507598785,False,1,8.6,2026-10-03
Joseph Veleno,NYR,NYI,1.0,C,12.419465174558798,0.30497092077431165,1.7695894317642176,0.9989664555111056,0.1286401691948837,0.18246654151557673,0.3111067107104604,0.5031435308726392,1.9245391684898916,0.28551902644918176,0.2724150698947265,0.4412831250384913,0.12070969563390532,0.16678747850987108,0.2673643083773033,0.14665461274339797,1.0,0.045454545454545456,0.04013527362108753,2.179310344827586,22.0,27.08761329305136,False,4,29.4,2026-10-04
Nathan Lgar,NJD,UTA,1.0,R,12.40255647087198,0.7664621044207224,0.2947121013963533,1.3945303698497438,0.18955427338355813,0.22398961347920202,0.4135438868627601,0.4355507127731804,1.482112846272345,0.32959782199816295,0.2693035058707754,0.4696562662932678,0.17267218620082092,0.20067656348425245,0.33869748874897965,0.16602530254815873,0.0,0.0,0.050605081238516404,2.1235521235521237,31.0,29.11787072243346,False,0,3.8,2025-11-15
Lars Eller,FLA,LAK,0.0,C,12.30697428792616,0.35295731488916704,1.1228951521977608,1.1516579203721766,0.13666367535600815,0.1960884052394973,0.33275208059550543,0.49167776402319296,0.8425748682875106,0.2806514403104261,0.25255960960612395,0.49541654177728683,0.12773645947034984,0.1780604322981718,0.28305208257499326,0.15531562310464342,2.0,0.06451612903225806,0.05393829098056115,4.9411764705882355,31.0,31.245454545454546,False,3,29.4,2026-10-04
Nathan Walker,STL,CHI,0.0,L,12.240255138152799,0.3492693430865199,0.7209550221503304,1.0925499495578581,0.1522493888992837,0.18519223502064022,0.33744162391992394,0.5634684843428247,2.703082229488055,0.4599372786537752,0.18462573326879564,0.5026879875665377,0.14122591469061652,0.169055468141579,0.28640636971045064,0.14518045501983412,0.0,0.0,0.03696222175541712,5.5,29.0,24.880733944954127,False,0,29.3,2026-04-16
Taylor Raddysh,NYR,NYI,1.0,R,12.187349862045846,0.8455165934166765,0.6071008267270992,1.1282708890368165,0.16223668692500964,0.21242644734550298,0.3746631342705126,0.4937665258754072,0.8394199447705688,0.29208985577240143,0.2397937438653269,0.4477414257505553,0.14976005995409436,0.1913802097337547,0.31247915800409487,0.1627190980500005,1.0,0.047619047619047616,0.05758150185425588,2.797297297297297,21.0,27.143730886850154,False,0,29.4,2026-04-15
Keegan Kolesar,DET,OTT,1.0,R,12.17943835789253,0.38915635610075894,0.6445950302065486,1.0069326764113449,0.15164338208238143,0.1999972239634044,0.35164060604578584,0.4575308395905386,2.343689974530136,0.5257871522610609,0.2192569345235324,0.4986274829205363,0.1407053340189538,0.18126697409233095,0.29646707797501826,0.15576174395606446,0.0,0.0,0.03317113420693901,4.090909090909091,35.0,25.848024316109424,False,2,29.4,2026-10-04
Adam Sykora,NYR,NYI,1.0,L,12.159588085741925,0.5325990472592143,0.19292882717836066,1.499333148592846,0.187901581272274,0.2068576600569898,0.39475924132926377,0.5313489920176725,1.3323733416682637,0.3470479146064753,0.260441163492946,0.4590194945195116,0.17130373754884387,0.18686461660523568,0.3261577469139709,0.15485400936512705,1.0,0.047619047619047616,0.05485812411930698,2.797297297297297,21.0,27.143730886850154,False,0,9.3,2026-04-15
Cole Schwindt,FLA,LAK,0.0,R,12.123430578361344,0.6170158209544299,0.7661168999419713,1.2140481179202645,0.16662569587840909,0.1927159525816783,0.3593416484600874,0.4261080873991932,1.2253964189276358,0.2562089263703883,0.21683942296254535,0.4178467172058974,0.1534835933754074,0.17528380062072224,0.3018642064163628,0.1483806130409554,2.0,0.07407407407407407,0.028701823015635133,3.8135593220338984,27.0,31.30886850152905,False,0,27.2,2026-04-15
Jonny Brodzinski,NYR,NYI,1.0,C,12.104748961966967,0.8641174167493609,0.19440980733638755,1.4052681915170782,0.1633816280801463,0.2250283733287645,0.3884100014089108,0.38187660488715536,0.9956288087759602,0.25992079287504166,0.2608421797266052,0.43132580893985406,0.15073297758019621,0.2015064374824036,0.3218657497392995,0.17113277215910327,3.0,0.1111111111111111,0.05219724906083757,2.905747126436782,27.0,27.144171779141104,False,0,29.3,2026-04-13
Alexey Toropchenko,STL,CHI,0.0,R,12.102091091648555,0.34290960189577574,1.271427883610701,1.2583654709756342,0.14807461859324997,0.18215576920024507,0.330230387793495,0.5021045348541849,1.6477600705691706,0.29606369650091624,0.20376429012307726,0.41584579043710657,0.13763323605360633,0.1665284988856398,0.2812418787424662,0.14360864268885987,0.0,0.0,0.0487866665442964,2.607142857142857,24.0,24.89329268292683,False,1,29.4,2026-10-02
Jacob Quillan,TOR,NSH,1.0,C,12.072540801334684,0.34935886348826983,1.2963755831216777,1.0868170698903226,0.14734299114629013,0.20816945199143344,0.35551244313772357,0.4900980327290102,1.4106452810785894,0.25516994447574554,0.3070277577899735,0.5282396939932641,0.13700207400017028,0.1879305817276995,0.2991857762631164,0.1621837022629461,0.0,0.0,0.031868976959983995,2.42798353909465,20.0,28.015290519877677,False,0,16.6,2026-04-15
Brandon Duhaime,TOR,NSH,1.0,L,12.033750695328372,0.34772335867506754,1.1543803691461196,1.2049205820319036,0.15679718941023701,0.19152133835524687,0.3483185277654839,0.5978994595328138,1.6023058398816,0.5204299775686645,0.2048049374782617,0.5045072386928683,0.14512258056898342,0.17429799420422776,0.29412600006629597,0.14900341949731255,0.0,0.0,0.03924194744522065,3.240641711229946,29.0,27.984848484848484,False,3,29.4,2026-10-03
Liam Foudy,NYI,NYR,0.0,C,12.008275157429445,0.4419015838964006,0.5316066128229979,1.1350830699002505,0.14227090235714795,0.1950521909391406,0.33732309329628857,0.4243757145296568,0.8096910085453115,0.23354398735411974,0.2877914001121955,0.3024774480957282,0.13261375232392214,0.17720828533690525,0.28632178199941216,0.15370802967549002,1.0,0.034482758620689655,0.04341122205391393,2.0689655172413794,29.0,25.581039755351682,False,0,27.4,2026-04-14
Alexander Holtz,VGK,SEA,0.0,R,11.990617442409947,0.6390960829469293,0.1535594829423406,1.3099216598016354,0.16604499993620722,0.20814492714134467,0.3741899270775519,0.36007841142731645,1.0332033769843931,0.2928162117060036,0.16302698061854096,0.5398806373912425,0.15299188197948443,0.18791066560273562,0.31215374120763995,0.1591618592281555,0.0,0.0,0.046601514164160425,1.9366515837104072,26.0,27.80592105263158,False,0,29.3,2026-02-27
Stefan Noesen,NJD,UTA,1.0,R,11.95836882316843,1.7136057474552016,0.13888652187344527,1.4520536310630918,0.19786371000579067,0.23361989763900717,0.4314836076447979,0.36579593494082047,1.0675867086670754,0.4487127299618124,0.19687391308873436,0.5482664155338218,0.1795183310401195,0.20833732843544184,0.3504552899814737,0.1709369589413542,2.0,0.05405405405405406,0.05633302006769045,2.1235521235521237,37.0,29.264437689969604,False,2,29.4,2026-10-03
Noah Gregor,FLA,LAK,0.0,L,11.931373444057193,0.5687145430954511,0.5141550923287316,1.3611251913639246,0.16382435076288754,0.18651030259724613,0.3503346533601337,0.44318694993295454,1.1446981375681773,0.38941867512720574,0.22449190890174342,0.36894733404218427,0.15110888413740586,0.17014998770314727,0.2955476970627372,0.14443881292533134,2.0,0.07407407407407407,0.06106357223763591,3.8135593220338984,27.0,31.30886850152905,False,0,29.3,2026-04-15
Florian Xhekaj,MTL,CAR,1.0,L,11.925745279652403,0.6738034971608212,0.24282432921077063,1.2916121041715556,0.173219009083013,0.22074774800385583,0.3939667570868688,0.5085807672520802,1.3259750571821955,0.4188549065126863,0.24216811745127523,0.554376467483746,0.1590465817619905,0.19808105956766964,0.325623525893629,0.16657694413163848,0.0,0.0,0.0552755323940686,2.712328767123288,22.0,24.251851851851853,False,0,4.7,2025-12-02
Sandis Vilmanis,FLA,LAK,0.0,L,11.908088725325669,0.5412007035949541,0.2312960425467247,1.2793777604086127,0.16731445283952057,0.19676549650961547,0.364079949349136,0.44317591559222497,1.4685186159954107,0.3071285867540779,0.2408924279093796,0.48813144142488185,0.15406643670142506,0.17861677203638282,0.3051643591350517,0.15109792243362663,4.0,0.12903225806451613,0.03498751626476503,1.814207650273224,31.0,31.245454545454546,False,3,15.7,2026-10-04
Beck Malenstyn,BUF,MIN,1.0,L,11.89997065744333,0.34225219150765607,1.5336625076394799,1.1681845227473877,0.1468147650321992,0.17471303716362804,0.3215278021958272,0.5512226135472796,2.2421988240978505,0.371524935435491,0.24470476351968945,0.4509631057094937,0.1365460955399881,0.16030205169612932,0.2749595279699616,0.1384134324299735,0.0,0.0,0.03888846557491657,2.5900000000000003,28.0,28.632218844984802,False,2,29.4,2026-10-03
Tyson Kozak,BUF,MIN,1.0,C,11.891972245332777,0.36105746630987506,0.9695975835257357,0.9751691549038588,0.12852782526728895,0.179631467772152,0.30815929303944095,0.5888454641539079,1.647082958878965,0.2209990682357982,0.26957387090403595,0.5587810101467879,0.12061090715857803,0.1644219078683622,0.26520173956219295,0.14459083240361492,0.0,0.0,0.025312551889770166,4.1307189542483655,24.0,28.654434250764528,False,0,26.5,2026-04-15
Carter Mazur,DET,OTT,1.0,L,11.869069010287228,0.5634541368801652,0.1844846995897535,1.129913264455583,0.16379811324485552,0.21266743220985582,0.37646554545471134,0.4683171251968747,1.2255496464746258,0.3191022663245282,0.2296183069553432,0.4897680592505887,0.15108661104925225,0.19157505138633746,0.31371723716004163,0.16263062611078938,0.0,0.0,0.03049516611448903,1.9216867469879517,25.0,25.862385321100916,False,0,7.9,2026-04-15
Joshua Roy,MTL,CAR,1.0,R,11.861084319152411,0.572256351206632,0.1203412427761654,1.3078336965505746,0.18620488633104706,0.2019378546138639,0.38814274094491097,0.5987379282676424,1.0421408477621927,0.28068562063460906,0.27005584094614454,0.4940489077839723,0.16989649930311634,0.1828542918000935,0.32168448704382346,0.15178798774070712,1.0,0.03571428571428571,0.051559065256122215,4.0,28.0,24.27169811320755,False,0,21.5,2025-11-20
Brendan Brisson,NYR,NYI,1.0,C,11.792626055069126,0.6427217953177997,0.21838704282519666,1.191530160865566,0.1480097111054823,0.22178764448287114,0.36979735558835347,0.3425029394069104,0.9413974594480757,0.2345828465908492,0.27531220341464313,0.40568891743450086,0.13757726017681704,0.19891453880910737,0.3091256817272323,0.17154842155041528,1.0,0.030303030303030304,0.04665370021985979,4.222222222222222,33.0,27.318032786885247,False,0,17.8,2026-03-02
Justin Dowling,NYR,NYI,1.0,C,11.770340829367745,0.31823072678496944,0.3683684597748938,1.0421855140576133,0.13386026189932448,0.1912825172715603,0.32514277917088474,0.444597486566808,1.0954580545033978,0.2448909908635231,0.30890160395706034,0.5200874837957167,0.12528771330282584,0.17410077560735926,0.2775758008500907,0.15228808754726486,1.0,0.041666666666666664,0.02864791287870124,2.905747126436782,24.0,27.46712802768166,False,0,25.1,2026-01-05
Jani Nyman,SEA,VGK,1.0,R,11.761157006138573,1.01285019249416,0.11984135481731174,1.3047790049471315,0.17904543148172114,0.21897979138147564,0.39802522286319675,0.3593140163183837,0.9943390732269464,0.296295330738905,0.20083681960509436,0.4823554801894294,0.16393208526999348,0.19666204766018425,0.32835491336377687,0.1644228280937834,1.0,0.045454545454545456,0.052556272147575966,2.799031476997579,22.0,26.43730886850153,False,0,22.0,2026-04-16
Jacob Moverare,LAK,FLA,1.0,D,11.730408013672667,0.18302987333134652,0.4077194806534643,0.7455851638054941,0.036122989040864834,0.15958887788296178,0.1957118669238266,1.0540772672973489,0.6095947327346598,0.26724847337781815,0.1889603483725392,0.5372118975527856,0.035478339405929926,0.1475058038501118,0.17775088228270297,0.14227254287677304,1.0,0.02702702702702703,0.0237660859744533,4.390243902439025,37.0,28.6875,False,0,28.1,2026-02-28
Nate Danielson,DET,OTT,1.0,C,11.702385428822422,1.3150012827667128,0.24502973172351764,1.1338700481086155,0.1625652724752588,0.24374620939214003,0.40631148186739885,0.377168135176651,0.7339857568978093,0.3080976649565972,0.2722571575387278,0.5386440293640651,0.150039390618115,0.21631349869996142,0.3338973437906618,0.18385795317254683,0.0,0.0,0.04151567635753204,4.090909090909091,35.0,25.848024316109424,False,2,19.0,2026-10-04
Jack Finley,STL,CHI,0.0,C,11.6975524586942,0.3553522047499654,1.0839009955012058,0.9710757343954601,0.13338819681079814,0.18942201937374006,0.3228102161845382,0.32165847472284,1.3838054354812641,0.4680845009977581,0.19610265186474551,0.3664770964896317,0.12487469469160739,0.17256276154424666,0.2758887340728756,0.15101403938126823,3.0,0.10344827586206896,0.024609542297088862,1.7777777777777777,29.0,24.880733944954127,False,0,23.2,2026-04-16
Andrew Mangiapane,CHI,STL,1.0,L,11.69626622047092,0.38697433782883506,0.17733846567010078,1.1512561711238218,0.16326875822795678,0.19246603675778806,0.35573479498574484,0.41505677060132545,1.0759731877206085,0.37821143588478745,0.21064296517300252,0.5088925855820532,0.15063711552704018,0.17507766523510426,0.2993415862779195,0.14870447075087934,1.0,0.038461538461538464,0.05221413879955244,3.6607142857142856,26.0,21.180428134556575,False,1,29.4,2026-09-29
Nico Sturm,MIN,BUF,0.0,C,11.695726060335021,0.3019062550338558,1.4728480097439902,0.9648291491145681,0.14231478631216007,0.1782416480186145,0.3205564343307746,0.3997450967468479,1.1647090569426375,0.3783035079492917,0.23663224126128757,0.388712445118593,0.1326518158277986,0.16325979755542108,0.27425490478581427,0.14160308895801565,0.0,0.0,0.05593538497993027,3.6543209876543212,20.0,27.37920489296636,False,0,29.4,2026-04-14
Jonas Rondbjerg,VGK,SEA,0.0,R,11.690275278415301,0.331442191667494,0.5055975862461336,1.3262075201390575,0.1464693497419395,0.17276976399681707,0.3192391137387566,0.37810333304626376,0.6870527705145816,0.23901811921616625,0.301748238313634,0.30039122017018705,0.1362477938429355,0.15866870269732625,0.27329823584583035,0.13705044200289485,1.0,0.03225806451612903,0.042986221723262975,2.136986301369863,31.0,27.813333333333333,False,0,24.2,2026-02-01
Olle Lycksell,OTT,DET,0.0,R,11.66221422623209,0.7094355587469916,0.11899743289915687,1.1644075604081296,0.1560385291576058,0.21002884048940265,0.3660673696470085,0.3854119554952351,0.7826627631814537,0.29522586217375657,0.19876649952197367,0.4403156270195056,0.14447377296883945,0.18943913133906065,0.3065439182554065,0.16207014528656705,1.0,0.025,0.03887966047048854,2.981132075471698,40.0,28.301075268817204,False,0,24.5,2025-12-20
Nick Bjugstad,NJD,UTA,1.0,C,11.656638596534325,0.33069918273026433,0.49980283306905204,1.1778314520682376,0.14022806965203038,0.18359806535948794,0.32382613501151836,0.4766811100099312,1.3541118978912143,0.35275884653701284,0.27022589674067776,0.4894086845547817,0.1308400162229828,0.16772974514586392,0.27662399879288513,0.14578398256990233,0.0,0.0,0.07002160088184434,3.5180722891566263,21.0,29.244648318042813,False,0,29.4,2026-04-14
James van Riemsdyk,DET,OTT,1.0,L,11.647577459548167,1.5190535526748814,0.11676057937357472,1.217709821983202,0.19471278681420312,0.25330870036582503,0.44802148718002816,0.3245866287793211,0.6940368688356497,0.2845187632627419,0.2088530134379836,0.5105807398825647,0.17692897903881055,0.22377177710213025,0.36110904408056066,0.1841800650417501,1.0,0.04,0.058834484079449155,1.9216867469879517,25.0,25.862385321100916,False,0,29.4,2026-04-15
Evgenii Dadonov,NJD,UTA,1.0,L,11.643154578338173,0.7195499157157937,0.11723027281216829,1.2029313055759878,0.1578625705155577,0.1877337003679718,0.3455962708835295,0.4269531885353524,0.7194586564358091,0.25253057808972645,0.19297232652359025,0.589480069357338,0.1460328658325497,0.17116460359227126,0.2922018118331493,0.1461689460005996,1.0,0.047619047619047616,0.053753995827702565,3.5180722891566263,21.0,29.244648318042813,False,0,29.3,2026-04-14
Xavier Bourgault,OTT,DET,0.0,R,11.63346630673486,0.9916034170727658,0.3573526044438628,1.4628860310569367,0.17980337722200157,0.22395589278469333,0.40375927000669487,0.3605572213334272,1.0707713348757242,0.33113020853133057,0.22067409224077308,0.41803595692437756,0.16456553929233364,0.2006496092883816,0.3321951374193767,0.16762959812704303,0.0,0.0,0.06808137183309643,2.326869806094183,23.0,28.42281879194631,False,0,2.0,2026-01-28
Tanner Pearson,BUF,MIN,1.0,L,11.629285214005892,0.43889639917791934,0.6386058206332167,1.3120405760699216,0.1590404905457385,0.2041179112581486,0.3631584018038871,0.39303916410753936,1.1944223736416286,0.35554063571275496,0.20750236311439996,0.49645652725877865,0.14703817861972845,0.18463377533837655,0.30452373992066595,0.1574855613009375,0.0,0.0,0.046916572349373284,4.1307189542483655,24.0,28.654434250764528,False,0,29.3,2026-04-15
Nolan Foote,FLA,LAK,0.0,L,11.577484322154714,0.39785298631640664,0.27745546939350063,1.2282696167357396,0.15558572860764472,0.18366938813733713,0.3392551167449819,0.41542211822403224,1.3415425715077318,0.32046808682694705,0.22588510198436407,0.3464416868180707,0.14408630250593446,0.16778910285555781,0.28769929393024707,0.1436129914243126,0.0,0.0,0.04183270436246082,3.8135593220338984,27.0,31.30886850152905,False,0,18.6,2026-04-15
Sacha Boisvert,CHI,STL,1.0,C,11.552259045177475,0.5315844695740449,0.3448720200092724,1.2380185452816612,0.1622337743941058,0.2251654107843046,0.38739918517841043,0.374695675544043,0.9796639169489636,0.38642450654179633,0.24969995279757806,0.49961737519361465,0.14975758360038716,0.20161585351125777,0.32117993407426937,0.1714223504738822,2.0,0.058823529411764705,0.041454218431695604,3.0545454545454547,34.0,21.14814814814815,False,0,6.3,2026-04-11
Joakim Kemell,NSH,TOR,0.0,R,11.506210413595316,0.6658936799763077,0.6126512952385701,1.3556563452028714,0.16531033233398554,0.20680454352713282,0.37211487586111835,0.39008302806076633,1.1456479421274872,0.26403520566379973,0.23430744393217146,0.40785887205312843,0.15236938391977628,0.18682142452826933,0.31072494308965826,0.15835555916988198,1.0,0.047619047619047616,0.04432377534250884,1.8358208955223883,21.0,28.28440366972477,False,0,13.6,2026-04-16
John Leonard,DET,OTT,1.0,L,11.461370242623412,1.0205319136579312,0.13106488640736744,1.2285811058364617,0.17479953856812774,0.2076533126649974,0.3824528512331251,0.5313225300969364,1.0562950127845852,0.28810788777924057,0.25300525328899004,0.5593579523993739,0.1603746836065867,0.1875113325789538,0.3178139455505413,0.15743926194395463,0.0,0.0,0.041391939218991695,1.9127906976744184,25.0,25.731629392971247,False,0,16.1,2026-03-16
Hugh McGing,STL,CHI,0.0,L,11.452833828882115,0.6811592595717009,0.18639297184207623,1.3405190552396846,0.17263415761115639,0.21116960716354438,0.3838037647747008,0.4007328141958479,1.0356389419471075,0.29209352798595956,0.29405049179506565,0.43025860015394546,0.1585546050649469,0.19036326495475842,0.3187348977259298,0.16018029266098288,2.0,0.09090909090909091,0.040551173825360796,2.289855072463768,22.0,24.82078853046595,False,0,7.9,2025-12-15
Arthur Kaliyev,OTT,DET,0.0,R,11.439430238961819,0.776203024022018,0.11677064913320566,1.5961965880429763,0.17037464056013316,0.1965960175157084,0.36697065807584156,0.3058231320383224,0.8017545821912607,0.2758320952789363,0.16444850075282394,0.3511233217320735,0.15665119526394422,0.17847755303628066,0.30717002628930756,0.15051883102536334,3.0,0.09375,0.06550466128509125,2.870503597122302,32.0,28.45019920318725,False,0,28.9,2025-10-18
Xavier Parent,NJD,UTA,1.0,C,11.437211394437693,0.6300045691277075,0.40411432164221456,1.1289509143717826,0.153760802923469,0.21119493329109043,0.36495573621455946,0.4203839774535706,1.0393649208745808,0.30579795006039817,0.2811870620706811,0.44388073317873455,0.14252289750085645,0.1903837696583227,0.3057726206703394,0.16324972316948294,1.0,0.045454545454545456,0.03700404205171884,1.8474374255065553,22.0,29.139285714285716,False,0,4.7,2025-12-19
Nicolas Aube-Kubel,MIN,BUF,0.0,R,11.42647559824177,0.3897281645100074,0.13299942340999266,1.1175221294836495,0.13760911408859408,0.16927912679100207,0.30688824087959615,0.36582723031030845,1.6948486719859102,0.501378977245174,0.3075965582302957,0.39141707422729216,0.12856074149111563,0.15572678877861146,0.2642671788343184,0.13570643734320276,1.0,0.05,0.0446528107722012,3.6543209876543212,20.0,27.37920489296636,False,0,29.1,2026-04-14
Brett Berard,NYR,NYI,1.0,L,11.342335969697189,0.3349739353742906,0.11886143324364193,1.3942047147524728,0.15784694759173967,0.1756490144470477,0.3334959620387874,0.4834351725095713,1.2732951976875406,0.3010346206111967,0.2225523266940749,0.5235677514044139,0.14601952426485265,0.1610876222052502,0.2835852085107359,0.13756568424588322,0.0,0.0,0.05543092554597882,3.5185185185185186,21.0,27.42,False,0,23.8,2026-01-29
Kyle MacLean,NYI,NYR,0.0,C,11.337788485748518,0.32171218679616176,0.21453110445366919,0.9691062029642971,0.12586384333507963,0.17606823788738177,0.3019320812224614,0.45854308731027216,1.4919492873891924,0.34376186317266116,0.2116531520425873,0.47524506093764984,0.11826510730696171,0.16143924022999945,0.2606117184676059,0.14234661116064418,1.0,0.030303030303030304,0.029000972452887634,1.9350180505415164,33.0,25.558282208588956,False,0,29.3,2026-04-12
Garnet Hathaway,FLA,LAK,0.0,R,11.330277421066485,0.39189840658517955,1.1216646808448847,0.9293807828043752,0.1238554235072291,0.15485263163716573,0.27870805514439484,0.7020775912159203,2.390530613658003,0.4468958864519408,0.2224242906898062,0.45655914492650457,0.1164924339252621,0.14345860471374727,0.2432391966083829,0.1267467626831208,1.0,0.03225806451612903,0.03772701840032014,4.9411764705882355,31.0,31.245454545454546,False,3,29.4,2026-10-04
Landon Slaggert,CHI,STL,1.0,L,11.330025598091778,0.3276000703831395,1.1163109256945152,1.0857552903766732,0.14450619304391257,0.16919776679288898,0.31370395983680155,0.38265968305186354,1.1231349409565685,0.26313316069498016,0.21210326566882826,0.37875780645943424,0.1345504473805733,0.1556580959173519,0.26926467685383726,0.13471422947326395,0.0,0.0,0.0419678496609124,2.703639514731369,24.0,21.171779141104295,False,0,28.5,2026-04-15
William Carrier,CAR,MTL,0.0,L,11.169602570114963,0.3390732965302339,0.1699896678104666,1.2468373280344118,0.1577063587207877,0.20911467860785032,0.366821037328638,0.33947381784505953,1.9488725411899863,0.30975279072331696,0.1924555719043219,0.3713736786011638,0.14589945567399798,0.1886978086974288,0.3070663567955958,0.16116690112159782,2.0,0.05,0.04921466364564297,2.2304038004750595,40.0,31.36060606060606,False,3,29.3,2026-10-03
Sheldon Dries,DET,OTT,1.0,C,11.167134228879261,1.0875497576192004,0.7231274000239658,1.1799951794001313,0.15657676520355315,0.2022944398018821,0.35887120500543523,0.513047423951447,1.2264017717386413,0.34058847241335427,0.22564184990462655,0.3961195077260174,0.14493412412257511,0.18314562191100214,0.3015356957350218,0.1566015716124467,0.0,0.0,0.05584867648646069,2.743801652892562,44.0,25.736507936507937,False,0,26.6,2026-03-21
Tanner Laczynski,VGK,SEA,0.0,C,11.1430112639872,0.6268782059535142,0.2781220327006112,1.0915723958800068,0.13789934360852407,0.19791714540642735,0.3358164890149514,0.41324697681125305,0.7781779072353441,0.2888394963249233,0.2597060227648609,0.35004850755409134,0.1288136221902637,0.17956217263545837,0.2852457409601953,0.15643211876993157,0.0,0.0,0.031596484980690225,3.514124293785311,25.0,27.815181518151814,False,0,24.2,2026-02-25
Oscar Fisker Molgaard,SEA,VGK,1.0,C,11.131136975312783,0.4133115864330094,0.30907507425010455,0.9505695489625832,0.1393286606907467,0.20495336736861125,0.3442820280593579,0.49952040944202725,0.9082593413206409,0.2619635240273949,0.24630040057040736,0.48949121927116734,0.13005793429175705,0.1853146935547867,0.2912709816088982,0.16121304731714114,0.0,0.0,0.03222271974216835,2.419354838709677,33.0,26.427692307692308,False,0,10.6,2026-04-13
Matt Luff,STL,CHI,0.0,R,11.129317479713027,0.41516983018737363,0.12974565667930477,1.312417956688131,0.15913223931368464,0.18625156929120482,0.3453838086048895,0.419095190831378,1.1973195179792,0.25128283149385044,0.26664957934779787,0.32410515531435014,0.14711643322600843,0.16993525008725852,0.29205141544105984,0.1449349822150514,0.0,0.0,0.0527395283604674,3.326959847036329,27.0,24.814946619217082,False,0,16.6,2025-12-18
Ross Johnston,STL,CHI,0.0,L,11.121824011837981,0.3475961748894371,0.11676058515505679,0.9186026612998456,0.13281816733295318,0.18578178639815757,0.3185999537311107,0.33264881398766,2.3511444928077214,0.6695505349588062,0.17497504323081145,0.463366111763157,0.1243757052649439,0.16954520825731167,0.2728336086709606,0.14845790340601672,0.0,0.0,0.018739810929019062,2.607142857142857,24.0,24.89329268292683,False,1,29.3,2026-10-02
Dillon Dube,STL,CHI,0.0,C,10.997002319561226,0.4231033830356846,0.8789761997848367,1.10970365613253,0.13129731620538682,0.1797206233621551,0.3110179395675419,0.31565671893682307,0.9691401488714545,0.25756263987708633,0.194886762339058,0.30743029407013167,0.12304299790110107,0.16449640100537077,0.2672992685828294,0.1442562706817283,0.0,0.0,0.05120406201427335,2.6666666666666665,26.0,24.890577507598785,False,1,29.0,2026-10-03
Sam Carrick,BUF,MIN,1.0,C,10.991101627704516,0.30216266958906474,0.7858853805813891,1.1736489188734398,0.14150497402109002,0.16919021217705477,0.3106951861981448,0.40176704359444076,1.1576070559347527,0.5038395355211912,0.23150607462827513,0.45569713451618926,0.13194914212912068,0.15565171721453952,0.2670627487862772,0.13511360665715655,1.0,0.03571428571428571,0.04096323002691341,2.5900000000000003,28.0,28.632218844984802,False,2,29.4,2026-10-03
Jack Devine,FLA,LAK,0.0,R,10.984337679552038,0.6736946344139028,0.22285458479276654,1.2585097793495703,0.15495312559180405,0.1892807177733222,0.34423384336512625,0.34050779158534555,0.9133481254178384,0.32121161934407266,0.20558097228262162,0.39527917602126167,0.14354467762089518,0.1724458350774536,0.29123683089508967,0.1476921532741945,1.0,0.038461538461538464,0.045858354630012754,2.6498422712933754,26.0,32.1,False,0,5.5,2025-12-02
Ozzy Wiesblatt,NSH,TOR,0.0,C,10.884167641973004,0.3093884489196371,0.7676739662565099,0.9314964688076548,0.12641902351050757,0.18131426955196037,0.30773329306246794,0.41577988204311345,1.4684311093532312,0.44175324420646783,0.22533568157675654,0.36650002247055385,0.11875449317813103,0.1658268377281933,0.2648886488365806,0.14613415565844956,1.0,0.047619047619047616,0.027170404077010282,1.8358208955223883,21.0,28.28440366972477,False,0,23.2,2026-04-16
Juho Lammikko,NJD,UTA,1.0,C,10.854017354967826,0.3496727664488222,0.23237533440387026,0.9181734939413808,0.13287358520395076,0.18262788618464842,0.3155014713885992,0.4796059147616764,1.2745084672259797,0.26097661345250317,0.22099827266932112,0.36812487412597394,0.12442422915459417,0.1669219020638637,0.270577002225143,0.14615277307054886,0.0,0.0,0.028649865438439868,1.7748344370860927,24.0,29.172757475083056,False,0,16.6,2026-02-03
Marc Gatcomb,VGK,SEA,0.0,C,10.852053475988566,0.3166398922341306,0.19437446787245655,1.2397590352470371,0.14223276207059654,0.17857573399320154,0.3208084960637981,0.40959295854750916,2.2398662430739145,0.2797000087119164,0.18797020087205824,0.32083469485652005,0.13258066933299173,0.16353929403090506,0.27443781429903447,0.14185714496604274,1.0,0.03571428571428571,0.04108990007837938,2.156378600823045,28.0,27.963636363636365,False,3,28.1,2026-10-04
Andre Lee,LAK,FLA,1.0,L,10.842448620325694,0.36221367752128725,0.12791302212212666,1.1733721473993644,0.1703214951168209,0.2000129406637517,0.37033443578057257,0.4270513917615615,1.4593319752672005,0.3902290420837172,0.28601565074777086,0.43318819320172774,0.1566063739268354,0.1812798417728445,0.3094966370136042,0.15289026308676879,1.0,0.03225806451612903,0.03964208059899446,2.2968197879858656,31.0,28.75609756097561,False,1,17.8,2026-09-30
Jared Davidson,MTL,CAR,1.0,C,10.837469781625472,0.4515101498220954,0.2954270959483782,1.0811885450585772,0.14526804726824114,0.20038826534060178,0.3456563126088429,0.39735102332548383,1.2195233841007878,0.38102935476286937,0.2347637355988339,0.48582074744154663,0.1352095426790315,0.18158706999288898,0.2922443079817567,0.1570347653027252,1.0,0.034482758620689655,0.042252718923107176,2.712328767123288,29.0,24.32,False,0,8.6,2025-12-11
Josh Dunne,BUF,MIN,1.0,C,10.823673346183321,0.34289830116161957,0.29105450768941565,1.1124091561551421,0.13628111589880554,0.17465217617309012,0.3109332920718957,0.45780596662750883,1.0906161059313435,0.4686817975658657,0.23324550157607432,0.4442239618796835,0.12740270296696432,0.16025094529206552,0.26723724467580956,0.13983454170884524,1.0,0.041666666666666664,0.03333534766733281,4.1307189542483655,24.0,28.654434250764528,False,0,23.0,2026-04-15
Adam Edstrom,NSH,TOR,0.0,C,10.798965862186732,0.3101044882956673,0.3425230182012316,1.1840106906344834,0.15350963632077994,0.1748784008975927,0.3283880372183726,0.5282965680976565,1.352223152740474,0.22571965930742127,0.206588009793564,0.4328908073952404,0.14230750084104682,0.16044089580405685,0.27991645373052954,0.13760895288948272,4.0,0.15384615384615385,0.031193622599305765,2.108108108108108,26.0,28.237082066869302,False,2,28.4,2026-10-03
Noah Philp,CAR,MTL,0.0,C,10.774000784415298,0.329014751638117,0.6965195726003003,1.049888530953222,0.12505129520213917,0.17001834989651324,0.2950696450986524,0.33685548350732,1.1798893378677213,0.2820901866221797,0.2314590451140545,0.41040823120546466,0.11754836411141778,0.15635066442365475,0.25552026370433867,0.1379718995929209,1.0,0.030303030303030304,0.03605626708760176,2.321112515802781,33.0,31.288194444444443,False,0,19.7,2026-01-06
Owen Beck,MTL,CAR,1.0,C,10.736610537907293,0.324750176141557,0.20911448158673104,0.9584763101441649,0.136084028449059,0.1809573759803267,0.3170414044293857,0.5483523968302767,1.3387510175159576,0.27658376543283214,0.22634926878896328,0.5865045935515851,0.12723070804257264,0.1655290735570505,0.2716994003693285,0.14446869232675585,0.0,0.0,0.034918055349337986,3.6045627376425857,41.0,24.460481099656356,False,0,18.2,2026-01-12
Kevin Rooney,UTA,NJD,0.0,C,10.707304102245459,0.3506324796212544,1.4036182276230602,0.9691210558039807,0.12881068070178173,0.15995525908639852,0.2887659397881802,0.46865099321202097,1.142407601617398,0.21283492773328191,0.22039445568110452,0.4160588091833854,0.12085961196711037,0.1478180844892486,0.25081246012326686,0.1299528481561565,1.0,0.03333333333333333,0.02822252861689258,2.1809523809523808,30.0,24.414814814814815,False,0,28.9,2025-11-28
Jaroslav Chmelar,NYR,NYI,1.0,R,10.666139128084843,0.40826619045895995,0.12485486323939257,1.1552487365448754,0.149767490810123,0.1785343424581192,0.3283018332682422,0.42134715292748537,1.4789520300451322,0.30587867346273534,0.2526029799500589,0.35494500550674485,0.13909187779365784,0.16350467092170207,0.2798543770088263,0.14076249921516848,0.0,0.0,0.0384765344267596,2.179310344827586,22.0,27.08761329305136,False,3,19.3,2026-10-04
Raphael Lavoie,VGK,SEA,0.0,C,10.663925362686301,0.6536679122900177,0.23800077955984483,1.1467105174324765,0.14365890820369442,0.18393169481585453,0.32759060301954895,0.3012328985466362,1.1143378885939084,0.2717571634927958,0.19456268399757098,0.3733321027850943,0.1338168543574283,0.16800736870426736,0.27934200547282195,0.14552515111539366,0.0,0.0,0.03714575861031801,1.9311740890688258,29.0,27.781045751633986,False,0,13.1,2026-03-03
Liam O'Brien,UTA,NJD,0.0,C,10.626763117848531,0.31067553759916366,0.19447303143482184,1.0914203502852862,0.14046917557363925,0.1607782468758909,0.3012474224495302,0.4412859747712473,2.0776976534018723,0.4117595783935179,0.16197739437709355,0.3548784347118374,0.13104955058089462,0.14851913128409544,0.2601053164575444,0.1290557658766498,1.0,0.043478260869565216,0.038306989468851436,2.4380952380952383,23.0,24.908256880733944,False,0,29.3,2026-04-16
Dominic Toninato,CHI,STL,1.0,C,10.588148206341765,0.3268925554994179,0.268572016295641,1.071023795872964,0.13832423176963413,0.1932789498456124,0.3316031816152465,0.4003541241015848,1.1078822041956031,0.32011461512817135,0.2563696504775819,0.3968410510975101,0.12918370034183535,0.17574798290555593,0.2822279084880379,0.15304420814620256,1.0,0.0625,0.03523785061215566,3.6666666666666665,16.0,21.18769230769231,False,0,20.0,2026-04-13
Stephen Halliday,OTT,DET,0.0,C,10.570177530415581,1.7272937418836019,0.20567736081397386,1.248991050721917,0.16184732290414383,0.23066150168384963,0.39250882458799347,0.41078975458358685,0.8757559314205365,0.23584242491322577,0.16826559932700466,0.4042311576607815,0.14942894265393902,0.2059918090131363,0.3246396134508702,0.1752106707969312,0.0,0.0,0.04069251404708371,1.6129032258064517,24.0,28.534954407294833,False,2,19.7,2026-10-05
Angus Crookshank,NJD,UTA,1.0,C,10.56581594398446,0.37129051645475625,0.2078010204133883,1.1204613150420943,0.13556606624015047,0.1743440767720311,0.30991014301218156,0.5393408579851491,1.0273977761974267,0.28163777937010187,0.2062281808864713,0.4339108123485033,0.12677852943663737,0.1599921792504858,0.2664871354803837,0.13970860604374635,0.0,0.0,0.044990718922048256,4.0,22.0,29.139285714285716,False,0,18.6,2025-12-19
Reid Schaefer,NSH,TOR,0.0,L,10.362324496715507,0.331030577436942,0.15926343956226807,1.1445557656441203,0.1414254691091605,0.15921929007460778,0.3006447591837683,0.42291074888412095,1.382988520938215,0.30286824637106224,0.17490111509330053,0.39060575972722195,0.1318801250785544,0.1471906741580633,0.25965927471825556,0.12777914963970116,1.0,0.05,0.03324164835781568,2.695278969957082,20.0,28.26219512195122,False,1,23.8,2026-10-01
John Hayden,SEA,VGK,1.0,C,10.355375289051523,0.33323671786798564,0.45852274983936614,1.0965632562419165,0.14384043605552757,0.17872035594829858,0.32256079200382615,0.5917181984408266,1.3600428493537615,0.3528788811025534,0.2532137794928813,0.390298514576718,0.1339740764526245,0.1636602558664848,0.2757081006873967,0.14173402423477222,1.0,0.05263157894736842,0.040282128382107374,2.55,19.0,26.71031746031746,False,0,19.7,2025-10-21
Brandon Tanev,UTA,NJD,0.0,L,10.352251632107633,0.3272561099650054,0.15041291648455363,1.026789464682008,0.13345754839757926,0.16009524102426925,0.2935527894218485,0.5566150254675254,1.7590668833201346,0.43805354690649184,0.18974019431605202,0.4775999681082705,0.12493538391569148,0.14793736621636178,0.2543901384883359,0.12945475457264444,1.0,0.043478260869565216,0.04367602009077767,2.4380952380952383,23.0,24.908256880733944,False,0,29.4,2026-04-16
Ben Jones,MIN,BUF,0.0,C,10.346163354699387,0.35466213508458416,0.5072861577378468,1.09905786705624,0.12058902984180285,0.16175333413658333,0.2823423639783862,0.3995061252754134,1.4443457571758749,0.25621621977727327,0.17361288164844715,0.3563778633822539,0.11360183205632679,0.14934899477149377,0.2459845074060082,0.1323826753496814,0.0,0.0,0.03618327394222516,3.6543209876543212,20.0,27.37920489296636,False,0,24.8,2026-04-14
Jacob Melanson,SEA,VGK,1.0,R,10.340138554360164,0.3480571894856071,0.15344396598329285,1.1163650062552286,0.15431106352877608,0.16907999338517746,0.32339105691395353,0.3850702899580821,2.8526560243916355,0.43826840880329904,0.21375476757956477,0.42353403580524185,0.1429946035777767,0.1555586490380505,0.27630920526353664,0.13331460168575993,1.0,0.03125,0.0376349355233937,2.353448275862069,32.0,26.423780487804876,False,1,21.5,2026-10-01
Marc McLaughlin,NJD,UTA,1.0,C,10.310837937212762,0.37974722723004545,0.25813993591760803,0.93566982151627,0.13548751513666824,0.17228091630324596,0.30776843143991417,0.41306818806878154,1.1397743285615851,0.22500839290589547,0.22904280924364864,0.40020737519270133,0.12670993423246102,0.1582573192893879,0.264914479002885,0.138204544770424,0.0,0.0,0.03469279366656893,3.5180722891566263,21.0,29.244648318042813,False,0,16.6,2026-04-14
Juuso Parssinen,NYR,NYI,1.0,C,10.29888438942979,0.3354787278906784,0.23350722451887868,0.9381544669391103,0.1253896899970025,0.16684903774902818,0.29223872774603066,0.4491166084753962,1.2277648641319507,0.3435710724531697,0.21346380953285918,0.4153628343026881,0.11784693063219376,0.1536726348219517,0.25340971711821647,0.1355627864860227,1.0,0.1,0.03520160567519437,1.1267123287671232,10.0,27.196202531645568,False,0,29.2,2026-03-23
Sam Lafferty,CHI,STL,1.0,C,10.017920462336225,0.30487975018405034,0.20696244229101474,0.838194481887143,0.11606897992630828,0.15651731826990617,0.27258629819621444,0.3033611400080908,1.0631912034862647,0.2294520281771018,0.1962515116759813,0.44645766757613065,0.10958619949931547,0.1448832915672832,0.2385922817727888,0.12900608227347332,0.0,0.0,0.039313020742404566,2.703639514731369,24.0,21.171779141104295,False,0,29.3,2026-04-15
Nicolas Deslauriers,CAR,MTL,0.0,L,9.971518115152502,0.32564592907399176,0.1716595608911378,0.9604419924655498,0.12037463542081843,0.14956033477526054,0.269934970196079,0.30447511043033576,2.4665891622424,0.6424477219423954,0.16359065921624055,0.3522716021774868,0.11341177286126136,0.1389135170070619,0.2365708616301594,0.12315908876889803,0.0,0.0,0.03034283055994224,2.4173913043478263,33.0,31.35562310030395,False,2,29.3,2026-10-02
Matt Rempe,NYR,NYI,1.0,C,9.950754702739314,0.38426488917576707,0.1948796105121347,0.9231041945519122,0.12824359289098633,0.1614878266782822,0.2897314195692685,0.3478436896855359,2.053610473672693,0.41561409569946217,0.18274675773151824,0.33319716871742905,0.1203609207815971,0.14912311059955508,0.25153543647957377,0.13117451569797667,1.0,0.041666666666666664,0.027017136160337896,1.9316493313521546,24.0,27.125,False,1,27.9,2026-09-29
Sammy Blais,MTL,CAR,1.0,L,9.89453893921917,0.35061803898977933,0.11676472783694031,0.938859151116929,0.13281498490067195,0.17409799072682983,0.30691297562750175,0.4712167278246095,2.549577255381869,0.3463041030603738,0.24617488603589668,0.3351528760016713,0.12437291864548805,0.15978543961111258,0.2642853767751142,0.13991245812962616,2.0,0.08695652173913043,0.03360650091177603,2.072961373390558,23.0,24.51877133105802,False,0,29.2,2026-01-15
Jonah Gadjovich,FLA,LAK,0.0,L,9.888075242516658,0.37118451480875014,0.1997446659458634,1.1331884720243932,0.13038043533653934,0.1622442994654704,0.29262473480200973,0.46486286327399,1.858267395966793,0.5526209608322523,0.18871769013314194,0.299657227624197,0.12223856407443712,0.1497665324154034,0.25369785062097394,0.13145928654653682,2.0,0.07692307692307693,0.0327442095548945,2.8418708240534523,26.0,32.266666666666666,False,0,29.0,2025-10-25
Brian Halonen,NJD,UTA,1.0,L,9.766285114645042,0.4534771441387392,0.1380713445806982,1.0117894673561414,0.1356843040491602,0.1622061248328422,0.2978904288820024,0.29083564674814666,1.224271588469321,0.32779648356408214,0.24591059303598414,0.4199418343798059,0.12688177112644117,0.1497340744455985,0.25761732100840384,0.13073554988196268,0.0,0.0,0.03124714946963399,2.7554438860971526,30.0,29.242331288343557,False,0,14.2,2026-04-12
Taylor Ward,LAK,FLA,1.0,R,9.692050754674622,0.5364672519708126,0.12067618880337667,1.1499687121137,0.15335660333684745,0.18097536540503742,0.33433196874188487,0.29574259767743655,1.0000743637032876,0.3043002765054322,0.18328601824314403,0.44190469457589354,0.142176235554901,0.16554408507393037,0.2841838857946396,0.1420076502397386,1.0,0.03571428571428571,0.04398256132865691,2.737864077669903,28.0,28.75840978593272,False,0,21.2,2026-04-16
Tyler Pitlick,MIN,BUF,0.0,C,9.53989561726628,0.324010412107498,0.20778860053880208,0.9957407470048976,0.11430369781574112,0.14189839361716797,0.25620209143290906,0.462450854468252,1.6058956488639093,0.2959689713449177,0.19515570410260766,0.3012659569076591,0.10801297976650603,0.13229058317779563,0.2260144628602191,0.11800148309371306,0.0,0.0,0.0352977551857375,1.8271604938271606,23.0,27.169934640522875,False,0,29.0,2026-03-01
Curtis Douglas,SEA,VGK,1.0,C,9.292852574341733,0.30530046987676085,0.2174147635232695,0.9155232920572008,0.12749782157100692,0.16605925280664682,0.29355707437765377,0.38829303907975354,1.3587139384888463,0.6326061774518941,0.2287900951010906,0.4328181996702737,0.11970466650699063,0.1530039541904198,0.2543933333867955,0.13468866687980485,1.0,0.037037037037037035,0.028062637889458068,2.672064777327935,27.0,26.421212121212122,False,2,23.2,2026-10-04
Jack Studnicka,FLA,LAK,0.0,C,9.289093416559895,0.3531824463306577,0.37057458699809853,0.9373720622478177,0.10303140978428191,0.13420897278001412,0.23724038256429603,0.4045876125460361,0.9308252194153859,0.24331742945411294,0.22910548186375754,0.29646979978819815,0.09790136168711239,0.1255926818186599,0.21119834893778922,0.11329698725067683,0.0,0.0,0.047581125567739524,2.0,21.0,31.501577287066247,False,0,28.0,2026-03-28
Samuel Helenius,LAK,FLA,1.0,C,9.236419438279757,0.30879497446273185,0.19789479090288847,0.9254102248039738,0.12731090404788625,0.16541440012114617,0.2927253041690324,0.35122150152752374,1.7748236892321734,0.45314044142056575,0.17961814440553037,0.3514961763777928,0.11954010850473151,0.1524575903725166,0.2537729019817475,0.134232793477016,1.0,0.03225806451612903,0.025702021938833034,2.2968197879858656,31.0,28.75609756097561,False,1,28.6,2026-09-30
Hayden Hodgson,OTT,DET,0.0,R,8.960909769073913,0.42395305147871315,0.14936335404618115,0.9239977752668502,0.12341529803112573,0.15180716697250887,0.2752224650036346,0.25153581924022644,1.4048299012894843,0.42581966254505726,0.1637296456722676,0.32337683709363246,0.11610349415222965,0.14084606197653748,0.2405968361957096,0.12449334204347995,0.0,0.0,0.027391885300507398,1.6129032258064517,24.0,28.534954407294833,False,2,11.9,2026-10-05
Anton Blidh,NYR,NYI,1.0,L,8.810937406314942,0.38405470070037695,0.1399234674085217,1.047243200599721,0.1207085025985483,0.15131844141864184,0.27202694401719013,0.24009621861089026,1.0815270233311705,0.2583895492983707,0.17853643779627376,0.3123848401091448,0.11370772616316882,0.14042606886999787,0.23816626604792657,0.12445853988475775,0.0,0.0,0.038156618260200295,2.3066361556064074,16.0,27.374172185430464,False,0,14.2,2026-02-05
Mason Geertsen,BUF,MIN,1.0,L,8.74211895725244,0.6809077297762312,0.24282432921077063,1.0702306676911315,0.13072843432136466,0.1631041990524112,0.29383263337377585,0.25369456443346833,0.8755841727657132,0.26801531052927713,0.1867568943109308,0.33860296441807336,0.12254397101932257,0.15049733357014583,0.2545987637059631,0.13205479268664055,1.0,0.05555555555555555,0.032570644023746674,1.6808510638297873,18.0,28.887596899224807,False,0,4.7,2025-11-04
Dominik Shine,DET,OTT,1.0,R,8.728518701867266,0.38253328549404786,0.17556090778972466,0.9291331562940135,0.13443439393555925,0.15190099870674995,0.2863353926423092,0.30234981104906056,1.000562352654361,0.31215943380504946,0.2444333953528115,0.4050272394911495,0.12578976951203902,0.1409266740984756,0.24898930975756917,0.12319954024553015,2.0,0.07142857142857142,0.027455648222150873,5.333333333333333,28.0,25.84307692307692,False,0,17.8,2026-04-11
Zack MacEwen,TOR,NSH,1.0,R,8.6132318214405,0.3493884808315494,0.11679969669151298,1.134970900103809,0.12900379803833203,0.14967608094150078,0.2786798789798328,0.3030723405407829,1.4494607612322088,0.4676404580594796,0.20233331012657685,0.36037941305473525,0.12102937282489123,0.139013178698429,0.24321787369105485,0.12218850086616362,0.0,0.0,0.039277110292947365,1.6357615894039734,28.0,27.990853658536587,False,1,28.7,2026-09-29
Michael Pezzetta,TOR,NSH,1.0,L,8.256163430395514,0.34786790563328673,0.12753821220837877,0.8746446147610801,0.11381961260688464,0.14233063258676987,0.2561502451936545,0.32756416587017784,2.02611472357859,0.5323965328399579,0.1468668871546844,0.35409351160654046,0.107581077513207,0.1326655599564105,0.2259743335806138,0.1183932560674068,0.0,0.0,0.03583818471463664,2.42798353909465,20.0,28.015290519877677,False,0,29.2,2026-04-15
Bokondji Imama,FLA,LAK,0.0,L,8.124213871375185,0.3410611195340017,0.12291111269039867,0.8257011888209108,0.10205865597326735,0.12406947275215523,0.2261281287254226,0.3542842569240333,1.546038679715868,0.5244142040834152,0.13301874024027976,0.3028851494338444,0.09702341485494881,0.1166815278142429,0.20238410239016114,0.10536068753521233,0.0,0.0,0.024666720097188455,4.9411764705882355,31.0,31.245454545454546,False,3,19.7,2026-10-04
Kurtis MacDermid,OTT,DET,0.0,L,6.713464759508078,0.3626676798405196,0.11689031461775809,0.6333529257629364,0.08401150607080327,0.10890149618868414,0.1929130022594874,0.28253967257058626,0.978771548833476,0.5324866552215897,0.10959252916620968,0.2356970444874209,0.08057932288514535,0.10318124678728724,0.1754462946718679,0.09486697178672254,2.0,0.05263157894736842,0.014314179890036626,4.0,38.0,28.504587155963304,False,0,29.0,2026-04-15
