name,team,opponent,is_home,position,toi,pp_toi,pk_toi,sog,goals,assists,points,blocks,hits,pim,takeaways,giveaways,p_goals,p_assists,p_points,p_assist_only,last_sog,last_share,share_norm,mate_lift,last_team_sog,team_sog_norm,squeezed,gp_30d,games_used,last_played
Quinn Hughes,MIN,FLA,0.0,D,26.29258526047726,2.6511507455290055,0.3865862177855567,2.231882855083995,0.13477103145260527,0.554298685135455,0.6890697165880603,1.526920564396977,0.522840924261242,0.5739783105317291,0.4491929269681069,1.3428940179672078,0.12608401194410712,0.42552499218387574,0.497957105930955,0.37187309398684787,4.0,0.1111111111111111,0.089627142387985,3.8218623481781373,36.0,27.350453172205437,False,4,29.4,2026-10-08
Zach Werenski,CBJ,STL,0.0,D,26.22089536582186,2.915347978024017,1.0938019201472011,2.853997224933567,0.16004881650165317,0.5193061952073647,0.6793550117090178,1.568123919519466,0.6356795272440516,0.4339006505375727,0.43062774121884606,1.3810975661854026,0.14789780869713698,0.4050668277004871,0.49305614020482125,0.34515833150768427,3.0,0.06666666666666667,0.11852474243566663,4.235831809872029,45.0,26.581818181818182,False,3,29.4,2026-10-09
Filip Hronek,VAN,NJD,0.0,D,24.780367425992736,2.393249704659194,2.278101863679626,1.8080590337855218,0.09178354554253235,0.40584646369767957,0.49763000924021195,1.6945355561292017,1.3732620115063807,0.5132635071678159,0.34124966384109245,1.1738789387474686,0.08769739986085168,0.33358752192181007,0.39203016348409414,0.30433276362324246,1.0,0.05,0.06528452962012661,4.5,20.0,26.05421686746988,False,5,29.4,2026-10-08
Roman Josi,NSH,OTT,0.0,D,24.568392867974122,2.7968318380793242,1.5813570353680397,2.0846557673122463,0.1310568053016552,0.4447891132716145,0.5758459185732697,1.6052662740570594,0.8468692096629945,0.5017234721128524,0.2864978413871008,0.9942488788073767,0.1228320548139531,0.35904056838188003,0.43777093241991716,0.31493887760596406,2.0,0.1,0.10911565115564156,2.4,20.0,28.25531914893617,False,4,29.4,2026-10-08
Matthew Schaefer,NYI,TBL,1.0,D,24.512944610598364,3.042769326282697,0.7052501917918839,2.6512603279658253,0.16064449068714393,0.4481886489423043,0.6088331396294482,1.5694593099954894,0.8721656246335565,0.5720779781983624,0.5523833177094191,1.0820665093725201,0.14840523283116336,0.3612158332928693,0.45601474628190175,0.3076095134507384,4.0,0.21052631578947367,0.09360021646024808,1.6951871657754012,19.0,25.595166163141993,False,4,27.9,2026-10-08
Jackson LaCombe,ANA,CGY,0.0,D,24.098709935089218,2.553772207690408,1.3927667925762681,1.7546281895472828,0.13465389394908003,0.4719911049532009,0.606644998902281,1.6904194710615776,1.0335901450161573,0.41464449062682945,0.5693454300512373,1.1526349523774202,0.12598163761115566,0.37624093874088305,0.45482312675310377,0.3288414891419481,1.0,0.058823529411764705,0.05414820629902684,9.0,17.0,26.154078549848943,False,4,29.3,2026-10-09
Lane Hutson,MTL,DET,1.0,D,24.072474622621545,3.0216292631085997,0.8585956186593656,1.6723385377647317,0.11952455242102063,0.563351551429873,0.6828761038508937,1.7169501669400773,0.7032669007731404,0.5120483001275903,0.5107303496214881,1.0854742540256024,0.11265777884820927,0.4307021681207083,0.49483799736333056,0.3821802185151213,4.0,0.11764705882352941,0.05168959069082191,2.7777777777777777,34.0,24.709969788519636,False,4,29.3,2026-10-08
Moritz Seider,DET,MTL,0.0,D,24.066114765925455,2.860297260246403,1.6605072800660654,2.0343346486348777,0.10097637051621644,0.45451220243273804,0.5554885729489545,1.9518205151765822,1.3921541615418236,0.5947956786988163,0.3249615134983193,1.0009981371372563,0.09604560739083534,0.3652424743818514,0.4262081464757502,0.3301625390849149,1.0,0.025,0.07350318042040241,5.0,40.0,25.909365558912388,False,4,29.4,2026-10-09
Seth Jones,FLA,MIN,1.0,D,23.99256401522165,3.3277327449116783,2.4012628238083176,1.9146687664544415,0.11498884569261376,0.41429415268026754,0.5292829983728813,1.400659783751948,1.0244760580738075,0.4401844320690112,0.34348414711677294,1.1042803145784228,0.1086239134657544,0.33919345534154777,0.41097284826613156,0.30234893480037717,2.0,0.07407407407407407,0.09646637117439315,2.4615384615384617,27.0,31.244712990936556,False,4,29.4,2026-10-06
Evan Bouchard,EDM,SJS,0.0,D,23.794716042338127,3.129097670960758,1.5147697048988584,2.5442084894552695,0.18206704664665288,0.601024630013354,0.7830916766600069,1.353485781913866,0.6739784206557369,0.4378581468896437,0.33456247136419276,1.1047719645173133,0.16645454788520242,0.45175040478884243,0.5430090432879608,0.3765544954027584,4.0,0.21052631578947367,0.0836371700186768,2.8073394495412844,19.0,30.48036253776435,False,4,29.4,2026-10-07
Charlie McAvoy,BOS,PHI,1.0,D,23.599887320987907,2.129891600784994,1.9174665488434754,1.6683580846818133,0.13028536680195005,0.4629285515727369,0.593213918374687,1.7174310665090153,1.24489128850419,0.6553951510049815,0.37592117845385176,1.2232419699665091,0.1221551126142636,0.370562396771589,0.4474514180776077,0.3252963054633441,0.0,0.0,0.06375038590214026,3.6303630363036303,26.0,26.599388379204893,False,0,29.4,2026-04-14
Thomas Chabot,OTT,NSH,1.0,D,23.555322245802763,2.500928900259291,2.138120647900231,2.0820681816888813,0.11552469444341065,0.4307598015851474,0.546284496028558,1.9630134334011429,0.8930372995766063,0.4451339815956948,0.4242485203252829,1.1264125521185127,0.10910142827892999,0.349984975396608,0.42090254298360186,0.31180111470467187,4.0,0.15384615384615385,0.07662332222474982,2.22,26.0,28.51057401812689,False,4,29.4,2026-10-08
Brock Faber,MIN,FLA,0.0,D,23.467862685014772,0.603734634206316,2.0049011126188714,1.8615806739709035,0.10008480177620788,0.35855034868839636,0.45863515046460424,1.6771576125352474,0.7941307867648417,0.6032709728228918,0.35495795263813823,0.9698338810803744,0.09523931053086387,0.301311553093904,0.3678541590531206,0.2726148485222567,1.0,0.045454545454545456,0.06536840400184392,2.3454545454545452,22.0,27.384615384615383,False,0,29.4,2026-04-11
Rasmus Dahlin,BUF,UTA,1.0,D,23.34094229496556,2.806404547421893,0.741595258632232,2.1970535174582073,0.16689869471996782,0.4786964520645761,0.645595146784544,1.3441702483369937,1.1295505699627322,0.7053948792422927,0.41799793688348835,1.1991985305543353,0.1537146598319038,0.38040946842259793,0.47564961621908675,0.32193495638718295,1.0,0.038461538461538464,0.09336627994368366,2.532544378698225,26.0,28.628398791540786,True,4,29.4,2026-10-08
Travis Sanheim,PHI,BOS,0.0,D,23.314457589868994,0.5946252085079707,2.9770332571666955,1.4346193173607333,0.09772055441688171,0.28918873042879795,0.38690928484567966,1.713355123562755,0.8809540169908708,0.44100501875617754,0.3422624867086085,1.0866043140578647,0.09309770181115717,0.251129142653272,0.32084729842560333,0.22774959661444616,1.0,0.034482758620689655,0.056473666340104776,2.552631578947368,29.0,26.936746987951807,False,5,29.4,2026-10-08
Ivan Provorov,CBJ,STL,0.0,D,23.084289379631773,0.8978336636750566,2.46425717868801,1.7255098359184182,0.08273608557758955,0.30104110904932285,0.3837771946269124,1.4699036978673388,0.6121550466952316,0.4111672227769239,0.3670771566865832,1.0078774949846847,0.07940592678401492,0.25995265052161487,0.3187167961709998,0.23931086938698487,4.0,0.14285714285714285,0.053152541520613265,1.5558475689881734,28.0,26.611620795107033,False,0,29.4,2026-04-14
Cale Makar,COL,TOR,1.0,D,22.6420814995061,2.958609122377659,1.6754690314841492,2.533980218244459,0.18871650102362747,0.5444779052837574,0.7331944063073849,1.3857630945972534,0.6732634396767601,0.3395239176266737,0.44148961341365417,1.1084448461916396,0.17197878340952777,0.4198554052875848,0.5196279668878396,0.34764918347831186,2.0,0.06666666666666667,0.0975768912296591,3.5999999999999996,30.0,29.43202416918429,False,4,29.4,2026-10-08
Miro Heiskanen,DAL,PIT,0.0,D,22.598812533195613,2.825412054299197,2.5980318567231735,1.6803434036982128,0.10625800437342747,0.4047308118287445,0.510988816202172,1.5556178094400213,0.6195164848266408,0.4629663820165948,0.3153756633660448,0.9679177010696832,0.10080737748375634,0.33284362270604495,0.400097907472612,0.29929052998885564,1.0,0.05555555555555555,0.08455686898526525,2.6106870229007635,18.0,26.40785498489426,False,4,29.4,2026-10-08
Luke Hughes,NJD,VAN,1.0,D,22.589794259376326,2.2887379402117594,1.1030343352550773,2.2706673084886146,0.1376323548155986,0.45307213991579814,0.5907044947313967,1.02595913886466,0.6316729636743224,0.4493791458668215,0.45941440253714294,1.245548690405051,0.12858099413767965,0.3643277253720648,0.4460630983894849,0.31748210425180523,3.0,0.09090909090909091,0.06416217325153284,6.0,33.0,29.28787878787879,False,3,29.3,2026-10-06
Mike Matheson,MTL,DET,1.0,D,22.555309881315804,0.4062455790972242,3.1310644148159565,1.5518903287409178,0.0839527795789993,0.32135641989750746,0.4053091994765068,1.4589061722717485,1.0159987594209035,0.5370083143415217,0.3107151157753502,1.0727179692694684,0.08052532694880588,0.2748352582189767,0.3332293861426401,0.2527040591938342,0.0,0.0,0.08085216038175588,3.045045045045045,34.0,24.709969788519636,True,4,29.4,2026-10-08
Thomas Harley,DAL,PIT,0.0,D,22.42530957715145,1.755903187559091,1.5231636952613825,1.6241594729516244,0.08935905300761057,0.3439669094411543,0.43332596244876487,1.7822145339554705,0.7887842720977255,0.4683517203010806,0.4039548235873893,0.9722894420784381,0.08548284551677965,0.29104761270794066,0.3516508801095798,0.26616803459280014,0.0,0.0,0.07008663093963445,2.6106870229007635,18.0,26.40785498489426,False,4,29.3,2026-10-08
Mikhail Sergachev,UTA,BUF,0.0,D,22.403970817660905,2.957040209703622,2.194054107345532,1.924846077472101,0.09746888398881738,0.437518909468431,0.5349877934572485,1.4845923599879716,0.8915367643707388,0.6173257438058779,0.3808578351614506,0.991356686646156,0.09286943259845903,0.35436368232710513,0.4143235608143453,0.32145412821588626,0.0,0.0,0.06547148534711472,4.282122905027933,37.0,24.97590361445783,True,5,29.4,2026-10-08
Philip Broberg,STL,CBJ,1.0,D,22.36257163355655,1.5452823292787456,2.343922322654972,1.3829372203959454,0.09092087348200435,0.3760668054078943,0.4669876788898986,1.229062077133323,0.7419727749543986,0.34973348592884623,0.3708678576000211,1.2084275308500037,0.08691004233012234,0.3134435341745129,0.37311218568142523,0.2862021433513029,2.0,0.07692307692307693,0.04278329524254023,2.384,26.0,24.90332326283988,False,4,29.3,2026-10-08
Erik Karlsson,PIT,DAL,1.0,D,22.267418855839125,2.865814156709172,1.1844878054570909,2.1486731517107645,0.1373394148548065,0.4578365700666054,0.5951759849214119,1.0593184014078507,0.7242179096204021,0.36388500441408017,0.40562806200985857,1.2699280912079165,0.12832568329472038,0.3673491381528071,0.4485344922863419,0.3202088089916215,0.0,0.0,0.09652021657161991,1.5365853658536586,22.0,28.150602409638555,False,5,29.4,2026-10-09
Darren Raddysh,TOR,COL,0.0,D,22.249212325657968,3.330466937625504,0.4761770741743925,2.500060266389524,0.12030896195396426,0.3894389403829873,0.5097479023369516,1.4825794790533326,0.8874439103525654,0.6184921392174072,0.2821298240420001,0.9467742052321443,0.11335354562674183,0.3225631496465473,0.39935301857232364,0.2859994729455818,1.0,0.041666666666666664,0.0649773578132375,2.8,24.0,28.015060240963855,False,5,29.4,2026-10-08
Owen Power,BUF,UTA,1.0,D,22.21251160757582,0.7897511973153271,1.7465707986130512,1.514310584194072,0.08913381584619093,0.3424126577847216,0.4315464736309125,1.4050808558692667,0.6713015125284443,0.38546104734816444,0.3266228571515598,0.9965402445076113,0.08527683906955141,0.2899448655343414,0.3504961229666781,0.2652192838971267,2.0,0.07692307692307693,0.05504301736980029,2.532544378698225,26.0,28.628398791540786,False,4,29.4,2026-10-08
Jake Sanderson,OTT,NSH,1.0,D,21.99876542855102,2.275063200856314,2.1643913861081203,2.0638530831061517,0.1399395071198681,0.4479834302016222,0.5879229373214903,1.6620130296878401,0.7469991231024132,0.32064181389237484,0.36672306734800353,1.0813921144438385,0.1305891730269767,0.36108472935857794,0.44452014618594826,0.31393097315897156,0.0,0.0,0.0730421064705795,2.0372670807453415,29.0,28.533536585365855,True,1,29.4,2026-10-03
Drew Doughty,LAK,VGK,0.0,D,21.998019533751332,1.1506735549495246,1.526915790266195,1.2559565175408027,0.06827330734318662,0.2971626301434862,0.3654359374866728,1.242252392976152,1.0048061863448903,0.5594336262045534,0.2637242669122454,0.8991300059981939,0.06599483178066035,0.25707681916671643,0.3061059095117621,0.24011107773110174,0.0,0.0,0.05484885539827915,1.7371794871794872,20.0,28.78181818181818,False,3,29.4,2026-10-06
Artem Zub,OTT,NSH,1.0,D,21.941467254648426,0.3023417556591958,2.43810867131715,1.4056484055585112,0.07017466862875589,0.3456922596681895,0.4158669282969454,1.537954000621259,0.9235984682209679,0.6383405344036318,0.35077557487964756,0.9405842175300417,0.06776902582160127,0.2922697492603483,0.34023193889745207,0.2724629130758508,4.0,0.10526315789473684,0.037247603684265634,5.777777777777778,38.0,28.504587155963304,False,0,29.4,2026-04-15
Bowen Byram,CHI,CAR,1.0,D,21.93729935005947,1.8351033459337982,1.242989952700829,1.3275561047503466,0.09982401994761803,0.35325230157581017,0.4530763215234282,1.459436573244408,0.9002582634517763,0.42548668903119585,0.3485045590793873,0.9124766881426091,0.09500333461604993,0.2976000455959995,0.36433038349854097,0.26932704888249104,2.0,0.08695652173913043,0.04529266401405107,2.6666666666666665,23.0,21.157099697885197,False,4,29.4,2026-10-08
Jacob Trouba,SJS,EDM,1.0,D,21.902599828174083,0.7211307281903505,2.5649207537674403,1.834099562483156,0.08345366901986678,0.3264624448425996,0.4099161138624664,1.5930911025091856,1.5384908650023483,0.5048379395538992,0.30638240845437514,1.1654244015982973,0.08006629288578637,0.2785285304855615,0.33629407647244325,0.2562277835866569,4.0,0.14814814814814814,0.06794146941846746,6.0,27.0,20.148936170212767,False,4,29.4,2026-10-08
Brady Skjei,NSH,OTT,0.0,D,21.862335560550243,0.6956691606912664,2.351195833417774,1.1641852534080102,0.06484537086434136,0.29033714777300246,0.35518251863734385,1.2233684154059283,1.0327558663174747,0.5665617403246777,0.36165735491500844,1.0493685691719987,0.0627876274873822,0.25198866529459785,0.2989545223344202,0.236166894847038,0.0,0.0,0.0666563734572661,2.4,20.0,28.25531914893617,False,4,29.4,2026-10-08
Gustav Forsling,FLA,MIN,1.0,D,21.792317504386453,0.6860474859179142,2.4155291328723534,1.6771511745599426,0.06978676520692924,0.29704667884286107,0.3668334440497903,1.2749266810282864,0.8504268034461031,0.5501508498915919,0.35532138793363416,0.8856804235764191,0.06740734009175375,0.25699067126325004,0.30707495377675376,0.239667613685,2.0,0.07407407407407407,0.06683864660985037,2.4615384615384617,27.0,31.244712990936556,False,3,29.4,2026-10-06
John Carlson,TBL,NYI,0.0,D,21.787372680405245,2.836756834881427,1.29577260866352,2.112360192910971,0.12451417325153674,0.4321500096262105,0.5566641828777472,1.5639356507495707,0.7020244655323798,0.4598290981462286,0.3992932403257488,1.1907358496329834,0.11707425265099924,0.3508880036666038,0.4268823055241343,0.30980805287313506,9.0,0.2571428571428571,0.08661212578744691,2.797297297297297,35.0,28.41389728096677,False,4,29.4,2026-10-08
Damon Severson,CBJ,STL,0.0,D,21.75893270967434,0.9253464103754384,1.0893117740371858,1.4544176677549518,0.10731599201266194,0.3418441777704224,0.4491601697830844,1.3833563075852227,0.6791508493387307,0.5867933322189158,0.379434772207324,0.9705013094713493,0.1017582090909338,0.2895410986255119,0.3618361240620922,0.2600779149711584,3.0,0.06666666666666667,0.04500787150519959,4.235831809872029,45.0,26.581818181818182,False,1,29.4,2026-10-09
Connor McDavid,EDM,SJS,0.0,C,21.715877992524934,3.147682409891299,0.9933271373972686,3.0457162733464425,0.4242998558761191,0.708601261970642,1.1329011178467612,0.5274622056684394,0.8413933977183631,0.5751130892162801,0.4133437506186569,1.108929031939017,0.3457723215197589,0.5076676399357285,0.6779025430344536,0.33213022151469473,1.0,0.05263157894736842,0.11839917491791459,2.8073394495412844,19.0,30.48036253776435,False,4,29.4,2026-10-07
K'Andre Miller,CAR,CHI,0.0,D,21.63767719171477,0.9572122701315509,1.9268204850724235,1.6286510035353945,0.09427753616028997,0.34156006720394644,0.4358376033642364,1.230988054858998,1.3745898637340899,0.5919672227871062,0.42460698084613874,0.8486538908003413,0.08996983908722078,0.2893392210681689,0.3532772569942647,0.26330741790704393,1.0,0.029411764705882353,0.0498441364592771,3.8095238095238093,34.0,31.39457831325301,False,5,29.4,2026-10-08
Devon Toews,COL,TOR,1.0,D,21.613705831630266,1.7562380953639392,2.0416109821867905,1.8165350695338813,0.10899852383773752,0.3968616704123049,0.5058601942500425,1.1437453720966941,0.708374585213926,0.47465862811784376,0.48773232284725526,0.9374559439242034,0.10326825878118562,0.327572964245906,0.3970133333856254,0.29374507460443977,3.0,0.1,0.06380058107146493,3.5999999999999996,30.0,29.43202416918429,False,4,29.4,2026-10-08
Aaron Ekblad,FLA,MIN,1.0,D,21.612692868210694,1.773361151491987,2.5153131961933726,1.4987623616716066,0.0789666290630129,0.322214893875833,0.4011815229388459,1.2254914199772924,1.1125274522492792,0.5970585723720213,0.3213190306079157,0.9676226381064257,0.07592923896230086,0.27545752614116903,0.33047148477713284,0.254542245814832,0.0,0.0,0.06608387190777124,2.138084632516704,26.0,31.26139817629179,True,2,29.4,2026-10-01
Noah Dobson,MTL,DET,1.0,D,21.54912619599617,1.2845690359774748,2.169423322559711,1.799500899281197,0.10463118079478259,0.358246474760207,0.4628776555549896,1.8090265215399342,1.1714597199568664,0.5173568498478476,0.42234638561970766,1.0912080469355951,0.09934335919685278,0.30109920762947084,0.3705303600889014,0.2711870008920486,3.0,0.08823529411764706,0.0945092667898932,3.045045045045045,34.0,24.709969788519636,False,4,29.4,2026-10-08
Jordan Spence,OTT,NSH,1.0,D,21.53283226747408,1.3294431517326508,1.117887414341085,1.7296966847381936,0.10115917520149773,0.3596273366578366,0.4607865118593343,1.2787518815100165,1.0649667326432102,0.4670431450848257,0.277437565424486,1.055215469666279,0.09621083938603325,0.30206362708559364,0.3692126713617322,0.27300183197569894,0.0,0.0,0.04299203033171655,2.22,26.0,28.51057401812689,False,4,29.3,2026-10-08
Jaccob Slavin,CAR,CHI,0.0,D,21.386292888180492,0.2340692073075807,2.8436018113193855,1.6103373043564781,0.07342436745007362,0.2878552002950241,0.36127956774509773,1.4080615590771584,0.6414688218794776,0.2966517563633513,0.4924223300028371,0.7892628470557221,0.070793578615018,0.2501298346431122,0.30321582714536166,0.23242224853034366,0.0,0.0,0.05250945791662606,3.8095238095238093,34.0,31.39457831325301,False,5,29.4,2026-10-08
Cam York,PHI,BOS,0.0,D,21.38059867205922,0.8701355224735766,2.717903384958129,1.1942243510992334,0.07296160927147291,0.2408434555716654,0.3138050648431383,1.7263223298469326,0.9098485108693226,0.43054550051560436,0.3076637740888038,0.9277925061314387,0.0703634812360493,0.214035344854008,0.2693385541185709,0.1989750728825216,2.0,0.06896551724137931,0.04379483664116889,2.552631578947368,29.0,26.936746987951807,False,5,29.4,2026-10-08
Zach Whitecloud,CGY,ANA,1.0,D,21.365074698629424,0.2023020748567094,2.931617949889116,1.1268423808178392,0.06332002040289395,0.2862630927412525,0.3495831131441465,1.931906849335625,1.4022365189734876,0.4279855658361188,0.30458486577732796,1.1070397478279808,0.06135695930470353,0.24893500979605476,0.29501807383518586,0.23366111453048233,1.0,0.034482758620689655,0.03380610618682815,3.0989272943980932,29.0,29.50453172205438,False,4,29.4,2026-10-08
Simon Edvinsson,DET,MTL,0.0,D,21.363689933297675,0.3670602730378826,1.5203568348790182,1.2858183213836951,0.08106839898095183,0.2687784415388727,0.3498468405198245,1.6753036810263127,1.3356671067535426,0.6362206889156096,0.31868438640661156,1.0025412565847989,0.07786938350697115,0.23568742319142366,0.295203972354132,0.21733458884716084,1.0,0.04,0.04166110890846427,1.9107142857142858,25.0,25.862385321100916,False,0,29.3,2026-04-15
Mattias Samuelsson,BUF,UTA,1.0,D,21.213590765534367,0.2060503274038244,2.3828954833248006,1.3179844731732988,0.09357967098248589,0.28379383254209867,0.37737350352458454,1.6237065932009531,1.4856838134655148,0.48881057192258714,0.30993942860656787,1.0511809097575844,0.08933453907607414,0.24707814330899136,0.31434007033678457,0.22500553126071043,1.0,0.038461538461538464,0.04231171717938068,2.532544378698225,26.0,28.628398791540786,False,4,29.3,2026-10-08
Darnell Nurse,SJS,EDM,1.0,D,21.09613766308802,0.22096690084532483,2.0297522679025155,1.7361797493344306,0.0812118938684416,0.2630690659246637,0.34428095979310536,1.6022779307958432,1.6488014092802008,0.6088998181522152,0.30175673802182174,1.0935117919119854,0.0780016950427942,0.23131119472535888,0.2912702244972012,0.213268529454407,2.0,0.07407407407407407,0.07471344135907493,6.0,27.0,20.148936170212767,False,4,29.4,2026-10-08
Esa Lindell,DAL,PIT,0.0,D,21.07879507464437,0.7224975585010937,3.0822043598293005,1.07815198738616,0.07246018547341285,0.27118120024460596,0.34364138571801883,1.7669185698437182,0.6926772441848472,0.37174843931664187,0.26929312936401284,1.0103650666854866,0.06989722247514507,0.23752167737168461,0.29081679432091145,0.22091957184576638,0.0,0.0,0.04786222717954511,2.6106870229007635,18.0,26.40785498489426,False,4,29.4,2026-10-08
Kevin Bahl,CGY,ANA,1.0,D,20.987998970707288,0.3401286448628805,2.319969963622123,0.9367507546963738,0.06441316848466022,0.27772558053427815,0.34213874901893837,1.167273143749662,1.3534122193544775,0.6201716057294189,0.36604963762233195,1.0605270039433767,0.06238247452198464,0.24249533297938952,0.2897503485700873,0.22736787404810266,1.0,0.034482758620689655,0.029180167323019545,3.0989272943980932,29.0,29.50453172205438,False,4,29.4,2026-10-08
Dougie Hamilton,NJD,VAN,1.0,D,20.986374658249648,1.7610489538146368,1.6048678933936544,2.439859532485046,0.1460243916102662,0.44633232368641956,0.5923567152966858,1.2037415465147094,1.1999898904153852,0.4863454208519074,0.29175975118279246,1.3087584652250548,0.13586337475619836,0.36002894082274783,0.44697756866886795,0.3111141939126696,1.0,0.030303030303030304,0.09966900649199237,6.0,33.0,29.28787878787879,True,3,29.4,2026-10-06
Jake Livanavage,PIT,DAL,1.0,D,20.98297289880828,1.3881372395288871,1.1643185065161337,1.408401865848787,0.08270228838183906,0.29685625649507363,0.3795585448769127,1.4531245359998826,1.3172346000533701,0.48283043817953863,0.35260732607120127,0.9409186437316895,0.07937481276013536,0.2568491722105807,0.3158366300189054,0.23646181725877002,0.0,0.0,,2.3783783783783785,23.0,28.116207951070336,False,0,1.0,2026-04-14
Zeev Buium,VAN,NJD,0.0,D,20.978936697362037,1.331289030386166,0.33846599211384787,1.1915406711605576,0.0706399082099265,0.27646774126608215,0.34710764947600864,1.3548634269563058,0.7151039366003331,0.4829504322630504,0.2477676611328519,1.0672917762594485,0.06820263569552298,0.24154191436538852,0.2932707548702497,0.2250681191747267,0.0,0.0,0.038654556507655737,4.5,20.0,26.05421686746988,False,5,27.6,2026-10-08
Jamie Drysdale,PHI,BOS,0.0,D,20.94337772523414,2.24387266086744,0.514327778655907,1.4203257446467046,0.08222210335436966,0.2972705246635968,0.37949262801796646,1.562330283867079,0.6370356282963239,0.44530707820010323,0.29180357200394885,0.7577329914247225,0.07893263617451995,0.2571569721826781,0.3157915306321616,0.23685889445764163,3.0,0.10344827586206896,0.045284791624952234,2.4857142857142858,29.0,26.936746987951807,False,5,29.3,2026-10-08
Colton Parayko,STL,CBJ,1.0,D,20.939875754097187,0.267954509417379,2.3597010999326455,1.5572741162052246,0.08207047695252549,0.24137991342831464,0.3234503903808401,1.794838336485536,1.256588127304065,0.3605398385067032,0.41824695957382013,1.0551737984046434,0.07879296745582187,0.21445686869331282,0.2763521430735051,0.1975591756176832,0.0,0.0,0.0686251270489172,2.384,26.0,24.90332326283988,False,4,29.4,2026-10-08
Shea Theodore,VGK,LAK,1.0,D,20.90821276762667,1.5686123513266776,0.892571800134155,1.8362449400448169,0.10630437889561303,0.3715940554440243,0.4778984343396373,1.3878641625228938,0.4762324049204123,0.42229925495933746,0.35551349744907984,1.2307743675959906,0.10084907614509309,0.310365861066518,0.37991482685607647,0.2790657507109834,3.0,0.06976744186046512,0.07339088416961081,2.5806451612903225,43.0,27.96385542168675,False,5,29.4,2026-10-08
Jake McCabe,TOR,COL,0.0,D,20.903799429848473,0.3770995556822897,2.916857750929203,1.0874526064854133,0.054035223504237555,0.20343587106125138,0.25747109456548894,1.923794043406288,1.251725072005968,0.5956081560981534,0.2985371898405343,0.9293231987486852,0.052601264789289504,0.18407747310928912,0.22699602999381352,0.17439476520452402,1.0,0.041666666666666664,0.04056023390494411,2.8,24.0,28.015060240963855,False,5,29.4,2026-10-08
Rasmus Ristolainen,PHI,BOS,0.0,D,20.901743925311038,1.393627987853788,1.5714818344976185,1.4503502614625905,0.08813255704122791,0.29615063380329104,0.38428319084451895,1.5421580721607844,1.2467744793470763,0.4474316575530996,0.31419831021080896,0.8369189994840583,0.08436050578373433,0.25632460307089666,0.3190614356947552,0.23470092991102087,0.0,0.0,0.05084602488581734,2.375,18.0,27.0,False,3,29.3,2026-10-03
Olli Maatta,MIN,FLA,0.0,D,20.892809180171344,0.2454699611472352,2.241415139135609,1.0508370990232843,0.06425305783636298,0.28171706257042284,0.3459701204067858,1.6467230480489234,0.5826601936945554,0.40397574824762744,0.35939903864484724,1.0888183820984543,0.06223233995337474,0.24551287301540614,0.2924663723923564,0.23023403243898166,0.0,0.0,0.03128799852743639,2.1669921875,20.0,27.37272727272727,False,3,29.4,2026-10-06
Noah Hanifin,VGK,LAK,1.0,D,20.82795012548761,0.5905054033002266,1.524344280340971,1.5989744111322497,0.07435272354273761,0.28583297701334287,0.36018570055608046,1.6019434942362027,0.7048294436514898,0.33325075047949815,0.3467190235838898,1.1164024377210235,0.07165581276556376,0.2486118954477856,0.3024532207818509,0.23079740801628712,1.0,0.023255813953488372,0.06668413847895961,2.5806451612903225,43.0,27.96385542168675,False,5,29.4,2026-10-08
Jack Hughes,NJD,VAN,1.0,C,20.799229609002023,2.843008395686194,0.4576273594743175,3.491542279703315,0.4382403624268886,0.6721803749178696,1.110420737344758,0.5993121173449575,0.5922211595018433,0.3724432612830585,0.4460409837467142,1.488209127979943,0.3548293105739433,0.4894059233050776,0.670579667521876,0.31575035694793274,5.0,0.15151515151515152,0.13332955903158863,6.0,33.0,29.28787878787879,False,3,29.4,2026-10-06
Sean Walker,CAR,CHI,0.0,D,20.794657441573293,0.5387954402885936,2.0995837003165185,1.9793385695526042,0.09713440687937332,0.33057862309876734,0.42771302997814065,1.3436103455374875,1.5807517818566763,0.6245555113132393,0.4012775789383889,0.9899792012570091,0.0925659674401409,0.28149213212017954,0.3480015080238281,0.2554355405836872,0.0,0.0,0.05840749905944133,3.8095238095238093,34.0,31.39457831325301,True,5,29.4,2026-10-08
Artyom Levshunov,CHI,CAR,1.0,D,20.7582662134039,1.789238272556123,1.301711109754864,1.3446262563794071,0.07601665138582381,0.2973207874606829,0.3733374388465067,1.4846632536528834,1.5633379820976105,0.5158310493522933,0.3541815296490992,1.2684850589926069,0.07319922608637308,0.2571943086127275,0.3115671103548292,0.23836788426845612,2.0,0.08695652173913043,0.051124148441911925,2.6666666666666665,23.0,21.157099697885197,False,5,28.1,2026-10-08
Cam Fowler,STL,CBJ,1.0,D,20.647409099865758,0.9871575192248329,1.955563723473876,1.201996391674278,0.06629901903863497,0.30128764786593637,0.3675866669045713,1.1653895062833641,0.5162847801033685,0.3382201683771502,0.31388368066694594,0.7851454125270441,0.06414901481278246,0.26013507843068884,0.30759668424389663,0.24344766943111418,0.0,0.0,0.054854716169993836,2.384,26.0,24.90332326283988,False,4,29.4,2026-10-08
Rasmus Andersson,VGK,LAK,1.0,D,20.614142289297344,1.345641298297416,1.1613719871655985,1.807300294105049,0.10750273406010594,0.3308233431848293,0.4383260772449352,1.6639528163113642,0.6835479810921187,0.5183771568606566,0.32514441754058326,1.0368774144614008,0.10192593294103292,0.2816679439142272,0.35488460889221995,0.25295867595118704,3.0,0.06976744186046512,0.0689887145579657,2.5806451612903225,43.0,27.96385542168675,False,5,29.4,2026-10-08
Logan Mailloux,STL,CBJ,1.0,D,20.44539707421929,1.2069580493938952,1.4409341262487367,1.6510944663535974,0.08969735873290319,0.2963712336060308,0.386068592338934,1.2697188371288919,1.3892767519471163,0.5448722887234999,0.3706041094467975,1.062459218552294,0.0857921795783273,0.2564886396228808,0.3202760997708811,0.23448392019255382,2.0,0.06896551724137931,0.04855080524845424,5.5,29.0,24.880733944954127,False,0,27.2,2026-04-16
Hampus Lindholm,BOS,PHI,1.0,D,20.33637708673472,1.102538268174928,1.9951073022994907,1.3640369678855824,0.07852441696691141,0.30085494223372233,0.37937935920063376,1.243263029942536,0.6546600405433551,0.507624188150773,0.3657284599324137,1.113098015710561,0.07552051332906728,0.25981486543806165,0.31571402675872406,0.24019351342965678,1.0,0.045454545454545456,0.06082608222603794,2.9403973509933774,22.0,26.575301204819276,False,5,29.4,2026-10-08
Mikey Anderson,LAK,VGK,0.0,D,20.332536037641383,0.3052809734842771,1.6908873169649867,0.9375239900503274,0.05547572743882706,0.2523634987875167,0.30783922622634374,1.6917082590383934,1.4021492126644794,0.41876218457618436,0.23962997685675397,0.6854896771120959,0.053965013916173366,0.22303773810796135,0.2649665173833068,0.21100150346713342,0.0,0.0,0.03703152050981548,1.7371794871794872,20.0,28.78181818181818,False,3,29.4,2026-10-06
Adam Pelech,NYI,TBL,1.0,D,20.327983020616465,0.3223557430392105,2.2739255645472203,1.450565681911327,0.06349063666002307,0.2495292806501138,0.31301991731013684,1.2735616983953506,1.1330647219787484,0.7692042924108257,0.31549781793665055,0.8794190245592833,0.061517093405958234,0.22083253403470082,0.26876465181737197,0.20724755841141373,2.0,0.10526315789473684,0.05725582553113236,1.6951871657754012,19.0,25.595166163141993,False,4,29.4,2026-10-08
Kirill Kaprizov,MIN,FLA,0.0,L,20.32398405273095,2.7103247872823903,0.12026517103148925,2.7283801098992346,0.4039168906153365,0.45499046880901933,0.8589073594243558,0.4568865230701161,1.0291974934373587,0.5121168988288405,0.31470261079593914,0.9697154581920442,0.3323003889331487,0.3655459849782041,0.5763753009301447,0.24407491199699594,0.0,0.0,0.12912037835630907,3.8218623481781373,36.0,27.350453172205437,True,4,29.4,2026-10-08
Ryan O'Reilly,NSH,OTT,0.0,C,20.30478419747494,2.76412629670382,1.8328749617833264,1.8070665117768143,0.274212830204934,0.45267004955621115,0.7268828797611451,0.8103368464537538,0.7689541270679889,0.47648125875305825,0.4357047924375456,0.6391202441636875,0.23982972915146972,0.36407207628500793,0.5165864979894309,0.2767567688379612,2.0,0.1,0.0701543281314361,2.4,20.0,28.25531914893617,False,4,29.4,2026-10-08
Martin Necas,COL,TOR,1.0,C,20.300077326169884,3.229445862240789,0.19856435602119513,2.8808349222425482,0.38097865478655846,0.6052895346830323,0.9862681894695907,0.3981469075416887,1.103666744364818,0.32563080845743286,0.3962169991671423,1.0782840393820656,0.3168075276465926,0.45408365795972816,0.6270340645833783,0.3102265369367857,2.0,0.06666666666666667,0.0870244175713972,3.5999999999999996,30.0,29.43202416918429,False,4,29.4,2026-10-08
Niko Mikkola,FLA,MIN,1.0,D,20.29362499412636,0.28052264051162373,2.3110017407847185,1.3052387627569972,0.06567439796148285,0.20702332353342212,0.27269772149490495,1.197832353535874,1.45228190523416,0.5280827883948256,0.3021868811101812,0.9861457618198916,0.06356427996251612,0.18699931228227396,0.23867711560608162,0.1751128356435655,1.0,0.037037037037037035,0.03799244908580752,2.4615384615384617,27.0,31.244712990936556,False,4,29.4,2026-10-06
Nathan MacKinnon,COL,TOR,1.0,C,20.29018612877872,3.243666103700524,0.23356092887790442,3.682812377970955,0.4575607953523516,0.6556295894109173,1.113190384763269,0.4101228534480558,0.9423916172167053,0.4318010318432368,0.3884293036455719,1.4094457138854728,0.3671746449828627,0.4808848697077871,0.6714907833780628,0.3043161383952001,2.0,0.06666666666666667,0.15495048179270393,3.5999999999999996,30.0,29.43202416918429,True,4,29.4,2026-10-08
Alex Vlasic,CHI,CAR,1.0,D,20.263587949538238,0.25947997421829805,2.1414277731326226,1.1155847762838744,0.05120991249430392,0.25772696285664953,0.30893687535095343,1.5033064597127472,0.723948346603721,0.33181237795197643,0.33081808384749317,1.1065072406122642,0.04992078389886734,0.22719379189710032,0.2657728836075083,0.21585209970864094,1.0,0.043478260869565216,0.04893581795223426,2.6666666666666665,23.0,21.157099697885197,False,5,29.4,2026-10-08
Mattias Ekholm,EDM,SJS,0.0,D,20.2538825226457,0.45973584583340993,1.8191534868592607,1.3972661961245263,0.07387984711742528,0.3436442579068698,0.4175241050242951,1.3351468610069266,0.8424437295682633,0.4105883201617679,0.24514765188592538,0.9361254435680082,0.07121671687397935,0.2908188312260829,0.34132438573501267,0.2701076688610333,1.0,0.05263157894736842,0.062479821377099974,2.8073394495412844,19.0,30.48036253776435,False,4,29.4,2026-10-07
Viking Gustafsson-Nyberg,MIN,FLA,0.0,D,20.227791043009237,0.5462436613532556,2.2951324398498967,1.2329099863078095,0.07286288365147556,0.266661551663927,0.33952443531540255,1.5463108690989167,1.1902940932207546,0.5409082224902119,0.34358489190460423,0.7674087845172793,0.07027169776374653,0.23406774389978258,0.2878911039079616,0.21761940614421504,0.0,0.0,0.05019122340123156,3.6190476190476186,20.0,27.37920489296636,False,0,2.0,2026-04-14
Brandt Clarke,LAK,VGK,0.0,D,20.223738068902996,2.252185039076439,0.4189326814061553,1.658537034816902,0.08012452692942096,0.32589424692731245,0.4060187738567334,2.397415660030488,0.6025193059141721,0.7302899287368179,0.3145783384414549,0.9553828285428998,0.07699859930041275,0.2781184754154584,0.33370234166931456,0.2567037423689018,0.0,0.0,0.06428517012172512,1.7371794871794872,20.0,28.78181818181818,False,3,29.3,2026-10-06
Sam Reinhart,FLA,MIN,1.0,C,20.197731385257157,4.004484854240424,1.3442203980414014,2.5223004216297853,0.34631957915538614,0.4785125766786523,0.8248321558340385,0.5714715569863157,1.1148742113923298,0.332220649142238,0.3119185126385567,0.8218160684909591,0.29271358301098027,0.3802955304996206,0.5616914461749954,0.2689778631640152,3.0,0.1111111111111111,0.08586411280910658,2.4615384615384617,27.0,31.244712990936556,False,4,29.4,2026-10-06
MacKenzie Weegar,UTA,BUF,0.0,D,20.188038633661478,0.85605232615629,1.5911223623319497,1.6189555422593533,0.07340769631028017,0.26770463815400725,0.3411123344642874,1.9356480783783343,1.8573189034950335,0.8508000882732889,0.3555260751886573,1.0615713705848604,0.07077808755574366,0.2348662609548604,0.2890209637288509,0.21824287617310723,2.0,0.05405405405405406,0.07317757194938569,4.282122905027933,37.0,24.97590361445783,False,5,29.4,2026-10-08
Justin Faulk,DET,MTL,0.0,D,20.16085422136912,1.4221049494003808,1.3055571958488557,1.7595322561055022,0.10323320001585831,0.2934773070817198,0.39671050709757816,1.3631214332922292,1.0315099613575136,0.528538240907859,0.3262610684374172,0.7478084936519142,0.09808337801506617,0.2543338559870252,0.3274713102632866,0.2293879322482204,2.0,0.05,0.07971936534279266,5.0,40.0,25.909365558912388,False,4,29.4,2026-10-09
Macklin Celebrini,SJS,EDM,1.0,C,20.129399012253973,2.7478727778015424,0.39346162796819895,3.019508619065558,0.3781884794485887,0.5504538097863098,0.9286422892348984,0.6915939821687599,0.9234579863529628,0.4773737967366524,0.47055306215608206,1.4999976025547133,0.3148986390305797,0.423311955689179,0.6049102359878632,0.2900115969572835,2.0,0.08,0.1353875012608449,4.888888888888888,25.0,20.155963302752294,False,2,29.2,2026-10-03
Kris Letang,PIT,DAL,1.0,D,20.12093573442019,1.4214131295938282,0.5561305345835973,1.4422016203364654,0.07203317216913492,0.3242394401834757,0.39627261235261063,1.1805684473891886,1.3058543935764422,0.4781960036677773,0.38192665556685873,1.2379996169035952,0.06949997140508635,0.2769229120599992,0.3271767489955023,0.25767677759041596,2.0,0.09090909090909091,0.07145406122191043,1.5365853658536586,22.0,28.150602409638555,False,5,29.4,2026-10-09
Morgan Rielly,TOR,COL,0.0,D,20.112995179562596,1.3926872500216352,0.8628455431034322,1.4131683548293958,0.07975279686830691,0.2530353907655169,0.3327881876338238,1.7271478285036108,0.7285979548698006,0.5007638670111118,0.26606769682209486,0.8853689406673588,0.07665542815375836,0.22355959748273946,0.2830779689735766,0.20642254081981826,1.0,0.041666666666666664,0.06782546489901115,2.8,24.0,28.015060240963855,False,5,29.4,2026-10-08
Jalen Chatfield,CAR,CHI,0.0,D,20.07207140000318,0.22433843694215186,2.322571843273734,1.4410147483586848,0.06712365749278466,0.2569094675496857,0.32403312504247034,0.9609378792449461,0.8183404178705733,0.4247903611254691,0.34182671406125065,0.9002495380608325,0.06492043540726278,0.2265617681457568,0.27677371491835767,0.2118532795110949,1.0,0.029411764705882353,0.04221680253235002,3.8095238095238093,34.0,31.39457831325301,False,5,29.4,2026-10-08
Connor Murphy,EDM,SJS,0.0,D,20.061893327332616,0.20068866856019935,1.9589938728951934,1.116727078248009,0.06020581078786773,0.23112964018127943,0.29133545096914715,2.0093567694752474,1.143992991379899,0.8765211701636437,0.23638629287843393,0.8112951476987972,0.05842927177209356,0.2063634278232893,0.2527350347872751,0.19430576301518154,0.0,0.0,0.048830724474757184,2.8073394495412844,19.0,30.48036253776435,False,4,29.4,2026-10-07
Wyatt Kaiser,CHI,CAR,1.0,D,20.055878598957673,0.2863692331554459,1.4805292564765329,1.031311682009542,0.06275177686893217,0.23397429092662825,0.29672606779556043,1.3692112304692248,0.9598902803112284,0.45189456936579153,0.38065801938864363,1.1409112264183043,0.06082342989316747,0.2086178386638976,0.25675241607262733,0.19592898617945986,0.0,0.0,0.043996144339399613,2.6666666666666665,23.0,21.157099697885197,False,5,29.3,2026-10-08
Auston Matthews,TOR,COL,0.0,C,20.040305535675202,2.7192557270775906,0.7274872514050856,2.9453537334011255,0.3163678771567497,0.40657059922522526,0.722938476381975,1.0453570698696133,1.00536907381626,0.36066086097396155,0.458315658469914,0.7035838539833414,0.27120870482293347,0.3340699201912438,0.5146759546388093,0.24346724981587586,2.0,0.08333333333333333,0.14552913929289807,2.8,24.0,28.015060240963855,True,5,29.4,2026-10-08
Marek Alscher,FLA,MIN,1.0,D,20.028466977183566,0.41137691471714294,1.6542206742411398,1.5777753507227887,0.07052962873898307,0.2923832431474519,0.36291287188643495,1.4291144587197866,1.1328271557623704,0.4440346388956712,0.3311693355276329,0.8675412049728156,0.06809987190889721,0.25351760311686233,0.30435295872685053,0.23625308681795332,2.0,0.07407407407407407,0.06185407257265781,3.8135593220338984,27.0,31.30886850152905,False,0,3.8,2026-04-15
Simon Nemec,CGY,ANA,1.0,D,20.01533654282153,0.983700559052592,0.5774691344288051,1.5900361980502635,0.11304874722722229,0.2912704159240924,0.4043191631513147,1.603323732107572,0.6819485057212815,0.4237528864325033,0.3705119402188084,1.2125569565746972,0.10689287744098064,0.2526864347962605,0.33256893213156613,0.2256760546905855,1.0,0.034482758620689655,0.046549687979921484,3.0989272943980932,29.0,29.50453172205438,False,4,29.2,2026-10-08
Ryan Shea,EDM,SJS,0.0,D,19.984505364065242,0.6966039107780843,1.9696993192006576,1.1323728067780539,0.07974470306785301,0.3242956912304133,0.4040403942982663,1.1986730696940373,0.7518340763072298,0.32498880543823705,0.28117820678460087,0.6809704257455274,0.07664795475679964,0.27696358475926075,0.3323828472021515,0.25573489244535186,2.0,0.10526315789473684,0.026400858314702427,2.1367521367521367,19.0,30.48036253776435,False,4,29.2,2026-10-07
Brett Pesce,NJD,VAN,1.0,D,19.982186393698232,0.24646953636817764,2.111382105087773,1.3658068181949927,0.0702746841934134,0.2828749923192472,0.3531496765126606,1.4968018071580258,0.6377210116402061,0.35154416600648836,0.36797680686681694,0.7935057359979597,0.06786225876642438,0.2463860104913589,0.29752795805739174,0.22966569929096736,1.0,0.030303030303030304,0.05112637693251408,6.0,33.0,29.28787878787879,False,3,29.4,2026-10-06
Tom Willander,VAN,NJD,0.0,D,19.942129843274113,1.161608190557397,0.9347507413571733,1.0634573130830929,0.06679043384343282,0.25970323714786725,0.32649367099130006,1.5054961413621963,0.8844185638393495,0.41670263555555637,0.24959295032797954,0.8246308720971319,0.06460879286186538,0.22871956077277134,0.27855105890921195,0.21394226604734656,0.0,0.0,0.0333974346336996,4.5,20.0,26.05421686746988,False,5,27.2,2026-10-08
Denton Mateychuk,CBJ,STL,0.0,D,19.929691022804473,0.7545956279779406,1.0121617221909833,1.413814575936193,0.08465944258533632,0.26814590914049263,0.35280535172582894,1.3287817349635613,0.6150436037231919,0.4012572528345511,0.26544988025457505,0.9418544583384434,0.08117485615935294,0.23520381779218547,0.297286037874127,0.21611118171477406,4.0,0.08888888888888889,0.039480216569286554,4.235831809872029,45.0,26.581818181818182,False,3,28.9,2026-10-09
Nick Suzuki,MTL,DET,1.0,C,19.884654222157373,3.1273048807842385,0.595757798598899,2.2252014802403037,0.3503561762963741,0.6063696287206166,0.9567258050169907,0.6482561504021802,1.125132655106945,0.3698364608988946,0.4006130410857285,0.8830010516496086,0.29556285878157484,0.45467298062654427,0.615851393443398,0.32028853466182317,1.0,0.029411764705882353,0.08639175218035373,3.045045045045045,34.0,24.709969788519636,True,4,29.4,2026-10-08
Jack Eichel,VGK,LAK,1.0,C,19.84835654755022,3.5244590971602077,0.9565455662593721,2.842876917031522,0.33508581709357055,0.5986881839518925,0.933774001045463,0.5920958446052658,0.7556344802900422,0.3728465727721709,0.403858530008831,1.0649736665673837,0.2847232992489266,0.45046795157343855,0.6069325294444701,0.3222092301955435,6.0,0.13953488372093023,0.12329902741188255,2.5806451612903225,43.0,27.96385542168675,False,5,29.4,2026-10-08
Nikita Zadorov,BOS,PHI,1.0,D,19.83671313434072,0.27410668775561847,1.8684972105118067,1.3511481842374555,0.06354709470087229,0.25898093737543515,0.3225280320763074,1.0888725193511946,2.106134176410881,0.7848369503896269,0.306381931836624,1.0174798225992137,0.061570076816551245,0.22816226384354288,0.2756843725486089,0.21411429573205765,1.0,0.045454545454545456,0.049141096487669934,2.9403973509933774,22.0,26.575301204819276,False,5,29.4,2026-10-08
Dmitry Orlov,SJS,EDM,1.0,D,19.810327154562778,1.5031313897774055,0.6598038765253533,1.2850378967311622,0.07502668513027394,0.3155161704172948,0.39054285554756873,1.1713410486154,1.3009176926185675,0.4803381892648344,0.3024777703441006,1.2083139382649521,0.07228127029692222,0.2705877239559188,0.32331056983855433,0.2510292995416321,0.0,0.0,0.05204020439620968,6.0,27.0,20.148936170212767,False,4,29.4,2026-10-08
Nikita Kucherov,TBL,NYI,0.0,R,19.720983509891877,3.633426475653749,0.1329385240208916,2.6340931201693687,0.35585281191662593,0.5833212396997457,0.9391740516163716,0.44001357791786416,0.8323741609115345,0.49849350914089774,0.3098545735390024,1.1526201464267685,0.29942427095431123,0.4419581055165628,0.6090493929342287,0.30962512197991743,1.0,0.02857142857142857,0.11756685020384929,3.9536741214057507,35.0,28.41389728096677,True,4,29.4,2026-10-08
Brandon Hagel,TBL,NYI,0.0,L,19.71540276335495,2.8550373197179852,1.382664739407638,2.923616287799056,0.37550576804564745,0.4658987265760392,0.8414044946216866,0.521198371429314,0.8485410735147003,0.6618979277564805,0.4324762006228206,0.8067197355226743,0.31305824227442325,0.37242916292338135,0.568895386081276,0.25583714380685274,3.0,0.08571428571428572,0.08974615530431171,3.9536741214057507,35.0,28.41389728096677,False,4,29.4,2026-10-08
John Marino,UTA,BUF,0.0,D,19.681798706377005,0.8211382677545207,0.9173040252040896,0.9122925459021501,0.0581173082092261,0.29477406462337213,0.35289137283259825,1.01480533422311,0.6691435339326575,0.3969769971588596,0.31507441824657684,0.9213367804202272,0.05646074395604017,0.2553001775050585,0.29734648350705395,0.24088573955101378,1.0,0.02702702702702703,0.02854945587154035,4.282122905027933,37.0,24.97590361445783,False,5,29.4,2026-10-08
Jake Guentzel,TBL,NYI,0.0,C,19.679665583265127,3.583332632068379,1.4698924066790529,2.411805707861429,0.32920028170409665,0.4586097418596446,0.7878100235637413,0.5329105129258813,0.8294671260588469,0.5310529440585802,0.30160547335822446,0.7574484226600162,0.28050110015018936,0.3678380969051136,0.5451602061962666,0.26465910604607723,1.0,0.02857142857142857,0.10435652316854811,3.9536741214057507,35.0,28.41389728096677,True,4,29.4,2026-10-08
Connor Bedard,CHI,CAR,1.0,C,19.641533331466608,3.1482425744514937,0.19719586084533372,2.590617662035008,0.31643043241817903,0.4821341550438764,0.7985645874620555,0.5708320517326246,0.909715636013493,0.5518474520648451,0.3912869086093347,1.0060682223148674,0.27125429312702165,0.3825357797315603,0.5500256003317034,0.2787713072046818,0.0,0.0,0.12748150058220528,2.7115716753022454,24.0,21.171779141104295,True,0,29.3,2026-04-15
Artemi Panarin,LAK,VGK,0.0,L,19.637442894455344,3.006344830367672,0.11834399358565216,2.351460730137574,0.30802066659528377,0.4432719008189924,0.7512925674142762,0.36105504667883515,0.6849868298932504,0.41683317669084213,0.3488951183042796,0.9555802171630237,0.2650998700314333,0.35806735865433326,0.5282436184440042,0.26314374841257093,4.0,0.2,0.10816193161001823,1.7371794871794872,20.0,28.78181818181818,False,3,29.4,2026-10-06
J.J. Moser,TBL,NYI,0.0,D,19.547913399913277,0.24815269578782612,1.7544438701484517,1.2756856957895752,0.07032244541261114,0.2481224368777764,0.31844488229038753,1.1397152619855668,0.8610342424263336,0.6087699375443248,0.2568039408103647,0.7949651753883433,0.06790677773825726,0.21973559570809553,0.2727208371874196,0.2048140594491623,0.0,0.0,0.04541514182808896,3.9536741214057507,35.0,28.41389728096677,False,4,29.4,2026-10-08
Ben Chiarot,DET,MTL,0.0,D,19.546523834902573,0.275995332686875,1.5510509578363738,1.2789503888678104,0.05599789982945907,0.22382188435389236,0.2798197841833514,1.4595872698313883,1.652675405312957,0.7807970516531598,0.28313255104066626,0.7068816654589999,0.05445887831408003,0.2005424824190707,0.24408004208628686,0.18962116377220684,0.0,0.0,0.05206054522132277,5.0,40.0,25.909365558912388,False,4,29.4,2026-10-09
Kaiden Guhle,MTL,DET,1.0,D,19.543382743481516,0.2085082681940154,1.593037989388905,1.2609936433513995,0.06857841747622823,0.2731647862695583,0.34174320374578654,1.5918294048742583,1.8596477395626367,0.6491366831626294,0.39332181618737366,0.8417730850271158,0.0662797627519236,0.23903261967934175,0.28946935710894783,0.22318959435702423,3.0,0.10344827586206896,0.04860098379267352,3.00921187308086,29.0,24.712538226299696,False,0,29.3,2026-04-14
Brett Kulak,COL,TOR,1.0,D,19.540693049526435,0.2345932010016103,1.5158108484759691,1.4016403224309728,0.061531099213036886,0.27539816381844906,0.33692926303148596,1.268730700593848,0.6359676103351534,0.4044608016736614,0.271965419503736,0.8621914532191358,0.05967629804242913,0.2407302507108271,0.2860406585640082,0.22636436052157904,0.0,0.0,0.04349062297858978,3.5999999999999996,30.0,29.43202416918429,False,4,29.4,2026-10-08
Brayden McNabb,VGK,LAK,1.0,D,19.53402350362772,0.2303428826081795,2.0583199223933284,1.4341011878279577,0.0747898230469648,0.27117295248970086,0.34596277553666566,1.7523943184022095,1.3925329798493489,0.3903317005924636,0.2776586313168607,0.9012935883994158,0.07206150287962321,0.23751538861142507,0.2924611756306712,0.220399672751048,1.0,0.023255813953488372,0.04108744115507118,2.5806451612903225,43.0,27.96385542168675,False,5,29.4,2026-10-08
Tyler Kleven,OTT,NSH,1.0,D,19.486067790541863,0.315292242912786,2.198807119529268,1.4298364131982828,0.0663653566348067,0.2700222184164846,0.3363875750512913,1.3947823412974276,1.680637846887451,0.5792609513317337,0.42815820388144393,1.1135466288974876,0.0642110948583714,0.236637466558265,0.28565381060441897,0.22144271574604757,0.0,0.0,0.03975789215098964,2.22,26.0,28.51057401812689,False,4,29.3,2026-10-08
Nico Hischier,NJD,VAN,1.0,C,19.48460504774867,2.7568326958581166,1.8278903849322934,2.3499325479204063,0.36736015361774577,0.5353076539018256,0.9026678075195713,0.6031625144340952,0.8980214649498921,0.3531982037505824,0.3496779944926803,0.7817480263669896,0.30743982792868674,0.4145108655832713,0.5945135443224661,0.2870737163937793,0.0,0.0,0.09146419093558979,6.0,33.0,29.28787878787879,True,3,29.4,2026-10-06
Pavel Mintyukov,ANA,CGY,0.0,D,19.47972585607972,0.5782093831501107,2.4095018467245723,1.2639015114330343,0.07962074480053936,0.24239284824754045,0.3220135930480798,1.5784408804966157,0.7981325257618551,0.4257485603730848,0.29226143699001933,0.8380894071490105,0.07653349054290459,0.21525216982091444,0.2753116604604904,0.1987781699175858,0.0,0.0,0.04169026616722225,9.0,17.0,26.154078549848943,False,4,29.3,2026-10-09
William Nylander,TOR,COL,0.0,R,19.474874744327447,2.6320077199659413,0.24281741622132186,2.4475128004367352,0.2996253075957648,0.40188232413685976,0.7015076317326245,0.5418273626326229,0.7758458623112268,0.3684781894708176,0.41729475838018937,0.8259652526731275,0.25890414834821396,0.33094052679090646,0.5041627998964116,0.2452586515481976,5.0,0.20833333333333334,0.11543312858211535,2.8,24.0,28.015060240963855,False,5,29.4,2026-10-08
Mathew Barzal,NYI,TBL,1.0,C,19.469292366463844,2.927674452759642,0.19910638561844993,2.271947426443784,0.288413411010194,0.5014099555871693,0.7898233665973633,0.6377163157694471,0.789899352464255,0.4838932346860749,0.5004243254748306,0.9455191397904509,0.25054830339666334,0.3943239189792438,0.5460750334869343,0.295526730090271,3.0,0.10344827586206896,0.09776683919971084,2.0766283524904217,29.0,25.581039755351682,False,0,29.4,2026-04-14
Yan Kuznetsov,CGY,ANA,1.0,D,19.45097673028933,0.21907283670853103,1.6791360894294733,1.3657523216588556,0.06755303734885768,0.2456862014726925,0.31323923882155014,1.623444648851868,1.2807056617592039,0.38782421220308855,0.2687412917035475,1.0566377757308454,0.06532185354952491,0.21783237053009352,0.26892500987350587,0.20360315632398096,2.0,0.06896551724137931,0.042464410259248825,3.0989272943980932,29.0,29.50453172205438,False,3,25.8,2026-10-08
Bo Horvat,NYI,TBL,1.0,C,19.448736947500702,2.973352882754321,1.7116391079092756,2.7451817576529454,0.3224094586439138,0.4047240424540275,0.7271335010979413,0.5760313629259449,1.1326049838816346,0.4638836425016016,0.42044975593552986,0.8509654804798625,0.2755984828665091,0.3328391064592461,0.5167076365469425,0.2411091536804334,4.0,0.21052631578947367,0.11447301111878372,1.6951871657754012,19.0,25.595166163141993,False,4,29.4,2026-10-08
Nate Schmidt,UTA,BUF,0.0,D,19.42911519259536,0.24780751305391396,1.9481067946265411,1.207082186721373,0.06334832125746674,0.2280521034407859,0.29140042469825267,1.1426592838252416,1.0743646585870001,0.4109548645368154,0.21557301118386507,0.7748110009598734,0.06138352332899988,0.20391721989714906,0.2527835858014076,0.1914000624724077,2.0,0.05405405405405406,0.03940134859403434,4.282122905027933,37.0,24.97590361445783,False,5,29.4,2026-10-08
Jared Spurgeon,MIN,FLA,0.0,D,19.406125473806522,0.8885316453610604,1.793885277935695,1.2376480428379852,0.06925702663152852,0.27418608204868583,0.3434431086802143,1.6449330749358273,0.9439137228953063,0.41717182836387795,0.23613089144004243,0.6978894792518279,0.06691317890810011,0.2398093957263503,0.2906761656343697,0.2237629867262696,3.0,0.08333333333333333,0.054955204914974604,3.8218623481781373,36.0,27.350453172205437,False,4,29.4,2026-10-08
Domenick Fensore,CAR,CHI,0.0,D,19.40348342610893,0.5593707879962101,1.6232640329722126,1.6536058125920505,0.07120376364023366,0.25339711362713424,0.3246008772673679,1.4009944831637409,1.2416234034306903,0.49172758828018587,0.2787432730352638,0.7161475672053743,0.06872788660262763,0.2238404029370753,0.2771842117095572,0.20845632510692957,2.0,0.08333333333333333,0.0675021687369645,2.6229508196721314,24.0,31.244094488188978,False,0,2.9,2025-10-28
Alexander Romanov,NYI,TBL,1.0,D,19.393721751478925,0.29144403777844524,2.077839875971651,1.3956536402883164,0.05644999153256548,0.21546776843106946,0.27191775996363493,1.8334900106680059,1.7749816950567405,0.388753442828275,0.3645199101623427,1.043508948525842,0.05488625299658689,0.19383574622191468,0.2380830814115834,0.18319682841499652,1.0,0.05263157894736842,0.05665007011082708,1.5625,19.0,25.615151515151513,False,3,29.3,2026-10-06
Ryan Pulock,NYI,TBL,1.0,D,19.369514526819156,0.2589435264495368,2.6151984335155998,1.1736184354026005,0.054256644880723244,0.22578789336107774,0.280044538241801,1.643422335837779,0.9052352390359958,0.4013616842037085,0.3422169146115922,0.8206292740963315,0.052811015898774016,0.20211267908334507,0.24424991907370475,0.19143890317493073,0.0,0.0,0.05450437239097227,1.6951871657754012,19.0,25.595166163141993,False,4,29.4,2026-10-08
Quinton Byfield,LAK,VGK,0.0,R,19.345590728831333,1.9100875969906623,1.0896047920954783,2.1348878138204372,0.2963624601802325,0.33398609890064257,0.6303485590808751,0.5994862656153248,1.1514613213240688,0.5611171722036717,0.5026384584468926,0.7299983973050173,0.2564821164525152,0.28393626376883385,0.46759380635229897,0.2111116898997838,0.0,0.0,0.06854668917484852,1.7371794871794872,20.0,28.78181818181818,False,3,29.4,2026-10-06
Leon Draisaitl,EDM,SJS,0.0,C,19.321440873868497,3.324235837880201,0.2347431312825673,2.7069342662779197,0.37814326890541305,0.6313204396909737,1.0094637085963867,0.40208176579925575,0.7846049576175798,0.4140385462258494,0.3494194491360499,1.0700737066963133,0.314867664525738,0.4681109902473929,0.6355856405351037,0.3207179760093657,2.0,0.10526315789473684,0.09823311111701313,2.8073394495412844,19.0,30.48036253776435,False,4,29.4,2026-10-07
Parker Wotherspoon,VGK,LAK,1.0,D,19.301497033034344,0.2550610919837829,1.6146537118999718,1.0195460412524775,0.05023168832053244,0.2767881686612301,0.32701985698176256,1.3414663663417277,1.4861188458476176,0.47468490479452513,0.2978804704082499,1.1926720040321932,0.04899093871831184,0.24178490618140092,0.27893057537796695,0.2299396366596551,2.0,0.046511627906976744,0.03187952644445793,2.5806451612903225,43.0,27.96385542168675,False,5,29.3,2026-10-08
Jonas Brodin,MIN,FLA,0.0,D,19.299506528186207,0.26631240225148783,1.8833088051972295,1.2675908942226521,0.056359903104074856,0.230861070146283,0.28722097325035784,1.8310527136308703,0.543460326627028,0.504997337220918,0.3101050677092047,0.6983485595248774,0.05480110534902316,0.206150252196314,0.24965409585699927,0.1948529905079761,2.0,0.05555555555555555,0.05421935149822477,3.8218623481781373,36.0,27.350453172205437,False,4,29.3,2026-10-08
Mitch Marner,VGK,LAK,1.0,R,19.29700498623783,3.4564956434813574,1.1728760052640663,2.3412579072415594,0.2931775128805487,0.4761252283371697,0.7693027412177185,0.5227558133590638,0.7926992268787822,0.3721020229251668,0.485329557670123,1.0572927258485048,0.2541102760887366,0.3788143126741984,0.5366639791829295,0.2825537030941929,5.0,0.11627906976744186,0.0777109392833388,2.5806451612903225,43.0,27.96385542168675,False,5,29.4,2026-10-08
David Pastrnak,BOS,PHI,1.0,R,19.278835529440798,2.6146495660092683,0.14733369091685503,2.871081224256177,0.32063891034617736,0.5301886686611664,0.8508275790073438,0.453457006610254,1.333892995548781,0.579693696166233,0.39831684887626406,1.295571777677516,0.2743147588811681,0.4115060711579376,0.5729386413512793,0.2986238824701112,4.0,0.18181818181818182,0.15765818948159857,2.9403973509933774,22.0,26.575301204819276,False,5,29.4,2026-10-08
Sam Malinski,COL,TOR,1.0,D,19.21271301868301,0.5852163241075581,0.9551406357484783,2.2241566905367023,0.10340314440686676,0.32643160238834357,0.42983474679521033,1.2575473765281175,0.8068892942366015,0.33076813257497445,0.35660209773407314,0.9325006944528503,0.09823664066269733,0.27850627819161,0.3493833976812929,0.25114675701859557,1.0,0.029411764705882353,0.05613559244119337,2.3362831858407076,34.0,29.418181818181818,False,3,29.3,2026-10-07
Jonas Siegenthaler,NJD,VAN,1.0,D,19.19759357836039,0.21787545633481867,1.764740699549471,0.9991000207597122,0.06417700432988949,0.31253369376467355,0.37671069809456303,1.4311860476963958,0.9675560512866797,0.4080003333238773,0.25909237899975535,0.8393757025859153,0.06216101672241414,0.2684090215229056,0.31388546056998756,0.2517244438475734,0.0,0.0,0.032228623103018474,6.0,33.0,29.28787878787879,False,3,29.4,2026-10-06
Tony DeAngelo,NYI,TBL,1.0,D,19.150719057991203,1.3731817700132303,0.33066292762538163,1.779503355257943,0.08329557248102867,0.29391155165300714,0.3772071241340358,1.236483531462369,0.7351601056407694,0.4768761587595991,0.3488092773762474,1.0268476098307442,0.07992084305347658,0.2546575871677146,0.3142259811647832,0.2343051381113066,0.0,0.0,0.07438750240293554,1.6951871657754012,19.0,25.595166163141993,False,4,29.3,2026-10-08
Anze Kopitar,LAK,VGK,0.0,C,19.112107214175133,2.2044224919847015,0.518370868668062,1.594479109465863,0.2398076888036866,0.3758602394789529,0.6156679282826395,0.8614278507802471,0.8014642354883452,0.3199742350859301,0.40607823676026233,0.6948271158250441,0.21322084704133537,0.31330170035186566,0.45972009346468556,0.2464992464233502,3.0,0.10714285714285714,0.05571313340455107,2.739972337482711,28.0,28.75840978593272,False,0,29.4,2026-04-16
John Klingberg,SJS,EDM,1.0,D,19.104584250071177,1.6402536955540155,0.32153939560758393,1.355836025455291,0.09304237472140497,0.3519161366179041,0.4449585113393091,1.1691634467520489,0.9217838952664199,0.4345706370734618,0.3020594031814801,1.1147677759889691,0.08884511045651478,0.2966608961008921,0.35914913647519453,0.27030402601867975,0.0,0.0,0.05876928570179084,3.8709677419354835,33.0,20.08,False,0,29.2,2026-04-16
Matt Boldy,MIN,FLA,0.0,L,19.104454845663437,2.645750211101136,1.3472437125234886,2.8404998799838403,0.3449441183360916,0.4315995234292715,0.7765436417653631,0.8442549871652791,1.1142539413844383,0.5070819916817577,0.41075164259484276,0.8231504958632928,0.2917400688946127,0.350530578102461,0.5400068319917932,0.24826676309718054,3.0,0.08333333333333333,0.1172955294365256,3.8218623481781373,36.0,27.350453172205437,False,4,29.4,2026-10-08
Samuel Girard,PIT,DAL,1.0,D,19.10050770400728,0.3162406469131773,1.107350011717143,1.027835405741183,0.06328061002363729,0.28092304283351377,0.34420365285715104,1.0608177498533242,0.8066759482575947,0.43335801787855377,0.2795020598068755,0.9597601690153351,0.06131996629753367,0.24491355744262733,0.2912154326519699,0.22989546635443625,0.0,0.0,0.04261468826730457,1.5365853658536586,22.0,28.150602409638555,False,5,29.4,2026-10-09
Zayne Parekh,CGY,ANA,1.0,D,19.099905084271658,2.017227596226653,0.32994044544047385,1.736359475787356,0.11917398672141667,0.3233376645968002,0.44251165131821685,1.3503357179938176,0.783800506553077,0.4651798477312391,0.29943949241288187,1.5095094479544353,0.11234665256974863,0.2762705647035578,0.35757914412530756,0.24523249155555893,1.0,0.034482758620689655,0.05344511427344772,3.0989272943980932,29.0,29.50453172205438,False,4,22.5,2026-10-08
Nicolas Hague,NSH,OTT,0.0,D,19.078484916452435,0.2011983691129276,1.5800136622535645,1.0077246183434896,0.05358172676325148,0.20895330386818484,0.2625350306314363,1.1219932370222063,1.2175003711886465,0.624345013956137,0.2853492228082539,0.7135149915149599,0.0521715251150513,0.18856687445306164,0.23090057814171827,0.17872905302666697,0.0,0.0,0.043570581546945,2.4,20.0,28.25531914893617,False,4,29.4,2026-10-08
Tim Sttzle,OTT,NSH,1.0,C,19.073926297259007,3.0558171534278427,1.8127178563064255,2.2244287719159903,0.3273416653935645,0.5068546440380032,0.8341963094315676,0.5047048975633968,1.5047874983312521,0.4345209574979878,0.3911533357307277,0.850676297424732,0.27916258425109775,0.3976126752912754,0.5657766775770681,0.2866140933259703,0.0,0.0,0.08567154985896694,2.22,26.0,28.51057401812689,True,4,29.4,2026-10-08
Mikael Granlund,ANA,CGY,0.0,C,19.053683512694676,2.859621147724898,1.8870862699238562,1.979667187801404,0.3028377345076282,0.43816628029478805,0.7410040148024162,0.7519650553930154,0.7691531359809408,0.3560113389293386,0.39651581312595335,0.7800518389327791,0.26128104475926317,0.35478151318325746,0.5233648735167268,0.2620838287574636,2.0,0.11764705882352941,0.07525154945280478,9.0,17.0,26.154078549848943,False,4,29.4,2026-10-09
Chris Tanev,TOR,COL,0.0,D,19.047537931719962,0.21232169929911432,2.3356271801307216,0.7968511759427997,0.0389075044236759,0.1899380950011591,0.228845599424835,1.9390289675731969,0.6387285845019783,0.34065090960225575,0.2774098856585381,0.8421069601492838,0.03816032905328759,0.1729896715678284,0.20454865783126752,0.16638832877797993,0.0,0.0,0.028044402917073757,2.8,24.0,28.015060240963855,False,5,29.3,2026-10-08
Alexander Nikishin,CAR,CHI,0.0,D,19.01601883448657,1.4723881887389227,1.0113991256303618,1.4806988151092866,0.0903931505961545,0.31176671495046787,0.40215986554662236,1.220447670449533,1.416193605369208,0.44235822699576566,0.32011499352189066,0.8301401761582828,0.08642805669638132,0.2678476915051511,0.33112619273413024,0.24469813603774893,0.0,0.0,0.047847401466007834,2.5,21.0,31.43730886850153,False,0,27.6,2026-04-14
Jason Robertson,DAL,PIT,0.0,L,18.974816549562913,3.4945140877029446,0.12024270025418687,2.8490654221352947,0.36915254348261084,0.4491737378453988,0.8183262813280097,0.44449033341622923,0.9220655432536053,0.4741672251426104,0.32390766948851213,0.9514446447318963,0.3086800539456096,0.3618447826505875,0.5588305695676763,0.2501505156220667,4.0,0.2222222222222222,0.12000849024820144,2.6106870229007635,18.0,26.40785498489426,False,4,29.4,2026-10-08
Nick Perbix,NSH,OTT,0.0,D,18.970325247467905,0.2166952672987412,2.423254203467302,0.9917447500012437,0.05447334935500205,0.2023091810465246,0.25678253040152665,1.3964393758833225,0.6816878649227956,0.40139830390306436,0.30969398539994514,0.9889829666315036,0.05301625375083274,0.1831576632724743,0.22646358387084398,0.17344733012001123,1.0,0.05,0.037339128042137765,2.4,20.0,28.25531914893617,False,4,29.4,2026-10-08
Wyatt Johnston,DAL,PIT,0.0,C,18.961347249011908,3.1823490584293888,0.42195134430797226,2.1519967203183703,0.3453328845742502,0.4373778382501211,0.7827107228243713,0.6340494077799256,1.0408183930635624,0.4374997952596205,0.3110809834575456,0.7459413452910728,0.2920153629276868,0.35427259520045096,0.5428349176653446,0.2508195547376578,1.0,0.05555555555555555,0.09027190716410936,2.6106870229007635,18.0,26.40785498489426,False,4,29.4,2026-10-08
Alexander Wennberg,SJS,EDM,1.0,C,18.951219322950276,2.7814318958245687,1.6970441532664202,1.4246428940089755,0.25447669631994363,0.4247233000001823,0.679199996320126,0.8119349299634294,0.7126990365890628,0.31248828495700137,0.47791511224122046,0.6342809202614679,0.22467787926111005,0.34604929174116594,0.4929775500140616,0.2682996707529516,1.0,0.037037037037037035,0.04473037874883275,6.0,27.0,20.148936170212767,False,4,29.4,2026-10-08
Mikko Rantanen,DAL,PIT,0.0,R,18.936832814637054,3.5531766688536224,0.12213341577472751,2.0018542760267444,0.30446351910386893,0.49810325439549863,0.8025667734993676,0.496995185603893,1.0152133321414107,0.6263727443370736,0.3806712941402035,0.9052245732844769,0.26248106690456274,0.39231781419376477,0.5518228826630822,0.28934181575851947,2.0,0.1111111111111111,0.11056367790283182,2.6106870229007635,18.0,26.40785498489426,False,4,29.4,2026-10-08
Sam Rinzel,CHI,CAR,1.0,D,18.924290300894555,1.4009689180291172,0.35800607618150887,1.4695839755715328,0.08143985557490374,0.25836231796429127,0.339802173539195,1.4700545528361173,1.1032552087028435,0.43065310997608497,0.3205581294510855,1.107643687706594,0.07821185139503695,0.2276846423199621,0.2880888563049381,0.20987700490990113,1.0,0.043478260869565216,0.06741918223194344,2.6666666666666665,23.0,21.157099697885197,False,4,26.4,2026-10-08
Oliver Ekman-Larsson,TOR,COL,0.0,D,18.91804387100491,1.2724444051996036,0.8403594962333886,1.1871301378426695,0.0580012614966874,0.22634927320749543,0.2843505347041828,1.2696355147965293,0.9858901869926258,0.64400927662986,0.23963272978521216,1.0088828445641402,0.056351242973733395,0.20256047124251308,0.2474971798843857,0.1911459369106523,0.0,0.0,0.052424607719295205,2.8,24.0,28.015060240963855,False,5,29.4,2026-10-08
Dylan Larkin,DET,MTL,0.0,C,18.914283480163,2.571616999019086,1.3313859748937127,2.558277302070459,0.32371943400293696,0.4259052278547113,0.7496246618576483,0.48539410087046936,0.963141510493427,0.5225770096202659,0.3038851948713587,0.8655076343803095,0.27654680972597034,0.3468217577092989,0.5274561167972092,0.2509093070712388,1.0,0.025,0.11701321848389835,5.0,40.0,25.909365558912388,True,2,29.4,2026-10-09
Adam Fantilli,CBJ,STL,0.0,C,18.89983295460273,2.7623919141058595,0.34077405572380826,2.287768196017549,0.292868417097229,0.4057377390380878,0.6986061561353167,0.6392974609401968,1.6462741587706866,0.4984309185073382,0.3657090304628346,0.8936172341692169,0.25387968908535474,0.33351506251299234,0.5027220512222659,0.24884236213691113,3.0,0.06666666666666667,0.08539832313593394,4.235831809872029,45.0,26.581818181818182,False,3,29.3,2026-10-09
Simon Lundmark,TBL,NYI,0.0,D,18.862139565474948,0.6714705728622204,1.1643185065161337,1.374836497611414,0.06429295455364058,0.24339908045673891,0.3076920350103795,1.4638980063482663,1.1788750670370858,0.4630345181446982,0.2792168450651528,0.7197448588477587,0.06226975305824467,0.21604141121708997,0.26485831894849177,0.2025885658902471,1.0,0.03333333333333333,,2.4186390532544375,30.0,28.308474576271188,False,0,1.0,2026-01-24
Adrian Kempe,LAK,VGK,0.0,R,18.85704671618729,2.605821049252515,0.348948394443771,2.459282705251923,0.3386029220381481,0.37292911807787477,0.7115320401160229,0.44307919121290784,1.369418585837819,0.529308424734531,0.31164965078784085,0.7460528880875656,0.28723458365575616,0.31128595151058647,0.5091084444863134,0.22187386083055727,3.0,0.15,0.10315176331354263,1.7371794871794872,20.0,28.78181818181818,False,3,29.4,2026-10-06
Johnathan Kovacevic,NJD,VAN,1.0,D,18.80693205605896,0.2081258999106551,1.7569216103629135,1.1284035684212748,0.06135172824718032,0.2862461795468286,0.34759790779400895,1.1544942533751779,1.3768073665205596,0.597300618591838,0.312394125061873,0.8779138697650033,0.05950761614392586,0.24892230678042648,0.2936171498428022,0.23410953369887633,1.0,0.047619047619047616,0.03817087685283235,3.5089820359281436,21.0,29.244648318042813,False,0,29.4,2026-04-14
Tristan Luneau,ANA,CGY,0.0,D,18.798577320818964,0.4730197788533914,1.065665123034655,1.3077686488026918,0.07394596876071746,0.2453038671349231,0.3192498358956406,1.426569662189178,0.9758172326252087,0.4398929611237888,0.23091583196553947,0.770154457442241,0.07127812752061313,0.21753326381171456,0.27330602761438116,0.20202790009376803,0.0,0.0,0.04746577400111583,9.0,17.0,26.154078549848943,False,4,13.6,2026-10-09
Oliver Bonk,PHI,BOS,0.0,D,18.791306232141615,0.6714705728622203,1.6684851731828,1.4049871960543765,0.07166206683629193,0.2615580611221779,0.33322012795846984,1.3470851324752753,1.2282723658133394,0.4953784939946312,0.2903474962482103,0.7674083018437761,0.06915459380049249,0.23014882429647565,0.2833875696390845,0.21423297583859202,1.0,0.04,,3.5869565217391304,25.0,27.03669724770642,False,0,1.0,2026-04-14
Tage Thompson,BUF,UTA,1.0,C,18.76873639532164,2.8084969810552867,0.21500871016679973,2.9520117024833814,0.3611899859031126,0.4360981621877492,0.7972881480908618,0.6287196228057943,1.205880858312641,0.41289806380771515,0.37970694021684265,0.8588987857741847,0.30315340513979383,0.35344574435993314,0.5494508685648442,0.24629746342505032,6.0,0.23076923076923078,0.11971582967273317,2.532544378698225,26.0,28.628398791540786,False,4,29.4,2026-10-08
Shayne Gostisbehere,CAR,CHI,0.0,D,18.74424366053268,2.803300403383941,0.3188227386700567,1.9210660655639895,0.12878654167280484,0.40334917045211943,0.5321357121249243,1.1668064506126685,0.7941677092940479,0.414179055972476,0.31913914788889636,0.7875937308531614,0.12083839011567254,0.3319212147787516,0.4126507796553215,0.29181238953964894,2.0,0.058823529411764705,0.06860426652799612,3.8095238095238093,34.0,31.39457831325301,False,5,29.4,2026-10-08
Troy Stecher,TOR,COL,0.0,D,18.735451634566587,0.1921080189371354,2.0747314203357448,1.056300133701049,0.04637105073246832,0.1733529051668466,0.21972395589931493,1.3863184889456412,0.7726745042787472,0.337081798655627,0.2246422356155432,0.8092040240668141,0.045312341092582864,0.15915917459334117,0.1972596408787366,0.15194729978615373,1.0,0.041666666666666664,0.03716296812392916,2.8,24.0,28.015060240963855,False,5,29.4,2026-10-08
Luca Cagnoni,SJS,EDM,1.0,D,18.72170427855436,2.5181049116124727,0.43103758584876384,1.5931975925348898,0.09764069646916905,0.3146675014908521,0.41230819796002116,1.4452650677368946,0.8789988252765669,0.5312374639263837,0.36658303387535124,0.9058796414397451,0.09302527556298057,0.2699684316727857,0.3378798194860997,0.24485454392311912,2.0,0.07407407407407407,0.062335026915974125,6.0,27.0,20.148936170212767,False,4,10.6,2026-10-08
Connor Clifton,BOS,PHI,1.0,D,18.720711834550062,0.2486291187120588,2.0529466630437665,1.03338203333854,0.0547473598121102,0.2225107140434264,0.2772580738555366,1.3904422627505886,2.3805865818402707,0.6763892103163806,0.31512332350708083,0.8454584816352892,0.053275701652674035,0.19949356995637135,0.24214111169442287,0.18886541004174884,0.0,0.0,0.03482200072956353,2.9403973509933774,22.0,26.575301204819276,False,5,29.4,2026-10-08
Brandon Carlo,STL,CBJ,1.0,D,18.69579525274311,0.19216915630599143,2.6577151441966342,1.2105474985654363,0.05788349427700194,0.2134432176071137,0.27132671188411567,1.468940186997672,1.188761497346062,0.5722683038482057,0.2456693190319793,0.9024811372996661,0.05624010553921388,0.19220197244670667,0.23763261877067265,0.18139251323145877,1.0,0.038461538461538464,0.040944315989606725,2.384,26.0,24.90332326283988,False,4,29.4,2026-10-08
Nick Schmaltz,UTA,BUF,0.0,C,18.65677984680645,3.270745139365524,1.336526799942511,2.4515811886259065,0.32220159877418125,0.41627669180279586,0.7384782905769771,0.5657813779934522,0.7418137638289118,0.4358409992715051,0.4712538973442101,0.813482328427307,0.2754478932112928,0.3405022323892313,0.5221595030551682,0.2467116098438754,3.0,0.08108108108108109,0.08798235037191182,4.282122905027933,37.0,24.97590361445783,False,5,29.4,2026-10-08
Kirill Marchenko,TOR,COL,0.0,R,18.644022548638375,2.995527316424462,0.12785369741529604,2.4259611893791937,0.26913450083970547,0.36951115033377835,0.6386456511734838,0.5560849522865983,1.1364767690092723,0.5053188641981092,0.4399224755635648,0.8995350320896824,0.23595951534979331,0.3089279215684433,0.4719929542669278,0.23603343891713446,3.0,0.125,0.09512105545719013,2.8,24.0,28.015060240963855,False,5,29.4,2026-10-08
Alex Laferriere,LAK,VGK,0.0,R,18.643782914109554,1.8225117824837496,1.0696379608502362,2.245025048004028,0.2902714436515808,0.347193161283291,0.6374646049348718,0.5845030795772016,2.5417650266030805,0.40520306412772444,0.33448152124442243,0.7545098649703337,0.25193951625240785,0.2933311859814365,0.47136898513593617,0.21942946888352832,3.0,0.15,0.07985062896922211,1.7371794871794872,20.0,28.78181818181818,False,3,29.4,2026-10-06
Robert Thomas,STL,CBJ,1.0,C,18.63208825010032,2.3003619927799654,1.3001136649928073,1.820390749298437,0.3013468298780109,0.46945093931163023,0.7707977691896412,0.6217052855996037,0.6142891811623752,0.38084582547560525,0.4436335261964207,1.104421479139981,0.26017886382974387,0.37465447331541946,0.5373561619492264,0.27717729811948255,2.0,0.07692307692307693,0.07211349970252967,2.384,26.0,24.90332326283988,False,4,29.4,2026-10-08
Filip Forsberg,NSH,OTT,0.0,L,18.616365721430352,2.9825410438219704,0.12370009737449653,2.416790720596817,0.32580154251844634,0.4232862198640912,0.7490877623825376,0.5305135793779774,1.3443604287659063,0.4617598023142254,0.42290354077345765,0.9717414706427043,0.2780515507133908,0.345108836575478,0.527202340114163,0.24915078940077218,3.0,0.15,0.11941528850073116,2.4,20.0,28.25531914893617,False,4,29.4,2026-10-08
Zach Hyman,EDM,SJS,0.0,L,18.577061031814605,3.072181262680716,0.12732264243039115,2.4297144914388573,0.4213369820292071,0.4472393397642138,0.8685763217934209,0.3980053975677992,1.0560829256810498,0.5205030860935673,0.22663558478635906,0.5358376212343603,0.34383105299453043,0.36060914169720726,0.5804515737825331,0.23662052078800266,3.0,0.08108108108108109,0.10420772820200236,4.81651376146789,37.0,30.46951219512195,False,1,29.4,2026-09-29
Juraj Slafkovsk,MTL,DET,1.0,L,18.5603707275222,3.1274904019945144,0.14507750734321492,2.3763117333058927,0.37686926008216143,0.4958672684426791,0.8727365285248405,0.7181606293558506,1.3063033672362325,0.4687977761262854,0.3471603096322273,0.9757045761376233,0.3139942436304227,0.39095752513565596,0.5821933563694863,0.2681991127390636,5.0,0.14705882352941177,0.07037833250115906,3.045045045045045,34.0,24.709969788519636,False,4,29.4,2026-10-08
Frederic Brunet,BOS,PHI,1.0,D,18.523541954127953,1.2151824000607543,1.1349752123643357,1.4927247518881683,0.0770275635800388,0.2756370780662538,0.35266464164629263,1.6612108899557432,1.1503378815903156,0.4256844965324441,0.3189984077208882,0.8757361557913014,0.07413566688087203,0.24091162940401967,0.29718715197966716,0.22305148509879513,2.0,0.09090909090909091,0.06570602267209896,2.9403973509933774,22.0,26.575301204819276,False,2,2.9,2026-10-08
Ryan McDonagh,TBL,NYI,0.0,D,18.522642697179332,0.24961206755228293,2.504700328451448,0.9151207592091928,0.06052243617477446,0.2448499519003029,0.3053723880750774,1.3443829452104121,0.649136238202447,0.3437504955195783,0.276410704895674,0.8217116588578532,0.05872734977619676,0.21717800961802947,0.2631510704596901,0.20442372068349335,0.0,0.0,0.036689283095620355,3.9536741214057507,35.0,28.41389728096677,False,4,29.4,2026-10-08
Trevor van Riemsdyk,PIT,DAL,1.0,D,18.518883197313247,0.20194208175079767,1.8698443243657563,0.9318218620023471,0.05865515860796055,0.21558517811649003,0.2742403367244506,1.4229703486661633,0.7048352566007142,0.38199970377706033,0.2865949878737068,0.7989789368952543,0.05696809047063178,0.19393039215706465,0.23985063850228772,0.18288254803165593,0.0,0.0,0.03922073655626324,1.5365853658536586,22.0,28.150602409638555,False,5,29.4,2026-10-09
Ronan Seeley,CAR,CHI,0.0,D,18.47463956547495,0.6714705728622204,1.3268185065161338,1.350452977458134,0.07219069987658322,0.2614133306803618,0.33360403055694504,1.3129080632213497,1.1314889951347054,0.44245163090208056,0.28485605483493154,0.738898768512055,0.06964653939680843,0.2300373953322964,0.28366262621235494,0.2140160868155465,0.0,0.0,,2.5,21.0,31.43730886850153,False,0,1.0,2026-04-14
Hunter McDonald,PHI,BOS,0.0,D,18.470472898808282,0.6714705728622204,1.4601518398494668,1.339722663279073,0.06748131476357377,0.25938972819338374,0.3268710429569575,1.3917912103693808,1.370755848551799,0.6183528739267702,0.285583790305159,0.7103529343496965,0.06525481361234309,0.22847771954094065,0.2788232621500665,0.2135684485377234,0.0,0.0,,3.5869565217391304,25.0,27.03669724770642,False,0,1.0,2026-04-14
Mason Lohrei,BOS,PHI,1.0,D,18.46848446345984,1.1363073045080798,0.4777700809068383,1.1799277714542582,0.08406505575232265,0.276806577441645,0.36087163319396764,1.2727929998333123,0.6342910834831276,0.3755204670354154,0.2982371739337314,1.0855288657233373,0.0806285562513599,0.2417988638680979,0.30293152682255386,0.22230297057119397,2.0,0.09090909090909091,0.04171752321021299,2.9403973509933774,22.0,26.575301204819276,False,5,29.3,2026-10-08
William Villeneuve,TOR,COL,0.0,D,18.46547201214573,0.4664690386412128,0.8088493470259588,1.2337906993257293,0.055939574089647615,0.20464711485490783,0.26058668894455544,1.6356937487151169,1.0265478440642073,0.43557518918217314,0.29611122848583415,0.7112025392897035,0.05440372732028986,0.18506515592299744,0.22940064896396561,0.17499692164367575,0.0,0.0,0.057007884889129036,2.4362139917695473,20.0,28.015290519877677,False,0,2.9,2026-04-15
Charlie Coyle,CBJ,STL,0.0,C,18.464404422595603,2.7600102174216965,1.8483114443997577,1.8728585196013876,0.27428894290695666,0.40905434710922145,0.6833432900161781,0.6173076109340094,1.1878755256850533,0.33056774716969717,0.3703681755749651,0.6723780781499236,0.23988758556294942,0.3357218702548803,0.4950739469417088,0.2551863613787594,7.0,0.15555555555555556,0.059531892868141374,3.6148148148148147,45.0,26.581818181818182,False,3,29.4,2026-10-09
Nick Leddy,SJS,EDM,1.0,D,18.454674032649955,0.20527591335869583,1.025261843521009,0.8573893335079537,0.054137386266847304,0.2260360271565449,0.2801734134233922,1.1755066027548504,0.6001849617286582,0.2926799533859991,0.26661594942213657,0.855050339621011,0.05269804871743067,0.20231063733155785,0.24434731022683565,0.19164926150940498,1.0,0.03125,0.03663186415277509,2.5306122448979593,32.0,20.043478260869566,False,0,29.3,2026-04-11
Sebastian Aho,CAR,CHI,0.0,C,18.4530052695159,3.075764747798229,1.476691073549936,2.4115751177709277,0.313392214372419,0.5088524021888847,0.8222446165613038,0.3884496697310951,0.9094049051433248,0.5662594914618543,0.32409810722263693,0.9023761949054255,0.26903683791915034,0.39881489820404536,0.5605558369953315,0.2915189990761812,1.0,0.029411764705882353,0.0852782059219999,3.8095238095238093,34.0,31.39457831325301,True,5,29.4,2026-10-08
Alex DeBrincat,DET,MTL,0.0,R,18.44194840905002,2.907193319043269,0.14151637056971156,2.8963009754048623,0.35340137598738475,0.45764661107364674,0.8110479870610314,0.5414961150412508,0.9530076167475193,0.499443289141603,0.4208162065891275,0.8375406940280671,0.2977047476514998,0.36722894901705405,0.5556078950711062,0.2579031474196064,3.0,0.075,0.1165370732959953,5.0,40.0,25.909365558912388,False,4,29.4,2026-10-09
Henry Thrun,TOR,COL,0.0,D,18.43611969075428,0.24431073014645865,1.5764529569816854,0.9942597311620496,0.04310073043159151,0.1599865761465952,0.20308730657818672,1.2682923921471314,0.8678019317465215,0.44001161311798176,0.23155099701999138,0.670649959871044,0.04218509590109898,0.14784477190370737,0.18379302192357239,0.1416079260224734,1.0,0.045454545454545456,0.048677375685292526,3.6097560975609757,22.0,28.37769784172662,False,0,28.9,2025-12-18
Alexandre Carrier,MTL,DET,1.0,D,18.435435603835064,0.18777908088213036,2.398480306267624,0.9862664169501381,0.06617011477374538,0.23982531820653558,0.305995432980281,1.612081205348478,0.84454065086211,0.46496137275677335,0.31328107070246064,0.6444488503033287,0.06402837185396171,0.21323471736571287,0.26361001744400836,0.19958164559004665,1.0,0.029411764705882353,0.035621942775691556,3.045045045045045,34.0,24.709969788519636,False,4,29.4,2026-10-08
Anton Johansson,DET,MTL,0.0,D,18.433321845632225,0.43536662584717406,1.7716833574600768,1.2574105001451057,0.06396902399429312,0.22932282308958252,0.2932918470838756,1.2860339236697305,1.1948052216023533,0.5085047056553502,0.24924708243863514,0.7334773590158834,0.06196594437103331,0.20492817547130338,0.2541955519210246,0.1922296075499913,3.0,0.075,0.03649994816613041,5.0,40.0,25.909365558912388,False,4,3.8,2026-10-09
Sam Bennett,FLA,MIN,1.0,C,18.432630550807,3.260276405529087,0.6819085395818261,2.560805135412238,0.3214921055638002,0.45442838421365467,0.7759204897774549,0.48199287018638076,1.2714291993129756,0.5840181744341302,0.3519051502200639,0.8883639113875222,0.2749336460050802,0.3651892679066995,0.5397200970042647,0.2647864509991845,1.0,0.037037037037037035,0.09058601747119976,2.4615384615384617,27.0,31.244712990936556,True,4,29.4,2026-10-06
Lucas Raymond,DET,MTL,0.0,L,18.432298444226312,2.908142726528162,0.3643786086062155,2.2112593217475864,0.27394331881850287,0.43595538693096236,0.7098987057494652,0.38960536219920483,0.9248803001847415,0.44856382766950065,0.3222121766271693,0.7085296810430607,0.2396248269973581,0.35335342581981266,0.5083059992861743,0.26868117228881616,3.0,0.075,0.0802871418151811,5.0,40.0,25.909365558912388,False,4,29.4,2026-10-09
Ludvig Jansson,FLA,MIN,1.0,D,18.401481681282046,0.5044343248941725,1.2079832740764866,1.3262961640065678,0.06248667017273409,0.24915486766845013,0.3116415378411842,1.3262033721661535,0.9237472268603006,0.4166077388331495,0.3072408512072979,0.8524115335782418,0.060574414889205674,0.22054074899990972,0.2677560370592187,0.207181622170013,0.0,0.0,0.056877795409808266,3.8135593220338984,27.0,31.30886850152905,False,0,3.8,2026-04-15
Brock Nelson,COL,TOR,1.0,C,18.40014073238389,2.3996653723595194,1.5855074927588086,2.2115725974672786,0.3238408017920204,0.4648419890698248,0.7886827908618452,0.6781239986778816,0.772595407400078,0.4359229948212183,0.360396085992735,0.7872778379621589,0.2766346083121114,0.37176563475623225,0.5455570023136498,0.2689223940015384,1.0,0.03333333333333333,0.09533357984605532,3.5999999999999996,30.0,29.43202416918429,True,4,29.4,2026-10-08
Bryan Rust,PIT,DAL,1.0,R,18.390876457253906,2.7852400651571223,1.3326060183638788,2.2550853037043592,0.3224911575206953,0.40273999638012903,0.7252311539008243,0.6759619425762168,1.0403433489204033,0.4296020596125286,0.32357825618808345,0.9520299129012827,0.27565766323927987,0.3315141145198761,0.5157873716197678,0.24012970838048797,2.0,0.09090909090909091,0.09666190404239315,1.5365853658536586,22.0,28.150602409638555,False,2,29.4,2026-10-09
Mark Stone,VGK,LAK,1.0,R,18.368574100993822,3.305155517059309,0.7226867870227324,2.156466970503409,0.3527407723872762,0.47621232070345204,0.8289530930907283,0.7514142238727495,1.049283841746637,0.43193286722062735,0.40314764290113864,0.9524420713508824,0.2972406556058985,0.37886841084980505,0.5634939716263426,0.2662533160204441,5.0,0.11627906976744186,0.07668631694407275,2.5806451612903225,43.0,27.96385542168675,False,5,29.3,2026-10-08
Connor Brown,NJD,VAN,1.0,R,18.353545900341448,2.1100029618217526,1.3499448418694806,1.9899047233068192,0.3418479922656856,0.4610701607168613,0.8029181529825469,0.4395767069373128,0.8131671823129075,0.3084193623593297,0.3393591570852541,0.8278140172977554,0.2895438086624572,0.36939156809371676,0.5519803352425218,0.26243652658006456,1.0,0.047619047619047616,0.048739512913387704,3.5089820359281436,21.0,29.244648318042813,False,0,29.3,2026-04-14
Leo Carlsson,ANA,CGY,0.0,C,18.348530327646852,2.993868313305278,0.36037425456326505,2.4398103766099846,0.30153143079168226,0.47057577119074007,0.7721072019824223,0.6170107589780898,0.6237955362980483,0.37974894844025553,0.4289765608114162,0.7928113923834703,0.26031542288258347,0.3753574864393826,0.5379615665073546,0.27764614362477114,1.0,0.058823529411764705,0.07287310408783926,9.0,17.0,26.154078549848943,False,4,29.3,2026-10-09
Matthew Tkachuk,FLA,MIN,1.0,L,18.347150292527264,3.714053080769908,0.4003719266723194,2.742762969776924,0.373513299157281,0.502190746587402,0.875704045744683,0.33896814688175403,1.2908914253657158,0.685334698894315,0.31009234050731543,0.9173984950571481,0.3116881677318435,0.3947966408398582,0.5834313669616396,0.27174319922979606,2.0,0.07407407407407407,0.10827486551939697,2.4615384615384617,27.0,31.244712990936556,False,4,29.4,2026-10-06
Kevin Fiala,LAK,VGK,0.0,L,18.31989820701742,2.958636996246267,0.17138512427578706,2.1711898235600593,0.2794672211329144,0.3760723950251337,0.655539616158048,0.49106434259803483,1.0461017681688478,0.5354054610293812,0.3435804002109205,0.8755983998321364,0.2438134856538252,0.31344737175164483,0.48083816112967115,0.23702467547584594,2.0,0.06060606060606061,0.09944131466373689,3.358490566037736,33.0,28.727574750830566,False,0,29.4,2026-02-05
Henri Jokiharju,BOS,PHI,1.0,D,18.317484098981044,0.3769411881476856,0.8941792253817662,1.1139263459700608,0.0613514729590343,0.2672325367213411,0.32858400968037543,1.040681241071232,0.9367477850587516,0.3939586329427763,0.24794284108774683,0.9915076807315092,0.059507376047338245,0.23450495494064316,0.2800575564493645,0.22055018040202623,2.0,0.09090909090909091,0.039685339495465655,1.8151815181518152,22.0,26.613496932515336,False,0,29.3,2026-04-12
Noah Warren,ANA,CGY,0.0,D,18.306584751464072,0.4113769147171428,2.536800309766414,1.2388491034021534,0.05896910795575556,0.24834983950776407,0.3073189474635196,1.3915228324628455,1.1444540252712536,0.46547429317254885,0.2763980328555875,0.7071389086625403,0.057264108253852086,0.21991300971274708,0.264583995571978,0.2073198873181259,0.0,0.0,0.054963210234597,9.0,17.0,26.154078549848943,False,4,3.8,2026-10-09
Elias Pettersson,VAN,NJD,0.0,C,18.27632697820711,2.7116696729289282,0.9234806618793595,1.7485345932205483,0.22997280474371054,0.4239411590365062,0.6539139637802167,1.0188166786958543,1.2824963416202244,0.3171976094916852,0.34868427489495524,0.7452165408014546,0.20544478965790125,0.34553761002648187,0.4799934980735987,0.27454870841569745,1.0,0.05,0.08916261635534682,4.5,20.0,26.05421686746988,False,5,29.4,2026-10-08
Anton Lundell,FLA,MIN,1.0,C,18.271315192039395,2.4910882468489746,1.7861214057009622,2.1566874022177993,0.2636677097370094,0.3635624040822208,0.6272301138192302,0.4857456597222144,1.167364798092597,0.4538424162739892,0.3385576866998792,0.8732617944777523,0.23177122781053727,0.30480465716484084,0.4659309353419131,0.23415970753137583,3.0,0.1111111111111111,0.06583337034563519,2.4615384615384617,27.0,31.244712990936556,False,4,29.4,2026-10-06
Rickard Rakell,PIT,DAL,1.0,R,18.268271062126065,2.790717882657497,0.7212366064247916,2.3608298265359604,0.3258346010477675,0.3862676372110937,0.7121022382588612,0.5618759181953769,1.358209827901436,0.34567068010898894,0.38675579809107746,0.7732920151878259,0.27807541687287773,0.32041138186365603,0.5093882701539828,0.23131285328110507,0.0,0.0,0.09360600295133997,1.5365853658536586,22.0,28.150602409638555,False,5,29.4,2026-10-09
Hunter Brzustewicz,CGY,ANA,1.0,D,18.256007254006143,1.1652504115429247,0.6112400177457675,1.252739387989864,0.07557131244481352,0.2810370146444042,0.35660832708921775,1.148480606466022,0.9623386042904366,0.37059098818564884,0.27760763998307747,0.889878477108645,0.07278639369284345,0.24499961110792523,0.2999533666520736,0.22716697295923016,1.0,0.047619047619047616,0.03958174582435753,2.635782747603834,21.0,29.55045871559633,False,0,20.6,2026-04-16
Clayton Keller,UTA,BUF,0.0,R,18.253798103407394,3.3504726885270415,0.12253347290080058,2.544459051731518,0.2938691075832723,0.5003370972062843,0.7942062047895566,0.4378372158572146,0.6654110892274373,0.6103174854257034,0.3119813327449453,0.9477835346979122,0.25462595113099173,0.3936737656207413,0.5480601597452326,0.29343420861424085,4.0,0.10810810810810811,0.11043900130926204,4.282122905027933,37.0,24.97590361445783,False,5,29.4,2026-10-08
Ryan Nugent-Hopkins,EDM,SJS,0.0,C,18.238061760025765,2.923945603107583,1.007327912764085,1.9319665635339325,0.27081326090801555,0.4334578313772621,0.7042710922852777,0.5240389911602326,0.6607907493510254,0.36345810767878683,0.292936678127977,0.5754109573546783,0.23724107998524968,0.35173637157635396,0.5055311348987364,0.2682900549134867,4.0,0.11428571428571428,0.0711842458226942,3.8633093525179856,35.0,30.45565749235474,False,0,29.4,2026-04-16
Adam Jiricek,STL,CBJ,1.0,D,18.23481347885346,1.517852927002581,0.7133205449599941,1.5608669522122636,0.08407552531496743,0.2867459955959623,0.37082152091092974,1.3846027274082355,1.1310147343856674,0.42391341281135897,0.31173337733108747,0.8783891829725176,0.08063818161789726,0.24929761366562853,0.3098328890358485,0.22919470741795123,1.0,0.038461538461538464,0.06247766336409041,2.384,26.0,24.90332326283988,False,4,3.8,2026-10-08
Aleksander Barkov,FLA,MIN,1.0,C,18.229996529723095,2.69345043120475,0.9969842763140639,2.124989508440825,0.2778015544289574,0.47997338522885047,0.7577749396578078,0.6061937875292767,1.236463776612366,0.3514031225618732,0.45731567758728237,0.7529256587930643,0.2425528813730653,0.3812001391963368,0.531291828427517,0.2887389470544517,1.0,0.038461538461538464,0.08025684168305867,2.138084632516704,26.0,31.26139817629179,True,2,29.3,2026-10-01
Shane Pinto,OTT,NSH,1.0,C,18.22297425245119,1.9884633813664776,2.037796782126174,2.104510544315042,0.30931701231945113,0.4122837633228881,0.7216007756423393,0.6284893065092597,1.4176023507057816,0.49008734467750487,0.39928429510506175,0.7240498896762214,0.2660519374350242,0.33786364062208885,0.5140263018807556,0.2479743644457314,2.0,0.07692307692307693,0.07405810974185154,2.22,26.0,28.51057401812689,False,4,29.4,2026-10-08
Steven Stamkos,NSH,OTT,0.0,C,18.19501324505492,2.9596036946229147,0.20746141486790057,2.2383668068259337,0.3320905012477033,0.39895952913671184,0.7310500303844152,0.5490740679564021,1.244410144966009,0.5423568842530727,0.26991212308662926,0.6722149594814137,0.2825776077052937,0.32898214252409985,0.5185967634171714,0.2360191557118777,2.0,0.1,0.0958329867458958,2.4,20.0,28.25531914893617,False,4,29.4,2026-10-08
Patrick Kane,CHI,CAR,1.0,R,18.19229775659403,2.6622140181511758,0.1273976718964252,2.137052595608386,0.275050042834537,0.4342372226166211,0.7092872654511582,0.5007153087906373,0.9686905194830243,0.42981239639078195,0.26997736392848254,0.8605740041700762,0.2404658869660362,0.3522414257261862,0.5080052658287939,0.2675393788627577,0.0,0.0,0.10714376498025718,2.6666666666666665,23.0,21.157099697885197,True,5,29.4,2026-10-08
Sam Dickinson,SJS,EDM,1.0,D,18.170734227419317,0.45673585597564365,1.1870858554021133,1.174341580631116,0.0664094014855811,0.2535765417069031,0.3199859431924842,1.1441006784180736,1.1669067772413748,0.3930031826933006,0.3257818939048816,1.1026572597796087,0.06425231063337666,0.22397965526990748,0.27384075551732556,0.2095884448839489,0.0,0.0,0.04047299852037386,6.0,27.0,20.148936170212767,False,2,27.1,2026-10-08
Brent Burns,COL,TOR,1.0,D,18.16087634914392,0.4889720874431272,1.762976245520193,1.99586721225373,0.08876854324063152,0.30725413696662207,0.3960226802072536,1.0145682957151145,0.6007114202670316,0.4006927160494222,0.2737010931444347,1.003906128927177,0.0849426547267157,0.2645363313507504,0.3270085678208673,0.2420659130941516,2.0,0.06666666666666667,0.07484376391304624,3.5999999999999996,30.0,29.43202416918429,False,4,29.4,2026-10-08
Brock Boeser,VAN,NJD,0.0,R,18.15655510487518,2.8009430246532814,0.728155915197473,2.0070492077999322,0.2703921013727044,0.35803141179330883,0.6284235131660132,0.408519764166325,1.0263181923187796,0.3043038953202971,0.2853237996369802,0.8127070349784447,0.23691976913612722,0.3009488837875298,0.46656791285494037,0.22964814371881315,1.0,0.05,0.08617782935448429,4.5,20.0,26.05421686746988,False,5,29.4,2026-10-08
Dante Fabbro,CBJ,STL,0.0,D,18.155527262522863,0.2052378023239906,1.326232072121552,1.0592825970084458,0.05560083651123237,0.1979915656603631,0.25359240217159545,1.4854776809288415,0.9397338687336697,0.5257921835224836,0.2887362542731369,0.7903589568108015,0.05408336407225178,0.17962322755501992,0.22399196321558057,0.1699085991433288,1.0,0.03571428571428571,0.04072026918749204,2.7478991596638656,28.0,26.611620795107033,False,0,29.4,2026-04-14
Louis Crevier,BUF,UTA,1.0,D,18.154936864897067,0.2407485600159484,1.9054402123535608,1.368102299885398,0.07222261061942863,0.23088684654851033,0.30310945716793897,1.4036861926246385,1.4241875076605874,0.5056149707556994,0.2745037308990756,0.9930483416487477,0.0696762271931628,0.20617071452299773,0.2614817441704794,0.19180551697731663,0.0,0.0,0.05228186120082255,2.532544378698225,26.0,28.628398791540786,False,4,29.1,2026-10-08
Vincent Trocheck,UTA,BUF,0.0,C,18.131979430448663,2.533581689542944,1.3931605267606102,1.6784624768098395,0.23077461813075323,0.3789588253145812,0.6097334434453344,0.6238866874801652,2.049143071309863,0.6244743892841699,0.3430049321486555,0.7655301825152248,0.206081619318906,0.3154262008031836,0.4565042778849592,0.25042265856605317,3.0,0.08108108108108109,0.08798189663081137,4.282122905027933,37.0,24.97590361445783,False,5,29.4,2026-10-08
Conor Timmins,BUF,UTA,1.0,D,18.11138471537372,0.1836269877236438,2.4995926093071175,1.218987803210468,0.049518935260854303,0.22012117265102063,0.2696401079118749,1.5948705998715589,0.9724201585726354,0.43025960604504415,0.24942244087916363,0.9790086816502506,0.04831286247835043,0.19757843947638642,0.2363457219796271,0.18803285950127668,4.0,0.16666666666666666,0.034926744866620466,2.983957219251337,24.0,28.654434250764528,False,0,29.2,2026-04-15
Dmitry Kulikov,FLA,MIN,1.0,D,18.102501203010917,0.2056910339019557,1.694592307119294,1.0123433756004183,0.04780901829239482,0.19423182543481443,0.24204084372720924,1.0593583287262867,1.2250931734321686,0.5092726264072924,0.32344355993757407,0.9710417520417163,0.04668416442084944,0.1765330184519922,0.21497588641372,0.16829172199287057,1.0,0.037037037037037035,0.03465566254605333,2.4615384615384617,27.0,31.244712990936556,False,4,29.3,2026-10-06
Will Borgen,BOS,PHI,1.0,D,18.093316924933525,0.18812740376828127,1.8884972998028924,0.9684138243386591,0.05089350731188818,0.2151691560029203,0.2660626633148085,1.250788018300618,1.4715130101052993,0.5571347818657548,0.2975862602655109,0.7438166511283638,0.049620126348892346,0.1935949796104448,0.23360889861055567,0.18398877226166332,1.0,0.045454545454545456,0.03810540609595376,2.9403973509933774,22.0,26.575301204819276,False,5,29.4,2026-10-08
Brayden Point,TBL,NYI,0.0,C,18.07660295472342,3.373394724361032,0.21705870819596054,1.9990920880451235,0.27874283313453374,0.41600786623320746,0.6947506993677413,0.5277360372930333,0.5784841939586067,0.3589841905238603,0.2889765154892651,0.6137657884521164,0.24326551477049163,0.34032491869405124,0.5008011169292088,0.2575356021587172,2.0,0.05714285714285714,0.09084469433081985,3.9536741214057507,35.0,28.41389728096677,False,4,29.4,2026-10-08
Andrew Peeke,UTA,BUF,0.0,D,18.05848960066041,0.21308779658562582,1.7255604253585395,1.155854324796874,0.05646689223258948,0.18437551271223193,0.2408424049448214,1.4274783592193516,1.3456754391516998,0.40391991340861205,0.19019491838859323,0.6867456756727858,0.054902225945536176,0.16837653999521796,0.21403451909800908,0.1591322931524729,1.0,0.02702702702702703,0.042995705215730616,4.282122905027933,37.0,24.97590361445783,False,5,29.4,2026-10-08
Erik Cernak,TBL,NYI,0.0,D,18.039297944771118,0.21069330140512976,2.363345692498339,1.1317021770180142,0.05780068488848018,0.2017754003092357,0.25957608519771586,1.3101487759055772,1.5460721645268978,0.67458575622583,0.26818695875011994,0.7348824933754291,0.05616195012348579,0.18272153217889398,0.2286214847256618,0.172459534602176,1.0,0.02857142857142857,0.03366381693761309,3.9536741214057507,35.0,28.41389728096677,False,4,29.4,2026-10-08
Joel Eriksson Ek,MIN,FLA,0.0,C,18.02738276670281,2.573445167639541,1.2730643224006002,2.2859960478557864,0.3070403881272412,0.4192241550668986,0.7262645431941398,0.5671245790581734,1.29849004317449,0.5011787948340239,0.3199387157527583,0.5569943553655798,0.2643791100428323,0.3424432159379712,0.5162874933109173,0.25190838326808496,6.0,0.16666666666666666,0.11156985556229057,3.8218623481781373,36.0,27.350453172205437,False,4,29.4,2026-10-08
Tyler Myers,DAL,PIT,0.0,D,18.0184170998161,0.22320384277975827,1.6194006491775257,1.1484447749924438,0.05456513201709553,0.19618960618155773,0.25075473819865324,1.4143841072818135,1.07961929687537,0.5154050173898462,0.22647278313184033,0.9149313178419582,0.05310316645142221,0.1781436091478812,0.2217867858704664,0.1686836194190442,0.0,0.0,0.04702186604834013,2.6106870229007635,18.0,26.40785498489426,False,4,29.4,2026-10-08
Cody Ceci,LAK,VGK,0.0,D,18.01552139890761,0.1899911650762087,1.9751865226981393,0.8472858810327104,0.04307930668512009,0.1860042531229628,0.22908355980808287,1.4912995981212551,0.743069909282192,0.32567058656116765,0.19437481969464968,0.7125734169286035,0.042164575697618,0.1697299362662501,0.20473792121801793,0.16257334552039993,0.0,0.0,0.03663112345008202,1.7371794871794872,20.0,28.78181818181818,False,3,29.4,2026-10-06
Topias Vilen,NJD,VAN,1.0,D,18.01514524335949,0.5462436613532556,1.0000178554055306,1.2960740279892022,0.08095660326762182,0.29719097104187486,0.3781475743094967,1.2353963992993655,1.0143806797067993,0.41020972205395345,0.2783681997969577,0.7753468389346215,0.07776628749417813,0.2570978739787374,0.3148706142909431,0.23710432679676496,0.0,0.0,0.05049185347068807,3.5089820359281436,21.0,29.244648318042813,False,0,2.0,2026-04-14
Cole Caufield,MTL,DET,1.0,R,18.009671038634906,3.1096585806882002,0.11973160746883747,3.027331671819038,0.3892920768840259,0.43864761044714157,0.8279396873311675,0.35852171295935814,0.9797058655233759,0.3651899441209561,0.273392749763926,0.740098972369119,0.32246365159424173,0.3550920015661134,0.5630513896834382,0.24058773808919642,6.0,0.17647058823529413,0.128916246885691,3.045045045045045,34.0,24.709969788519636,False,4,29.4,2026-10-08
Donovan Sebrango,FLA,MIN,1.0,D,17.992692173982963,0.1921214009701072,1.2198623346928261,1.1492190135243407,0.050206086889633725,0.23730830122011692,0.28751438810975066,1.0254060693502391,1.5743044004866746,0.688744553062977,0.2306186850780024,0.7513706438115143,0.04896659121388114,0.21125192146633098,0.24987422619862343,0.2009076349847423,1.0,0.037037037037037035,0.031077044981133898,3.8135593220338984,27.0,31.30886850152905,False,0,23.0,2026-04-15
Mike Benning,FLA,MIN,1.0,D,17.977911429869824,0.8703899801317881,0.6333673660045624,1.284380608424931,0.07668730908729025,0.2569218313495049,0.3336091404367952,1.1836577329624955,0.712262437806104,0.3640829434026937,0.3016299440323446,0.888498774154316,0.07382058378067224,0.22657133072211288,0.2836662866009151,0.20984570282024284,2.0,0.07407407407407407,0.038895825018642236,3.8135593220338984,27.0,31.30886850152905,False,0,13.6,2026-04-15
Sidney Crosby,PIT,DAL,1.0,C,17.976082418455285,2.7463794641606842,0.2069724965464157,2.1926328681644867,0.2721824519571907,0.45498260602242796,0.7271650579796187,0.44974873353778205,1.125703849354962,0.4034508919224086,0.3719745195792206,0.9232717237078157,0.23828472803138823,0.36554099638206994,0.516722887506234,0.27843815947484574,3.0,0.13636363636363635,0.10374347700803979,1.5365853658536586,22.0,28.150602409638555,False,5,29.4,2026-10-09
Trevor Zegras,PHI,BOS,0.0,C,17.965211290825895,2.7163273928036467,0.21252798689443017,1.8389333379030286,0.24211401622588982,0.4044047362268706,0.6465187524527605,0.5398019620973986,0.9220546371027141,0.6664143306422884,0.32132374798962654,0.8093195550543121,0.21503332648809304,0.332626043817119,0.4761336856266428,0.2611003591385498,3.0,0.10344827586206896,0.08317976278275048,2.552631578947368,29.0,26.936746987951807,False,5,29.4,2026-10-08
Joel Edmundson,LAK,VGK,0.0,D,17.947304147630444,0.20416897231569328,1.7457218282681621,1.1975921369244766,0.058339578792737455,0.21732434570117581,0.27566392449391325,1.4112293135108425,1.1074403596191937,0.44546801017691207,0.21596156120614918,0.7702147546894247,0.05667044167136681,0.19533106393549704,0.24093200794150127,0.18426156627013446,2.0,0.1,0.04552883041162564,1.6470588235294117,20.0,28.78181818181818,False,3,29.4,2026-10-06
Ian Cole,CHI,CAR,1.0,D,17.938853471556715,0.20701064434137498,2.2186066473631234,0.9070037647790449,0.05378705977596439,0.22562073550061548,0.2794077952765799,1.6862207683314256,0.9905299220394614,0.49639480394140134,0.27770956368269645,1.0697340850596762,0.05236612561169762,0.2019792947980854,0.24376854728742436,0.19140242167572674,1.0,0.043478260869565216,0.033136155070748276,2.6666666666666665,23.0,21.157099697885197,False,5,29.4,2026-10-08
Jesper Bratt,NJD,VAN,1.0,L,17.919826146120947,2.655909220336031,0.5336005327692523,2.316802067869938,0.3328791541724871,0.5468323212680145,0.8797114754405015,0.33255150644214304,1.0950798935695334,0.3001972565282814,0.29395895118478715,1.0194802462493258,0.2831431819230874,0.42121970030533584,0.5850973959952812,0.3019542140721938,2.0,0.06060606060606061,0.08529426147700171,6.0,33.0,29.28787878787879,False,3,29.4,2026-10-06
Adam Wilsby,NSH,OTT,0.0,D,17.91705293645633,0.18624427895431037,1.3542522735276126,1.0834788007192961,0.05833370376744736,0.2423450631575786,0.30067876692502593,1.122649453403283,0.8678860944914412,0.45889498893239306,0.24875785859531,0.8082865828167609,0.0566648995700747,0.21521466967928526,0.25968445160597653,0.20301955203590183,0.0,0.0,0.04107692658602642,2.4,20.0,28.25531914893617,False,4,27.8,2026-10-08
Erik Gudbranson,CBJ,STL,0.0,D,17.912972379874727,0.18366398791826305,2.318935707913775,1.0048869289162938,0.044529212952124995,0.1763484354533226,0.2208776484054476,1.5356458055567241,1.1355194905632167,0.44638015851397467,0.21135533021822153,0.8229138056343941,0.04355234097417093,0.16167416999886874,0.19818522239453285,0.1546328814203619,0.0,0.0,0.04553402809698939,4.235831809872029,45.0,26.581818181818182,False,3,29.3,2026-10-09
Emil Lilleberg,TBL,NYI,0.0,D,17.875697545019023,0.19938017547450987,1.6694922943653652,1.0285668671225234,0.058007611641507154,0.2025189472404237,0.2605265588819309,1.059293638649628,1.6382646032845158,0.8068575785518617,0.20701823664581162,0.7883431791764424,0.05635723526097347,0.18332899121043233,0.22935431138360252,0.17299707612262905,1.0,0.03333333333333333,0.027430812845244006,4.243346007604563,30.0,28.386018237082066,False,1,29.3,2026-10-03
Tyler Bertuzzi,CHI,CAR,1.0,L,17.870164056187328,2.943395334859575,0.11685806458855734,1.770257754635261,0.2973487202267143,0.378540050869768,0.6758887710964823,0.40199613790353655,1.0991838049901308,0.40513840753566094,0.3390424927208166,0.9819623585450683,0.2572150569405314,0.31513945875456073,0.4912959018673295,0.23408084492679815,1.0,0.043478260869565216,0.07405345881313143,2.6666666666666665,23.0,21.157099697885197,False,5,29.4,2026-10-08
Seth Jarvis,CAR,CHI,0.0,C,17.86857291865841,2.4843611747595045,1.313682166203512,2.5755702304430677,0.3362306646741919,0.4387256533019422,0.7749563179761341,0.42192539805577145,1.097174201042034,0.4234721134680295,0.4420140929799385,0.608276637776702,0.2855417134800903,0.3551423300634796,0.5392760940879322,0.2537343806078419,2.0,0.06896551724137931,0.081699907272976,2.703862660944206,29.0,31.46153846153846,False,0,29.4,2026-04-11
Nick Jensen,OTT,NSH,1.0,D,17.8669547655264,0.20941005627470405,0.8534453033822138,0.9245922323868077,0.05727166589794084,0.2556911172980606,0.31296278319600146,1.2206068342012242,0.821507185690498,0.28755784571674475,0.2283469745694015,0.8275289341726282,0.05566250977604115,0.2256188752110726,0.268722872140018,0.21306036236397685,0.0,0.0,0.03987718551134148,2.433628318584071,34.0,28.472491909385113,False,0,29.4,2026-03-11
Jake Middleton,CGY,ANA,1.0,D,17.849442367801103,0.1838534510527879,1.8664087217514942,1.0862183608064353,0.06511195478989859,0.24248827225178743,0.307600227041686,1.5520931971857503,1.1253250899155158,0.5523446299917166,0.223766716700888,0.7493020881995519,0.06303743994125577,0.21532705002845276,0.2647908239858121,0.20175338404455634,1.0,0.034482758620689655,0.03968665835408655,3.0989272943980932,29.0,29.50453172205438,False,4,29.4,2026-10-08
Jamie Oleksiak,VAN,NJD,0.0,D,17.82823792882224,0.18023417124882515,1.6202320831248629,1.0453449083101483,0.05742893230020691,0.2037555182987776,0.26118445059898454,1.3362400868495536,1.2680754589880745,0.5283773253277031,0.2280112340228743,0.8378347032056912,0.055811010658247784,0.1843382388123065,0.22986114605947805,0.17405013540123027,1.0,0.05,0.03900204086841948,4.5,20.0,26.05421686746988,False,5,29.4,2026-10-08
Andrew Copp,DET,MTL,0.0,C,17.816162310092494,1.6690668308401322,1.5649516422989254,1.6540402939225711,0.23380160956373405,0.35967852693451513,0.5934801364982492,0.7025739824984899,0.9058555628157616,0.4252418363482971,0.3188435474717158,0.8280230681589758,0.20848116991397447,0.3020993537271911,0.4475984969458652,0.2391173270318907,2.0,0.05,0.05394779361502498,5.0,40.0,25.909365558912388,False,4,29.4,2026-10-09
Uvis Balinskis,FLA,MIN,1.0,D,17.7922176247218,1.856414872303095,0.5982304799753382,1.4949977626045239,0.07705518735723092,0.2631076175596626,0.34016280491689355,1.046484578244147,1.172147712772243,0.5567446778980043,0.32671878800446513,0.7896886971591482,0.07416124239767241,0.23134082836439118,0.2883455475132537,0.21418430511558129,1.0,0.037037037037037035,0.03805374856885857,2.4615384615384617,27.0,31.244712990936556,False,3,29.2,2026-10-06
Josh Manson,COL,TOR,1.0,D,17.779432336716184,0.19727605501736117,1.7952258987727276,1.7502850290783314,0.07745765802028731,0.30401488543406197,0.3814725434543493,1.0830002835115036,1.6031738905568504,0.5909106090427333,0.3003934494680215,0.9959523486346861,0.074533790361486,0.26215011684693745,0.31714486535611486,0.24261107499462886,2.0,0.06666666666666667,0.0516011472243001,3.5999999999999996,30.0,29.43202416918429,False,4,29.3,2026-10-08
John Tavares,TOR,COL,0.0,C,17.7641304662597,2.526934639746045,0.21214439497501505,1.9836219885763349,0.28738221536157776,0.35472863717039216,0.6421108525319699,0.5778718288144916,1.031890501936683,0.4211305038020457,0.27895557740264115,0.772468679949503,0.24977507346112426,0.2986362585630675,0.4738194386034462,0.22404436514232196,0.0,0.0,0.10644233242780819,2.8,24.0,28.015060240963855,True,5,29.4,2026-10-08
Angus Booth,LAK,VGK,0.0,D,17.749639565474947,0.6714705728622204,1.1643185065161337,1.2403896179360219,0.07024681050885809,0.23543275434627411,0.3056795648551322,1.3987378908057326,1.1407405390092344,0.44089952437844476,0.28045988386269227,0.7023386006109927,0.06783627629095113,0.209771199325555,0.2633773785811736,0.19554110229022248,1.0,0.047619047619047616,,3.084507042253521,21.0,28.714754098360658,False,0,1.0,2026-03-02
Carter Verhaeghe,FLA,MIN,1.0,C,17.739834631951254,2.457523769279121,0.3011396830424974,2.381091924025442,0.28766036675031076,0.38464899583701356,0.6723093625873243,0.40919973710684765,0.9407590213111791,0.37127458053478124,0.3739980803316474,0.8228554009305009,0.2499837205472195,0.3193104808673993,0.4894717793976646,0.2394880588504451,2.0,0.07407407407407407,0.09532827131951027,2.4615384615384617,27.0,31.244712990936556,False,4,29.4,2026-10-06
Matthew Knies,CBJ,STL,0.0,L,17.71414433239506,2.5324294487122003,1.1461829039024243,1.714424128636966,0.28563170782808156,0.37640756474841497,0.6620392725764965,0.4121220131867188,1.3818187870783225,0.4127445584774323,0.3418818359713601,0.6749792849409776,0.2484606489560488,0.3136774448471511,0.4842015922936015,0.2357409433375527,3.0,0.06666666666666667,0.06148524575017672,4.235831809872029,45.0,26.581818181818182,False,3,29.4,2026-10-09
Charle-Edouard D'Astous,TBL,NYI,0.0,D,17.69658309829351,0.9720257788343266,0.40833483853973407,1.297920570864988,0.07367895017359764,0.2489941263421379,0.32267307651573557,1.214950533680421,1.1947637653372947,0.7780575451175866,0.26425708682104815,0.8754429213037501,0.0710301084070134,0.2204154476158121,0.275789422884094,0.20475931447708062,2.0,0.05714285714285714,0.04224486084368478,3.9536741214057507,35.0,28.41389728096677,False,4,27.1,2026-10-08
Timo Meier,NJD,VAN,1.0,R,17.66759728702486,1.7041250179358376,0.15428909152196843,3.234031604674876,0.38857446129191875,0.4288381081515371,0.8174125694434559,0.6088189096677069,1.5244486851792074,0.4236046411936803,0.36388675658765735,0.902061105770075,0.3219772664484972,0.3487346448008112,0.5584272836004556,0.23645001715195835,8.0,0.24242424242424243,0.1261633032679887,6.0,33.0,29.28787878787879,False,3,29.4,2026-10-06
Dylan Holloway,STL,CBJ,1.0,L,17.66230670321131,2.286655643729322,0.3945964337837714,2.5779500865067413,0.33141344979407095,0.43787744717628946,0.7692908969703605,0.6352092225102889,1.6766049666937708,0.3730570775836532,0.3177445281977385,0.7277937974252037,0.2820917113618705,0.3545951257994683,0.5366584912839891,0.2545667799221186,2.0,0.07692307692307693,0.07178060142705842,2.384,26.0,24.90332326283988,False,4,29.3,2026-10-08
Mats Zuccarello,LAK,VGK,0.0,R,17.64989763627052,2.6851752940018496,0.11975253480556386,1.8245019063946275,0.2522997315703406,0.4175719116184421,0.6698716431887827,0.4811994567124801,0.7051007017629047,0.44441204230065345,0.2779363768416698,0.7927610749638618,0.2229881918069716,0.3413558740200986,0.48822573671664005,0.26523754490966844,0.0,0.0,0.08459784148138218,1.7371794871794872,20.0,28.78181818181818,False,3,29.4,2026-10-06
Logan Stanley,NYI,TBL,1.0,D,17.63282275971432,0.38671428728940915,1.7902778416347305,1.3022737304436955,0.06031549470892531,0.24855940120065823,0.30887489590958356,1.2220515191677275,1.4109156605935664,0.9092634709715596,0.2777441566349024,0.8785288290678969,0.05853254127791285,0.2200764689350425,0.26572737521071776,0.2071948339328049,0.0,0.0,0.037532463242411856,1.6951871657754012,19.0,25.595166163141993,False,4,29.3,2026-10-08
Brenden Dillon,NJD,VAN,1.0,D,17.61190279279094,0.1926867785173868,1.7791668656957358,0.8861475139560658,0.050619444100134796,0.23872746257408242,0.2893469066742172,1.145971254834899,1.7986123913334295,0.7855343673848247,0.18286181903032017,0.8187220583651459,0.04935962649325065,0.21237048835621497,0.2512475868660137,0.20188796037276302,0.0,0.0,0.029740175470086765,6.0,33.0,29.28787878787879,False,3,29.4,2026-10-06
Beckett Sennecke,ANA,CGY,0.0,R,17.591084497589524,2.6272246851756265,0.14695358632755595,2.506376302086517,0.32516823677002554,0.4050376256682072,0.7302058624382328,0.466453396760264,1.3034759663204671,0.669020365156442,0.3679912485782395,0.9708098870675185,0.27759419180166656,0.33304828411760234,0.5181902066587112,0.24059601485704463,0.0,0.0,0.07950036206542549,9.0,17.0,26.154078549848943,False,4,27.9,2026-10-09
Jonathan Aspirot,BOS,PHI,1.0,D,17.58757230499688,0.20241507872341813,0.9248538175118616,1.098407920141159,0.06083093419578241,0.226607807789085,0.2874387419848674,1.3352858377271137,1.2299253341937397,0.5673571723517385,0.240657632498208,0.9117277357555382,0.059017685739682024,0.20276661028923915,0.2498174799443703,0.1907997942046883,1.0,0.037037037037037035,0.031877399229265566,2.282442748091603,27.0,26.596969696969698,False,3,26.2,2026-10-03
Nikolas Matinpalo,OTT,NSH,1.0,D,17.587241763897886,0.1863176484261475,2.1054076654236393,1.0977098475890334,0.05166924039509195,0.20513396638747836,0.2568032067825703,1.1957999021611156,1.0856597110057296,0.4394865868008259,0.2526837474800951,0.9400165949891677,0.05035708158126129,0.1854618116367256,0.2264795776391878,0.17612249605792651,0.0,0.0,0.032675193749081,2.22,26.0,28.51057401812689,False,4,28.4,2026-10-08
Frank Nazar,CHI,CAR,1.0,C,17.57604583527708,2.5357563766196654,0.9154204055987718,1.8076900473039892,0.28191766571665927,0.35803065255399036,0.6399483182706496,0.6298550144707277,0.9363261082816171,0.49568874755843256,0.38364283943307365,0.9790787695686375,0.24566421032699626,0.3009483530402354,0.4726803238683921,0.22701611354139584,1.0,0.043478260869565216,0.08203515588422328,2.6666666666666665,23.0,21.157099697885197,False,5,29.0,2026-10-08
Mikael Backlund,CGY,ANA,1.0,C,17.560756295288385,0.8391762779674391,2.3637110125116068,2.171562510209734,0.26692526535345784,0.3398920376130646,0.6068173029665225,0.458246471696758,0.6812794896589206,0.3197403851240251,0.42112411620543483,0.9858478955113222,0.2342697040899656,0.28815282866609204,0.4549170548517657,0.2206473507618001,8.0,0.27586206896551724,0.0872024952544087,2.1374570446735395,29.0,29.50453172205438,False,4,29.4,2026-10-08
Troy Terry,ANA,CGY,0.0,R,17.55017178105531,2.630689675142426,0.2484792044846677,2.576506984612087,0.312681464993015,0.4194073552036919,0.7320888201967068,0.4028034379293144,0.6109893042175518,0.38366886180986,0.3970900053132018,0.7070767530944346,0.26851712163319885,0.34256366939687877,0.519096580547521,0.2505794589143221,4.0,0.1,0.09429476329879447,4.0057306590257875,40.0,26.134556574923547,False,0,29.4,2026-04-16
Will Smith,SJS,EDM,1.0,C,17.527967625629866,2.5879382763314798,0.2506784852126696,2.078181258218788,0.2910298802907949,0.4188446767827054,0.7098745570735003,0.36975101928899184,0.6816657416921865,0.29307726786508426,0.3105366478755016,1.0256413187924454,0.25250665763404234,0.342193640066479,0.5082941253837083,0.255787467749666,1.0,0.037037037037037035,0.08204380419783053,6.0,27.0,20.148936170212767,True,4,29.2,2026-10-08
Roman Kantserov,CHI,CAR,1.0,R,17.494231971015104,2.47374007725923,0.25104208266874134,1.8173121686390072,0.25965132292205356,0.3412438836425117,0.6008952065645652,0.5281153345537187,1.5105752219795692,0.4628038188308895,0.3408114619946979,0.7561102622437451,0.22867951930653174,0.2891144862852645,0.4516794438435271,0.22299992453699535,2.0,0.08695652173913043,0.053421850274098154,1.8037974683544304,23.0,21.157099697885197,False,5,4.7,2026-10-08
Travis Konecny,PHI,BOS,0.0,R,17.48947917048773,2.5838311544171053,0.3806419053590851,2.0413227523253736,0.25967833568490034,0.38165728443301583,0.6413356201179161,0.49795848667370174,1.4894739023261423,0.5713903314032228,0.23835911216039113,0.8223886956294137,0.22870035452234594,0.31727100503003425,0.4734113682223504,0.24471101370000448,2.0,0.06896551724137931,0.09733667118390246,2.552631578947368,29.0,26.936746987951807,False,5,29.4,2026-10-08
Shakir Mukhamadullin,EDM,SJS,0.0,D,17.481656606687796,0.2462358430958508,1.3012996075848828,1.1366614862960798,0.061893510081925535,0.19551018957544705,0.2574036996573726,1.2373728960217845,0.8426381740423883,0.44128621302980653,0.19898654397660748,0.9389285036757871,0.060017019827923734,0.17758503653783142,0.22694393170672145,0.1669269118787977,0.0,0.0,0.04117225192972644,2.7522935779816513,32.0,30.48936170212766,False,2,27.8,2026-10-01
Christian Dvorak,PHI,BOS,0.0,C,17.47544565108423,1.6223931298169032,1.4811765793585272,1.7112873978343317,0.2262760370744928,0.3369564447411245,0.5632324818156174,0.6838741202463061,0.9089187858630493,0.44593991322628257,0.2986443692517575,0.6381597063182678,0.20250206771652535,0.2860600649357704,0.4306343780116788,0.22813231029515346,0.0,0.0,0.05971511349977681,2.552631578947368,29.0,26.936746987951807,False,5,29.4,2026-10-08
Max Crozier,TBL,NYI,0.0,D,17.442273253115932,0.20234016694490028,1.2781078454359383,1.3556837726421946,0.055393527279092886,0.20763783875863684,0.2630313660377297,1.165862665937698,1.1734368654577148,0.5782701738717188,0.2067272211299466,0.7338796176632201,0.053887246492999585,0.18749876010812272,0.2312822146980441,0.17739496820504452,2.0,0.05714285714285714,0.046900043782342415,3.9536741214057507,35.0,28.41389728096677,False,2,25.0,2026-10-08
Nils Lundkvist,DAL,PIT,0.0,D,17.404911033825083,0.2887142921841496,0.4870417608856666,1.124061631023618,0.05136200754607834,0.2116339751265756,0.26299598267265395,1.1032192342215599,0.6872600030840722,0.39311939764044507,0.19441954100679035,0.8215357299837496,0.05006527525794113,0.19073914703565398,0.23125501439479024,0.1811897391368491,0.0,0.0,0.04756269271258653,2.6106870229007635,18.0,26.40785498489426,False,4,29.3,2026-10-08
Ty Murchison,PHI,BOS,0.0,D,17.40280462363202,0.4664690386412128,1.2769333618771443,1.1817117634940393,0.05685397387859546,0.21950941995879836,0.27636339383739383,1.2571408812715996,1.1963213611034818,0.4445015116656741,0.25492872791363264,0.7305719200683349,0.055267985153648724,0.19708740574614947,0.24146276708504888,0.18619478193140016,0.0,0.0,0.05071048230962637,1.7941176470588236,18.0,27.298181818181817,False,0,2.9,2025-12-13
Declan Carlile,PIT,DAL,1.0,D,17.388715823254042,0.18497354036020466,1.542831218652342,1.153272657421254,0.06333351467023277,0.1940512044385143,0.25738471910874705,1.2586288123129026,1.3749961745202548,0.5774369860401395,0.2532837498770997,0.7149439672224983,0.06136962551936953,0.17638426959218545,0.226929258539175,0.16555963301980547,1.0,0.045454545454545456,0.03365298810253704,1.5365853658536586,22.0,28.150602409638555,False,5,24.3,2026-10-09
Anton Frondell,CHI,CAR,1.0,C,17.387092552487246,2.6407641825560857,0.6705950382119564,2.0796948335499534,0.26725079436434795,0.4059130408740204,0.6731638352383684,0.7851908379891236,1.1572717817657563,0.3630695589678563,0.3474584945566429,0.7460850032001269,0.23451893094831455,0.3336318883059681,0.48990782547849954,0.255388894530185,3.0,0.13043478260869565,0.09680287121569052,2.6666666666666665,23.0,21.157099697885197,False,5,13.1,2026-10-08
Erik Gustafsson,LAK,VGK,0.0,D,17.379418717462652,1.2665655264955378,0.3515857497773159,1.1335285323870392,0.05676805094803463,0.251037497528556,0.3078055484765906,1.0547199633050346,0.7763898547648066,0.37932675833444923,0.2734867288834991,0.8162805367325761,0.05518680752287852,0.2220068018101694,0.26494176269278025,0.20975495516990172,0.0,0.0,0.05073538568936344,1.7371794871794872,20.0,28.78181818181818,False,2,29.3,2026-10-06
Hunter Skinner,STL,CBJ,1.0,D,17.362139565474948,0.6714705728622204,1.1643185065161337,1.3211963179120967,0.07008539019700244,0.2570307972603784,0.32711618745738086,1.3472229057798077,1.187224218339212,0.38800304218067766,0.2941679126447699,0.7522870334281789,0.06768579398684604,0.22665560349004366,0.2790000329930983,0.21131423900625224,0.0,0.0,,1.6932907348242812,17.0,24.840304182509506,False,0,1.0,2025-11-14
William Wallinder,DET,MTL,0.0,D,17.35309639217585,0.5462436613532557,1.4610717864751388,1.3256558974620618,0.06716225423148811,0.250221169060046,0.31738342329153413,1.3057713518701475,1.0572557608092374,0.4512087466647256,0.2508605479782397,0.6811122523170524,0.0649565257323953,0.22137144451934088,0.2719484503193982,0.20699192458700288,3.0,0.075,0.04874021947111894,5.0,40.0,25.909365558912388,False,2,2.0,2026-10-09
Nick Seeler,PHI,BOS,0.0,D,17.344703385532185,0.21993184931488924,2.02198689246948,1.1146169671733714,0.05631060790378397,0.17974959602971619,0.23606020393350016,1.755470465820584,1.3551567035258858,0.5359137123600037,0.20797766746525734,0.730397430363679,0.05475451043175317,0.16452060742272656,0.2102668725391137,0.15551236210736052,1.0,0.034482758620689655,0.04377673028252348,2.552631578947368,29.0,26.936746987951807,False,5,29.4,2026-10-08
Jordan Oesterle,NSH,OTT,0.0,D,17.318671627343864,0.2949719444231735,0.9400071746869313,1.0778607900200916,0.06107371469056515,0.1982429991908101,0.2593167138813752,1.4790477786969816,0.9460715481802491,0.35408666904290653,0.3134040182605975,0.8922314900114522,0.059246110161900845,0.17982947185375986,0.22842138531585632,0.16917527515395547,0.0,0.0,0.03912507772049388,3.893805309734513,30.0,28.335403726708076,False,0,28.8,2026-04-09
Hoyt Stanley,OTT,NSH,1.0,D,17.262139565474946,0.6714705728622203,1.1643185065161334,1.2379994936396344,0.07191084201661427,0.2627159994143244,0.3346268414309387,1.2826541210685918,1.0442257292028145,0.40994665097512806,0.28465013430621056,0.7485549822195019,0.06938613623207268,0.23103974853488374,0.28439492930009125,0.21500879306801857,0.0,0.0,,2.22,26.0,28.51057401812689,False,1,1.0,2026-10-08
Evgeni Malkin,PIT,DAL,1.0,C,17.253260251850723,2.6143725236925186,0.19602060193686782,2.2368986680636582,0.2840344633592056,0.42981928800341573,0.7138537513626213,0.4154318413056573,0.8461633649418097,0.5981871697522033,0.46819760057202586,1.092472111521682,0.2472592977140443,0.34937333985695884,0.5102468309179613,0.262987533203917,3.0,0.13636363636363635,0.08755657968665588,1.5365853658536586,22.0,28.150602409638555,False,5,29.4,2026-10-09
Carson Lambos,MIN,FLA,0.0,D,17.241306232141614,0.6714705728622203,1.4726518398494668,1.2640436593861597,0.06507559449536511,0.24236578116131371,0.30744137565667884,1.3678801051820912,1.0004693384977257,0.48708975886622885,0.2748233466498454,0.7308797292088774,0.06300337108723209,0.21523092869626237,0.26467402571339427,0.20167065462616218,1.0,0.03571428571428571,,2.25,28.0,26.92142857142857,False,0,1.0,2025-12-18
Mikulas Hovorka,FLA,MIN,1.0,D,17.223553884564367,0.43499782815849314,1.325599186384028,1.2945669208749373,0.06945570185453612,0.23151066889774777,0.3009663707522839,1.135442003527343,0.980172297325406,0.393533423253744,0.27184224894001624,0.8642119215604528,0.06709854172625662,0.2066657685438219,0.259897338576052,0.1927987968497954,3.0,0.1111111111111111,0.03867701558200518,3.8135593220338984,27.0,31.30886850152905,False,0,3.8,2026-04-15
Simon Benoit,PHI,BOS,0.0,D,17.21131583408212,0.17903460960680223,1.7543255734772918,1.0549011111054114,0.04542987389589685,0.16750967183659216,0.21293954573248902,1.3909423310695863,2.0272331372686896,0.6018861844715955,0.20207008855233338,0.8066679628621964,0.04441338821140284,0.15423156288483308,0.1917950048193804,0.14738161660797755,0.0,0.0,0.031915622564995166,2.552631578947368,29.0,26.936746987951807,False,4,29.4,2026-10-08
Kyle Palmieri,NYI,TBL,1.0,C,17.194604381066153,2.9828335429695896,1.049342625143598,2.1551425463029594,0.2615217562457614,0.3566355875146982,0.6181573437604596,0.5532372414477659,0.9055171180547266,0.43143134202270583,0.3288250756017222,0.6927905708936561,0.23012087443732765,0.2999724499610441,0.46106340190622885,0.2309425274689012,1.0,0.05263157894736842,0.09237015479377245,1.6951871657754012,19.0,25.595166163141993,False,4,29.4,2026-10-08
Jake Walman,EDM,SJS,0.0,D,17.188247579051737,0.9127325060593058,0.8545862500645175,1.6335274782561537,0.0792242323992628,0.23633427093710466,0.3155585033363675,1.5501763861013746,0.5520413564998599,0.3632879641292385,0.23159963048932716,0.8334710661288972,0.07616725201548069,0.2104832826742109,0.27061860145319927,0.19445134943771858,1.0,0.05263157894736842,0.07792085891641613,2.8073394495412844,19.0,30.48036253776435,False,4,29.4,2026-10-07
Anthony Cirelli,TBL,NYI,0.0,C,17.184786105137118,1.089424120582525,1.9173705234672864,1.7090440747378994,0.2500357678196593,0.34215525472312935,0.5921910225427887,0.6578519897362489,0.9009424271480759,0.505795203510012,0.3111904510413079,0.6428692443092637,0.22122707243638617,0.2897620716439865,0.44688592926747117,0.225658856831085,4.0,0.11428571428571428,0.0643330690538209,3.9536741214057507,35.0,28.41389728096677,False,4,29.4,2026-10-08
Elias Lindholm,BOS,PHI,1.0,C,17.178879431322162,1.7565645899840376,1.1899640868733097,1.6950264301429854,0.2549001970296479,0.3613104767570515,0.6162106737866995,0.6205660730581491,0.916672557742541,0.3941290205330211,0.3108376389404245,0.7311985239753703,0.22500615921118994,0.3032373637228507,0.4600132483934354,0.23500708918224544,0.0,0.0,0.07337589292691248,2.9403973509933774,22.0,26.575301204819276,True,5,29.4,2026-10-08
Logan Cooley,UTA,BUF,0.0,C,17.172262875811878,3.0611164133609963,0.7577166751458956,1.7442034057231945,0.2688471575709751,0.39380701421606734,0.6626541717870424,0.539057159041172,1.129904464947167,0.4444967487439304,0.3697413259559754,0.782920329817165,0.23573994191452807,0.3255157904548992,0.48451865883532763,0.24877871692079956,0.0,0.0,0.07094833199358554,4.282122905027933,37.0,24.97590361445783,True,5,29.3,2026-10-08
Jimmy Snuggerud,STL,CBJ,1.0,R,17.149433368180095,2.2651161331032577,0.12786729713028963,2.498281665993111,0.31858412627473615,0.42875610661245384,0.74734023288719,0.5174174341746224,1.1293406459672855,0.35275121357831396,0.3354250647606571,1.0142232153498603,0.2728220993855437,0.3486812378496371,0.5263753899086927,0.253553290523149,1.0,0.038461538461538464,0.09085728454663514,2.384,26.0,24.90332326283988,True,4,27.6,2026-10-08
Jeremy Lauzon,VGK,LAK,1.0,D,17.12986455064505,0.19629262869267602,1.8899119356309697,1.2598824871760343,0.057724856449291095,0.20929623575145803,0.2670210922007491,1.2877786896680754,2.684249313799873,0.5962495218953522,0.2363271893345681,0.7270025986157603,0.05609037764373592,0.18884509303521801,0.2343430780944421,0.17825270045070618,2.0,0.046511627906976744,0.04024104337725275,2.5806451612903225,43.0,27.96385542168675,False,5,29.4,2026-10-08
Artturi Lehkonen,COL,TOR,1.0,L,17.122118710868076,1.4066556846063396,1.2478819761121098,2.038072157945148,0.30928201385040904,0.3752911200620343,0.6845731339124433,0.4484700776073044,0.9394019168043296,0.35751721486118615,0.3071586582644449,0.6920818871314449,0.2660262499269689,0.3129107757851417,0.49569454546825076,0.22966829554128187,1.0,0.03333333333333333,0.07397122054442137,3.5999999999999996,30.0,29.43202416918429,True,4,29.4,2026-10-08
Cutter Gauthier,ANA,CGY,0.0,L,17.109100583779096,2.887240234493449,0.21761135748803934,3.1724623302299473,0.37107274047223626,0.38585216103933206,0.7569249015115683,0.43629816974314106,1.08047655218944,0.4899877333655044,0.3024725804386411,0.8091312487600355,0.3100062507378559,0.32012897032264953,0.5308932392182105,0.2208869884803546,1.0,0.058823529411764705,0.10471752072366589,9.0,17.0,26.154078549848943,False,4,29.3,2026-10-09
David Reinbacher,MTL,DET,1.0,D,17.092810949696855,0.5462436613532557,0.9471771804826793,1.3844990326430235,0.06668767621473229,0.26119772910942457,0.3278854053241569,1.2762980104540353,1.0750015650943916,0.4001197373309422,0.27051512710178477,0.7614611590207817,0.06451266934088451,0.22987137228839571,0.27955442579790357,0.21504175645701906,1.0,0.034482758620689655,0.06561536933248933,3.00921187308086,29.0,24.712538226299696,False,0,2.0,2026-04-14
Trevor Moore,LAK,VGK,0.0,L,17.085443178749788,0.8857602264152828,1.428486740310339,2.1308322810245905,0.23719051612310615,0.2916684077521938,0.5288589238753,0.548902086150309,1.111972730545838,0.31413275152928527,0.3401320031267173,0.6496764612055663,0.21115901322588826,0.2529838003097935,0.4107230039001306,0.19956399067424235,2.0,0.1,0.08762835374524214,1.7371794871794872,20.0,28.78181818181818,False,3,29.4,2026-10-06
Victor Hedman,TBL,NYI,0.0,D,17.072606416971393,1.036794673057845,1.6394256212653744,1.3552849087675998,0.0657830536899252,0.26375632052707376,0.32953937421699897,1.3236901182666638,0.7260558646141433,0.3354047205753605,0.22935528887711817,0.8392472927200177,0.0636660235402049,0.23183929815306314,0.2807450354795106,0.21707901193930568,0.0,0.0,0.07656397349451446,3.9536741214057507,35.0,28.41389728096677,True,4,29.4,2026-10-08
Matt Grzelcyk,BUF,UTA,1.0,D,17.049043915948886,0.7000221823989775,0.8239193386794946,1.0219564029289034,0.04725155855732013,0.20786952348460952,0.2551210820419296,1.0527593093382246,0.6861112409691886,0.41081522485788874,0.32308843786619906,0.7330587773234524,0.046152581073315324,0.18768698243027904,0.22517732483057495,0.17902474375725963,0.0,0.0,0.04230143690623178,3.0,26.0,28.640243902439025,False,1,29.4,2026-10-01
Dylan Guenther,UTA,BUF,0.0,R,17.046309022176228,3.4425932002779978,0.2285084991754215,2.6684796822331003,0.32699265877957373,0.39973041435792933,0.7267230731375031,0.371987001733117,1.0380106220628251,0.4098176110559602,0.2646393006284361,0.7074024437816857,0.2789109633192587,0.32949922094393824,0.5165092391367778,0.23759827581751913,0.0,0.0,0.10393472270254889,4.282122905027933,37.0,24.97590361445783,True,5,29.3,2026-10-08
Dylan Cozens,OTT,NSH,1.0,C,17.02249169922354,2.903936044357033,0.30074958657769196,2.4653454254057956,0.32915992762542384,0.4242049873336436,0.7533649149590674,0.45124447051083755,2.043265667981067,0.472633830789176,0.295522393445053,0.6818481435976912,0.28047206484913734,0.34571025294932345,0.5292202493142465,0.24874818446510916,1.0,0.038461538461538464,0.08570586541104143,2.22,26.0,28.51057401812689,True,4,29.4,2026-10-08
Dawson Mercer,NJD,VAN,1.0,C,17.014333168573614,0.9963984188406414,1.7315323434302436,1.9140460583362386,0.30222727859998894,0.37077972840421286,0.6730070070042018,0.47389889574966687,0.7265935000038284,0.2970442136261621,0.35091862150055975,0.7889271008763138,0.2608299517367597,0.3098040446194916,0.4898278223502964,0.2289978706135367,2.0,0.06060606060606061,0.06207229940301685,6.0,33.0,29.28787878787879,False,3,29.4,2026-10-06
Lian Bichsel,DAL,PIT,0.0,D,17.012281253779257,0.1913008999659587,1.0929029465100415,0.8674719891189032,0.051239498087489975,0.17333931906204106,0.22457881714953104,1.1271533385706494,2.205599849462218,0.5911100858603308,0.2665409213755739,0.6759856454570373,0.04994889214024789,0.15914775076416,0.20114738906712581,0.15119849692687792,0.0,0.0,0.0295713807756904,2.6106870229007635,18.0,26.40785498489426,False,4,28.1,2026-10-08
Carson Soucy,CBJ,STL,0.0,D,17.010658614931195,0.2052811800934107,1.4592923976861851,0.987099255070438,0.052016006736095355,0.18472840393787257,0.23674441067396793,1.128530664058632,1.1831389911344694,0.5013269039636662,0.2460459226606951,0.8099525378048859,0.05068632869213385,0.1686699608414245,0.2108070284578606,0.16012069976572674,1.0,0.022222222222222223,0.03651327939383607,4.235831809872029,45.0,26.581818181818182,False,3,29.4,2026-10-09
Nazem Kadri,COL,TOR,1.0,C,16.999262079412777,2.431952511477704,0.2236578813033616,2.548794444581202,0.2890680502922907,0.4236197367482681,0.7126877870405588,0.46912535024919744,0.8188771756281951,0.34347535917138455,0.3267226020905361,0.8179431201531208,0.2510387633625982,0.3453272174169051,0.5096754631637164,0.25863669980111814,2.0,0.06666666666666667,0.1067241657760421,3.5999999999999996,30.0,29.43202416918429,False,4,29.4,2026-10-08
Kirill Kudryavtsev,VAN,NJD,0.0,D,16.998761687257602,0.37117751208268174,0.8966546478788231,1.2822314857942039,0.05815539026714817,0.23568361294541335,0.2938390032125615,1.3634281116025322,0.8793450538485907,0.36475639085624345,0.23238295362137523,0.6843759663538728,0.05649667518846857,0.20996941015300696,0.2546035117765467,0.19810683658807815,1.0,0.08333333333333333,0.05550567350182337,3.5,12.0,26.137614678899084,False,0,4.7,2026-04-16
Morgan Geekie,BOS,PHI,1.0,C,16.984334720656715,2.0883868910836694,0.2009032363569567,1.8322266655603499,0.26703201457318754,0.3762484104522323,0.6432804250254198,0.48718802794649385,1.3240780255106424,0.34209078157431877,0.3050588368176977,0.8904299651839742,0.23435144083883264,0.3135682049711642,0.4744344851737582,0.24008304433492555,1.0,0.045454545454545456,0.06730888543126892,2.9403973509933774,22.0,26.575301204819276,False,5,29.4,2026-10-08
Matt Duchene,DAL,PIT,0.0,C,16.983737458331138,2.8968687188148556,0.20809295913352369,1.7165369296866553,0.2613096896212198,0.4263448461979769,0.6876545358191968,0.47148878174680814,0.8445929756020417,0.28836473683429603,0.2579520547207113,0.8350728180928513,0.2299575914570412,0.34710884373726625,0.4972461215150473,0.2672885300580061,0.0,0.0,0.07491773835006271,3.201492537313433,28.0,26.39755351681957,True,0,29.4,2026-04-15
Tyson Foerster,PHI,BOS,0.0,R,16.969929428260805,2.2427325043142448,1.3908315523352233,2.096940854539591,0.265039064781641,0.2883980618670708,0.5534371266487118,0.650349563057039,1.2215297328173256,0.45693186723930385,0.32345392114559696,0.5352914456146736,0.23282402017166137,0.2505367998670238,0.42502983509270176,0.19220581492104039,3.0,0.10344827586206896,0.07217050965116173,2.552631578947368,29.0,26.936746987951807,False,5,29.3,2026-10-08
Daniil Miromanov,CGY,ANA,1.0,D,16.95198434884962,0.37735986997112075,0.7770502561594277,1.2792085596235812,0.06483351482183591,0.23352111852164317,0.2983546333434791,1.236086047301227,0.6483905508818115,0.37377485284104434,0.27112729505217814,0.8997000475299561,0.06277651579178689,0.20825912483311682,0.2579618583860339,0.19518534259424702,0.0,0.0,0.05098537614507172,2.1374570446735395,29.0,29.903614457831324,False,0,27.7,2025-10-14
Kevin Gravel,NSH,OTT,0.0,D,16.929425468421197,0.18977143198047694,1.1805053742127567,1.0448331426808497,0.04861954853488689,0.1870968579003199,0.2357164064352068,1.5403193162673594,1.1132461098121988,0.37438585671851743,0.186174284414855,0.7177442797420424,0.04745654267598065,0.17063659790276786,0.2099953175882917,0.16253877491231106,1.0,0.047619047619047616,0.03953114715004812,1.8115942028985506,21.0,28.32,False,0,19.0,2026-04-16
Marco Rossi,VAN,NJD,0.0,C,16.90146162678133,2.7140353912751305,0.24595667432711285,1.5419984157727857,0.23975186146375768,0.3580874888881625,0.5978393503519202,0.6222718659726253,1.1464910328548155,0.3526567440765903,0.3232489566610183,0.7203284490366825,0.2131769220280172,0.3009880834441696,0.4500012922764467,0.2368243702484295,3.0,0.15,0.06255827189936157,4.5,20.0,26.05421686746988,False,5,29.3,2026-10-08
Harrison Brunicke,PIT,DAL,1.0,D,16.85981026631507,0.5076943598068326,0.5152876770880246,1.1979977189595419,0.06200399000825412,0.2128565717544042,0.27486056176265833,1.2743136765220309,0.9978082354413691,0.45723363635708014,0.26461824707335435,0.9838930668137348,0.060120863341905695,0.19172794205362842,0.24032195599250317,0.18020109265059747,1.0,0.02702702702702703,0.04409097567537732,4.2110091743119265,37.0,27.876447876447877,False,0,7.9,2025-11-03
Blake Coleman,MIN,FLA,0.0,L,16.835585647411765,1.531047878187792,1.9189644454098684,2.2370025630220303,0.27323177764364753,0.3046815445133031,0.5779133221569506,0.5964793304283882,1.6213215213761212,0.6148274267255481,0.3940900445719423,0.710448145077666,0.23908359622227315,0.2626418472441797,0.4389320861088535,0.19984848988658033,6.0,0.16666666666666666,0.08095795950359011,3.8218623481781373,36.0,27.350453172205437,False,4,29.4,2026-10-08
Brian Dumoulin,LAK,VGK,0.0,D,16.814664759766377,0.25561227906442285,0.9490016860062661,0.7429211576776868,0.04781607455133627,0.18529485933714887,0.23311093388848514,1.1136281916910966,0.6876126097714048,0.36760678507729566,0.2626852928874087,0.924991507327222,0.04669089124050518,0.169140738880717,0.20793429827780396,0.16124340703729878,1.0,0.05,0.032302293568115995,1.7371794871794872,20.0,28.78181818181818,False,3,29.4,2026-10-06
Carter Yakemchuk,OTT,NSH,1.0,D,16.811174228118418,2.0411640673092992,0.5266350161462763,1.4848932569727458,0.08413922669951132,0.2980615545168758,0.3822007812163871,1.222925365791568,0.7986228490865804,0.36224445173020886,0.3083153515915237,0.8932575219009437,0.08069674437334085,0.2577443508463244,0.3176419652257467,0.23694522085240588,2.0,0.07692307692307693,0.054646811900885814,2.22,26.0,28.51057401812689,False,4,7.1,2026-10-08
Mason Marchment,SJS,EDM,1.0,L,16.75801616343226,2.5142749013490824,0.12380863525995252,1.9495094333094678,0.2941975537198649,0.38887967502239956,0.6830772287422644,0.4707334167917369,1.373579304064621,0.499235828966942,0.47982191113153416,0.9622295064785018,0.25487072615775275,0.32218417671882127,0.49493958779971026,0.2400688616419575,3.0,0.1111111111111111,0.0730817101432211,6.0,27.0,20.148936170212767,False,4,29.4,2026-10-08
Jonathan Huberdeau,CGY,ANA,1.0,L,16.755846185750677,2.237969259682472,1.008845697468322,1.8063140328636706,0.2787384941237967,0.37497575329675187,0.6537142474205486,0.5540204703686687,0.8845930646886487,0.49758949853179407,0.29091544558745464,0.9420705740836758,0.24326223128431168,0.3126940565078081,0.4798896338966877,0.23662740261237603,3.0,0.12,0.057767369658046526,1.988235294117647,25.0,29.823920265780732,False,0,29.4,2026-02-04
Pavel Buchnevich,STL,CBJ,1.0,L,16.749215012432366,1.6953114375562923,1.754097854456514,1.8119640809231314,0.2586302687244344,0.32781482899518655,0.586445097719621,0.48691734438104084,0.7465869610576,0.33609619613331254,0.34039258741861966,0.7182309197213439,0.22789155708440045,0.279503577599735,0.4436986291742713,0.21580707208987082,1.0,0.038461538461538464,0.08154341046497346,2.384,26.0,24.90332326283988,True,4,29.4,2026-10-08
Jack Quinn,BUF,UTA,1.0,R,16.731071078038255,2.6002777341653203,0.2762069019248018,2.506698697600372,0.29703697589943057,0.3496599160959167,0.6466968919953473,0.38246419080135446,1.1294749716878587,0.3838140912853366,0.2714431278434261,0.8025898259275205,0.2569834618507888,0.29507221644887704,0.4762269986206481,0.2192435367698593,1.0,0.038461538461538464,0.06722745777844347,2.532544378698225,26.0,28.628398791540786,False,4,29.4,2026-10-08
Alex Killorn,ANA,CGY,0.0,L,16.72742352719155,1.4974314759900818,1.9452640420633487,1.8462980063018561,0.23621187979768096,0.29250116846398044,0.5287130482616614,0.3976488638031575,1.0132827590884523,0.39108721808306646,0.2862127668171653,0.6362970585903752,0.2103866469100233,0.2536056270995678,0.4106370364865993,0.20025038957657604,1.0,0.058823529411764705,0.06457126331566475,9.0,17.0,26.154078549848943,False,4,29.4,2026-10-09
Matt Savoie,EDM,SJS,0.0,C,16.70845042590142,1.5222076473276815,1.4323028200687682,2.061456059609527,0.27385483456257087,0.3442305431991528,0.6180853777617237,0.5080730929229796,0.6092296547218693,0.3665939112322933,0.3942788974094801,0.5281596382923811,0.23955754278919306,0.29123449185513617,0.4610246154000536,0.22146707261086052,6.0,0.17142857142857143,0.054925861211447324,3.8633093525179856,35.0,30.45565749235474,False,0,27.9,2026-04-16
Jackson Blake,CAR,CHI,0.0,R,16.702666794922383,2.6678503996225524,0.14756248119996157,2.282297368114023,0.3109814112134924,0.4332109620350767,0.7441923732485691,0.450943959512729,0.6637417137644724,0.4137833888962207,0.31121403062298375,0.8607281785349121,0.26727250374226497,0.3515763154051743,0.5248821370726181,0.25760963333035314,5.0,0.14705882352941177,0.06211829410820099,3.8095238095238093,34.0,31.39457831325301,False,5,29.3,2026-10-08
Matt Coronato,CGY,ANA,1.0,R,16.690247141797606,2.059260070354796,0.18030589607257982,2.292475582574938,0.2836527231907009,0.3950525078036592,0.6787052309943601,0.3979016151449832,0.773793303462373,0.5367231941611366,0.3310171142468004,0.7167604294441062,0.24697189149775478,0.3263553332816873,0.49272663081848356,0.24575473932072878,0.0,0.0,0.07826962331074984,3.0989272943980932,29.0,29.50453172205438,True,4,29.3,2026-10-08
Mavrik Bourque,NSH,OTT,0.0,C,16.68817633219922,1.2935279799302895,0.31331258298618664,1.7212714300179224,0.23932800733084608,0.3203693464934733,0.5596973538243194,0.3846905249888193,1.2816261246409704,0.4640726809398532,0.2581653236429502,0.6018171111599281,0.21284335312726377,0.27411911400351285,0.42861803574999435,0.21577468262273058,0.0,0.0,0.05541427538691521,2.4,20.0,28.25531914893617,False,4,29.2,2026-10-08
Simon Holmstrom,NYI,TBL,1.0,R,16.666213839311396,1.7099933544536345,1.650005111679218,1.5626633416059872,0.22994001830719774,0.28975534713558965,0.5196953654427874,0.4639186471993275,0.7981327932552345,0.3546391377474534,0.41365413221831954,0.7290293284283295,0.2054187385968831,0.2515533452007995,0.40529831293670804,0.19987957433982495,0.0,0.0,0.042596856134714485,1.6951871657754012,19.0,25.595166163141993,False,4,29.4,2026-10-08
Ridly Greig,OTT,NSH,1.0,C,16.664927943461752,1.0943207281866076,1.879238125312336,1.8152023088201548,0.2520057878913479,0.35990769729293404,0.611913485184282,0.6169297242150109,1.2904173531987781,0.5955160810266363,0.33000913379968033,0.6379630843446544,0.22275976052612978,0.3022592735432975,0.45768783067812047,0.2349280701519907,3.0,0.11538461538461539,0.05267626639908898,2.22,26.0,28.51057401812689,False,2,29.4,2026-10-08
Matt Benning,TOR,COL,0.0,D,16.660494465017845,0.2555992750222743,1.7954354371221604,0.9157739314529071,0.03809794143572007,0.16707485318127369,0.20517279461699375,1.5420448285303636,1.0928633461925246,0.4538739688718751,0.23309312713995814,0.6114115988231984,0.0373813439791445,0.1538637270251444,0.18549343809844876,0.14811209411930426,0.0,0.0,0.04618815051250302,1.8865248226950355,21.0,28.363636363636363,False,0,28.3,2026-01-03
Theo Lindstein,STL,CBJ,1.0,D,16.655148746760087,0.2503377708318218,0.7400479691786516,1.2834981970887809,0.0725524850344355,0.2297470047421653,0.3022994897766008,1.1298335914219217,0.7795470468207768,0.34675173395984665,0.3113378356286386,0.7178104121065151,0.06998306659146847,0.2052653588332004,0.2608833261485234,0.19090025955705492,1.0,0.03571428571428571,0.04770179840622596,2.67741935483871,28.0,24.893939393939394,False,3,14.7,2026-10-06
Andrei Svechnikov,CAR,CHI,0.0,R,16.629863819460724,3.0243127729915,0.12572970240317183,2.4691651498155065,0.3595802510385017,0.43917538013810453,0.7987556311766062,0.3199890128928883,1.9215018025887123,0.6152554383989086,0.2775233033317433,0.8627498503659523,0.3020307635455247,0.3554322746603352,0.5501115569014763,0.24808079335595157,4.0,0.11764705882352941,0.08486112557419212,3.8095238095238093,34.0,31.39457831325301,False,5,29.4,2026-10-08
Nolan Allan,SJS,EDM,1.0,D,16.622307136324316,0.18432426202777166,1.6360103359725973,0.8255005184797876,0.05680610179890517,0.1893989302700902,0.24620503206899536,1.237072937168043,1.3201613211692864,0.3962695722597683,0.29124095204453593,0.714008258186843,0.055222757784792575,0.1725436565395263,0.21823807777193427,0.1630153199871417,2.0,0.08,0.024382771047847734,4.746835443037974,25.0,20.155963302752294,False,2,23.2,2026-10-03
Joel Farabee,CGY,ANA,1.0,L,16.6217185669823,1.2236670066106932,1.6894753767668744,1.8425245172031366,0.25463188969810846,0.3330232449075351,0.5876551346056436,0.5558072872384334,0.8368454179437806,0.4855223303459755,0.3880320094363377,0.8260473549362125,0.22479819478386576,0.28324646690754496,0.4443713672516866,0.21957317246782082,2.0,0.06896551724137931,0.06761514833627945,3.0989272943980932,29.0,29.50453172205438,False,4,29.4,2026-10-08
Michael Amadio,OTT,NSH,1.0,R,16.59180901841316,0.37541927271745573,1.652890598132819,1.5024188674177292,0.2447889847906327,0.30465681300812164,0.5494457977987544,0.5763178717449432,1.2574696609050442,0.320096957545906,0.40763059918637196,0.7330191099069382,0.21713028176898996,0.26262361104170084,0.4227303541460167,0.2056000723770267,3.0,0.11538461538461539,0.04817551682877205,1.973474801061008,26.0,28.51057401812689,False,4,29.4,2026-10-08
Brayden Schenn,NYI,TBL,1.0,C,16.5664503405757,2.7233708133353383,0.22824767624525072,1.72394737935155,0.2663544043032287,0.3652216931135353,0.631576097416764,0.5735493796473378,1.9302047153866975,0.666662781028672,0.287179758314699,0.5529205511721953,0.233832453696315,0.3059572306810888,0.4682469544011154,0.2344145007048004,1.0,0.05263157894736842,0.07062997824546952,1.6951871657754012,19.0,25.595166163141993,False,4,29.4,2026-10-08
Vasily Podkolzin,EDM,SJS,0.0,R,16.54534852003729,2.0828352525753506,0.1831873891608064,2.178573911992925,0.30721716182281505,0.3546894123529669,0.6619065741757819,0.6452382862426393,2.209869220945637,0.5098749992670589,0.29548124497420003,0.5769867797181754,0.2645091369730823,0.2986087471587996,0.4841331421282945,0.2196240051552122,3.0,0.15789473684210525,0.04956880398252907,2.8073394495412844,19.0,30.48036253776435,False,4,29.3,2026-10-07
Elias Pettersson,VAN,NJD,0.0,D,16.508454036311,0.2258608500426256,1.5971292960997896,0.9539560430762877,0.05461143961091562,0.16667977437869747,0.2212912139896131,1.286174538120802,1.5530635863408553,0.45691553274004293,0.23026859191792023,0.7698377210370473,0.05314701395013577,0.15352937047535753,0.19851675683108394,0.14536974288094817,3.0,0.15,0.02799673703021432,2.7954545454545454,20.0,26.05421686746988,False,5,28.5,2026-10-08
Logan Stankoven,CAR,CHI,0.0,C,16.501470932848658,1.600315953470265,0.7459561691535713,2.1221980343013014,0.2913221644885217,0.35156740374349393,0.6428895682320157,0.4246106918073653,0.9826195380351663,0.30716211579994285,0.34893395701432356,0.567137800964742,0.2527251061998349,0.29641557586037426,0.47422902417161084,0.22150391797177593,5.0,0.14705882352941177,0.07291238657146198,3.8095238095238093,34.0,31.39457831325301,False,5,29.3,2026-10-08
Owen Tippett,PHI,BOS,0.0,R,16.49913596540478,1.8737216840505255,0.3404451287612106,2.4756834102806833,0.27397726117383925,0.3034955162204712,0.5774727773943105,0.6257097795086348,1.931838316052389,0.4550302526861551,0.3457198964485378,0.7532758128510331,0.23965063548366616,0.261766800800716,0.43868485612396435,0.1990342206402982,4.0,0.13793103448275862,0.1086233038329633,2.552631578947368,29.0,26.936746987951807,False,5,29.4,2026-10-08
Albert Johansson,DET,MTL,0.0,D,16.468778774084477,0.2841876889220044,1.474453653118564,1.0270044579081452,0.05176134076919032,0.17252394522258513,0.22428528599177544,1.0436118296056165,0.7734358490554676,0.3514568770717725,0.24589053181099008,0.6009449647714736,0.050444540021768125,0.1584618622475089,0.20091286651720863,0.1504683264954405,3.0,0.075,0.029331196673611667,5.0,40.0,25.909365558912388,False,4,29.2,2026-10-09
Zach Benson,BUF,UTA,1.0,L,16.4673705357776,1.7348555949103617,1.1002555702923498,1.877639673387314,0.2746979684903601,0.3587138476488084,0.6334118161391685,0.4116318920248957,1.097121155311743,0.502627517971723,0.36611486920916303,0.7326643824003033,0.24019842741124886,0.3014257785904956,0.4692222080030961,0.22902378059184725,4.0,0.15384615384615385,0.05574133289789517,2.0,26.0,28.628398791540786,False,4,29.3,2026-10-08
Brady Tkachuk,FLA,MIN,1.0,L,16.446547993806398,3.3840315058662154,0.1517405449084588,3.014260117154154,0.34192155322948414,0.42335948397511336,0.7652810372045975,0.3859424152872539,2.1062877050788194,0.7283614968160401,0.2604037136498292,0.6969628180795678,0.28959606858246,0.3451568148368188,0.5347968267980919,0.24520075821563192,2.0,0.07407407407407407,0.14261128844710083,2.4615384615384617,27.0,31.244712990936556,True,4,29.4,2026-10-06
Valeri Nichushkin,CBJ,STL,0.0,R,16.446095063267418,1.2933192981951267,1.2875707838017112,1.9080494255695655,0.2524131954305599,0.337892073691555,0.5903052691221149,0.4343560342156915,0.926885762244979,0.3424241525068831,0.2908423907118228,0.7013480576497073,0.2230763495647109,0.28672773541326435,0.44584190844302785,0.22276555887831695,1.0,0.022222222222222223,0.08835461226841328,4.235831809872029,45.0,26.581818181818182,True,3,29.3,2026-10-09
Jonathan Marchessault,NSH,OTT,0.0,R,16.415486821771335,2.4589935453496006,0.11689423652111677,1.778252779711258,0.22878778384239967,0.32786623430730666,0.5566540181497064,0.30757109338437866,1.2060202445490782,0.46907264264493653,0.2504143781433765,0.7570984801557226,0.2045026670191411,0.27954061399126817,0.42687647990902666,0.22237381288988556,0.0,0.0,0.10160316460844852,2.4,20.0,28.25531914893617,False,4,29.4,2026-10-08
Derek Forbort,VAN,NJD,0.0,D,16.409646190804132,0.197131156489959,1.8575373549311074,0.8459318887738758,0.04454583543086139,0.1763885741312165,0.22093440956207788,1.4097097076657508,1.1817054921553316,0.5366435025174355,0.18538665623482364,0.8242432432187018,0.04356823937290977,0.16170781861401928,0.19823073303708239,0.15466249366417262,1.0,0.06666666666666667,0.027490037998752655,1.5,15.0,26.13765182186235,False,0,29.2,2025-10-11
Ryan McLeod,BUF,UTA,1.0,C,16.397241877420793,1.7135660848972356,1.8508903072439051,1.2362689260962605,0.1998437702546549,0.36148388803011783,0.5613276582847727,0.47125982223687896,0.6007490331585414,0.3600830186083979,0.40467794904000265,0.9666715027788412,0.1811413268327573,0.3033581797428999,0.4295488033914582,0.24840747655870088,1.0,0.038461538461538464,0.042916820425804865,2.532544378698225,26.0,28.628398791540786,False,4,29.4,2026-10-08
Maxim Groshev,TBL,NYI,0.0,D,16.39523993012204,0.5462436613532556,0.9565020054690645,1.1657017450633436,0.055300845196113564,0.22206155180487963,0.2773623970009932,1.2058799246599556,0.9204747470315616,0.3996761643220276,0.23980539253889374,0.6497684466718792,0.053799554728606314,0.19913393193441875,0.24222016979359673,0.18842061506499042,0.0,0.0,0.05969979922759816,3.0545454545454547,29.0,28.31418918918919,False,0,2.0,2026-01-26
Pavel Zacha,BOS,PHI,1.0,C,16.374705202128876,2.0945257576849725,0.6592166640730924,1.725485520950267,0.27980782714600483,0.3891866710106805,0.6689944981566853,0.4232893827780801,0.9955947991196068,0.3306400125573804,0.34445919270079534,0.7347289218245371,0.24407100346908173,0.3223922315197333,0.48777663953115713,0.2437056360620754,1.0,0.045454545454545456,0.06385737700019466,2.9403973509933774,22.0,26.575301204819276,False,5,29.4,2026-10-08
Gabriel Landeskog,COL,TOR,1.0,L,16.37119709704933,2.3605689233202938,0.13497914983537157,2.345581425379491,0.31005580135102495,0.3955744501975763,0.7056302515486013,0.5243450781161549,1.3336112013299328,0.5039021583491485,0.28433324642379054,0.7422841266013096,0.26659396996489426,0.3267068452492048,0.5062027403244072,0.2396087703595129,1.0,0.03333333333333333,0.06345902606253974,3.5999999999999996,30.0,29.43202416918429,True,4,26.2,2026-10-08
Roope Hintz,DAL,PIT,0.0,C,16.35318386172491,2.7335383872771333,0.5317746132291611,1.99215812840133,0.27907784751707154,0.4031513561049512,0.6822292036220228,0.48146915850974786,1.1986434398606243,0.37054566584559734,0.2170763745720361,0.6780503033430823,0.24351898924563775,0.3317890461380004,0.4945111022253381,0.25099211297970037,6.0,0.3333333333333333,0.08580364507861728,1.7433962264150944,18.0,26.40785498489426,False,4,29.4,2026-10-08
William Karlsson,VGK,LAK,1.0,C,16.347465255098147,1.3686105983659134,1.3231330563965278,1.9333145659269155,0.23703160512758806,0.33505598129286907,0.5720875864204571,0.6194577695969764,0.686012668230171,0.28292745190294294,0.3599216179214663,0.7032182960184281,0.21103364775866273,0.28470195807747267,0.43565391309901236,0.22462026534034962,1.0,0.023255813953488372,0.07798772951537011,2.5806451612903225,43.0,27.96385542168675,True,5,29.3,2026-10-08
Maveric Lamoureux,UTA,BUF,0.0,D,16.3369335087544,0.21993934530034417,0.7324951622664156,1.197847630252619,0.054484897724648006,0.19227708293566723,0.24676198066031524,1.1641478398717813,1.3113217682272762,0.8375251760808125,0.23777767357151378,0.726654845886773,0.05302718980603627,0.17492177827974342,0.21867335774773033,0.16564616794169407,1.0,0.03333333333333333,0.04615574290237708,4.083809523809524,30.0,24.458483754512635,False,0,14.7,2025-12-10
Luke Evangelista,NJD,VAN,1.0,R,16.314506119341903,2.134941074096458,0.12093318756973637,2.2895469940866415,0.3062430728357235,0.44495515449435735,0.7511982273300808,0.3883137915433894,0.7724303822365448,0.3566876097640427,0.30833585286090714,0.6723785549420086,0.2637923543749604,0.35914698523459776,0.5281991108078545,0.26440675643289413,2.0,0.06060606060606061,0.07548710518551562,6.0,33.0,29.28787878787879,False,3,29.4,2026-10-06
Spencer Stastney,EDM,SJS,0.0,D,16.310323998197696,0.2224689827281625,1.2740988377830846,0.9211241199898863,0.0475423227421329,0.18310941493120847,0.23065173767334138,1.1136206064209893,0.5120170609594902,0.4001058626538903,0.23148118459867056,0.7873390626173608,0.046429885423474926,0.1673229565487685,0.20598405627096705,0.15955417084749213,0.0,0.0,0.02786745685897692,2.4927536231884058,21.0,30.52698412698413,False,0,28.8,2026-03-19
Justin Barron,STL,CBJ,1.0,D,16.29551779636115,0.2999821946144311,0.8639911997125691,0.9823192691164294,0.05813013900597395,0.21923909753364632,0.27736923653962026,1.3330157856028555,0.883482037881443,0.35076478531474314,0.2105333695721455,0.8394494617888625,0.05647285023879123,0.19687033112773888,0.2422253526402921,0.18575250240150087,1.0,0.038461538461538464,0.04044006691216488,2.384,26.0,24.90332326283988,False,1,29.3,2026-10-08
Jake DeBrusk,VAN,NJD,0.0,L,16.288687624398634,2.2755978478940575,0.38806144835394263,2.2818819887946273,0.30927653107155945,0.3056669973387365,0.614943528410296,0.4734525042528206,0.9669125200524433,0.3490071778747119,0.24801419383501527,0.5424449367243187,0.26602222570018386,0.26336812100612916,0.4593285729777873,0.19330634727760343,4.0,0.2,0.09384024147387474,4.5,20.0,26.05421686746988,False,3,29.4,2026-10-08
Philippe Myers,TOR,COL,0.0,D,16.28637866050434,0.1860302503282531,1.074329537304799,1.1248147522849399,0.04158019993663169,0.13959624892168182,0.18117644885831352,1.4632333008775742,1.3445271317759895,0.5013857650170747,0.21690007262757466,0.8735967218324081,0.04072760132923048,0.13029068940748234,0.16571186348161426,0.12498426215238378,0.0,0.0,0.04853796639835651,2.4362139917695473,16.0,28.083333333333332,False,0,28.1,2026-04-09
Jordan Staal,CAR,CHI,0.0,C,16.279322161277136,1.3024998486699486,2.0378358198725834,1.5831410547784466,0.24204747558395923,0.31375309163584136,0.5558005672198005,0.5750690533992442,2.001959483326651,0.28849277625394804,0.2784587723217763,0.5259550289190624,0.21498109256392328,0.26930057831292653,0.42638713832304054,0.21140604575911726,0.0,0.0,0.047306011684881535,3.8095238095238093,34.0,31.39457831325301,False,5,29.4,2026-10-08
Ethan Del Mastro,CHI,CAR,1.0,D,16.246580019321765,0.19232354855305636,0.9319970498099731,0.9568044628625323,0.04714672565543819,0.17945270914677947,0.22659943480221767,1.2556318735289398,1.2346619722797303,0.36703469812035816,0.282209666708726,0.8651595520893218,0.04605258123889178,0.16427252772612466,0.20275993503659107,0.1567073537976993,0.0,0.0,0.040319116023395586,1.842105263157895,15.0,21.17629179331307,False,1,23.2,2026-10-03
Fraser Minten,BOS,PHI,1.0,C,16.23886301009371,1.248654979998869,1.2149148548099578,1.6290761533332423,0.21567473536742834,0.29747555716870616,0.5131502925361345,0.46956143327062255,1.431882446084621,0.3240306315499563,0.35785480485564425,0.6363036833684195,0.19400257830276335,0.25730926353670214,0.40139318129216006,0.2073906029893967,4.0,0.18181818181818182,0.05152947247709144,1.8660287081339713,22.0,26.575301204819276,False,5,28.8,2026-10-08
Drake Batherson,OTT,NSH,1.0,R,16.235432673867923,2.9640884396472647,0.13207950508149668,2.1597275850552524,0.30889765736932023,0.40168660675117607,0.7105842641204962,0.3438417212661475,1.5374651034476752,0.4909814894093414,0.2704262553357771,0.7485879385225835,0.26574408813729655,0.3308095674048468,0.5086429687050488,0.24289888056775222,3.0,0.11538461538461539,0.08643816595917513,2.22,26.0,28.51057401812689,False,4,29.4,2026-10-08
Lawson Crouse,UTA,BUF,0.0,L,16.18576706337919,0.9143255137956435,1.8377361055186467,1.8362084161003023,0.2459831463556375,0.2703879119410221,0.5163710582966596,0.46415202853789495,2.124496510321296,0.5222847357849794,0.30386270773058327,0.6052935038746153,0.2180645967243734,0.2369165722569354,0.40331805219477934,0.18525345547040595,1.0,0.02702702702702703,0.07383411041838042,4.282122905027933,37.0,24.97590361445783,False,5,29.4,2026-10-08
Connor McMichael,STL,CBJ,1.0,L,16.17411997347417,1.546742168953706,1.7639462926242107,1.8453978942506406,0.2692726049148728,0.35125769976673543,0.6205303046816082,0.5207084152065037,0.8625985479327286,0.3842622664046831,0.36246607634548783,0.675939898116589,0.2360650251684807,0.2961976392200527,0.46234076123120704,0.22627573606272633,2.0,0.07692307692307693,0.07260131406371458,2.384,26.0,24.90332326283988,False,4,29.4,2026-10-08
Ryan Greene,CHI,CAR,1.0,C,16.153116503914507,1.0688173097326699,1.4227312478645378,1.3553619484013693,0.20285837312001276,0.282929880961804,0.48578825408181675,0.5723615374654211,0.956765935610567,0.28188050856176283,0.29003392127492317,0.6780838679572775,0.18360614344694381,0.24642737420504546,0.384787937834444,0.20118179438750017,2.0,0.08695652173913043,0.05353307088185002,2.6666666666666665,23.0,21.157099697885197,False,5,27.9,2026-10-08
Ilya Mikheyev,TBL,NYI,0.0,R,16.146599086188587,0.38056674408311947,1.7230117552713942,1.5635462928728732,0.21453527244210688,0.2490994134675258,0.46363468590963264,0.35928704953999735,0.8373646937504142,0.32646274892749333,0.26855266065465777,0.6162628357818134,0.19308365068028233,0.220497523511486,0.3710067073862092,0.1779230567059269,2.0,0.05714285714285714,0.06958163793686933,3.9536741214057507,35.0,28.41389728096677,False,4,29.4,2026-10-08
Justin Holl,STL,CBJ,1.0,D,16.142617665200117,0.183637824050623,0.9522139626482755,0.9761964545717945,0.05196199286248112,0.202977201739732,0.2549391946022131,1.1118423970801847,0.7504753953661333,0.3474183586071245,0.2806517649135318,0.6938352978534598,0.050635051198636094,0.1837031486384546,0.22503638150043193,0.17440133030179583,1.0,0.034482758620689655,0.02399979714138769,5.5,29.0,24.880733944954127,False,0,29.3,2026-04-16
Mathew Dumba,PIT,DAL,1.0,D,16.130609037374096,0.52185025497594,0.3766290901485344,1.1114339379891147,0.05522366825887434,0.20347830247507068,0.258701970733945,1.0639007908031726,1.2779274977741384,0.5325761086399874,0.31967615557287504,0.8119848260834449,0.05372652705823622,0.18411209312117882,0.22794691682659152,0.1742203897683553,1.0,0.034482758620689655,0.04088515500863841,2.37,29.0,27.871323529411764,False,0,29.3,2025-12-07
Tyler Tucker,STL,CBJ,1.0,D,16.127000626356622,0.18385338292072903,0.9363686928985101,1.1362707486422177,0.06277622290320427,0.23182816976349288,0.29460439266669713,1.0339820149981545,1.351473816458517,0.588258276284565,0.28346966098309323,0.8522918540210107,0.06084638875516013,0.20691761286662358,0.25517381210901147,0.19432742335385134,1.0,0.034482758620689655,0.03548992753197273,5.5,29.0,24.880733944954127,False,0,29.2,2026-04-16
Chris Kreider,MTL,DET,1.0,L,16.104175181767978,2.580204465550541,0.31426936831369656,1.770138235003665,0.28414558189102596,0.4233165277913307,0.7074621096823567,0.34502087043390345,1.2727348588352063,0.41368213118483027,0.26388520265158344,0.6843677556333245,0.24734293650872763,0.34512868466843005,0.5071064788378734,0.2597635423291458,0.0,0.0,0.08702942357815183,3.045045045045045,34.0,24.709969788519636,True,4,29.4,2026-10-08
Morgan Frost,CGY,ANA,1.0,C,16.091074269774364,1.9982493735147646,0.2740655771583849,1.8610264607647713,0.27212574481446683,0.3579289214885013,0.6300546663029681,0.6043147125234594,0.9828499484952476,0.3475570949800186,0.3640596963033481,0.7215540737499756,0.23824153210999865,0.30087723415391954,0.4674373130220696,0.22919578091207093,1.0,0.034482758620689655,0.06552356447110956,3.0989272943980932,29.0,29.50453172205438,False,4,29.4,2026-10-08
Yanni Gourde,TBL,NYI,0.0,C,16.088021277827572,0.3495226848001078,1.789889670148411,1.3897361615546588,0.16379821976836423,0.2437568452463992,0.40755506501476346,0.4306408070231306,1.350351782789821,0.4978414694441067,0.35452531398559484,0.6967073018031648,0.15108670147848025,0.21632183383104842,0.3347251829782196,0.18363848149973938,1.0,0.03225806451612903,0.05977378215903307,2.792270531400966,31.0,28.3914373088685,False,0,29.4,2026-04-15
Erik Haula,LAK,VGK,0.0,L,16.08041217848004,1.3130999952244147,1.7241214961319449,1.581368505864276,0.21294180424927375,0.26901483865878095,0.48195664290805473,0.5785413345474218,1.4345232035373667,0.4945585859059565,0.2696906525946807,0.6092627145443698,0.19179683016186622,0.2358680831287051,0.38242616261013007,0.19062933244826386,3.0,0.15,0.06301125622096855,1.7371794871794872,20.0,28.78181818181818,False,3,29.4,2026-10-06
Drew Helleson,ANA,CGY,0.0,D,16.067336592491753,0.18782726123921492,1.0340110302351972,0.8671250729361372,0.04558154456171691,0.20872948362751242,0.25431102818922935,1.2969098119085178,1.010895352275273,0.4132099884325487,0.327518755049319,0.6610712998856454,0.04455831167846436,0.18838523896952164,0.22454942245436005,0.1799911107758957,0.0,0.0,0.03241679827286397,2.9352517985611515,37.0,26.10122699386503,False,0,28.9,2026-04-14
Evan Rodrigues,NJD,VAN,1.0,C,16.056487655921902,1.7151453512174812,1.2574536353556658,2.030551050795901,0.24863388567985156,0.3744138568587397,0.6230477425385912,0.39584787272176175,1.0025076307194163,0.39892487710674535,0.3863814219712213,0.6745742194270177,0.22013455896963463,0.3123077532252799,0.4636925826758701,0.24355802370623547,0.0,0.0,0.07475575714872962,6.0,33.0,29.28787878787879,True,3,29.4,2026-10-06
Tobias Bjornfot,FLA,MIN,1.0,D,16.038706887252538,0.18845019843147462,0.8472079182087265,0.9703807363100097,0.05318472193565831,0.18886509480238609,0.2420498167380444,1.2059970314502282,0.9448184248629031,0.3430858449350283,0.201670843928452,0.6345471037411746,0.05179515792994027,0.1721018130700459,0.214982930411994,0.16318777248205374,0.0,0.0,0.028222821947988492,3.8135593220338984,27.0,31.30886850152905,False,0,23.6,2026-04-15
Victor Soderstrom,BOS,PHI,1.0,D,16.03187750259236,0.605910590791645,0.4128788265771072,1.088633144972463,0.054571707492062665,0.2193499728742864,0.27392168036634906,1.2165138112920193,0.7626621798259339,0.42340531917454244,0.2161722718524227,0.8002745277039165,0.05310939272737725,0.19695937346696213,0.23960837347754438,0.18649898075016713,0.0,0.0,0.05191018817935221,2.3176733780760626,20.0,26.574468085106382,False,0,22.3,2025-12-21
J.T. Compher,DET,MTL,0.0,L,16.0228658346389,0.782697326425804,1.4405090974581576,1.3894404297601575,0.19944750045516454,0.2615655788834072,0.4610130793385717,0.5628183554499403,0.7423971272142074,0.4288923904164668,0.26096335806606713,0.5620414334934465,0.18081677356944914,0.230154611832042,0.3693555710678923,0.18853879749844316,2.0,0.05555555555555555,0.0538597119734145,3.5172413793103448,36.0,25.848024316109424,False,2,29.4,2026-10-04
Jake Bean,CGY,ANA,1.0,D,16.002347628987575,0.23363933964890898,0.546037938982574,1.1840382448977784,0.056200448552623634,0.2071097558767585,0.26331020442938213,1.2582578557007735,0.6049119948048532,0.34922121714895366,0.3370508700203002,0.8221564383264361,0.05465037706640852,0.18706957880015385,0.23149653284747962,0.1768461557810711,1.0,0.043478260869565216,0.03946478113410244,1.9457831325301203,23.0,29.90909090909091,False,0,29.3,2025-12-06
Easton Cowan,TOR,COL,0.0,R,16.000959670644924,1.6024021690301489,0.19593191281825795,1.6114175730866356,0.19095607259483807,0.26703351444716955,0.45798958704200765,0.5204863846200805,1.2666720829781173,0.574261657063447,0.26633398996335855,0.9157070974638297,0.17383112119081756,0.23435258921432467,0.36744593706804507,0.1936148158772275,4.0,0.16666666666666666,0.05487466781680533,1.641509433962264,24.0,28.015060240963855,False,5,26.9,2026-10-08
Kiefer Sherwood,SJS,EDM,1.0,L,15.999075740705985,1.3269599028990393,0.8424678103873685,2.0450990971122645,0.2587171336457587,0.29944629521625243,0.5581634288620112,0.37796319704610293,3.4056659869319397,0.4608767766564822,0.35170293649839984,0.8528212537053846,0.22795862331065475,0.25877147114128607,0.42774090613850047,0.19978228282784571,1.0,0.037037037037037035,0.07160652981303486,6.0,27.0,20.148936170212767,False,4,29.4,2026-10-08
Eetu Luostarinen,FLA,MIN,1.0,C,15.978923180781353,1.2153106273351488,1.3693855016083396,1.5467422022383337,0.20584383289562846,0.29604032241851214,0.5018841553141407,0.6435173069490764,1.2705845881323794,0.4574209941599046,0.28694499918847055,0.5950288721831967,0.18603981983765028,0.2562425626831242,0.3946110623244683,0.20857124248681802,2.0,0.07407407407407407,0.04507606300304223,2.4615384615384617,27.0,31.244712990936556,False,4,29.4,2026-10-06
Egor Chinakhov,PIT,DAL,1.0,R,15.97671210073173,1.8674194607259553,0.12076642888784819,2.196848524974316,0.2564581970279568,0.33047685801558685,0.5869350550435437,0.48470450272981697,1.0151209435924455,0.3235138973469255,0.27274626974078253,0.6195980053782978,0.2262126595060484,0.28141900938663156,0.44397112634377245,0.21775846683772404,3.0,0.13636363636363635,0.06959856706490374,1.5,22.0,28.150602409638555,False,5,29.3,2026-10-09
Sean Monahan,CBJ,STL,0.0,C,15.975871838529837,1.2862790191064863,1.5088985961398056,1.574071189470864,0.21267992369218164,0.2903722437053307,0.5030521673975124,0.43236432096782146,0.7799450760694107,0.2680523926319187,0.35000694059385756,0.5763313366068744,0.19158514974922292,0.2520149169891148,0.3953177511279402,0.2037326013787173,3.0,0.06666666666666667,0.07078626725185012,4.235831809872029,45.0,26.581818181818182,False,3,29.4,2026-10-09
Liam Ohgren,VAN,NJD,0.0,L,15.961320855468951,0.974329919013368,1.0459631697723621,1.52672116133761,0.19634524925341484,0.2526401456603607,0.44898539491377554,0.620774376004542,1.0087035789853056,0.27835344144100427,0.3098224843861614,0.6969103914355892,0.178271515447056,0.22325265255895554,0.3617245793067515,0.1834530638596955,1.0,0.05,0.05215386924856275,4.5,20.0,26.05421686746988,False,5,28.5,2026-10-08
Joel Hanley,CGY,ANA,1.0,D,15.954086970412773,0.18231107111383035,1.1804422832198425,0.9121610868021409,0.0472012550704326,0.19338005684949364,0.24058131191992624,1.390492061763431,0.7982052404299372,0.4923285712933631,0.22015655813289225,0.8623633499968689,0.04610459801533717,0.17583131634457927,0.213829282201342,0.16772468418600484,0.0,0.0,0.02360106167952911,2.827586206896552,24.0,29.51063829787234,False,1,29.3,2026-10-03
Dmitri Simashev,UTA,BUF,0.0,D,15.948809286919593,0.21118614152878895,0.7239918010627538,1.0339680709326766,0.047273169875718425,0.18425272451182892,0.23152589438754734,1.0369487003309257,0.9849332807494057,0.4762771512278751,0.16304482568551631,0.7924905329729875,0.046173194750843916,0.16827442017772498,0.20667784735411754,0.16050465260327362,2.0,0.05405405405405406,0.03424002142641676,4.282122905027933,37.0,24.97590361445783,False,5,20.0,2026-10-08
Ivan Demidov,MTL,DET,1.0,R,15.932444460609204,3.1084069869036086,0.1282539936992868,1.9102156711948495,0.2846955068055379,0.4086423928335053,0.6933378996390431,0.35182396154857726,0.8223564910024139,0.43514073566529554,0.2779396482997094,0.7387486854442015,0.2477567275925835,0.33544816166522606,0.5000953504466852,0.2523386228541017,3.0,0.12,0.05992905887836745,2.2837837837837838,25.0,24.72340425531915,False,2,27.9,2026-10-03
Olen Zellweger,BUF,UTA,1.0,D,15.921965466787979,0.308541091039856,1.2135807101608984,1.2465841519433845,0.07168110376478426,0.21148311547727652,0.2831642192420608,1.1561227517463692,0.6699538839895942,0.3629606161950203,0.26075382503667266,0.7956365460387225,0.06917231406925739,0.19061705301788556,0.2466039444288335,0.1774316303595761,0.0,0.0,0.06029538062060575,2.532544378698225,26.0,28.628398791540786,False,3,29.3,2026-10-08
Nikolaj Ehlers,CAR,CHI,0.0,L,15.914697089497864,2.6378783800513137,0.12230016779498468,2.3352540018851102,0.2627192976975731,0.4043606117839538,0.667079909481527,0.35811489841379185,0.8026116058495858,0.31761358045154847,0.26893207085857807,0.7472259754847066,0.23104228477941746,0.3325965956633984,0.4867950030708882,0.2557527182914707,1.0,0.029411764705882353,0.09113394832028465,3.8095238095238093,34.0,31.39457831325301,True,5,29.4,2026-10-08
Ivan Barbashev,VGK,LAK,1.0,L,15.896040370550649,1.1845485660099042,0.12266326687400061,1.7677319578094415,0.24226596995199795,0.37288586254022,0.6151518324922179,0.4275757200075439,1.6055879992021873,0.33092274593533233,0.2587914447236958,0.8855200341537006,0.21515259603704828,0.31125616016981306,0.45944118531380274,0.24428858927675445,4.0,0.09302325581395349,0.056837457464689704,2.4587155963302756,43.0,27.96385542168675,False,5,29.4,2026-10-08
Tomas Hertl,VGK,LAK,1.0,C,15.884264708511195,3.450555473389691,0.2570559543166094,2.2293355883116805,0.3209311226596968,0.4218139395106283,0.7427450621703251,0.6140245575744373,1.2914588188919518,0.3217311553412256,0.2633149608732385,0.6181390097798685,0.2745267820649612,0.3441439430593207,0.5241939958690593,0.24966721380409818,3.0,0.06976744186046512,0.1020032635459821,2.5806451612903225,43.0,27.96385542168675,False,5,29.4,2026-10-08
Collin Graf,SJS,EDM,1.0,R,15.883158603850628,0.4258966501695279,1.7292900413459953,1.6416708981049046,0.25735324434897866,0.2782206939290447,0.5355739382780234,0.46165869585806074,1.2629969421351177,0.4161249637289056,0.44542206935295714,0.6543632688013923,0.22690492594037426,0.2428702908556365,0.4146667514362954,0.18776182549592113,3.0,0.1111111111111111,0.05499446682890057,6.0,27.0,20.148936170212767,False,4,29.0,2026-10-08
Kevin Korchinski,CHI,CAR,1.0,D,15.86483827131225,0.39182209835851867,0.38184841519112817,0.945580778626209,0.04841075189959157,0.18033755055357112,0.2287483024531627,1.1657843964784524,0.6372516740862029,0.3553624347104352,0.23609090864585264,0.8573408517052924,0.04725763404211469,0.16501168693082402,0.20447125905928987,0.15721362501717517,2.0,0.13333333333333333,0.051398900824655924,1.6330275229357796,15.0,21.17629179331307,False,1,28.6,2026-10-03
Ryan Graves,PIT,DAL,1.0,D,15.861724900460654,0.18016477961358818,0.7956770711328917,0.9784938173057774,0.047127208675760826,0.16114182939081365,0.20826903806657449,1.2949215322609153,1.290373013829655,0.38394733684858784,0.316335284106551,0.8922599974313126,0.04603396288482009,0.14882865856698801,0.1880114485071378,0.1419774856223177,1.0,0.043478260869565216,0.04162025757402497,2.3783783783783785,23.0,28.116207951070336,False,0,29.3,2026-04-14
Ilya Lyubushkin,DAL,PIT,0.0,D,15.85632083820543,0.1869306898901604,1.2942440443997307,0.8070164138612618,0.04362593528629451,0.17665751786228104,0.22028345314857556,1.4571162448969792,1.0653829931972476,0.46812490290847947,0.20867945755147266,0.7575617197254932,0.04268801285986412,0.1619332417265782,0.19770864628117868,0.15502063342131456,1.0,0.03571428571428571,0.023227297089150348,3.201492537313433,28.0,26.39755351681957,False,0,29.4,2026-04-15
Kaedan Korczak,PIT,DAL,1.0,D,15.847373780893628,0.1894118200997025,0.9128041993497766,0.9219258764217653,0.04504433790642807,0.21768152260439877,0.26272586051082686,1.1210514584842908,1.1343924547928996,0.3224001207526361,0.22552370134302804,0.9115199259196695,0.0440449041541352,0.19561842177235422,0.23104733128874289,0.18700242713460768,1.0,0.045454545454545456,0.033974070035901235,1.5365853658536586,22.0,28.150602409638555,False,5,29.2,2026-10-09
Jaycob Megna,VGK,LAK,1.0,D,15.838803490757275,0.18506026829670763,1.1809125080127885,0.8432560758588254,0.03950534000991464,0.16130400039890816,0.2008093404088228,1.3408077377324374,1.143513625003958,0.37569728884548326,0.23982590962868547,0.6496824635625813,0.038735179186781155,0.14896668268943136,0.18193161072937702,0.14319643154259587,1.0,0.04,0.04108721841620437,5.297297297297297,25.0,27.81911262798635,False,0,28.7,2026-01-19
Jack Roslovic,TOR,COL,0.0,C,15.835844943383762,1.566860068673358,0.19503889004640956,1.8751273198391551,0.2120884694249116,0.2672289745037944,0.479317443928706,0.5401798126999466,0.9654841841613456,0.3239140185210434,0.263106815679581,0.7131445247993072,0.19110686790934273,0.23450222807590493,0.3807941096598991,0.1896872417505564,3.0,0.125,0.0649810299525954,2.8,24.0,28.015060240963855,False,5,29.4,2026-10-08
Emil Heineman,NYI,TBL,1.0,L,15.83402632238737,1.2998512757225915,0.9542390706563156,1.7700029967963098,0.2306493696357617,0.23882158558873917,0.4694709552245009,0.5145320465590187,2.188279544863253,0.37643719164071493,0.27346227715644106,0.6758692394359967,0.20598217600914714,0.21244461893153221,0.3746669900517283,0.16868481404258118,1.0,0.05263157894736842,0.059604741807057215,1.6951871657754012,19.0,25.595166163141993,False,4,29.2,2026-10-08
Ryan Ufko,NSH,OTT,0.0,D,15.798166059550494,1.4426675333204462,0.4274381411795644,0.986622623710006,0.05992254384610735,0.2613411952510531,0.32126373909716044,1.1237365056512694,0.8635316438147497,0.43368664495155496,0.20110808397974508,0.6693078447277272,0.05816251813199702,0.22998185174595087,0.2747680462557438,0.21660552812374678,1.0,0.05,0.03164700661156827,2.6949152542372885,20.0,28.29754601226994,False,1,14.7,2026-10-01
Jeff Petry,MIN,FLA,0.0,D,15.78732824372471,0.36018637756210764,1.1276331391004037,0.9544855610424551,0.04770963820893121,0.1910366323241838,0.238746270533115,1.152738076439494,1.0451676409902346,0.4287242332134106,0.26930587360399977,0.6753396179424906,0.046589419105721785,0.173897674451296,0.21238530192049598,0.1657958828147742,1.0,0.05,0.04288284067571403,3.6190476190476186,20.0,27.37920489296636,False,0,29.4,2026-04-14
Noah Ostlund,BUF,UTA,1.0,C,15.773729966085215,1.6296246269869608,0.33130470988914107,1.4436089170585662,0.20605047208598679,0.3232602364246354,0.5293107085106222,0.5278867977513522,0.6279495615506544,0.3574724757784488,0.33885708954120664,0.6917663125876715,0.18620799853350978,0.27621452548676184,0.41098917006349855,0.22478117152998878,2.0,0.07692307692307693,0.0369105516474217,2.532544378698225,26.0,28.628398791540786,False,4,26.9,2026-10-08
Emmitt Finnie,DET,MTL,0.0,C,15.76099750802793,1.252637017894552,0.986201118424168,1.4684616180450651,0.214002338715766,0.28286172347216676,0.4968640621879328,0.4689763882942612,1.5103208765745195,0.2858949051191808,0.30378343181876016,0.6609268260063502,0.19265350313350726,0.24637601083623262,0.39156431239408074,0.19891080926057347,2.0,0.05,0.052408573753965806,5.0,40.0,25.909365558912388,False,4,27.9,2026-10-09
Teuvo Teravainen,CHI,CAR,1.0,C,15.753241984503948,2.1313451541301265,1.5345739248841042,1.2406540308708442,0.18450750720590364,0.322597559895165,0.5071050671010686,0.5402564243122893,0.6899212930963504,0.24612194149629088,0.30200262834052394,0.7458283000178815,0.16848630246856633,0.27573473088367717,0.3977635080834876,0.22927720561492126,0.0,0.0,0.060118018171512404,2.6666666666666665,21.0,21.157575757575756,False,3,29.4,2026-10-06
Adam Ginning,PHI,BOS,0.0,D,15.749846850953823,0.22510143590990614,1.1999102797479009,0.9407020193710812,0.047217563333641785,0.17194402753326574,0.2191615908669075,1.1463891196805276,1.1948768262449005,0.35969693816502574,0.214166270856853,0.6690309182890264,0.046120154265778646,0.1579736978612889,0.19680808081176948,0.15068792654599084,0.0,0.0,0.030260032187839767,2.552631578947368,26.0,27.387351778656125,False,0,12.5,2025-10-25
Ryan Poehling,ANA,CGY,0.0,C,15.734192760858063,0.9095405219919993,2.013357195918879,1.5361187380700543,0.19587751598171108,0.29598417766520796,0.491861693646919,0.8875975654588527,0.8199340288017677,0.3605713532310059,0.3232981276599065,0.5806431098177701,0.17788707579392427,0.25620080343301743,0.38851306748818826,0.210625991694264,1.0,0.058823529411764705,0.0429480609638065,9.0,17.0,26.154078549848943,False,4,29.4,2026-10-09
William Eklund,OTT,NSH,1.0,L,15.727580924594807,1.7358179477482891,0.38509184283365044,1.9978114540842637,0.26180397020501567,0.3772148476964897,0.6390188179015054,0.47441636350723104,1.0749058184704814,0.38863587689536566,0.2661526002068117,0.6463145269460264,0.23033811441798058,0.3142312777627927,0.4721899521697388,0.24185183775175823,0.0,0.0,0.09216693174057401,2.22,26.0,28.51057401812689,True,4,29.4,2026-10-08
Yegor Sharangovich,CGY,ANA,1.0,C,15.719113745422348,0.9286626066580105,1.292192759891973,1.6922277922289677,0.2167372319565438,0.31818236034664976,0.5349195923031935,0.47262943100200583,0.6687418852699425,0.30918810214575304,0.3216086687646733,0.7066965944849948,0.19485849303039304,0.2725298853845355,0.4142836156431522,0.21942512261275915,4.0,0.13793103448275862,0.0629929287971317,3.0989272943980932,29.0,29.50453172205438,False,4,29.4,2026-10-08
Caleb Jones,PIT,DAL,1.0,D,15.715240155902144,0.3700852300615257,0.9368953425616905,1.0093046362563163,0.04699613888404764,0.1933425620011892,0.24033870088523684,1.234279575147823,1.4114762977843285,0.3358546882782687,0.26783388034754135,0.6245980537902369,0.04590891856044621,0.17580041368546673,0.21363852537113404,0.16772960681068783,0.0,0.0,0.056238363149099774,2.4150943396226414,17.0,27.889328063241106,False,0,28.9,2025-10-23
JJ Peterka,BOS,PHI,1.0,R,15.708094748206223,1.594397066677956,0.11962527533666786,1.8995772716349595,0.24805110588893473,0.2990058975443625,0.5470570034332972,0.3145823334699947,0.7030269988830167,0.37487385215321667,0.29461353646947186,0.8388607778338627,0.21967993669149666,0.258444963931608,0.42134972730837283,0.20166979061687618,0.0,0.0,0.07539647999573981,2.9403973509933774,22.0,26.575301204819276,True,5,29.4,2026-10-08
Viktor Arvidsson,DET,MTL,0.0,L,15.694239184523061,2.1854846288237977,0.11711899218637334,2.294639482958927,0.30634958593763034,0.3694172185537903,0.6757668044914207,0.5358033102783782,0.7937167338516258,0.43099769630676255,0.2380928186417228,0.7208152891163939,0.26387076595893877,0.30886300488919427,0.4912338531716419,0.22736308721270315,3.0,0.075,0.09071180334746158,5.0,40.0,25.909365558912388,False,4,29.3,2026-10-09
Josh Norris,BUF,UTA,1.0,C,15.670847655779834,2.492393970534251,0.5778045453124744,1.5968239286147583,0.2380878981053188,0.36486594796347305,0.6029538460687919,0.6272030600800594,1.0981690272010551,0.49162788381176176,0.2916779000795156,0.5279911110516883,0.21186658738461583,0.305710284409603,0.45280707710797596,0.24094048972336013,3.0,0.11538461538461539,0.06326278669860669,2.532544378698225,26.0,28.628398791540786,False,4,29.2,2026-10-08
Jean-Gabriel Pageau,NYI,TBL,1.0,C,15.669773241881908,0.7280821912749842,1.8341184339282464,1.2852263940254929,0.19704965016206774,0.2665753314733947,0.4636249816354624,0.5485199998249402,1.55617879604427,0.29801313705375826,0.3453462120254528,0.6203679081256597,0.1788501379232169,0.2340017022277049,0.37100060343322927,0.19215046551001236,0.0,0.0,0.054386711536163604,1.6951871657754012,19.0,25.595166163141993,False,4,29.4,2026-10-08
Sean Couturier,PHI,BOS,0.0,C,15.66094377104548,0.5107655980939372,2.3986736252338186,1.484549951613657,0.1876873066265703,0.2535134891177186,0.4412007957442889,0.4284481640489388,1.3923018875068998,0.4117366639216333,0.3216751573161411,0.6338995070644977,0.17112614992522812,0.22393072363529554,0.3567364709748452,0.18561032104961706,4.0,0.13793103448275862,0.0729351030479155,2.552631578947368,29.0,26.936746987951807,False,5,29.3,2026-10-08
Matvei Gridin,CGY,ANA,1.0,R,15.655261389686796,1.8828161288390104,0.1334715875405008,1.9597999234330132,0.2484851914908243,0.36372275122740927,0.6122079427182335,0.6461870117492613,0.7861290152245614,0.34971409177741963,0.2942599626674522,0.903068648524344,0.22001858888850534,0.3049161208167348,0.4578474950737851,0.23782890618527974,2.0,0.06896551724137931,0.06958551174735604,3.0989272943980932,29.0,29.50453172205438,False,4,22.3,2026-10-08
Zach Bogosian,MIN,FLA,0.0,D,15.646296420062866,0.19538298930040368,1.1496607620761925,0.9348535706553308,0.045463430720881895,0.17876000238645112,0.224223433107333,1.0672994918366514,1.0622078779606547,0.535646540904553,0.2588145522028008,0.7815442854818648,0.04444545412607448,0.1636934131011376,0.2008634391444849,0.15641798501841042,4.0,0.1111111111111111,0.038141192242407966,2.495364238410596,36.0,27.350453172205437,False,4,29.3,2026-10-08
Ryan Hartman,MIN,FLA,0.0,R,15.638329372766796,1.1467379769153,0.13930868362006682,1.8606140457698885,0.26657716306630197,0.3130620118740308,0.5796391749403328,0.8464453076401649,0.9939598579265481,0.6822746597128606,0.27400048345901756,0.7037275255652811,0.23400310522346923,0.2687954322026096,0.43989957162078375,0.20589646639731451,0.0,0.0,0.08241338185433074,3.8218623481781373,36.0,27.350453172205437,True,4,29.4,2026-10-08
Kasperi Kapanen,EDM,SJS,0.0,R,15.620882043285977,1.2753969460796521,1.3220695535169924,1.6900052300282487,0.2196444462750454,0.2696115324482352,0.48925597872328064,0.4611927017895009,1.3315941400963724,0.43344121300682625,0.24969890360365707,0.5783185037422346,0.19719581275695552,0.23632389989278557,0.38691762913648986,0.18972181637953434,3.0,0.15789473684210525,0.0508750399677094,2.8073394495412844,19.0,30.48036253776435,False,4,29.4,2026-10-07
Brett Howden,VGK,LAK,1.0,C,15.606485037563662,0.8725838002188733,1.0220865094595715,1.4717530554926588,0.22403003032617919,0.28088714532907644,0.5049171756552556,0.4825089340029205,1.427721483250507,0.5110370317183055,0.3082733965618311,0.6643845557502518,0.2007088689644242,0.24488645123718533,0.39644443754908243,0.19573556858465824,3.0,0.06976744186046512,0.0435569168444451,2.5806451612903225,43.0,27.96385542168675,False,5,29.4,2026-10-08
Tyson Hinds,ANA,CGY,0.0,D,15.599446213018819,0.2690485207142533,0.7508204744110137,1.3529665554935424,0.052516904477635545,0.20178564459941445,0.25430254907704997,1.3287918377479635,0.9386351482473325,0.3743328591595657,0.28028728059720615,0.6641562961772595,0.05116171869527619,0.18272990457379046,0.22454284729404772,0.17338112859877153,0.0,0.0,0.0552650042009164,9.0,17.0,26.154078549848943,False,4,8.6,2026-10-09
Drew O'Connor,VAN,NJD,0.0,L,15.579359559817213,1.1068784825913653,0.9006090609176676,1.8173469771901163,0.22945766861560069,0.24983576105008867,0.47929342966568933,0.4411380806866452,1.1986405940139393,0.4823894138852766,0.3137131046982273,0.6465899998103162,0.20503538012150802,0.22107129700136363,0.38077923970824223,0.17574385958673422,0.0,0.0,0.06008467859139837,4.5,20.0,26.05421686746988,False,5,29.4,2026-10-08
Abram Wiebe,CGY,ANA,1.0,D,15.57658704206892,0.41137691471714294,0.7133205449599943,1.0517301201936917,0.05992992972082657,0.23574395093411274,0.2956738806549393,1.1026782293840145,0.9083756027378843,0.4247933165634815,0.24977859023447124,0.7355576920230552,0.0581694743999549,0.21001707757171673,0.25596996895431035,0.19780049455435544,0.0,0.0,0.03867701558200518,2.635782747603834,21.0,29.55045871559633,False,0,3.8,2026-04-16
Travis Hamonic,DET,MTL,0.0,D,15.565978367991292,0.23543879186821504,1.476831841491008,1.0024491467819803,0.043605769882717235,0.17553363794918367,0.2191394078319009,1.348056722713317,1.2203623345528483,0.6213363189868768,0.24370956743729344,0.6938510195435859,0.04266870808265044,0.16099082584918045,0.1967902633796874,0.15412155529703697,2.0,0.08,0.04700790140098935,1.9107142857142858,25.0,25.862385321100916,False,0,29.3,2026-04-15
Michael Kesselring,SJS,EDM,1.0,D,15.550509640973551,0.19333952610627922,1.1197338733156184,1.374390102048917,0.05483144354525686,0.19039256924561315,0.24522401279087003,1.0140812283240623,0.8766267096614353,0.6722005208221888,0.28771132540949246,0.9307242468136584,0.053355302419328066,0.1733654410667509,0.21747077794890235,0.16411547552957428,2.0,0.07407407407407407,0.054985298893848455,6.0,27.0,20.148936170212767,False,4,29.3,2026-10-08
Skyler Brind'Amour,CAR,CHI,0.0,C,15.546233802047228,0.677688015183918,1.736311541137589,1.4106827507174453,0.20549766742489417,0.26985864010519534,0.4753563075300895,0.42956313146895453,1.1909894861230945,0.41515577378312507,0.3111817649084037,0.5899618578626834,0.18575800615445648,0.23651258679061082,0.3783364863924106,0.1925784802379541,1.0,0.047619047619047616,0.0377954650338986,2.2857142857142856,21.0,31.43730886850153,False,0,5.5,2026-04-14
Tommy Novak,PIT,DAL,1.0,C,15.539715964165765,1.7677928602612163,0.19903180615070534,1.732218163048269,0.23378207876830975,0.3202815194490649,0.5540635982173747,0.5444342821701664,0.6559425415860395,0.29941472239764966,0.33555485982869454,0.76269928673506,0.20846571077066545,0.2740553592310476,0.42538992474910264,0.2169242139784372,1.0,0.045454545454545456,0.05763616550243256,1.5365853658536586,22.0,28.150602409638555,False,5,29.4,2026-10-09
Brayden Pachal,CGY,ANA,1.0,D,15.52977934979674,0.18148949243780424,1.1331165487267234,1.0099867661256992,0.05260473103659649,0.22553190981282767,0.27813664084942413,1.218469113527527,1.6821623876954723,0.5914692836121781,0.2332361661593635,0.842431095477616,0.05124504823720655,0.2019084069117909,0.2428066490973052,0.19156160086009866,1.0,0.047619047619047616,0.03241023956597322,2.635782747603834,21.0,29.55045871559633,False,0,29.3,2026-04-16
Tyler Seguin,DAL,PIT,0.0,C,15.52899572930543,1.5610855894744957,0.3761521133094499,1.5910851379597808,0.22438255521737077,0.3235193518763137,0.5479019070936845,0.36355628076271224,0.8526858670801958,0.3243678614197454,0.23043524034928375,0.5705477193570387,0.20099058932378588,0.2764020451912329,0.42183842456173315,0.22084783523794727,0.0,0.0,0.08330483096475318,2.6106870229007635,18.0,26.40785498489426,False,4,29.3,2026-10-08
Charles Alexis Legault,CAR,CHI,0.0,D,15.525866975371603,0.23423413726198886,1.1775007097456927,1.1612343514070327,0.0661335661986973,0.19342252054203596,0.25955608674073327,0.9979455315529794,1.1034503895012078,0.5805885853997149,0.32547830088902113,0.7674250525690619,0.0639941627995253,0.1758663128471194,0.22860605819135393,0.16461189539182863,1.0,0.030303030303030304,0.04177725877795204,2.4242424242424243,33.0,31.35562310030395,False,2,11.3,2026-10-02
Justin Hryckowian,DAL,PIT,0.0,C,15.493216480621914,1.2950797398191511,1.3630402589508317,1.289756369350611,0.19804471598105305,0.2650194359458022,0.46306415192685524,0.6129513185366584,1.3933514270650107,0.39315396604725966,0.3351867276953812,0.4619482640319742,0.17966682968481806,0.23280896125249972,0.37064774294686553,0.19098091326204747,0.0,0.0,0.039683800936497905,2.6106870229007635,18.0,26.40785498489426,False,4,28.1,2026-10-08
Dylan Coghlan,VGK,LAK,1.0,D,15.482504183521637,0.41214714727504964,0.5563293852520834,1.4629466775924234,0.060422182343733054,0.21344048119424255,0.2738626635379756,1.179598719868088,0.86041684023105,0.3668815112503522,0.2414098014244511,0.6886900861310391,0.05863297885651331,0.1921997619747624,0.23956349625118256,0.18093051739466925,1.0,0.04,0.0571796495834096,3.507002801120448,25.0,27.815181518151814,False,0,17.8,2026-02-25
Claude Giroux,OTT,NSH,1.0,R,15.446964753296967,2.157562906222119,0.6777026004352731,1.8967293977842392,0.23876477422251097,0.365753716955237,0.6045184911777479,0.3673998942459284,0.9991763720435342,0.33244760120830685,0.3526024227206683,0.6432235371720931,0.21239987556339945,0.3063263797747604,0.453662570392214,0.24126269482881457,1.0,0.038461538461538464,0.07197579321415944,2.22,26.0,28.51057401812689,True,4,29.4,2026-10-08
Dennis Cholowski,NJD,VAN,1.0,D,15.44416613324,0.4222932854975853,0.36870539033004895,1.0134115875485685,0.05616070739135892,0.22554062112887566,0.28170132852023455,1.0452353581550582,0.5521865987917468,0.3143701763230535,0.26541825859634066,0.885237934780375,0.054612807028058374,0.20191535930961124,0.24550100178369272,0.19088819475563434,1.0,0.030303030303030304,0.030933184494304416,3.2727272727272725,33.0,29.23076923076923,False,0,25.4,2026-04-11
Scott Mayfield,NYI,TBL,1.0,D,15.442082054698192,0.20360512081595228,1.4346849375763007,0.9268445196639544,0.04328710158308043,0.1873706372154467,0.23065773879852713,0.9940844912223705,1.0589190185564201,0.5624948569766375,0.32577686077520657,0.7637622640937987,0.042363588334252356,0.1708636293673077,0.20598882124574713,0.16362523291149478,0.0,0.0,0.04063662879300782,1.6951871657754012,19.0,25.595166163141993,False,1,29.4,2026-10-08
Marshall Rifai,TOR,COL,0.0,D,15.434038860914097,0.46646903864121275,0.8088493470259587,1.0909498060617926,0.04763561320453372,0.1766140187558895,0.22424963196042322,1.2919807409546722,1.0173282049901444,0.3728695196333556,0.22684339402617706,0.6143896790615085,0.046518840271011386,0.161896785778602,0.20088437533158854,0.15436553506057715,1.0,0.024390243902439025,0.0476363968250317,4.57680250783699,41.0,28.296666666666667,False,0,2.9,2026-01-31
Jason Zucker,BUF,UTA,1.0,L,15.433671259658375,2.9254260529202054,0.12027425277813743,1.9687676912593317,0.29560909690566256,0.35338971650474077,0.6489988134104033,0.4352537380995642,1.0618685727872428,0.3943463976039081,0.2557676237218253,0.8232379283966059,0.2559217663379685,0.2976965592044576,0.47743129627808567,0.2215095299401172,2.0,0.07692307692307693,0.07722401487208591,2.532544378698225,26.0,28.662576687116566,False,0,29.4,2026-04-13
Jonathan Drouin,STL,CBJ,1.0,L,15.412803546601811,1.8423927275724017,0.12566741668950057,1.5804263571157773,0.20994710440135844,0.31271329023466077,0.5226603946360192,0.5288466680381994,0.7175563213272803,0.2629845857355722,0.29533779237205404,0.6712573728795841,0.18937287655686807,0.26854040088212683,0.40705900925221206,0.21768613269534398,3.0,0.0967741935483871,0.05224210845237301,3.2527472527472523,31.0,24.86196319018405,False,0,29.4,2026-04-14
Anthony Mantha,NJD,VAN,1.0,R,15.412712335859265,2.20982196417707,0.11909581095145727,1.951870804733283,0.3110807318382061,0.40240714525954263,0.7134878770977487,0.4380804608525302,0.9521431769050241,0.4931213077422441,0.2954483910655822,0.8157996945705573,0.267345275081031,0.33129157120895725,0.5100676100531026,0.24272233497207163,2.0,0.06060606060606061,0.06395752686031428,6.0,33.0,29.28787878787879,False,3,29.3,2026-10-06
Josh Doan,BUF,UTA,1.0,R,15.386829685887795,2.013673982839908,0.12238591372728987,1.788014824103497,0.26182518704166013,0.3140074354726667,0.5758326225143269,0.45927331869402477,1.2274009980911484,0.3551149529542662,0.39277436257620607,0.692610408882643,0.2303544440352464,0.2694864035746477,0.4377634569393981,0.2074090129041517,1.0,0.038461538461538464,0.06816096684185474,2.532544378698225,26.0,28.628398791540786,False,4,29.2,2026-10-08
T.J. Hughes,COL,TOR,1.0,R,15.385150070417446,2.489982790673978,0.26925570958472955,2.327733536904055,0.2793877851056488,0.3598614612595879,0.6392492463652367,0.3720622166941492,1.2221756788930953,0.39970483204026724,0.32947109977198413,0.6469127375599381,0.24375341481539103,0.3022270120339857,0.4723115606166405,0.22855814580124945,6.0,0.2,0.056917113169996224,1.7094017094017095,30.0,29.43202416918429,False,4,3.8,2026-10-08
Lassi Thomson,OTT,NSH,1.0,D,15.356129787434972,0.6710693859729502,0.46958901819883103,1.2163130120036434,0.0577343388415841,0.24081433699170568,0.29854867583328976,1.0692439450170883,0.8588780524599977,0.35941120420827705,0.2835269197481661,0.6515150215152335,0.0560993281226283,0.2140124583461419,0.25810583134567966,0.20200650322305136,3.0,0.07894736842105263,0.03685307498725879,5.777777777777778,38.0,28.504587155963304,False,0,10.6,2026-04-15
Calum Ritchie,NYI,TBL,1.0,C,15.352060884738677,2.324982391416034,0.19844894159115,1.5172452937772927,0.2415170390028049,0.33985444538657467,0.5813714843893796,0.5729607601496681,0.764226099441695,0.37313706151125675,0.29641747489331394,0.7308407970079497,0.21456457936136775,0.28812606824301235,0.4408689989687734,0.22630441960740566,0.0,0.0,0.046851489467841734,1.6951871657754012,19.0,25.595166163141993,False,4,27.2,2026-10-08
Alexander Petrovic,DAL,PIT,0.0,D,15.336799368563328,0.18070657481684674,0.7145609170689675,1.0548617160724771,0.04689924990768812,0.17442037575127448,0.2213196256589626,1.2706419682264984,1.322363511206298,0.365546210791276,0.1834152378720062,0.7101169713149893,0.045816473173814654,0.16005626854476052,0.19853952798449326,0.1527230548106786,1.0,0.030303030303030304,0.04290197364747058,4.716101694915254,33.0,26.37730061349693,False,0,25.7,2026-04-13
Ben Kindel,PIT,DAL,1.0,C,15.335193144347018,1.859859798822941,0.9974688442387144,1.8282739671442052,0.2386272017678623,0.30283133561333625,0.5414585373811985,0.5235919861499406,0.8183115804945598,0.2812204448439837,0.39897265557766903,0.8918831205120147,0.21229151602752627,0.26127631775963345,0.4181010881878774,0.20580957216035112,3.0,0.13636363636363635,0.06846868966774053,1.5365853658536586,22.0,28.150602409638555,False,4,27.6,2026-10-09
Wilmer Skoog,FLA,MIN,1.0,C,15.332565216201012,1.0677551900109772,0.6646610939059473,1.7246456451252354,0.21359776155427132,0.31729251757788446,0.5308902791321558,0.6665376027141761,1.0832020310443646,0.45960307275411977,0.327684201349181,0.5848864978659272,0.19232680309623174,0.2718822632653556,0.41191881984919343,0.2195920167529617,2.0,0.07407407407407407,0.05860964897437654,3.8135593220338984,27.0,31.30886850152905,False,0,2.9,2026-04-15
Cole McWard,NYI,TBL,1.0,D,15.324279405998237,0.29437407170117647,0.5195408391975487,1.130081993769414,0.055223445360748614,0.17736552981019135,0.23258897517093996,1.2506984367919074,1.075351555593156,0.3721629392502255,0.28630181732035315,0.7163072862359047,0.05372631613562917,0.1625263930007098,0.20752076476559933,0.15379444862997016,1.0,0.03225806451612903,0.04792552805632114,3.650485436893204,31.0,25.19377162629758,False,0,7.9,2026-01-08
Seamus Casey,NJD,VAN,1.0,D,15.310834403683934,0.7503066509003036,0.38799425818866273,1.2665076285270451,0.07359111608661893,0.25800385605967996,0.3315949721462989,0.943749848102097,0.8561416294894718,0.28907535394704115,0.27251692136141953,0.8640114094384825,0.07094850960122878,0.22740774706065148,0.2822220159361538,0.21127350633492503,2.0,0.06451612903225806,0.04240408873362833,2.6636771300448427,31.0,29.09375,False,0,12.5,2025-10-30
Arseny Gritsyuk,NJD,VAN,1.0,R,15.301384125486921,1.4423952166037266,0.15113859831658996,2.258709585514456,0.2660217865489144,0.3645068559473683,0.6305286424962827,0.3660285403370543,1.0644736687688743,0.3860897442194822,0.3587328844675406,0.7055793267414172,0.23357757038062676,0.30546092574719796,0.46768967524557725,0.2341121048649505,2.0,0.06060606060606061,0.07298064496935681,6.0,33.0,29.28787878787879,False,3,26.7,2026-10-06
Sam Steel,DAL,PIT,0.0,C,15.30107491115913,0.4375420092449732,1.793107260527986,1.2828296299765456,0.18334907402824047,0.26436197542932727,0.44771104945756773,0.4278207582507412,1.0868416416559843,0.32026555963869957,0.2717417186436314,0.593745793095688,0.16752249126601115,0.23230439758876142,0.36091067743865335,0.1933881861726422,1.0,0.05555555555555555,0.0438577372494318,2.6106870229007635,18.0,26.40785498489426,False,4,29.4,2026-10-08
Victor Mancini,VAN,NJD,0.0,D,15.286595455201397,0.23703958493935176,0.6593285010818244,0.8301467127184486,0.040889020498581466,0.17892183367924322,0.2198108541778247,1.2378631650060825,1.0877299549365589,0.34402410273296496,0.1831252078446616,0.658290917559416,0.040064342782850204,0.16382874272668646,0.19732939460325138,0.15726505182040118,0.0,0.0,0.031030278306883086,4.5,20.0,26.05421686746988,False,1,25.1,2026-10-08
Travis Mitchell,ANA,CGY,0.0,D,15.278152671134274,0.2455369536751717,0.8156468803747616,0.9772244942624183,0.05758807861111588,0.17565336493174877,0.23324144354286463,1.083903175410259,1.1006567355018828,0.6129994697649335,0.19759310941123834,0.6734572678484012,0.055961262896340624,0.1610912718727764,0.2080376637535386,0.15207640085719798,0.0,0.0,0.031647504567300797,9.0,17.0,26.154078549848943,False,4,10.6,2026-10-09
Axel Sandin-Pellikka,DET,MTL,0.0,D,15.277866977829069,1.56098998257001,0.558000861347685,1.1409570010294507,0.06415010094561226,0.22987848221778828,0.2940285831634005,0.9543462671620935,0.5774280738583385,0.36963339277526497,0.18147010188183138,0.6892638098608941,0.06213578534045361,0.20536984166889094,0.2547448106120034,0.19260902527154977,1.0,0.027777777777777776,0.0383387823200408,3.8761061946902657,36.0,25.87878787878788,False,3,26.9,2026-10-06
Alex Newhook,MTL,DET,1.0,C,15.276496868686287,1.3075929422720307,1.12618337205891,1.5660100974931352,0.22791450186054363,0.29161600521491066,0.5195305070754543,0.48306082560685,1.2048499753084834,0.32106661703975514,0.2471232365012538,0.5113030128076956,0.20380767011166434,0.2529446537398573,0.40520026330559966,0.20139259319393532,1.0,0.029411764705882353,0.05588697754740876,3.045045045045045,34.0,24.709969788519636,False,4,29.4,2026-10-08
Jacob Bernard-Docker,DET,MTL,0.0,D,15.25972681366344,0.18578982264288357,1.1896932509502498,0.8143759337431169,0.04140340343424979,0.15409486988941495,0.19549827332366473,1.2143794951415776,0.9680377987799533,0.47045885622887884,0.1615417006578204,0.5917409687251319,0.04055799033144014,0.1428093044326455,0.17757523637566675,0.1370172460442266,0.0,0.0,0.02767086130062297,5.0,28.0,25.84307692307692,False,0,29.3,2026-04-11
Ivar Stenberg,SJS,EDM,1.0,L,15.224740935955511,1.657094854558683,0.26925570958472955,1.6649792512104074,0.24624636154285615,0.3202418509557793,0.5664882124986355,0.43268308907010966,1.0920883800386338,0.40121033578244664,0.3454246821795396,0.6301328305841214,0.21827038691319978,0.27402656152976257,0.43248506483336735,0.21421467792016757,2.0,0.07407407407407407,0.04556478314533134,2.227544910179641,27.0,20.148936170212767,False,4,3.8,2026-10-08
Alex Formenton,EDM,SJS,0.0,L,15.216939966178476,0.7652576615578565,1.3432604314691918,1.6279823738223205,0.22228809941410624,0.2843288831392932,0.5066169825533995,0.4474056206080114,1.322379619555837,0.40062519751761577,0.29348013861255473,0.49529579792999673,0.19931534567724896,0.2474808868443621,0.39746949401171483,0.19815414833446587,0.0,0.0,0.05358742960562686,2.8073394495412844,19.0,30.48036253776435,False,4,3.8,2026-10-07
Jordan Martinook,CAR,CHI,0.0,L,15.215882600947438,0.3504973573466252,1.9332078185912767,1.6274621652365815,0.2057434556849672,0.25700124705052574,0.46274470273549295,0.48489529419833366,1.4035347379773015,0.41819775876814425,0.2603853959906768,0.5993548152804785,0.18595811268447682,0.2266327506631871,0.37044666476184607,0.18448855207736925,3.0,0.08823529411764706,0.05288178620669683,3.8095238095238093,34.0,31.39457831325301,False,5,29.4,2026-10-08
Nick Blankenburg,COL,TOR,1.0,D,15.213516421074447,0.4716128928621775,0.9008224492078747,1.259090884676254,0.07886766772673434,0.22598434181158628,0.3048520095383206,0.9325320491521364,0.8716591595141031,0.2550292137197078,0.2642430553452218,0.7104618044502812,0.07583778715995093,0.20226940741619648,0.2627675303075485,0.18692974314759758,3.0,0.08571428571428572,0.04670575052474081,5.732342007434944,35.0,29.382262996941897,False,0,29.3,2026-04-16
Brad Marchand,FLA,MIN,1.0,L,15.195529835443258,2.7968220345804955,0.6474523495196233,2.210867748914876,0.2906120455770881,0.36219324523913937,0.6528052908162274,0.3248311233240268,0.8701841500368777,0.4795389810954991,0.29790552525699193,0.787894697845898,0.25219426370736864,0.3038521724108608,0.479416661221188,0.22722239751381934,2.0,0.07407407407407407,0.09364583106518559,2.4615384615384617,27.0,31.244712990936556,False,2,29.4,2026-10-06
Matvei Michkov,PHI,BOS,0.0,R,15.179406551128016,2.4040049365707494,0.11816738132301968,1.9926700154014185,0.23841271782295098,0.3287978804197978,0.5672105982427488,0.36227720986663353,0.755966948169729,0.6586764079166649,0.294144310242348,0.7526394461290083,0.21212254708452882,0.2802115146079487,0.43289488149142585,0.22077233440689703,1.0,0.034482758620689655,0.0858066523564842,2.552631578947368,29.0,26.936746987951807,True,5,29.3,2026-10-08
Josiah Slavin,CAR,CHI,0.0,L,15.160776845227756,0.9924142945012083,1.0508734257686978,1.6732490021542619,0.2242417657731875,0.2837833462222993,0.5080251119954868,0.43329607934003783,1.2889112675967584,0.44688695499829445,0.33760995965956686,0.5081797584911701,0.2008780893137384,0.2470702478882213,0.3983173378799021,0.19743924856616368,0.0,0.0,0.05303306827580152,2.703862660944206,29.0,31.46153846153846,False,0,2.0,2026-04-11
Taylor Hall,CAR,CHI,0.0,L,15.147282888628954,1.6247374161374841,0.123362702108022,1.903296826836816,0.2504324439854724,0.3537116958914698,0.6041441398769422,0.3676110056195389,1.0990287409859734,0.49874146937873903,0.2577557290236295,0.64958009202333,0.2215359318327006,0.2979226500353759,0.4534580099784219,0.2319220781457213,2.0,0.058823529411764705,0.0696310190233918,3.8095238095238093,34.0,31.39457831325301,False,5,29.3,2026-10-08
Evander Kane,VAN,NJD,0.0,L,15.141226125063445,1.1834363152359748,0.11901777451776775,2.022508218603114,0.22715018967623024,0.2583206846505254,0.4854708743267556,0.4500177581369574,1.354749957864489,0.5101796520812547,0.27530248340705576,0.7816627691634613,0.2031988979965369,0.2276524876030005,0.38459265099243745,0.18139375299590055,1.0,0.043478260869565216,0.09558185376567792,2.129032258064516,23.0,26.15576323987539,True,0,29.3,2026-04-04
Gage Goncalves,TBL,NYI,0.0,C,15.140174453914696,1.0367426745730943,0.6121145492469549,1.305652985672759,0.17438237005551357,0.28193063490108283,0.45631300495659644,0.4428591204353031,1.1760762705913168,0.38607820386919545,0.2892074028991668,0.6427031980950287,0.16002434529221765,0.24567399338353058,0.3663845187292242,0.20636017343700652,0.0,0.0,0.03696924280898637,3.9536741214057507,35.0,28.41389728096677,False,4,29.1,2026-10-08
Radko Gudas,FLA,MIN,1.0,D,15.13249613174328,0.1910111065362953,1.3307886083590725,1.0801659754354918,0.043515176277910066,0.18887149218198504,0.2323866684598951,1.3168212202226317,1.7259862257805947,0.6065385782090322,0.1829639448969518,0.7165063343887491,0.04258197606129699,0.17210710943207552,0.20736042467955684,0.16477844861825985,1.0,0.037037037037037035,0.04381711919234903,2.4615384615384617,27.0,31.244712990936556,False,4,29.4,2026-10-06
Nick DeSimone,UTA,BUF,0.0,D,15.116937837092976,0.193593933589068,0.455905914835656,1.0011912713030828,0.049505458052468504,0.188188317568219,0.2376937756206875,0.9921457697896346,0.7670607174200248,0.35665224869018675,0.19811796627161554,0.6866741436728662,0.04830003630604973,0.1715413207821066,0.21155590506639288,0.16325586876034315,2.0,0.08695652173913043,0.03306119033184652,2.4454976303317535,23.0,24.908256880733944,False,0,28.4,2026-04-16
Jayden Struble,MTL,DET,1.0,D,15.105745561915299,0.20367090732620385,0.5878912074050212,0.7974864361175141,0.04907501211766984,0.19467652775701433,0.24375153987468418,0.9241287212436267,1.7071929828605286,0.43884618597661423,0.28769174277927007,0.7299404079865279,0.04789029274563117,0.17689913471853091,0.2163176761160428,0.16842738337041163,0.0,0.0,0.028432834270184414,2.0227272727272725,20.0,24.724242424242423,False,3,29.3,2026-10-06
Felix Unger Sorum,CAR,CHI,0.0,R,15.105192455735182,1.4157596079824717,0.4478263605140049,1.7960159704199314,0.23813289191869424,0.3069305198048175,0.5450634117235118,0.4587350939203363,1.294979653811699,0.4130865873340864,0.3027256071927735,0.6149051370892306,0.21190204771454424,0.2642982841696927,0.4201949842612386,0.20829293654669434,0.0,0.0,,2.5,21.0,31.43730886850153,False,0,1.0,2026-04-14
Scott Laughton,LAK,VGK,0.0,C,15.081809372157228,0.7630573657721951,1.597865383050509,1.5016396661902807,0.18342897343773598,0.22971330509001073,0.4131422785277467,0.6316307237680431,1.6134538663981897,0.43186134706157203,0.2881435682298767,0.6821758016141748,0.16758900307021496,0.20523857610095608,0.33843185081086136,0.1708428477406464,2.0,0.1,0.06576800310435403,1.7371794871794872,20.0,28.78181818181818,False,3,29.4,2026-10-06
Vladimir Tarasenko,MIN,FLA,0.0,R,15.080255224888273,1.4702562394401664,0.11804444617336302,1.830427318898324,0.2501001931999862,0.30802366092353245,0.5581238541235187,0.5005072124274054,1.0168646538019794,0.36245313619652175,0.22270062192552234,0.723948386687508,0.22127724356226852,0.26510207056035795,0.42771825868638047,0.20644101512411195,0.0,0.0,0.07265582986472756,3.6190476190476186,20.0,27.37920489296636,False,0,29.4,2026-04-14
Ty Emberson,EDM,SJS,0.0,D,15.07759988070963,0.1850524755435232,0.7849912139226097,0.8467810731797032,0.04448284996701732,0.17409991803063646,0.21858276799765378,1.1789883659150697,1.2075655115642014,0.3593892557729715,0.19447274843628165,0.6238075148597608,0.04350799617762868,0.15978705895827272,0.19634304038551031,0.15283504420788163,0.0,0.0,0.028812024634475977,2.8073394495412844,19.0,30.48036253776435,False,2,29.3,2026-10-07
Porter Martone,PHI,BOS,0.0,R,15.059770921424615,1.8096273331232677,0.18347075009693636,2.004618752603369,0.24198340221937506,0.300046766285731,0.5420301685051061,0.3688538108912857,1.3122124155714752,0.4748836019062502,0.26731851250077404,0.6221005696846311,0.21493079214982058,0.2592164238247615,0.4184336246636825,0.20350283251386192,0.0,0.0,0.09600511031072324,2.552631578947368,29.0,26.936746987951807,True,5,11.3,2026-10-08
Anders Lee,UTA,BUF,0.0,L,15.053998189860362,1.6453270264130608,0.1291381315093384,2.090293024498779,0.2685679729111939,0.2891017867947483,0.5576697597059421,0.4834495992598798,1.3431807264479858,0.4839772364999657,0.198183503582176,0.6564046982731285,0.23552654244268378,0.2510640302689878,0.42745832973069153,0.19193178728800775,1.0,0.02702702702702703,0.09826666250424997,4.282122905027933,37.0,24.97590361445783,True,5,29.4,2026-10-08
Joel Nystrom,CAR,CHI,0.0,D,15.051426067088155,0.19198796685359784,1.0055705522702096,1.1327579468610216,0.05008932043410717,0.2304327414525605,0.2805220618866677,0.77760239066415,0.6474223004703152,0.3050589899427182,0.19143110378778652,0.6811313885594172,0.04885553593001013,0.20581015073841846,0.244610721454267,0.19575518552425686,0.0,0.0,0.039441430207219186,2.5,21.0,31.43730886850153,False,0,21.5,2026-04-14
Jiri Kulich,BUF,UTA,1.0,C,15.040428004644815,1.1014468396502513,0.2197401449803161,1.7175017388048888,0.23298970127709945,0.2889753189486743,0.5219650202257737,0.6636318818043443,0.9752712864050138,0.3303386405341585,0.27513591404738236,0.6226397684367151,0.20783826826352803,0.25096930796051165,0.40664654987023086,0.19880828160670283,0.0,0.0,0.07158320718405611,2.532544378698225,26.0,28.628398791540786,True,4,27.5,2026-10-08
Filip Chytil,VAN,NJD,0.0,C,15.036400983859865,1.427286327636974,0.2072583176884861,1.9991561519495318,0.22656079732381348,0.269326801026157,0.49588759834997054,0.4297861499488435,0.6652916191805602,0.3496439994192675,0.30616570201151955,0.6322508008553056,0.20272913109570856,0.23610642635148882,0.3909699067868472,0.18824077569113862,1.0,0.041666666666666664,0.08459816750870035,2.7631578947368425,24.0,26.299003322259136,True,0,29.2,2026-02-02
Jake Evans,MTL,DET,1.0,C,15.033047628020999,0.3170652373906888,2.393008819945366,1.2288878278224502,0.2066899161060238,0.25971917168989517,0.46640908779591894,0.6158825390434398,1.2941971032970123,0.32061236826012224,0.307933533924154,0.5619405418987645,0.18672820662269995,0.22873185067542834,0.37274936902401434,0.1860211624013144,1.0,0.029411764705882353,0.04071200488274092,3.045045045045045,34.0,24.709969788519636,False,4,29.4,2026-10-08
Alec Regula,EDM,SJS,0.0,D,15.029152897016203,0.22861664123083847,0.8544302892431538,0.9121747690232479,0.04474846602740059,0.19165712790897627,0.23640559393637686,1.4289006833903546,0.6926201129296438,0.5432322400070667,0.24108753739855818,0.7306664123107365,0.04376202207729918,0.17441010829897452,0.2105395913663899,0.1667775692890907,0.0,0.0,0.027051425381602597,2.0642201834862384,23.0,30.472972972972972,False,0,20.0,2026-01-20
Casey Mittelstadt,BOS,PHI,1.0,C,15.0282768101793,1.4439232604067125,0.1983570324299964,1.3238707168972488,0.203134318406851,0.3288131802827746,0.5319474986896257,0.39039837244662934,0.7143439695520601,0.32060049885829556,0.306016938968287,0.7561909749311013,0.18383139240423996,0.28022252718890184,0.41254022223697095,0.228708829832731,1.0,0.045454545454545456,0.051298741200734986,2.9403973509933774,22.0,26.575301204819276,False,5,29.4,2026-10-08
Adam Boqvist,NYI,TBL,1.0,D,15.022720227688456,0.7481345336191814,0.41829952078202587,1.037771038151554,0.052565742497111004,0.2091709502223144,0.2617366927194254,1.0092817785542623,0.6827572506466207,0.3841220191524883,0.24458318331553958,0.5829651280676724,0.051208056946194236,0.1887434606970838,0.23028633175967994,0.1790782748134857,1.0,0.045454545454545456,0.04512509909413365,2.737864077669903,22.0,25.549689440993788,False,0,29.2,2026-04-03
Michael Callahan,BOS,PHI,1.0,D,15.021482584812734,0.2174400908151495,1.1136406702510075,0.886011870425375,0.047733782862195574,0.1710889893937134,0.21882277225590896,0.9993223188445166,0.8092673857103863,0.37602197911216073,0.23248585019950652,0.6555500316099603,0.046612438595716066,0.1572534253721115,0.1965358983337041,0.14992345973798804,1.0,0.02631578947368421,0.03045643671340884,2.8062157221206583,38.0,26.479853479853478,False,0,15.7,2025-12-02
Igor Chernyshov,SJS,EDM,1.0,L,15.017241041611701,1.5673163036442799,0.14200702661296907,1.6423467450384444,0.26613963445921085,0.31771875466520216,0.583858389124413,0.4732119172773974,0.9100928724231376,0.3420296825681021,0.30800761811930316,0.7042733121122208,0.23366788634048363,0.2721925479165751,0.4422577769077618,0.20858989056727817,0.0,0.0,0.059950500993062136,6.0,27.0,20.148936170212767,False,4,19.7,2026-10-08
Linus Karlsson,VAN,NJD,0.0,C,15.014523951766607,1.2024609349417472,0.2248551367959768,1.569348059978682,0.20218275763411112,0.2993232609872706,0.5015060186213817,0.4973679459212778,0.9293973485335659,0.3379295490200867,0.2474878063967477,0.6320120651509158,0.18305438874884006,0.25868026905036423,0.39438209926680434,0.21132771051796428,2.0,0.1,0.05508336815763181,4.5,20.0,26.05421686746988,False,5,28.7,2026-10-08
Cole Sillinger,CBJ,STL,0.0,C,14.983417122815561,0.34570837503245616,0.672643088011852,1.604315251010436,0.19252272458811664,0.2807150021365246,0.47323772672464126,0.5116808797679177,1.250701007114132,0.4495264866446683,0.3487022959144115,0.6084377688493541,0.17512442696702868,0.24475645239127508,0.37701804588679877,0.2018936189197701,2.0,0.044444444444444446,0.06570913306264287,4.235831809872029,45.0,26.581818181818182,False,3,29.4,2026-10-09
Owen Pickering,PIT,DAL,1.0,D,14.966392165095034,0.20189129380146195,0.8930826617905249,0.8895672010354468,0.04387463290250641,0.16520180301968432,0.20907643592219072,0.8730429980869412,0.8383190560478265,0.3604954905418212,0.25602314231067197,0.6589741179785539,0.04292606446637648,0.15227738615809572,0.18866678172947837,0.1457407172631019,0.0,0.0,0.028742502138172702,4.2110091743119265,37.0,27.876447876447877,False,0,18.6,2025-11-03
Alexander Kerfoot,NSH,OTT,0.0,C,14.960759811398773,0.9705018626262759,1.6185762149685536,1.1423138846574148,0.18426421712786986,0.27086541906049894,0.45512963618836877,0.6681600036230954,1.056353076151959,0.41628368755680056,0.3153528747480944,0.6462799861551226,0.16828397882553825,0.23728086304379348,0.36563427413716454,0.1973502953116263,1.0,0.05,0.04865977950142037,2.4,20.0,28.25531914893617,False,4,29.4,2026-10-08
Ben Hutton,VGK,LAK,1.0,D,14.937490949134599,0.2894209698425706,0.3335947780716799,1.2507164850629822,0.056104753255998674,0.199771487859124,0.25587624111512264,1.193888957191306,0.7425301159608836,0.31111159804139416,0.316710403441781,0.651461737051947,0.05455990722512749,0.18108213562704423,0.2257622183322321,0.1712023111071046,2.0,0.05714285714285714,0.05048238965415977,3.8709677419354835,35.0,27.87962962962963,False,0,29.1,2026-04-09
Jaden Schwartz,COL,TOR,1.0,L,14.921664457640226,1.4024251704393318,0.4641426087746251,1.891394048671575,0.26106182436339515,0.3257696316605689,0.586831456023964,0.5020505936102833,0.8049585513131566,0.2904800033362599,0.3818372554108916,0.6958220844758383,0.22976670104033792,0.2780285123514459,0.4439135193136392,0.2141468182733013,2.0,0.06666666666666667,0.08024453003758657,3.5999999999999996,30.0,29.43202416918429,False,4,29.4,2026-10-08
David Spacek,MIN,FLA,0.0,D,14.916106325357145,0.4664690386412128,1.1156741487766428,1.0094178036579404,0.053155041428383246,0.1986196953977983,0.25177473682618157,1.2555582948514687,0.8663872402958714,0.41257246200709874,0.22918751806183332,0.6396125822572936,0.0517670143115706,0.18013836879698986,0.22258015759298377,0.17081314328141317,1.0,0.027777777777777776,0.04414578030493588,3.8218623481781373,36.0,27.350453172205437,False,1,2.9,2026-10-08
Ilya Solovyov,PIT,DAL,1.0,D,14.907642249572985,0.19282000575633623,0.5914049745977163,1.003524502393102,0.044587819576329485,0.20716146298972327,0.2517492825660528,1.1223754219702566,1.2834443447507866,0.442336780095199,0.23941270358080005,0.7368710532784343,0.043608393500154,0.1871116119985582,0.22256036869423101,0.17895197519407702,2.0,0.08695652173913043,0.029849657273169735,2.0454545454545454,23.0,28.116207951070336,False,0,23.2,2026-04-14
Cameron Crotty,OTT,NSH,1.0,D,14.879286891304154,0.27517235773914683,1.1420479532609933,1.0243019836717504,0.050320694101380875,0.21207148618138016,0.262392180282761,0.944122594381559,0.9000307955077389,0.3062139235700124,0.252053475008431,0.6403450742583796,0.04907558025555614,0.19109313016363416,0.2307907041735594,0.18171512391800326,0.0,0.0,0.03283940728874649,2.2790697674418605,25.0,28.52121212121212,False,2,8.6,2026-10-06
Pierre-Olivier Joseph,VAN,NJD,0.0,D,14.864009139659405,0.2024190235649002,0.653206287532881,0.9001964884901887,0.04527155476554425,0.18074885950575356,0.22602041427129782,1.0797324423893964,0.8034286378595474,0.3909149923943288,0.296514253021044,0.7479982326280583,0.04426208859355185,0.16535505447904308,0.20229818300185198,0.15803609440830013,1.0,0.04,0.03842297025295822,2.9699999999999998,25.0,26.09907120743034,False,0,29.3,2026-04-09
Mike Reilly,CAR,CHI,0.0,D,14.86330466994536,0.21429046241913813,0.7565639351732959,1.352483967958131,0.048981170896383,0.20624002027301358,0.25522119116939657,0.8810210921985502,0.7272858480217489,0.46563116933120935,0.26096244667519536,0.5434718527062238,0.047800941415550025,0.18636223671375918,0.22525488777008384,0.17745394635453382,1.0,0.029411764705882353,0.062114445480608085,3.8095238095238093,34.0,31.39457831325301,False,3,29.1,2026-10-08
Jason Dickinson,EDM,SJS,0.0,C,14.857979629458084,0.36464752586763843,1.5697346152692693,1.2550079276926407,0.17319637654355002,0.24384957076371333,0.41704594730726335,0.6476309420914411,1.1995515899786149,0.3828539970502858,0.2749317886544866,0.5158079483914226,0.15902754863518243,0.21639449742547745,0.341009359596944,0.18198181096176158,1.0,0.05263157894736842,0.061669832897833676,2.8073394495412844,19.0,30.48036253776435,False,1,29.4,2026-10-07
Marat Khusnutdinov,BOS,PHI,1.0,C,14.841042626834728,0.4448416935721491,1.5450290525097428,1.094324819714492,0.18205525165539976,0.2548305392698985,0.4368857909252983,0.44973878595586847,0.8703909240445747,0.28503953994440046,0.29831042236947736,0.6405183167270462,0.16644471616590317,0.22495217299616344,0.35395478857681706,0.18751007241091389,1.0,0.045454545454545456,0.029662658795802974,2.9403973509933774,22.0,26.575301204819276,False,5,29.3,2026-10-08
Max Domi,TOR,COL,0.0,C,14.835724359711056,1.188601722607595,0.19924185889370577,1.3893128182122099,0.16249706600012712,0.23974668991439155,0.40224375591451866,0.5452856890316217,0.7227035444318279,0.7851776348700443,0.34252074385789455,0.7359096404176786,0.1499814158238426,0.21317285292310528,0.33118230245033276,0.18120088662649014,2.0,0.1,0.0633455335510989,2.4362139917695473,20.0,28.015290519877677,False,0,29.4,2026-04-15
Phillip Danault,MTL,DET,1.0,C,14.828644818560923,0.35340292553313,2.2079101634773104,1.2739604140648553,0.17729324715229838,0.2527796127769105,0.4300728599292089,0.48697337960518006,0.9782859191610102,0.32106483373142036,0.27935241864766935,0.5593865144472941,0.16246585599461927,0.22336097571785596,0.34953829959668037,0.1870724436020611,2.0,0.058823529411764705,0.05798171197312459,3.045045045045045,34.0,24.709969788519636,False,4,29.4,2026-10-08
Jordan Harris,BOS,PHI,1.0,D,14.827436606078901,0.26381343899169885,0.962869765576566,0.9201589171125749,0.05063713227722656,0.1978940901139135,0.24853122239114006,1.0321064009530618,0.7881025077129159,0.2844298944873718,0.21726494432007679,0.6085206582256312,0.04937644143981457,0.17954325698330698,0.22005449130877175,0.17067804986895718,0.0,0.0,0.03619397068500056,1.8151815181518152,22.0,26.613496932515336,False,0,29.2,2026-04-12
Marcus Johansson,MIN,FLA,0.0,L,14.811797828818131,1.2330311325120036,0.4630000544758195,1.5051130928112164,0.1932671529944413,0.30786812317931617,0.5011352761737575,0.37618370347903285,0.8241600491911562,0.3623278831899844,0.29899187251858,0.5432033871687327,0.17573825926982878,0.26498775730440116,0.3941575293777386,0.21841927010790985,3.0,0.15,0.05728921221162777,3.6190476190476186,20.0,27.37920489296636,False,0,29.4,2026-04-14
Gavin McKenna,TOR,COL,0.0,L,14.792525367338607,1.6347561256071663,0.25360061930453776,1.7042721439226725,0.19885981100010833,0.25887014722223173,0.4577299582223401,0.47995823479601335,1.0420396971618429,0.4271003256576228,0.27132152882474075,0.6007949781927985,0.18033520673350145,0.22807674708538606,0.3672816864821399,0.18694647974863843,1.0,0.041666666666666664,0.0600489670669893,2.8,24.0,28.015060240963855,False,5,4.7,2026-10-08
Adam Engstrom,MTL,DET,1.0,D,14.775575306970566,0.48167010971184,0.523025203104618,1.0453275077122455,0.05392942515156321,0.21069796122451254,0.26462738637607575,0.9474910570259905,0.8119453628896387,0.40394079302121083,0.21812535809186762,0.6436228618128257,0.05250102626133635,0.18998131301062215,0.2325081253684247,0.18000709910708834,0.0,0.0,0.03810110309949152,3.045045045045045,34.0,24.709969788519636,False,1,12.5,2026-10-08
Declan Chisholm,NJD,VAN,1.0,D,14.77342586769971,0.3650923382090183,0.5133103433071289,1.0140511137187065,0.05189815992234814,0.2417175506932793,0.2936157106156274,1.0275485573449934,0.6670974332375003,0.2721084094446454,0.2417263706987252,0.929523733525373,0.050574448508491465,0.21472205255718257,0.2544370516749832,0.20386260316649174,0.0,0.0,0.03677878035784721,6.0,33.0,29.28787878787879,False,3,29.0,2026-10-06
Peyton Krebs,BUF,UTA,1.0,C,14.76276833426031,0.397011411492504,0.2843457756033093,1.3116829750663337,0.18699835129736708,0.3016634135179539,0.488661764815321,0.481871116124843,2.008588321823524,0.46438704828386485,0.30247446326197075,0.6739409488534182,0.17055489610739671,0.2604130420274904,0.3865532188068773,0.2159983226994806,1.0,0.038461538461538464,0.03613657047330493,2.532544378698225,26.0,28.628398791540786,False,4,29.4,2026-10-08
Noah Juulsen,COL,TOR,1.0,D,14.761922797311945,0.1947007109119424,0.9998419035501491,0.8385755453939806,0.04545780006899448,0.20219283767724863,0.24765063774624313,1.0174730904280636,1.6164891446949505,0.34760220830642935,0.25095012643406184,0.9370655660817807,0.044440073715919626,0.18306262355433878,0.21936738078487394,0.17492730706895432,0.0,0.0,0.024131859893074113,3.5999999999999996,30.0,29.43202416918429,False,3,29.2,2026-10-08
Isaiah George,NYI,TBL,1.0,D,14.756841147863943,0.18988865637481153,0.4137220691756229,0.9549177825598969,0.04332207153001828,0.17634749815668224,0.21966956968670054,1.042326863089687,0.7433147670979252,0.34006672739149113,0.2623525778181427,0.6920021436712747,0.042397076243215426,0.16167338423851652,0.19721598168367294,0.1548189054404575,1.0,0.034482758620689655,0.03504591525463377,2.0766283524904217,29.0,25.581039755351682,False,0,21.2,2026-04-14
Noel Acciari,PHI,BOS,0.0,C,14.733250539982139,0.32683588368801303,2.380979661780296,1.3946007224276022,0.18191254930353284,0.2195280969969293,0.40144064630046217,0.8115912745397142,1.205793955666168,0.360345909373489,0.27562344328130456,0.47404507901372145,0.16632575737884148,0.19710240163524828,0.33064495278091854,0.16431919540207707,0.0,0.0,0.04302595917051084,2.552631578947368,29.0,26.936746987951807,False,5,29.4,2026-10-08
Jorian Donovan,OTT,NSH,1.0,D,14.719358230272617,0.5462436613532557,0.9709043659072877,1.1815609417127662,0.0579776365462501,0.2228714967898657,0.28084913333611583,1.0829940934064854,0.9682003219180152,0.3480577362790934,0.24099776702805792,0.6664660497550409,0.05632894905527308,0.19978232677237417,0.24485774732074228,0.1885287982654692,0.0,0.0,0.05969979922759816,1.6177558569667077,29.0,28.533123028391167,False,0,2.0,2026-03-26
Pius Suter,STL,CBJ,1.0,C,14.709150244188024,0.6454709638435008,2.0622054789488247,1.4462256372238083,0.20144990891395698,0.26602627443599697,0.46747618334995394,0.41240247860841767,0.8499400322595351,0.2723217032328527,0.27629099306017035,0.5709927120707985,0.1824554717722341,0.23358100999023024,0.37341834838766197,0.19096287661542788,2.0,0.07692307692307693,0.05992288022387441,2.384,26.0,24.90332326283988,False,4,29.4,2026-10-08
Matias Maccelli,NYI,TBL,1.0,L,14.690060867876351,2.0777589182052805,0.11682007052707531,1.5556341786860208,0.20805027323732891,0.30545191748126654,0.5135021907185955,0.3210320446549512,0.8210256781195734,0.3984361413374274,0.29908598719491114,0.7846336331922669,0.18783379453880966,0.2632096692873116,0.40160379288458037,0.2137699983457707,2.0,0.10526315789473684,0.058455473934654806,1.6951871657754012,19.0,25.595166163141993,False,4,29.4,2026-10-08
Jake Neighbours,STL,CBJ,1.0,L,14.682015918789862,1.926278478338195,0.2933406859106445,1.4754851486557041,0.2184227485346435,0.31565625299404165,0.5340790015286851,0.5024143681055091,1.6602396324844417,0.5065030046529939,0.2625421652587828,0.5876589893933043,0.19621442934052757,0.2706898947507167,0.4137910608644849,0.21757663152395734,2.0,0.07692307692307693,0.05972071837831869,2.384,26.0,24.90332326283988,False,4,29.4,2026-10-08
Tyson Jost,NSH,OTT,0.0,C,14.674869586288573,0.31822494635976456,1.8901803920839406,1.5035323959737652,0.1789506026197281,0.22021460792346284,0.39916521054319093,0.5488410883260771,1.0695508504921027,0.4833583828740345,0.33557559849006624,0.5452515437178035,0.1638527981417961,0.19765341045098617,0.3291201442281193,0.1652673460863232,0.0,0.0,0.04441226826800158,1.8115942028985506,21.0,28.32,False,0,29.3,2026-04-16
Andre Burakovsky,CHI,CAR,1.0,L,14.660871554938376,1.5715946872758013,0.12158921284545682,1.236575402052299,0.18451309804692045,0.27147110421668896,0.4559842022636094,0.5105454721403234,0.7055391433187478,0.29540046493272737,0.3194096366055933,0.7114238238229319,0.16849095131645708,0.23774269082815436,0.3661761499984414,0.1976851986819843,1.0,0.041666666666666664,0.061274331613553897,2.7115716753022454,24.0,21.171779141104295,False,0,29.4,2026-04-15
Noah Cates,PHI,BOS,0.0,L,14.64816699336331,1.4397465665107196,1.5679492413962925,1.5560275998002087,0.20038126558680497,0.27234629323406323,0.4727275588208682,0.45501207503534363,1.2303728060209949,0.39769202101796214,0.33971086636014347,0.46684794615811803,0.18158134128382508,0.23840951821099055,0.37670013940323344,0.19511879811940835,1.0,0.034482758620689655,0.05314330460469964,2.552631578947368,29.0,26.936746987951807,False,5,29.4,2026-10-08
Teddy Blueger,TOR,COL,0.0,C,14.640553009517822,0.33932564459253844,1.830451671955182,1.1831419809441956,0.14417519685436767,0.19319362496809114,0.3373688218224588,0.5349942905362973,1.1260724423277109,0.46306689151033514,0.27552820731130717,0.5547680829081363,0.13426393946251414,0.17567765070265007,0.2863544167063069,0.15209047724379277,0.0,0.0,0.05041567846745531,2.8,24.0,28.015060240963855,False,5,29.4,2026-10-08
Tristan Broz,PIT,DAL,1.0,C,14.628544432073207,1.1274799498964878,0.7317631043301266,1.600309442130645,0.19877366390757106,0.27506642191970615,0.4738400858272772,0.47591513224273824,1.2030681944008703,0.3543115004784743,0.3476221253517378,0.6081223588116013,0.18026459195312106,0.24047832733808128,0.37739319174003405,0.197128599786913,2.0,0.10526315789473684,,2.782608695652174,19.0,27.883895131086142,False,0,1.0,2025-11-26
Luca Pinelli,CBJ,STL,0.0,C,14.627130015432218,1.0923803315552645,0.5083541194291838,1.5997235688238134,0.19821889631221132,0.28065379378384747,0.4788726900960588,0.5120266703256787,1.001247058333798,0.352058393014763,0.28753934335497244,0.552712801740038,0.17980970314484912,0.24471022376308127,0.38051865421658115,0.20070895107173203,2.0,0.08,0.06154779369248214,2.3981042654028437,25.0,26.14022140221402,False,0,2.9,2025-12-01
Jonatan Berggren,STL,CBJ,1.0,R,14.622212721904619,0.9706796786164091,0.15126090942369244,1.4273549207241503,0.1887386810317379,0.2841212031461383,0.4728598841778762,0.37800083261857087,1.0140906519612767,0.325720971707913,0.25298739453927627,0.6567387066986287,0.1719971487231553,0.2473245874505262,0.3767826123230603,0.20478546359990502,0.0,0.0,0.04961146551755964,2.384,26.0,24.90332326283988,False,4,29.3,2026-10-08
Matthew Kessel,STL,CBJ,1.0,D,14.620229057157097,0.18379564056221662,0.7463813250518195,0.9477945528223362,0.04869463659171443,0.16543058973437952,0.21412522632609393,1.153472399284739,0.9036344798714646,0.34445467343237324,0.2015915437328807,0.6846659955338945,0.047528064627979094,0.15247131164525596,0.1927527099194466,0.1452246452914675,1.0,0.03225806451612903,0.029921135143982126,3.2527472527472523,31.0,24.86196319018405,False,0,28.4,2026-04-14
Connor Dewar,PIT,DAL,1.0,C,14.594179238920384,0.3180884693632059,2.236926828383973,1.330525743523552,0.17973322159041114,0.2331009729141068,0.41283419450451797,0.558122600602489,1.6324167845374176,0.3530000225866887,0.29996446285820316,0.5118744259452406,0.16450692680411627,0.20792640849234822,0.3382280008339711,0.17372107402985482,0.0,0.0,0.042559255551218166,1.5365853658536586,22.0,28.150602409638555,False,5,29.4,2026-10-09
Dakota Mermis,TOR,COL,0.0,D,14.548821246261692,0.1837011491968056,0.8400484162010089,0.9164754486230456,0.04364023154389606,0.14143533966652927,0.18507557121042534,1.2657797577969683,0.9228937414019103,0.48516864194077236,0.18255566243127383,0.5684972527382885,0.04270169874080865,0.13188869386329338,0.16895852133143296,0.12625682259062432,1.0,0.04,0.03401515632743283,1.9098497495826376,25.0,28.39051094890511,False,0,26.2,2025-12-08
Luke Haymes,TOR,COL,0.0,C,14.546253013870857,0.9153899665874566,1.1000695764868558,1.3772791090035994,0.165206373950846,0.23176016620555975,0.39696654015640576,0.587765609008992,1.0435870962480995,0.3886616095202827,0.2935824738472001,0.49691685739188973,0.15228126103095185,0.20686367860872457,0.3276434777996382,0.17536221676868635,1.0,0.05,0.0524232636261282,2.4362139917695473,20.0,28.015290519877677,False,0,3.8,2026-04-15
Andrei Kuzmenko,PIT,DAL,1.0,L,14.534570731085566,2.3290235157398564,0.11683123837127508,1.4838151591545248,0.21307606715552838,0.2942888136119398,0.5073648807674682,0.3220748154005938,0.744302053861895,0.33918645937027136,0.2680198947025429,0.7065672412438982,0.19190533458407033,0.25493872347210444,0.39791995702982474,0.20601462244575441,1.0,0.03225806451612903,0.05582306424480486,3.4131736526946104,31.0,28.136363636363637,False,2,29.4,2026-10-05
Emil Andrae,CBJ,STL,0.0,D,14.525460002106822,0.2595547626140925,0.4638250082789441,0.7479865666079287,0.046851586256151344,0.17612122019245402,0.22297280644860537,1.0795529611401975,0.9066641745318875,0.3928670070019383,0.16996494019430033,0.68860329816133,0.04577099221880432,0.16148366793504365,0.19986339244532914,0.15409240022652482,1.0,0.022222222222222223,0.032589153744026614,4.235831809872029,45.0,26.581818181818182,False,3,28.7,2026-10-09
Mason McTavish,STL,CBJ,1.0,C,14.501010034277469,2.0570725384797353,0.19837347368696656,2.0160345035561065,0.26790676688748233,0.34518846793903085,0.6130952348265132,0.4226277884397937,1.2324046931589208,0.30560887578745466,0.2581819662274009,0.6349557830528334,0.23502090083936422,0.29191311078533644,0.4583283293611097,0.22330742852174545,5.0,0.19230769230769232,0.07950715332812344,2.146067415730337,26.0,24.90332326283988,False,4,29.4,2026-10-08
Ryan Strome,CGY,ANA,1.0,C,14.480589678124659,1.132527193112184,0.37888839421045867,1.4182139462716232,0.20827758220667528,0.3242428834013139,0.5325204656079892,0.46938643817576603,0.7709241536545595,0.48977085182268243,0.27998070903183975,0.7624571560399827,0.18801838622144362,0.27692540176764047,0.41287672084500737,0.22485833462356375,0.0,0.0,0.061052494636927725,3.0989272943980932,29.0,29.50453172205438,False,4,29.4,2026-10-08
David Jiricek,PHI,BOS,0.0,D,14.468565572684197,0.6689959135608105,0.5530761537885654,0.9950115890069084,0.04335042587002153,0.17069544849257196,0.21404587436259348,1.0573826018650558,0.7422938233776292,0.47198808809166215,0.19423246857831816,0.7133163948409901,0.04242422805716606,0.1569217048571847,0.19268865072037022,0.15026442266320417,2.0,0.06896551724137931,0.03224970810979143,2.552631578947368,29.0,26.936746987951807,False,3,28.0,2026-10-08
Philipp Kurashev,SJS,EDM,1.0,C,14.453106457687808,1.3977109971040815,0.6159832660147564,1.363993046891289,0.18732475322667336,0.2890317927691727,0.47635654599584604,0.39814034386856734,0.9140433858547915,0.3617856854197698,0.28957591202092015,0.625251040583972,0.1708255844105655,0.2510116073909452,0.3789579872751171,0.2081324028645516,1.0,0.030303030303030304,0.07162439054992649,3.8709677419354835,33.0,20.08,False,0,29.3,2026-04-16
Luke Schenn,VAN,NJD,0.0,D,14.415798092103175,0.19816893277480432,1.505990772312305,0.8342266843303804,0.03877265598635746,0.16673727871642188,0.20550993470277934,1.1395271456829312,2.047594649496164,0.6436154150527573,0.17254015882533416,0.7009908941797839,0.03803061773122152,0.15357804480880544,0.18576799462599491,0.1477373768947734,0.0,0.0,0.03696315914162538,3.2121212121212124,20.0,26.07250755287009,False,4,29.4,2026-10-04
William Trudeau,NSH,OTT,0.0,D,14.396913837339834,0.4664690386412129,0.808849347025959,1.0161701845933306,0.05020068429676426,0.19634325401886452,0.24654393831562876,1.0965424196708384,0.9841344437668065,0.38516945145677084,0.20795179872617378,0.6568106734683661,0.04896145315368883,0.17826987590435694,0.21850297688024067,0.16954152372655185,0.0,0.0,0.0554913421283586,2.4,20.0,28.25531914893617,False,3,2.9,2026-10-08
Victor Eklund,NYI,TBL,1.0,R,14.393280456947831,1.7990722844799143,0.24294427038142266,1.72888621670994,0.22843098638542203,0.29317282528296185,0.5216038116683839,0.42213375466899045,1.3790991626496243,0.5465754487818327,0.29498377818059823,0.5850347412962148,0.2042187849525129,0.25410677964967177,0.4064321868139328,0.2022134018614199,0.0,0.0,0.06324890792884302,1.6951871657754012,19.0,25.595166163141993,False,4,4.7,2026-10-08
Nick Paul,TOR,COL,0.0,L,14.384504885279028,1.0988309253904815,0.9351648667105875,1.5025124371513572,0.18304412014562768,0.20483055417428084,0.3878746743199085,0.5351259683097581,1.3526446270057395,0.4243085496790608,0.24154095149316185,0.5201857349678232,0.16726858530469824,0.18521463330569443,0.3215026289196208,0.15423404361492254,2.0,0.08333333333333333,0.05850643749546725,2.8,24.0,28.015060240963855,False,5,29.4,2026-10-08
Vladislav Kolyachonok,BOS,PHI,1.0,D,14.342988788471521,0.1826543651797613,0.5785088622668324,0.918118528901899,0.053256698990697016,0.19217168693130046,0.24542838592199748,1.0071786071188995,0.8356878506262184,0.36314372810061135,0.22495882837648562,0.6619439015247376,0.05186340446592408,0.1748348137491076,0.21763068955483722,0.16576728508891314,1.0,0.043478260869565216,0.03126683121713569,2.7301587301587302,23.0,26.556338028169016,False,0,25.0,2025-12-27
Zemgus Girgensons,TBL,NYI,0.0,C,14.341442285153066,0.3309083484458901,1.6975599275083533,1.1731975672993364,0.1523866946655219,0.21666569936923136,0.36905239403475326,0.5860603445441072,1.8578968381858043,0.39598056588993025,0.23460184847095322,0.49142187502568524,0.1413438212296163,0.19480089711527904,0.30861081516766453,0.16726699393804823,1.0,0.02857142857142857,0.041857729777329,3.9536741214057507,35.0,28.41389728096677,False,4,29.4,2026-10-08
James Hagens,BOS,PHI,1.0,C,14.33813489451333,1.2256859009190382,0.3632311628424694,1.4656136372730781,0.21378743636795655,0.2939845808269335,0.5077720171948901,0.5402788011727669,1.0623835978474367,0.3732923632015191,0.3670479055700533,0.6424013902349008,0.1924799838316501,0.25471201692091194,0.39816503585389784,0.20568505202224774,0.0,0.0,0.061382558563591635,2.9403973509933774,22.0,26.575301204819276,False,5,6.3,2026-10-08
Barrett Hayton,UTA,BUF,0.0,C,14.32972236386138,1.5760895957714074,0.5036335962964513,1.7032475659474382,0.2101525204179329,0.29616672342716827,0.5063192438451012,0.43291695873611247,0.8089538468371315,0.5364234529619741,0.2189222174384329,0.5573603646657942,0.1895393752501584,0.25633656843206065,0.3972900706478367,0.20775069539767832,3.0,0.08108108108108109,0.07878207898443643,4.282122905027933,37.0,24.97590361445783,False,5,29.4,2026-10-08
Cole O'Hara,NSH,OTT,0.0,R,14.305192455735181,1.311592941315805,0.43949302718067157,1.597649297568907,0.21106029161517412,0.2774380153761413,0.48849830699131547,0.44050453651224625,1.3322236780399896,0.44316099598549724,0.3041824289830667,0.568064213632432,0.19027475423337536,0.24227746970658648,0.38645293793525715,0.19617818370188178,1.0,0.047619047619047616,,1.8115942028985506,21.0,28.32,False,0,1.0,2026-04-16
Kevin Stenlund,UTA,BUF,0.0,C,14.267963987570349,0.3169401389114836,2.1903348261597375,1.0891658660506176,0.14416909256558397,0.21830030059329847,0.36246939315888244,0.6532989181200941,0.8188346824530218,0.31725062379723507,0.2664046220821644,0.5468951637263324,0.13425865474346044,0.19611600142609276,0.3040443856444194,0.16978573090095894,1.0,0.02702702702702703,0.036424327439683206,4.282122905027933,37.0,24.97590361445783,False,5,29.4,2026-10-08
Ryan Johnson,BUF,UTA,1.0,D,14.259159818799448,0.20058983955985826,0.4250894103100677,0.9669463437759769,0.04820222018361083,0.18227473637772143,0.23047695656133227,1.091153928471793,0.6192334152221859,0.3941811617517765,0.28806877379284074,0.5669880128637174,0.047058936324986034,0.16662764873972835,0.20584526515268942,0.15878632882770338,0.0,0.0,0.03130899954209348,4.024064171122995,27.0,28.811244979919678,False,0,23.6,2025-10-15
Connor Zary,CGY,ANA,1.0,C,14.255530791572887,1.3974525742564112,0.20258540621208643,1.5629661564511628,0.22373753545252076,0.29931685976448275,0.5230543952170035,0.36500063159838675,0.7804063629307054,0.3429119660119254,0.26807159063257535,0.6556170892459948,0.2004750462117244,0.2586755236824213,0.40729258233007026,0.20681753611834586,1.0,0.030303030303030304,0.05568821578086161,2.7251908396946565,33.0,29.493939393939392,False,2,29.3,2026-10-04
Bobby Brink,MIN,FLA,0.0,R,14.22131961192408,1.5693958182643297,0.12575241382912408,1.4319613161629794,0.20682482876717162,0.27111413201002205,0.47793896077719367,0.5568946406998636,1.1273006624175086,0.389865499035582,0.2549003645525183,0.5871232497624417,0.18683791988356058,0.23747053758176884,0.3799399561899208,0.19310203630636025,1.0,0.027777777777777776,0.0518244579982054,3.8218623481781373,36.0,27.350453172205437,False,4,29.3,2026-10-08
Matt Kiersted,MIN,FLA,0.0,D,14.207103588585259,0.19207087910272763,1.215217020870354,0.8646930187138271,0.04607606989016553,0.19199906006328463,0.23807512995345015,1.0715453940059756,0.7526427869379599,0.39956416824653024,0.17353635609236798,0.6506350617360337,0.04503068498328633,0.17469235577172593,0.2118565243132675,0.16682583932998118,0.0,0.0,0.027763740802009104,3.6190476190476186,20.0,27.37920489296636,False,0,18.2,2026-04-14
Rory Kerins,CGY,ANA,1.0,C,14.20675935902025,1.4444136320215046,0.3293170136053284,1.3143911714260497,0.20870194382259927,0.33207986559971125,0.5407818094223105,0.6194161276727285,0.9978577503451321,0.36433994123244184,0.3009100735283233,0.6611386681772757,0.1883628869495545,0.2825699774126912,0.4177071676515207,0.22934428070196622,0.0,0.0,0.032887089421465954,2.635782747603834,21.0,29.55045871559633,False,0,7.9,2026-04-16
Jack Drury,NSH,OTT,0.0,C,14.198035013292682,0.46384181267262176,1.6941757203241314,1.2084956438277308,0.1528881863435172,0.23858362599146343,0.39147181233498063,0.533802722020518,0.90205689678306,0.4324422451813827,0.30195637964963945,0.5270579234393813,0.141774322202179,0.21225719027088097,0.3239388931898668,0.1821645709876878,2.0,0.1,0.04358363064292494,2.4,20.0,28.25531914893617,False,4,29.4,2026-10-08
Maxim Shabanov,MIN,FLA,0.0,R,14.189386130458386,1.6851646510162452,0.11829817540824752,1.4744342860041102,0.20798857204287238,0.2731302101338156,0.481118782176688,0.49441656439698534,0.9318883903658293,0.3178016789604211,0.3013951298263121,0.6325620268862043,0.18778368136783008,0.23900630791302713,0.38190850491081585,0.19412482354298577,3.0,0.08333333333333333,0.046229604082848035,3.8218623481781373,36.0,27.350453172205437,False,4,23.8,2026-10-08
Colton Sissons,TOR,COL,0.0,C,14.169648466772397,0.7986804320374997,1.6654286179139663,1.336324147294178,0.15749507948860889,0.18709515882881883,0.34459023831742774,0.6864600808480277,1.3550605003281777,0.36078154585884725,0.28659518767828934,0.4979127897604611,0.14571898290238638,0.1706351887538502,0.29148938550366876,0.14577040260128238,0.0,0.0,0.043871796091128096,2.8,24.0,28.015060240963855,False,5,29.4,2026-10-08
Marshall Warren,NYI,TBL,1.0,D,14.167758109757422,0.29762480733306257,0.7545205090717021,1.0987035740537976,0.04951605968889597,0.20080870660639608,0.25032476629529204,1.0309003721654737,0.9848171394405567,0.4327580201351072,0.24388482730514943,0.6940421426128867,0.04831012582956995,0.18193109223548232,0.22145210410684502,0.17314197827727507,0.0,0.0,0.046763533116119096,1.6951871657754012,22.0,25.20979020979021,False,0,7.1,2026-01-01
A.J. Greer,ANA,CGY,0.0,L,14.158977399531283,0.5850368428700781,0.7263805095972178,1.6658777953564154,0.22891489120788813,0.25166547351966534,0.4805803647275535,0.4592587414303024,1.9249530718563592,0.6944397973736264,0.234407052147023,0.6188582983833816,0.20460377416352193,0.22249520948968027,0.38157562405831014,0.1769718498947882,2.0,0.11764705882352941,0.039006128826761695,9.0,17.0,26.154078549848943,False,4,29.4,2026-10-09
Mathieu Olivier,CBJ,STL,0.0,R,14.158626494389683,0.3364671052537456,0.5958977465281656,1.712660736263638,0.24200808307805374,0.23611805420647114,0.4781261372845249,0.5203813170414426,2.2441962013376586,0.7379972790678709,0.25397958039739765,0.448496033907859,0.21495016809288403,0.21031255749465527,0.38005600600201883,0.1651058379091348,4.0,0.08888888888888889,0.04792165791088695,4.235831809872029,45.0,26.581818181818182,False,3,29.4,2026-10-09
Daemon Hunt,MIN,FLA,0.0,D,14.12182135124213,0.37340902969032375,1.1976563242775715,0.8267409970775036,0.042783652918772674,0.17461623049510872,0.2173998834138814,1.2792475404589898,0.7636485403277352,0.3660083597068046,0.19430350224644996,0.4814994883678976,0.04188134618000838,0.16022075940043679,0.19539184449077163,0.15351049831076324,0.0,0.0,0.02530829405738468,3.8218623481781373,36.0,27.350453172205437,False,4,24.0,2026-10-08
David Perron,DET,MTL,0.0,L,14.110352366002536,1.5201285391841741,0.11977153037864811,1.5610580034086703,0.2045265901460812,0.24817420319617498,0.4527007933422562,0.39193944909641426,1.4000968863488166,0.48777263036168206,0.24889326880826332,0.5064520212006053,0.18496693021900912,0.21977598607824378,0.3640916268165044,0.1791246965974953,1.0,0.04,0.07290871964536678,1.9107142857142858,25.0,25.862385321100916,False,0,29.4,2026-04-15
Colton White,NJD,VAN,1.0,D,14.100129544864812,0.18205187329596226,0.516567852358206,0.8786199531199853,0.04621961190167181,0.20517051041891074,0.25139012232058255,0.8661830432418831,0.9172398742595081,0.25881061275950545,0.2085031044166466,0.6560056072988596,0.045167753361919916,0.18549157760199653,0.22228109313607602,0.1771133397741561,0.0,0.0,0.029994957171249538,2.3365122615803817,44.0,29.177083333333332,False,0,26.7,2026-01-06
Tomas Nosek,FLA,MIN,1.0,L,14.057461391422406,0.3530660820481262,1.5871998736753201,1.1858793205965037,0.17425377664564173,0.20880330269126612,0.38305707933690786,0.4439391552746033,1.6383858481868923,0.32196289091205865,0.2640251760402137,0.5781777756736486,0.15991632301324177,0.18844514940001644,0.31822601703152653,0.15830969401828476,0.0,0.0,0.03142169092333305,4.181818181818182,16.0,31.355828220858896,False,0,29.3,2026-04-13
Jesper Boqvist,NJD,VAN,1.0,C,14.047772440174542,0.653810470509252,1.1372131438940212,1.3446097699397705,0.2081891877607972,0.2806442517351032,0.4888334394959004,0.4563445445622746,1.5186234694464398,0.27778328023578497,0.27843703674478065,0.6991722405660624,0.1879466083842961,0.24470301671683536,0.3866585230477966,0.19871191466350047,2.0,0.06060606060606061,0.03437385565969683,6.0,33.0,29.28787878787879,False,1,29.4,2026-10-06
Jonathan Castagna,CGY,ANA,1.0,C,14.041044432073207,1.1274799498964878,0.7317631043301266,1.5626652438216346,0.21387543803153375,0.3283795459221624,0.5422549839536961,0.5483009417410893,1.12775226345366,0.36609741123473355,0.33414361076969606,0.6398949901479789,0.19255104380970078,0.27991033926188225,0.41856435507358003,0.22601331126387925,0.0,0.0,,3.0989272943980932,29.0,29.50453172205438,False,1,1.0,2026-10-08
Dalibor Dvorsky,STL,CBJ,1.0,R,14.040108503703932,1.5476188282678198,0.12435494225514722,1.6005007127490414,0.2164298776372257,0.25951103956344673,0.47594091720067244,0.36162507869869914,0.9161858503385331,0.36177998663635585,0.21785376149742164,0.610999921144052,0.19461099127714565,0.22857130828901284,0.37869981068251957,0.18408881940537392,2.0,0.07692307692307693,0.053251711939916464,2.384,26.0,24.90332326283988,False,4,27.3,2026-10-08
Nicolas Roy,COL,TOR,1.0,C,14.033414622782988,1.0589222487746088,0.911065315630609,1.443910804699905,0.2150808387406877,0.2884113076535482,0.5034921463942359,0.5138239658748438,0.9865402735101266,0.3454249458831375,0.3097330297731887,0.7339916391163854,0.19352375698174584,0.2505467270307987,0.3955837400980645,0.20205998311631868,0.0,0.0,0.05105622255610891,3.5999999999999996,30.0,29.43202416918429,False,4,29.4,2026-10-08
Matthew Wood,NSH,OTT,0.0,R,14.027507858872942,1.6242717776413695,0.5234871529925412,1.4323893509152186,0.20280937344651953,0.25382349578429897,0.45663286923081847,0.38837448274309183,1.0985582067762136,0.423701210690048,0.23685805442106003,0.5910024561795697,0.1835661394344471,0.2241712729968175,0.36658715727513325,0.18302101784068614,1.0,0.05,0.052636349417264354,2.4,20.0,28.25531914893617,False,4,27.6,2026-10-08
Kai Uchacz,VGK,LAK,1.0,C,14.0120262944337,0.9759226979284886,0.6315658032193303,1.4385078747525382,0.19317257395417184,0.2754812623483799,0.46865383630255175,0.6097896780061014,1.227774585014721,0.41492040316488904,0.31496550948247554,0.5443247961385709,0.17566029769875247,0.24079334228936888,0.37415580979769325,0.19849551209894079,1.0,0.04,0.049642631512608615,3.507002801120448,25.0,27.815181518151814,False,0,2.9,2026-02-25
Blake Lizotte,PIT,DAL,1.0,C,14.005227570606145,0.31062217133054115,1.9509894515117354,1.1298517094252805,0.15857828905665364,0.23837099642002774,0.3969492854766814,0.587554187352098,1.0765468280258153,0.41064216496488015,0.30061741724965074,0.5961979431228527,0.14664384727250612,0.21208967504613252,0.3276318764030982,0.1809880291305921,1.0,0.045454545454545456,0.03893618474138625,1.5365853658536586,22.0,28.150602409638555,False,5,29.4,2026-10-09
Michael McCarron,MIN,FLA,0.0,C,13.986371337055077,0.482635759368155,1.7148562895264912,1.4242826296580098,0.18202038635563153,0.2332975305509024,0.41531791690653397,0.7411378676915342,1.7016895551479647,0.6665463938696222,0.3007437442154192,0.4626968473061438,0.16641565350442267,0.20808208130582184,0.33986961926717585,0.17345396576275318,1.0,0.027777777777777776,0.04464211412069231,3.8218623481781373,36.0,27.350453172205437,False,4,29.4,2026-10-08
Michael Rasmussen,DET,MTL,0.0,C,13.9840753000551,0.7437277973325239,1.6698385200575456,1.2374217461213728,0.16067495343064322,0.21286982249042094,0.37354477592106416,0.7571224946326078,1.2582085452820477,0.31026836011386005,0.26039746511850437,0.459772307103709,0.148431174348994,0.19173865218233932,0.3117098332198154,0.16327865887082138,2.0,0.05,0.050127513346769376,5.0,40.0,25.909365558912388,False,4,29.4,2026-10-09
Nikita Klepov,ANA,CGY,0.0,R,13.971859122401849,1.4199262746491383,0.43949302718067157,1.692822200943374,0.21685544872341989,0.27380089293527426,0.49065634165869415,0.45363829737290445,1.2948425616169974,0.39996269473208645,0.2970429061253993,0.5078674246210766,0.19495366863043806,0.23951652217923647,0.3877755661132286,0.19282189748279055,0.0,0.0,,4.0,31.0,26.13939393939394,False,1,1.0,2026-10-07
Bradly Nadeau,CAR,CHI,0.0,L,13.962958703717758,1.2377328728400456,0.3641867190102438,1.6461957686422763,0.22471743603846456,0.25349519837761025,0.4782126344160748,0.4123921143217935,1.4262863112500692,0.327207873303674,0.22015319337886938,0.5048836149104786,0.20125811745377464,0.22391652862403721,0.38010962706015394,0.1788515096063793,0.0,0.0,0.05953136446052048,2.5,21.0,31.43730886850153,False,0,11.9,2026-04-14
Zach Metsa,BUF,UTA,1.0,D,13.94474743607211,0.25328572797185095,1.169849583481714,0.8267616482528682,0.045193641957849175,0.17415503936673907,0.21934868132458823,1.041148534158625,0.5641866596811385,0.3530435761317051,0.21127855977680565,0.6700637786569824,0.044187621468519844,0.15983337134178177,0.19695833629941362,0.15277071483089377,1.0,0.038461538461538464,0.022584150464439796,2.532544378698225,26.0,28.628398791540786,False,4,23.6,2026-10-08
Zachary Bolduc,MTL,DET,1.0,R,13.942184455006522,1.2935729110240664,0.11724749563327971,1.517065340359502,0.22079137802841667,0.27472715759597877,0.4955185356243954,0.5329792245579716,1.8330943783603295,0.34832435324334393,0.26559499855174845,0.7041974737264012,0.1981160465474896,0.24022060501592657,0.3907450949984147,0.1926290484509251,2.0,0.058823529411764705,0.056875247757566916,3.045045045045045,34.0,24.709969788519636,False,4,29.3,2026-10-08
Danila Yurov,MIN,FLA,0.0,R,13.930720844789953,0.9642974085059451,0.3974589057758769,1.3032564668524795,0.1974762054879421,0.2304380075380784,0.4279142130260205,0.5512292931075223,1.1782783157633736,0.4584742865284876,0.2849690781672589,0.5417890407525512,0.17920032907696615,0.20581433299907004,0.3481326658738465,0.16893233679688036,0.0,0.0,0.039738451771448614,3.8218623481781373,36.0,27.350453172205437,False,4,27.3,2026-10-08
Tim Washe,ANA,CGY,0.0,C,13.921670697020307,0.31887839909254667,2.0616680036958557,1.176023902868283,0.16405840488242782,0.21956741512698594,0.38362582000941375,0.6183740325207869,1.6615358086545229,0.3549785614447232,0.3256719574820956,0.4146847473412585,0.1513075473502361,0.19713396944684525,0.3186136593806628,0.16730611203042667,1.0,0.058823529411764705,0.031011080169927957,9.0,17.0,26.154078549848943,False,4,23.2,2026-10-09
Yakov Trenin,MIN,FLA,0.0,C,13.897180857529564,0.49537337128553355,1.4218967160314873,1.2987373066352763,0.170460474307102,0.23540354001253838,0.40586401431964036,0.4718094153440666,3.06630755078464,0.463751345434087,0.2911053225301915,0.6116922119044962,0.15672357994528785,0.20974811298042007,0.33359921777264767,0.17687563782735982,0.0,0.0,0.050748887928846693,3.8218623481781373,36.0,27.350453172205437,False,4,29.4,2026-10-08
Victor Olofsson,VGK,LAK,1.0,L,13.885287230911773,1.651125603017431,0.12700827212514418,1.8323243418997894,0.22897467735358823,0.2820453478958546,0.5110200252494428,0.3816802512179072,0.6831036228709453,0.23860379463069975,0.27565612028805775,0.6852921329651518,0.20465132641667194,0.24576051941585875,0.4001166295532249,0.19546530313655297,2.0,0.07142857142857142,0.06197869614398596,2.653846153846154,28.0,27.963746223564954,False,4,29.4,2026-10-06
Michael Misa,SJS,EDM,1.0,C,13.863001815734016,1.202731762377591,0.22145409779683328,1.4148880902016632,0.21124211275685567,0.2974248332522269,0.5086669460090826,0.4988792152127178,0.7286407585835629,0.30555631086244606,0.2946752664840428,0.7327879908761695,0.19042196601849604,0.25727159039835934,0.3987033943724946,0.20828142835399854,0.0,0.0,0.0504889888144934,6.0,27.0,20.148936170212767,False,4,24.0,2026-10-08
Tyler Toffoli,SJS,EDM,1.0,C,13.858795729627337,2.192568359940839,0.1948122709289268,1.8677833201567546,0.2520452901430172,0.34102452431945646,0.5930698144624736,0.3830914943820199,0.746280527169433,0.26418104937734355,0.2712255048442299,0.6773794021249955,0.22279046265927127,0.2889585298155788,0.44737178792789445,0.22458132526862318,4.0,0.14814814814814814,0.10223251044383165,6.0,27.0,20.148936170212767,False,4,29.4,2026-10-08
Otto Stenberg,STL,CBJ,1.0,C,13.84991531594528,0.4678014067761009,1.160950385069587,1.285599973265557,0.18230462632618957,0.2398295611875589,0.4221341875137485,0.477184712939928,1.1644628190649717,0.2819296902200564,0.2831984139420166,0.5374592544465527,0.16665255782409483,0.21323805558879494,0.3443539460235805,0.17770138819948567,2.0,0.09090909090909091,0.041869953097542156,2.714285714285714,22.0,24.87076923076923,False,0,19.7,2026-04-13
Denver Barkey,PHI,BOS,0.0,C,13.825431743670526,1.2421640694489449,0.19821376568377533,1.204104208457623,0.16626747835852657,0.2622824149514422,0.4285498933099688,0.4617615050074764,1.0450952455158051,0.36282833464909864,0.29214551640318936,0.5519205231733357,0.1531803020487963,0.2307062670262986,0.34854691340745614,0.19536661135865985,0.0,0.0,0.0401809839265277,2.552631578947368,29.0,26.936746987951807,False,2,23.2,2026-10-08
Marco Kasper,DET,MTL,0.0,C,13.805248659831129,0.7876842959464552,0.8538035111382279,1.6248215845686285,0.18990774281873712,0.23753758722839552,0.42744533004713264,0.5296306810952525,1.7075793090530798,0.38890694273479376,0.24067813920723308,0.5581992470031689,0.17296456961852746,0.21143274963331893,0.3478269447082575,0.17486237508973002,4.0,0.18181818181818182,0.06440270470639077,1.917808219178082,22.0,25.859756097560975,False,1,29.2,2026-10-02
Oliver Kapanen,MTL,DET,1.0,C,13.797612239404033,1.4963665468728857,0.816414061351148,1.4910233634016348,0.2146483162494762,0.2671944602936733,0.48184277654314944,0.5375621332887245,0.7203684088051536,0.3025622795905917,0.2547052032615674,0.5506956321871171,0.19317486242107962,0.23447580706901006,0.38235583771846204,0.18918097529738243,1.0,0.034482758620689655,0.05773176696849935,3.00921187308086,29.0,24.712538226299696,False,0,28.4,2026-04-14
Ty Dellandrea,SJS,EDM,1.0,C,13.794178628676411,0.4210422141198944,1.6875446861552208,1.1940545955941126,0.16911103970857158,0.22036878963705253,0.3894798293456241,0.6087364300626261,1.8762232529443617,0.4462848205346875,0.2905732341833438,0.5597718466122906,0.15558486543035643,0.1977771080868539,0.3225908487703121,0.16700598333995564,1.0,0.037037037037037035,0.040797116567105246,6.0,27.0,20.148936170212767,False,2,29.3,2026-10-08
Owen Michaels,EDM,SJS,0.0,R,13.789823501481916,0.8083634452968484,0.8650144190368546,1.6316742545097653,0.21624226200838984,0.2516119472427829,0.4678542092511727,0.447731081919599,1.0598229348667436,0.37096831056653734,0.28742986139926713,0.5300564565524939,0.19445987353623484,0.2224535914391662,0.37365516771645957,0.17919529418022473,1.0,0.05263157894736842,0.05358742960562686,2.8073394495412844,19.0,30.48036253776435,False,4,3.8,2026-10-07
Braeden Bowman,VGK,LAK,1.0,R,13.770814337662928,1.5115257660979802,0.16547177057852464,1.505079482955614,0.21379483897351106,0.2900153084180389,0.50381014739155,0.43761535007755675,0.7609757130544945,0.31408879065996803,0.3389606718338073,0.5230569834977437,0.19248596156168174,0.2517478870652541,0.3957759145140587,0.20328995295237695,0.0,0.0,0.04965691318844609,2.5806451612903225,43.0,27.96385542168675,False,5,25.6,2026-10-08
Samuel Honzek,CGY,ANA,1.0,L,13.767839911640916,0.4213244756639179,1.3795766808511718,1.4050977044391766,0.19979450778059718,0.239554883527716,0.4393493913083132,0.4269433542814246,1.4713110325961234,0.3375556922548271,0.26400359246689364,0.6401906113518068,0.18110098683499753,0.21302191997659736,0.35554442688634724,0.1744434400513497,1.0,0.034482758620689655,0.04177362346067239,3.0989272943980932,29.0,29.50453172205438,False,4,17.8,2026-10-08
Joel Armia,LAK,VGK,0.0,R,13.728388819525087,0.6433445605782304,1.169493430537325,1.3558716452902635,0.17577345493353674,0.21107638779767848,0.38684984273121525,0.5960013008596305,1.1582910493132959,0.3637026281860232,0.32407208198450776,0.5677385307741127,0.16119201037447262,0.19028778761381548,0.32080692695310653,0.15961491657863391,0.0,0.0,0.061493303571864326,1.7371794871794872,20.0,28.78181818181818,False,3,29.4,2026-10-06
Andreas Englund,DET,MTL,0.0,D,13.726818486185401,0.1788275131642278,0.5491585274349835,0.710687210751087,0.03527004565041255,0.15366975653539947,0.18893980218581202,1.056760997666002,1.6550800393866218,0.6699893951217115,0.1850854058703348,0.54726537809863,0.034655306080057624,0.14244482375370915,0.17216366086706214,0.13750835478700452,0.0,0.0,0.021164489987967924,3.5172413793103448,36.0,25.848024316109424,False,1,29.3,2026-10-04
Michael Carcone,UTA,BUF,0.0,L,13.720810721243398,1.3480318202891104,0.11684776102089352,1.902370044786602,0.20918091802180228,0.2512256948128089,0.46040661283461115,0.27194054774515575,1.7120410577303324,0.3534308892392203,0.23085433151513307,0.5746642465496016,0.18875154709929887,0.22215320424053386,0.36897299034636544,0.18022144324706657,7.0,0.1891891891891892,0.061000937050552394,2.735294117647059,37.0,24.97590361445783,False,5,29.3,2026-10-08
Jamie Benn,DAL,PIT,0.0,L,13.709235277501257,1.436680568789652,0.12392208956461306,1.372104402596752,0.20006711833371044,0.26888186778369366,0.4689489861174041,0.4362449930586234,1.2083715939092663,0.5851319651308842,0.21048737357503206,0.5267890624959947,0.18132419692182533,0.235766469083332,0.37434050033752786,0.19301630341570253,0.0,0.0,0.06982835128920475,2.6106870229007635,18.0,26.40785498489426,False,4,29.4,2026-10-08
Kyle Capobianco,DAL,PIT,0.0,D,13.686200095874137,0.38509630124151445,0.3293730350576026,0.8574272041711393,0.04857663914307799,0.16233282336883173,0.21090946251190973,1.0068934537900804,0.6763304550210835,0.33842923513062656,0.23146347424875202,0.6112259716891759,0.047415668738623684,0.14984179506940132,0.1901526148898136,0.14273694615118993,1.0,0.030303030303030304,0.03119560208925165,4.716101694915254,33.0,26.37730061349693,False,0,23.8,2026-04-13
Reilly Smith,VGK,LAK,1.0,R,13.68170486217991,0.6326257804612401,0.5709616068850619,1.6303582761436872,0.21141564556382023,0.2409908116804339,0.4524064572442541,0.32927519088269597,0.7251603028473065,0.2552151376863097,0.235752176894194,0.6886713429632194,0.19056244217822604,0.2141511530144904,0.3639044284789922,0.17334198630076614,5.0,0.19230769230769232,0.06536729862729516,1.1377245508982037,26.0,27.93577981651376,False,0,29.4,2026-04-15
Jack McBain,UTA,BUF,0.0,C,13.675467688048537,0.414840673448591,0.9069251955738994,1.4222496799223407,0.19325264543275922,0.23247009947027153,0.42572274490303075,0.49681797758667773,2.715130648879912,0.7303824488430001,0.23095677731923167,0.5632706918261264,0.17572630115504162,0.2074265526415905,0.34670255293958385,0.17097625178454223,3.0,0.08108108108108109,0.04425093331654414,4.282122905027933,37.0,24.97590361445783,False,5,29.4,2026-10-08
Ville Koivunen,PIT,DAL,1.0,R,13.662324548941552,1.1460001633306873,0.13252847432910145,1.2939187159930179,0.17264584455457788,0.24390175620323487,0.4165476007578127,0.3947630237084896,0.7471145430113093,0.3846882293295138,0.3258615691229237,0.5748725810480185,0.15856443893220573,0.2164353891560551,0.3406808720416573,0.18211643310945158,0.0,0.0,0.03962000831063232,1.5365853658536586,22.0,28.150602409638555,False,4,24.3,2026-10-09
Patrik Laine,MTL,DET,1.0,L,13.653641171197087,2.5586524548550442,0.11689964159653522,1.8777841173801006,0.23310888157741255,0.29345998858770833,0.5265688701651209,0.3793330025194648,0.7769073171651016,0.3278402615418488,0.26168365614919464,0.5949402845258334,0.20793267271092608,0.254320942060551,0.4093719815624661,0.20143930885154004,0.0,0.0,0.1058156342850446,2.0342465753424657,30.0,24.204,True,0,29.0,2025-10-16
Ryan Donato,CHI,CAR,1.0,C,13.653537869124078,1.3597327408260786,0.19455652561640713,1.3341689330994624,0.19677973882505917,0.2551929258735622,0.45197266469862135,0.45369052915836067,0.9630186286805982,0.4040054488839242,0.2905291738926296,0.6020486862734217,0.17862847035210994,0.22523298906080513,0.3636284351041499,0.18499996475203995,0.0,0.0,0.07834535028918095,2.6666666666666665,23.0,21.157099697885197,True,5,29.4,2026-10-08
Josh Anderson,MTL,DET,1.0,R,13.649133705722504,0.3603457776277169,1.4665795954852237,1.4722739906444704,0.22890044216002323,0.24003759056100044,0.46893803272102363,0.42835078781096697,1.6230211785833255,0.7411703617164789,0.23972073461634452,0.5278273079703195,0.2045922813623534,0.21340170816027726,0.3743336472034964,0.16974136584114297,4.0,0.11764705882352941,0.0677268248742526,3.045045045045045,34.0,24.709969788519636,False,4,29.4,2026-10-08
Conor Garland,CBJ,STL,0.0,R,13.63287689681426,1.1735063736304816,0.23725990828344357,1.4882681283929562,0.17944741744268675,0.23827008238713257,0.4177174998298193,0.39826797505609046,0.762314052575782,0.3716526003900712,0.268099177191409,0.6112262585753002,0.16426810529193814,0.21201015982564841,0.3414517578603864,0.17718365256844826,0.0,0.0,0.08075912080948142,4.235831809872029,45.0,26.581818181818182,True,3,29.4,2026-10-09
Kent Johnson,CBJ,STL,0.0,C,13.618268165416952,1.8263383813784053,0.19496083152737223,1.5027019666505996,0.18589570314076573,0.27324707810978616,0.45914278125055186,0.4853259012087672,0.5450624514346539,0.36066198382201786,0.21812642551614422,0.5758329063799259,0.16963980557385905,0.23909523850887704,0.3681749743084547,0.19853516873459565,2.0,0.044444444444444446,0.060728664481049854,4.235831809872029,45.0,26.581818181818182,False,3,29.4,2026-10-09
Trevor Connelly,VGK,LAK,1.0,L,13.616646531546426,2.242594385165566,0.269174512393818,1.7792078268097324,0.2397291237122172,0.3129539569802661,0.5526830806924833,0.4139700784394008,1.0195993615892032,0.3243314898735774,0.26459488145569193,0.5975471605905773,0.21315903123696656,0.2687164177018412,0.42459611766401517,0.21143708642704862,3.0,0.06976744186046512,0.055509127493342324,2.5806451612903225,43.0,27.96385542168675,False,5,4.7,2026-10-08
Brady Martin,NSH,OTT,0.0,C,13.607906060319674,1.5016050670590861,0.5083541194291838,1.3396829582853038,0.18431698792549006,0.2750245035540384,0.45934149147952846,0.5279831273062442,0.9751938665778419,0.36625066638426296,0.2607471173293778,0.5420173976416208,0.16832786798532595,0.2404464887635681,0.3683005119307651,0.19997264394543912,2.0,0.07142857142857142,0.04391579859184784,2.7056962025316458,28.0,28.404,False,0,2.9,2025-10-21
Pontus Holmberg,TBL,NYI,0.0,R,13.603151701686153,0.7635317395852883,0.16726906537439842,1.4780658023550552,0.20321464026844974,0.22042363174664936,0.42363827201509907,0.4194359759630482,1.0014618735027772,0.4951597156553147,0.20960555400953063,0.5956024709310451,0.18389694595345374,0.19782110247622975,0.34533935183915954,0.1614424058857058,1.0,0.02857142857142857,0.037718775070651425,3.9536741214057507,35.0,28.41389728096677,False,4,29.3,2026-10-08
Max Sasson,VAN,NJD,0.0,C,13.600206744670448,0.4073217388926083,0.8140834802871956,1.17765990558816,0.16418516712594486,0.21183478285411428,0.37601994998005916,0.6144815103255182,0.7251900132207683,0.39561665225204723,0.2880976097523401,0.6027221063420248,0.15141512269120017,0.1909016365534023,0.31341136452391816,0.161996241832718,0.0,0.0,0.040626332020471945,4.5,20.0,26.05421686746988,False,5,28.4,2026-10-08
Alexandre Texier,MTL,DET,1.0,L,13.599040756632377,1.3451326964852064,0.18352922244705544,1.552261976241342,0.19901789873788153,0.2789399045471051,0.4779578032849866,0.3762553203574534,1.341790981769052,0.3765483228942767,0.22367323482910847,0.4923499038192367,0.18046477544451933,0.24341463081070036,0.37995163956605604,0.1994868641215367,1.0,0.029411764705882353,0.05571877336473958,3.045045045045045,34.0,24.709969788519636,False,4,29.3,2026-10-08
Zachary L'Heureux,COL,TOR,1.0,L,13.595861824035886,0.634506561338713,1.3882518277813563,1.6313447000700538,0.2168592325704531,0.2335826941825791,0.4504419267530322,0.43955332335736946,2.0259581444469648,0.48303785441220537,0.3062046869777295,0.6024756692334869,0.1949567147968475,0.20830787529985872,0.3626535710619344,0.1676968562650869,2.0,0.06666666666666667,0.04749002728039523,3.5999999999999996,30.0,29.43202416918429,False,2,28.0,2026-10-08
Michael Brandsegg-Nygrd,DET,MTL,0.0,R,13.578676361622234,1.1650629156145897,0.14045982530210793,1.8144618676028892,0.2136292978270348,0.26540721507877074,0.4790365129058055,0.35701444142997274,1.9665685153699952,0.39516014538087024,0.2825958235080516,0.5564525194812566,0.19235227369684704,0.2331064042535047,0.3806201310788938,0.18826785738204677,4.0,0.1,0.059988111702910275,5.0,40.0,25.909365558912388,False,4,13.6,2026-10-09
Andrew Agozzino,UTA,BUF,0.0,L,13.565657617175741,1.3099915913698317,0.3518101679268182,1.6104188879035362,0.2012065823786009,0.255036436328072,0.4562430187066729,0.46688864081527404,1.4752549338468641,0.37775401724562774,0.26591165780283027,0.4686705747266353,0.18225651729021042,0.22511173663628148,0.36634017280601217,0.18408365551580175,0.0,0.0,0.07482091141759466,3.647058823529412,23.0,24.0,True,0,5.5,2025-10-11
Keaton Middleton,COL,TOR,1.0,D,13.561847385808488,0.18388611655459175,0.808078948588751,1.2229850560227387,0.048204080095084006,0.18185435250288956,0.23005843259797357,0.943139284906823,1.3302690007175322,0.4757284855019017,0.22939920074655917,0.647027211022609,0.047060708709355414,0.16627723879334277,0.20551282280284877,0.15845211409349336,0.0,0.0,0.03927461964272334,1.9107806691449813,21.0,29.090604026845636,False,0,23.0,2026-01-31
Konsta Helenius,BUF,UTA,1.0,C,13.545572289124078,1.0636433267769367,0.2626938797925447,1.542539229923135,0.18901342616607936,0.27009153510363837,0.4591049612697177,0.4700352622131337,1.118836626644854,0.2854466331645495,0.2701517129445747,0.6791807514252455,0.17222460722977462,0.23669037848631946,0.36815107824622106,0.19592647101644645,1.0,0.038461538461538464,0.06154254130154764,2.532544378698225,26.0,28.628398791540786,False,4,10.6,2026-10-08
Dennis Gilbert,OTT,NSH,1.0,D,13.509194693887123,0.18196731839388355,0.5988394576469552,0.7658007282610196,0.03948591277417068,0.19926120442829948,0.23874711720247016,1.300439333167943,1.4949388871997247,0.5358253478056578,0.21532466399687977,0.623255534635789,0.0387165042870945,0.18066414877283543,0.21238596876944216,0.17366946448234766,0.0,0.0,0.018815568428700146,5.777777777777778,38.0,28.504587155963304,False,0,28.2,2026-04-15
Cody Glass,NJD,VAN,1.0,C,13.472395594465356,0.5936602398826586,1.3084712152956275,1.4550720079961117,0.22225169949928736,0.2538815869077406,0.47613328640702796,0.4728494868948119,0.7752011240204031,0.29908261968189975,0.23884027478546346,0.5423771577961497,0.19928620029359323,0.22421634045014516,0.37881931821169434,0.17953311791810111,0.0,0.0,0.05823695200606815,6.0,33.0,29.28787878787879,False,3,29.4,2026-10-06
Brendan Smith,CBJ,STL,0.0,D,13.4606203141819,0.1903390759886338,1.023677132386966,0.8803146799646315,0.04464738789552388,0.1628387274637058,0.2074861153592297,0.9824934985185002,0.9162611898785533,0.5175806174444805,0.23047971186383712,0.6759503683054244,0.04366536244385588,0.1502717848106102,0.1873754753056257,0.14371011286176982,0.0,0.0,0.03175889375617746,1.9448094612352167,22.0,26.289752650176677,False,0,29.3,2025-12-29
Egor Zamula,CBJ,STL,0.0,D,13.44817595124282,0.1824264183168238,0.5612951471135998,0.7160892304370658,0.03362372745514957,0.15201852611504685,0.18564225357019642,1.11158168124645,0.5017508738008831,0.24286749136269908,0.20225442258933868,0.6557777876142261,0.03306473260998699,0.14102763282718067,0.16942932446711756,0.13636459185713057,0.0,0.0,0.026151462514062567,2.420475319926874,35.0,26.585889570552148,False,0,29.3,2026-04-12
Ian Moore,ANA,CGY,0.0,D,13.434530144149234,0.2143168195632233,0.6569639740170916,1.0377279036917,0.05757070984170144,0.15795415347997216,0.2155248633216736,0.9972912613781582,0.8048133382245405,0.31510411755728673,0.2696383428874451,0.5258157242240687,0.05594486596280068,0.1461110710930199,0.19388177276784024,0.13793690680503956,0.0,0.0,0.035329474561157245,4.0057306590257875,40.0,26.134556574923547,False,0,26.8,2026-04-16
Jordan Greenway,CHI,CAR,1.0,L,13.431004898184419,0.35748063101870997,1.4675300880364979,1.2083143628136344,0.1579373352698442,0.20535182841297162,0.36328916368281583,0.6103097770466345,1.6823318206949711,0.465787021645081,0.2595330742522461,0.600121608044722,0.14609671008882474,0.1856392492471236,0.3046146757575843,0.15851796566875953,2.0,0.08695652173913043,0.04886520184239457,2.6666666666666665,23.0,21.157099697885197,False,5,29.3,2026-10-08
Parker Kelly,COL,TOR,1.0,C,13.426918480119966,0.31374317439371324,1.5708317021111868,1.5039932295948963,0.2019630022858053,0.2686566172212854,0.47061961950709075,0.5502683526647988,1.557147101486024,0.34800346060592335,0.298207227956068,0.6412983254961073,0.18287484085391015,0.2355943056614559,0.37538487536143983,0.19251003450752968,2.0,0.06666666666666667,0.0398836712807619,3.5999999999999996,30.0,29.43202416918429,False,4,29.4,2026-10-08
Ryan Tverberg,TOR,COL,0.0,C,13.421793801021446,0.9172088857276185,0.5952918467426745,1.3273627817565679,0.1596173820289766,0.21825934964670907,0.3778767316756857,0.5653542105910941,1.07121129192287,0.3798901897918434,0.2792758089239116,0.49172724831260833,0.14753010312283898,0.1960830809413452,0.31468502691226363,0.16715492378942465,1.0,0.05,0.05141574724846465,2.4362139917695473,20.0,28.015290519877677,False,0,2.0,2026-04-15
Arber Xhekaj,MTL,DET,1.0,D,13.392231913104421,0.2023540943236495,0.8853715710855702,0.8464144694166139,0.042590912931967234,0.1566220601032729,0.19921297303524013,0.8703466032579796,2.0915067085995043,0.6341218013969562,0.15369087881251314,0.5614573081247888,0.04169666060573718,0.14497285336855148,0.1806246301103348,0.13892796950459763,2.0,0.058823529411764705,0.041669143163254915,3.045045045045045,34.0,24.709969788519636,False,4,29.3,2026-10-08
Georgii Merkulov,BOS,PHI,1.0,C,13.387608793851731,1.1088835506109975,0.28809277546975753,1.3039719993256595,0.17924563863995296,0.26466494175674327,0.44391058039669623,0.6024215167611686,0.8816024683930404,0.327986754076776,0.26839053073661506,0.4676408723368467,0.1640994552963927,0.23253694827670468,0.35847721702460467,0.19437776172821197,0.0,0.0,0.047627922937436104,4.095238095238096,21.0,26.523985239852397,False,0,9.3,2025-11-28
Michael Bunting,PHI,BOS,0.0,L,13.386831396747947,1.26812863494094,0.1302737214447568,1.677248053232933,0.19198502164823178,0.2395625510521167,0.4315475727003485,0.3684571308063322,0.9134166372071252,0.4224847861603614,0.2397974930270474,0.5947482501272835,0.17468076967914492,0.2130279541270953,0.35049683681614563,0.1758160671370007,2.0,0.06896551724137931,0.07097943946609164,2.552631578947368,29.0,26.936746987951807,False,1,29.4,2026-10-08
Filip Hallander,PIT,DAL,1.0,C,13.333034086127679,0.5553286354003159,1.0873050778621165,1.4962647218716347,0.18945923803526402,0.24843659323326242,0.43789583126852644,0.4677712594586631,0.8909648165220584,0.2857232808475665,0.3197018931454329,0.6276699708418827,0.1725935570776692,0.2199806822299034,0.3546069908731412,0.18201343379547197,0.0,0.0,0.05886008658192269,3.409090909090909,30.0,28.130699088145896,False,2,13.1,2026-10-03
Fedor Svechkov,COL,TOR,1.0,C,13.329502152642053,0.3411676588388066,0.5482939070588698,1.274922852168984,0.17050437026700327,0.26168622401127123,0.4321905942782745,0.463020751414019,0.9059575491186607,0.3349523407379985,0.32573546725402946,0.7252701445846211,0.15676059556078425,0.2302474843249136,0.3509143471165521,0.19415375155576786,0.0,0.0,0.04080013604219927,3.5999999999999996,30.0,29.43202416918429,False,4,29.0,2026-10-08
Braeden Cootes,VAN,NJD,0.0,C,13.327769610984559,1.3029593502683068,0.5083541194291838,1.3374631198469604,0.17999585560153877,0.2530023115984597,0.4329981671999985,0.5130834968274341,0.9848288797064614,0.3085031172891628,0.26574888169760413,0.5503528233716082,0.16472632688897582,0.22353391305614734,0.35143831951226423,0.18671199262328841,0.0,0.0,0.04737075394529293,2.344674556213018,29.0,26.092741935483872,False,0,2.9,2025-10-13
Dominic James,TBL,NYI,0.0,C,13.326950134761148,0.5378164222591657,0.3993382247709062,1.4806620851693912,0.17715989226208,0.2275123588847287,0.4046722511468087,0.3949048656418181,1.165028717724369,0.3104136125848785,0.32502408130321,0.7077199692610313,0.16235415927330477,0.20348742257046826,0.3328045524296529,0.17045039315634813,1.0,0.02631578947368421,0.0467098405215303,4.075,38.0,28.448844884488448,False,0,22.7,2026-02-28
Shane Lachance,NJD,VAN,1.0,L,13.313525789068514,1.2199262746491384,0.43949302718067157,1.7186315561258871,0.2434355116323939,0.31142426592595024,0.5548597775583441,0.39095940866444606,1.149076838426818,0.3550077252287312,0.28123099710914395,0.5204421074064849,0.21606997122990357,0.2675969237261687,0.4258472353453483,0.20977726411544473,0.0,0.0,,2.1149425287356323,31.0,29.11787072243346,False,0,1.0,2025-11-15
Nick Robertson,PIT,DAL,1.0,L,13.311923593490206,0.9017615074589503,0.356908509573469,1.6291453278197507,0.1941427783014409,0.21092430045649302,0.4050670787579339,0.3892085946726296,1.040360233104102,0.33427508322481997,0.29332706643048223,0.7282215405103163,0.1764596878129644,0.19016463127128536,0.3330679276170513,0.1566082398040869,1.0,0.045454545454545456,0.0596825691770525,1.5365853658536586,22.0,28.150602409638555,False,5,29.3,2026-10-09
Cole Smith,CHI,CAR,1.0,R,13.309087485362411,0.362264333957464,1.2648680290468328,1.1748429482654734,0.18199114349214576,0.19656472468131891,0.37855586817346465,0.3798250785580211,2.0557434505647336,0.4251693454859093,0.26682086009290124,0.4755501124675051,0.16639127675475296,0.1784518448681619,0.3151502913160603,0.14875901456130736,2.0,0.08695652173913043,0.039244177549965474,2.6666666666666665,23.0,21.157099697885197,False,5,29.4,2026-10-08
Mason Appleton,DET,MTL,0.0,C,13.298105746725893,0.3475061431517007,1.078728586802227,1.0967502651890193,0.1376656195740237,0.19714223018634938,0.3348078497603731,0.4062083653535064,1.3386211058873754,0.4454493367327153,0.18428119189764947,0.383695099107714,0.12860998119827016,0.1789261564784328,0.284524448056133,0.1559144668578628,0.0,0.0,0.05038210124382442,3.5172413793103448,36.0,25.848024316109424,False,2,29.4,2026-10-04
Isac Lundestrm,CBJ,STL,0.0,C,13.281539407469372,0.31718559890760667,1.4189557784146862,0.9487090552675853,0.13191269812171583,0.19200819081656884,0.32392088893828463,0.5375476187197872,0.7433770434249812,0.22459269056728282,0.22832575424530072,0.482435503257241,0.12358249536607357,0.17469989141780584,0.2766925382622848,0.15311004289621122,0.0,0.0,0.0330767754949716,2.7478991596638656,28.0,26.611620795107033,False,0,29.4,2026-04-14
Oskar Bck,DAL,PIT,0.0,C,13.25752655377607,0.31763753448634535,2.1772259004924517,0.9281865139913944,0.13335132176932116,0.19227592076805652,0.3256272425373777,0.5327906275492574,0.7131928242447632,0.2707838517908225,0.273344531737547,0.4924647889977812,0.12484242381468524,0.1749208194000007,0.27792570414513906,0.15308328033045382,0.0,0.0,0.02383922155777935,2.6106870229007635,18.0,26.40785498489426,False,4,29.2,2026-10-08
Arttu Hyry,DAL,PIT,0.0,R,13.233682715791536,0.37613911660949706,1.574589588063452,1.3397438563589648,0.17102577795933513,0.19064498520900774,0.3616707631683429,0.41942215904459457,1.3853266243987623,0.39266371805041916,0.25117652863385326,0.49024665956123376,0.15720015246860142,0.1735740704935127,0.3034883526159382,0.1462882001473368,0.0,0.0,0.048176781085112586,2.6106870229007635,18.0,26.40785498489426,False,4,18.6,2026-10-08
Calle Jarnkrok,TOR,COL,0.0,C,13.224551038374575,0.5262569899888037,2.1590959158786176,0.9887125410284276,0.11750458054839905,0.16004884034134317,0.2775534208897422,0.374307895839314,0.7830820596703498,0.263995816249551,0.22225267669377305,0.4167352191632807,0.11086356099537187,0.1478978290109889,0.24236491001871785,0.13150134902334598,0.0,0.0,0.04608599086533525,3.6097560975609757,27.0,28.01840490797546,False,0,29.3,2026-04-13
Steven Lorentz,TOR,COL,0.0,C,13.224207637019937,0.3041140592758425,2.2000144374267636,1.1439438899347119,0.14173232730784166,0.16640249209434577,0.30813481940218745,0.661416010814402,1.70341883382123,0.27626471636996136,0.27848520550778677,0.45047072645652736,0.13214647391186052,0.1532946266219144,0.2651837561560537,0.1330372822441932,1.0,0.05,0.0430141871072303,2.4362139917695473,20.0,28.015290519877677,False,0,29.4,2026-04-15
Pavol Regenda,SJS,EDM,1.0,L,13.211126141093404,1.0941606633776682,0.20186356272713818,1.5577336544289506,0.22993433051580772,0.23998624692737033,0.46992057744317806,0.4270131478794843,1.6335817933124879,0.36652143637514095,0.28912258618362136,0.5387239461103387,0.2054142191715731,0.21336132030894628,0.3749480904678413,0.16953387129626818,0.0,0.0,0.06121105151825678,3.8709677419354835,33.0,20.08,False,0,22.7,2026-04-16
Sean Kuraly,BOS,PHI,1.0,C,13.20802546372884,0.3374041202946247,1.5455803842600657,1.4033321455198122,0.15102889301159983,0.22882904220875241,0.37985793522035227,0.49234766855015016,1.1778887966607994,0.2856660034096674,0.2580027381341113,0.5359839266605366,0.14017714457142638,0.2045354872624784,0.3160414312659252,0.17586428669449883,3.0,0.1111111111111111,0.050273278566328204,2.205298013245033,27.0,26.596969696969698,False,3,29.4,2026-10-03
Anthony Duclair,NYI,TBL,1.0,L,13.205367463674042,1.3540912497898607,0.12109706696221001,1.36924078035662,0.18838355074630403,0.23474053639492581,0.42312408714122984,0.5587179208951785,0.7467676018620333,0.3685837175424237,0.25552041847299717,0.5097137417817174,0.17170304761522703,0.20922399939509817,0.34500264867994046,0.17329960106471343,2.0,0.10526315789473684,0.06178359823547091,1.6951871657754012,19.0,25.595166163141993,False,4,29.3,2026-10-08
Matthew Poitras,BOS,PHI,1.0,C,13.191336319548606,1.0223864778211225,0.2108701040211908,1.2749583550539163,0.1706361281995654,0.2691109137242822,0.4397470419238476,0.4027681509867563,0.7346686728436396,0.3659471422406248,0.32785595789774713,0.6091903176536557,0.15687169172230708,0.23594149362615446,0.3558006440958388,0.1989289523735317,2.0,0.09090909090909091,0.04193998101615286,2.9403973509933774,22.0,26.575301204819276,False,2,26.9,2026-10-08
Casey Cizikas,NYI,TBL,1.0,C,13.177949115230083,0.33971602100312953,1.543073547026028,1.3245870480804216,0.17764337160640398,0.19904003465350725,0.37668340625991126,0.5509816285583341,1.486767850576683,0.38631999714520077,0.2728451351694824,0.5140342280353353,0.1627590458501197,0.1804829164063182,0.3138667349898987,0.151107689139779,2.0,0.10526315789473684,0.046394752973050894,1.4912280701754388,19.0,25.595166163141993,False,4,29.4,2026-10-08
Justin Robidas,CAR,CHI,0.0,C,13.13563861937722,0.6907513775574308,0.5041258851471174,1.453219086059801,0.18194025709513312,0.2642150993477706,0.4461553564429037,0.4287230853345244,1.1272012221511092,0.3148683763607998,0.2661812519997277,0.47413851332381146,0.1663488563310066,0.2321916331858569,0.3599156768867676,0.19356682055576102,1.0,0.02857142857142857,0.05012952684934899,3.4719101123595504,35.0,31.382899628252787,False,0,3.8,2025-11-28
Adam Henrique,EDM,SJS,0.0,C,13.134209451912785,0.5981185302972283,1.4480500983886142,1.3342972534338866,0.16571000867173696,0.22380530502438054,0.38951531369611747,0.7550527045219245,0.7113304238933431,0.3175209987550633,0.26476839006096936,0.4468464014168368,0.15270809412844044,0.20052922783958027,0.32261488576759056,0.16990679163915012,0.0,0.0,0.05748881080145103,3.8633093525179856,35.0,30.45565749235474,False,0,29.4,2026-04-16
Corey Perry,LAK,VGK,0.0,R,13.118021068379033,1.5534209044798302,0.11724525320724463,1.3649141539991114,0.19218998581857344,0.23364661668908102,0.4258366025076544,0.35146781807730193,0.7370245607482946,0.5573084883321208,0.1876486490220564,0.47960013345348906,0.17484991321568022,0.20835848062742046,0.3467769315876452,0.171927018371965,0.0,0.0,0.04828898456306727,1.7371794871794872,20.0,28.78181818181818,False,2,29.4,2026-10-06
Jack Ahcan,NSH,OTT,0.0,D,13.069612803386226,0.3837829056687256,0.42820449538906796,0.8897780527857346,0.04402025699741887,0.18292732793299177,0.22694758493041065,0.9009696672714026,0.8205878815444468,0.36344625114467094,0.15464111477614934,0.5536219876850075,0.04306542734446006,0.16717132308061988,0.20303744595687434,0.15997201861241428,0.0,0.0,0.03150641968097835,3.488372093023256,25.0,28.265243902439025,False,2,11.9,2026-10-06
Justin Danforth,BUF,UTA,1.0,R,13.06754601909219,0.42140487840095003,1.469218149975979,1.2957439211250035,0.17999755730327155,0.21208482970425335,0.3920823870075249,0.5329798845664296,1.4762691415754698,0.3435528441218924,0.2665820762376827,0.4668307599089001,0.16472774827442327,0.19110392375894159,0.3243515529861474,0.1596238047117241,1.0,0.038461538461538464,0.04939184039177969,2.532544378698225,26.0,28.628398791540786,False,2,29.2,2026-10-08
Trevor Kuntar,BUF,UTA,1.0,C,13.053544432073208,1.1274799498964878,0.7317631043301266,1.3839794394689056,0.18362454837490064,0.26229076290922493,0.44591531128412554,0.4780448774608351,1.0442551255484835,0.3248077418744379,0.3157441391279585,0.5142068309075328,0.16775178587999695,0.23071268903109854,0.35976200930095237,0.19201022342095542,0.0,0.0,,1.6097560975609757,15.0,28.82608695652174,False,0,1.0,2025-12-11
Cole Reinhardt,FLA,MIN,1.0,L,13.050601122470503,0.34409806154764416,0.3330034868594023,1.3715348811227186,0.18679740881375018,0.1971601931647971,0.3839576019785473,0.3939297241949015,1.888855547494035,0.4049039405167715,0.21614053927092727,0.5423756770403627,0.17038820860145687,0.17894090527772133,0.31883969358338426,0.1484514849819274,3.0,0.1111111111111111,0.03048427121121558,3.142857142857143,27.0,31.30886850152905,False,0,27.2,2026-04-15
Aydar Suniev,CGY,ANA,1.0,L,13.030515789686802,1.453945775509943,0.1948023231774769,1.639104601366116,0.21720828906295658,0.28603189432927417,0.5032401833922308,0.45497955021161435,0.9278324640221189,0.3755289944280452,0.29027618151239326,0.5570551082924284,0.1952376713445878,0.24876134468825217,0.3954314303753572,0.2001937590307694,1.0,0.034482758620689655,0.058146674952811145,3.0989272943980932,29.0,29.50453172205438,False,1,7.1,2026-10-08
Alex Bump,PHI,BOS,0.0,L,13.027137728322698,0.9574179511177227,0.14528342833556684,1.5415080146129811,0.2036137801019664,0.22782364085972384,0.43143742096169024,0.4099576147812254,1.2451000176939637,0.32394392458626664,0.2687867529541544,0.5616682336558327,0.18422262019147406,0.20373532399305505,0.35042528897296954,0.16620266878149548,3.0,0.16666666666666666,0.05205812593859045,1.5113924050632912,18.0,27.0,False,3,14.7,2026-10-03
Brandon Saad,VGK,LAK,1.0,L,13.021188743492097,0.3700908724549067,0.661166332932734,1.5682077613425138,0.19406410403632288,0.22331511910185528,0.41737922313817816,0.3634685722698986,0.6706056514720539,0.28379692434748327,0.2830746235779032,0.5432193481611572,0.17639489383533213,0.20013724245658748,0.3412289486562937,0.16483405482096158,1.0,0.034482758620689655,0.06743380225907612,2.0938628158844765,29.0,27.90153846153846,False,0,29.4,2026-04-11
Fabian Zetterlund,OTT,NSH,1.0,L,13.0135481286286,1.5817803296498925,0.11792440387575746,1.747809362654449,0.22079131502718238,0.2842695596504979,0.5050608746776802,0.3957093201217904,1.6781605827706767,0.26838193243227065,0.28544029461077847,0.4963262855920389,0.19811599602780916,0.24743624346099702,0.3965311616621512,0.19841516563434203,3.0,0.11538461538461539,0.08588199646554191,2.22,26.0,28.51057401812689,False,4,29.4,2026-10-08
Oskar Sundqvist,STL,CBJ,1.0,C,12.99710576947459,0.6177065690694382,1.4119570029087614,0.9968247742116169,0.14525986733777105,0.2208207881793111,0.36608065551708213,0.48073409286861357,1.1308333897542509,0.37549101946620017,0.29302153789006047,0.5213698966183822,0.13520246872428732,0.1981396297287663,0.3065531313616081,0.1713506626373208,1.0,0.03225806451612903,0.03618577239170433,3.2527472527472523,31.0,24.86196319018405,False,0,29.4,2026-04-14
Philip Tomasino,PIT,DAL,1.0,R,12.992948460090169,0.8170393952218564,0.11684251100526158,1.5107986152717097,0.17588451474138475,0.21966321063930483,0.3955477253806896,0.42830876452108946,1.2682960340431515,0.2697771233251162,0.2905589830815069,0.5258049455790677,0.16128516305576668,0.1972108767258206,0.3266888513724926,0.16540368831672592,0.0,0.0,0.059343302094084435,2.6815068493150687,22.0,27.924242424242426,False,0,29.1,2025-11-16
Riley Stillman,EDM,SJS,0.0,D,12.972465617171048,0.19626033583771324,0.5304293616415368,0.770822107501298,0.04465615854916111,0.1671740641659635,0.2118302227151246,0.8909076534952969,1.1461237000213509,0.45577800845289534,0.147173224348725,0.45650122058942105,0.04367375008694052,0.15394766887392242,0.1908979469439962,0.14722419685705568,0.0,0.0,0.025961137005534454,3.1219512195121952,30.0,30.442906574394463,False,0,25.6,2026-01-08
Bo Groulx,TOR,COL,0.0,C,12.953159427996244,0.41257292441839544,1.4826683718841593,0.9899236828320345,0.1184410112587873,0.1626785139056794,0.2811195251644667,0.5444957379249542,1.6055171614068462,0.33884619012887823,0.2236008209871064,0.4545256225714562,0.11169578594126739,0.15013563592374168,0.24506190401271477,0.13336611807144738,0.0,0.0,0.035587691945575366,2.8,24.0,28.015060240963855,False,4,26.2,2026-10-08
Marcus Foligno,MIN,FLA,0.0,L,12.950777721748205,0.4165232186549405,1.0193289621236896,1.2801043203242588,0.18314969976913753,0.20299549659443875,0.38614519636357625,0.5962223610136684,2.2150850899614034,0.7031675047947693,0.27370526702782527,0.49806853358993936,0.16735650013285774,0.1837180825341408,0.3203281673629651,0.15297166723010736,1.0,0.027777777777777776,0.043122966002403076,3.8218623481781373,36.0,27.350453172205437,False,4,29.4,2026-10-08
Vinnie Hinostroza,FLA,MIN,1.0,C,12.928070583100883,0.7577492213866772,0.19456263866473605,1.322118694599802,0.1570282462663234,0.24109699484271283,0.39812524110903624,0.478178010898504,0.8434815512224613,0.3731641857686493,0.3099066495634488,0.6538091759922784,0.14532008303982769,0.2142345925001239,0.3284220867678299,0.18310200372800223,2.0,0.07407407407407407,0.04462421154497292,3.8135593220338984,27.0,31.30886850152905,False,0,29.2,2026-04-15
Justin Brazeau,PIT,DAL,1.0,R,12.911920000493428,0.9358838754646371,0.11722479624137462,1.4912336966605935,0.18717456496886883,0.23099705614043514,0.41817162110930395,0.5490902296090204,1.5268275632893349,0.30545798765821347,0.23872168257898171,0.5954757846804811,0.17070104279756226,0.2062581973037988,0.3417507507360572,0.17104970793849494,1.0,0.043478260869565216,0.05145224194042813,2.3783783783783785,23.0,28.116207951070336,False,0,29.2,2026-04-14
Kenny Connors,LAK,VGK,0.0,C,12.910609498376518,1.0358448128506605,0.635967021756289,1.4164606477948503,0.1765335694537419,0.24351245092436152,0.42004602037810346,0.503500636116872,1.028493236135991,0.32647107497499867,0.2777466783414808,0.4550529442787244,0.16182935824767775,0.2161302839310313,0.3429834170322619,0.18115405878458413,1.0,0.02857142857142857,0.07869273825100177,2.792270531400966,35.0,28.68954248366013,False,0,2.0,2026-03-05
Dakota Joshua,TOR,COL,0.0,C,12.890891881911767,0.8430217138600358,0.3076600302098986,1.1383123268777464,0.16203425637313118,0.20047345628765836,0.3625077126607895,0.5461565798129931,2.3448126478352393,0.5513587977899753,0.21703476420530762,0.42182168065070513,0.1495879279920056,0.18165678839574917,0.30407105380595234,0.15448312581394674,1.0,0.045454545454545456,0.03950646916052995,1.8865248226950355,22.0,28.102167182662537,False,0,29.4,2026-04-08
Jonathan Lekkerimki,VAN,NJD,0.0,R,12.886324468945011,1.6488272440402092,0.11936421658774216,1.3370762420148294,0.1819232927760897,0.23650788080551574,0.4184311735816054,0.36754955015707785,0.8786945062791903,0.25099267115093216,0.2280690903437549,0.4349884041185894,0.16633471388707644,0.2106203386701332,0.34192157878571383,0.1755868648986374,3.0,0.15,0.045513808799975616,4.5,20.0,26.05421686746988,False,5,22.5,2026-10-08
Mark Jankowski,CAR,CHI,0.0,L,12.867449875614403,0.7554941973561531,1.4001957383365926,1.3017594948074716,0.20192811675807842,0.22243059878494284,0.4243587155430213,0.4734601119050829,1.0036185535824698,0.2881380748681116,0.22534051170161148,0.4949348602989647,0.182846334514288,0.199429434607735,0.3458108280097417,0.16296449349545372,2.0,0.058823529411764705,0.03769183400524259,3.8095238095238093,34.0,31.39457831325301,False,5,29.3,2026-10-08
Kirby Dach,MTL,DET,1.0,C,12.840984812667292,1.2727488216089433,0.24436872578679877,1.2622907826790246,0.17760063362419012,0.25423847567051006,0.43183910929470015,0.6035290417851737,1.3033302731126308,0.4616878833028996,0.24336240044523424,0.5179774514967495,0.16272326309647667,0.2244931595208327,0.35068616315724155,0.18796290006076488,0.0,0.0,0.06148604258545858,3.045045045045045,34.0,24.709969788519636,False,4,29.2,2026-10-08
Nic Dowd,VGK,LAK,1.0,C,12.83847707238327,0.3624378923622674,1.217510448559154,1.003319011244611,0.14431512511682745,0.2279067988490148,0.37222192396584225,0.5231147043172739,1.3648594202467128,0.4260080919831536,0.2771350735362044,0.5049210657454661,0.13438507193008842,0.20380153700934633,0.3107987247289712,0.17641365279888277,0.0,0.0,0.03692994023134165,2.5806451612903225,43.0,27.96385542168675,False,5,29.4,2026-10-08
Tyson Gross,CGY,ANA,1.0,C,12.836948027834065,0.5739342491984522,0.983486119593449,1.2831315664273892,0.1940765921688001,0.2596098831395914,0.45368647530839146,0.5469962766192483,0.9309765647168506,0.3428620494216467,0.3110266964217061,0.5245695211062679,0.17640517906078512,0.22864755529131686,0.3647181214191264,0.18831294235834128,1.0,0.03225806451612903,0.04638786729940955,2.8,31.0,29.54601226993865,False,0,5.5,2026-04-14
Nick Lardis,CHI,CAR,1.0,L,12.826468810711116,1.367113459633624,0.11871909956262876,1.3657143999216887,0.20105178701967027,0.23435673881771893,0.4354085258373892,0.43463517689348474,1.3481477308297134,0.29617904236432563,0.20154598372597263,0.569010457687363,0.1821299245965632,0.20892044323361925,0.35299970325736274,0.17086977866079955,1.0,0.043478260869565216,0.05627665204474735,2.6666666666666665,23.0,21.157099697885197,False,5,23.4,2026-10-08
Ross Colton,NSH,OTT,0.0,C,12.818123847763811,0.7752572661800283,0.19768819734427465,1.5589825492025244,0.18286791860034482,0.23224095924366553,0.41510887784401035,0.4267955660185271,1.7765443395192513,0.35001813044009394,0.24861421209813891,0.540986482767492,0.16712184381496442,0.20724492137354067,0.3397316118072716,0.1726097679923072,1.0,0.05,0.06413564792785081,2.4,20.0,28.25531914893617,False,4,29.4,2026-10-08
Warren Foegele,OTT,NSH,1.0,L,12.812095898461969,0.9446427636723896,0.4882615939146691,1.5203743203070528,0.21248213171902375,0.2314715741871769,0.44395370590620065,0.35853563144785083,1.1291139536900874,0.30496213479378065,0.24293350925401164,0.6678416840622121,0.1914252359665517,0.20663475276538468,0.3585048824249326,0.16707964645838091,1.0,0.038461538461538464,0.07144504080112675,2.22,26.0,28.51057401812689,True,4,29.4,2026-10-08
Lukas Reichel,BOS,PHI,1.0,L,12.811403578362157,0.7911137727540447,0.13376498612618756,1.1578252039111487,0.1649408576661315,0.22556652056165605,0.3905073782277876,0.4290788236905392,0.729555535250439,0.2973917023570189,0.25243404437575057,0.5914308214933052,0.1520561480166348,0.20193602898144836,0.32328656228538866,0.17123041426875385,2.0,0.09090909090909091,0.05638914197093712,1.8151815181518152,22.0,26.613496932515336,False,0,29.3,2026-04-12
Rafael Harvey-Pinard,PIT,DAL,1.0,L,12.799449985695734,0.5136450461647449,1.2343660111039698,1.0085455506237384,0.15450497625080975,0.1874569050889556,0.34196188133976535,0.647918055176428,1.2405040670403553,0.26277084889797314,0.24115610708200524,0.44114853450304914,0.14316077171541586,0.17093515411366278,0.2896247172528732,0.14646394553745734,2.0,0.08695652173913043,0.04735245560975367,2.3783783783783785,23.0,28.116207951070336,False,0,27.6,2026-04-14
Oliver Moore,CHI,CAR,1.0,C,12.782143675005946,1.3727844681782233,0.2990160925610143,1.1984035295472755,0.1693279915500976,0.2545966590638999,0.4239246506139975,0.38213359997730306,0.8590644941051211,0.39218871949152884,0.24530278200676042,0.6160377986734931,0.15576804297774216,0.2247708834515334,0.345526805795652,0.18975876281790982,1.0,0.043478260869565216,0.04868768494088694,2.6666666666666665,23.0,21.157099697885197,False,5,26.2,2026-10-08
Colin Blackwell,DAL,PIT,0.0,C,12.77623440015748,0.30480438006476007,1.753209399506,1.1116505458988852,0.14238910392516124,0.19400278574878976,0.336391889673951,0.4981876000977238,1.3213340639664255,0.3477795834335763,0.30286747110442536,0.42997837840254943,0.13271627267931785,0.17634439023223725,0.28565689273202544,0.1529406200527076,2.0,0.1111111111111111,0.04839505166309749,2.6106870229007635,18.0,26.40785498489426,False,2,29.3,2026-10-08
Kailer Yamamoto,UTA,BUF,0.0,R,12.76920167102656,0.3642014239245247,0.17172216683395788,1.3405890712451771,0.17991173028058433,0.2011037166585155,0.38101544693909983,0.4016756788700676,1.1071592001726158,0.3350872054501532,0.31365949817276606,0.4669108305570014,0.16465605626741264,0.18217239519145034,0.31683266330585025,0.1521766070384376,2.0,0.08695652173913043,0.04481537848558965,2.4454976303317535,23.0,24.908256880733944,False,0,29.3,2026-04-16
Joona Koppanen,PIT,DAL,1.0,L,12.764315938294713,0.3542302875819767,1.3243681810689185,1.102499129536503,0.14001660623279583,0.17896192083770276,0.31897852707049856,0.3362599492676521,1.563898063842204,0.293698547763175,0.30501413853445875,0.55555476056897,0.13065620124656474,0.16386226178452978,0.2731088423786576,0.14245264113209288,0.0,0.0,0.033870006000784804,2.3783783783783785,23.0,28.116207951070336,False,0,20.0,2026-04-14
Rutger McGroarty,PIT,DAL,1.0,R,12.742705859444625,0.5364997347396407,0.358839060107728,1.4794179835903056,0.179359217231381,0.21491232330179202,0.39427154053317304,0.3732293807440839,1.2765958885438429,0.3037754932584554,0.2829055480801986,0.5814332864958988,0.16419439031143934,0.19338784183211577,0.3258290333602858,0.16163464304884645,1.0,0.043478260869565216,0.05319795156745802,2.3783783783783785,23.0,28.116207951070336,False,0,19.7,2026-04-14
Judd Caulfield,ANA,CGY,0.0,R,12.737543153665555,0.7703630840358118,0.4143881942758686,1.5192707559167102,0.19728767589464405,0.23841299324949183,0.43570066914413585,0.4240027620129892,1.2693662760054611,0.3527806505793847,0.2617279233541569,0.43987143215494834,0.17904556946090255,0.21212276408686037,0.3531886924562103,0.17414312299530776,3.0,0.17647058823529413,0.04534567263783713,1.7625,17.0,26.154078549848943,False,4,3.8,2026-10-09
Jeff Skinner,SJS,EDM,1.0,L,12.734142608663921,1.6252513585459718,0.1173619589453048,1.6925506036393758,0.21335494763011206,0.27060553079793553,0.48396047842804757,0.35975376333533793,0.819946650487065,0.35559690684813045,0.30637274197759523,0.6390781889138741,0.19213066498628495,0.23708261553248122,0.38366243993982274,0.1915317749535378,3.0,0.15,0.08515697796652792,2.4262295081967213,20.0,19.32986111111111,False,0,29.4,2026-01-11
Luke Kunin,FLA,MIN,1.0,C,12.690260221464017,0.3239823352351585,0.8275383378816269,1.2241860488346044,0.15402340012422272,0.20714421323555524,0.361167613359778,0.6375294191826057,1.6883784405088496,0.44676469469165875,0.21868824625141456,0.46840092174849474,0.14274803902562228,0.18709758975275936,0.3031378147347549,0.1603897757091326,4.0,0.14814814814814814,0.05963674431623504,3.8135593220338984,27.0,31.30886850152905,False,0,29.4,2026-04-15
Elmer Soderblom,PIT,DAL,1.0,L,12.677586543968458,0.4446132741343853,0.3977186958132226,1.3729371235304504,0.17345968602389444,0.2040426276185687,0.3775023136424631,0.355218316186249,1.6540740902049196,0.3870305628295493,0.3153032856982905,0.6875289250091459,0.15924895550379237,0.18457238929073994,0.31442838458514266,0.1551794290813503,0.0,0.0,0.047870973500302456,3.575342465753425,38.0,28.100609756097562,False,1,28.6,2026-09-30
Robby Fabbri,MIN,FLA,0.0,C,12.627331707210484,0.5086522455164596,0.3902649670387249,1.3286484264362874,0.17374918658280453,0.21424743786112002,0.3879966244439246,0.5105331996495567,1.318368011790609,0.47824567635020987,0.22665309064685393,0.4111570855522314,0.15949231817256426,0.1928513588217733,0.3215853667131239,0.16209304854055961,4.0,0.2,0.05442905053075937,3.6190476190476186,20.0,27.37920489296636,False,0,29.2,2026-04-14
Ethan Cardwell,SJS,EDM,1.0,R,12.62168581577858,0.49538865710111696,0.5564964460812919,1.3310287840025272,0.19179486249829428,0.21267718354951928,0.40447204604781356,0.36850554731817253,1.1751354826447418,0.34192669331812836,0.3330759675331528,0.60720821871722,0.17452381275295514,0.19158293457416797,0.3326709631268394,0.15814715037388427,1.0,0.043478260869565216,0.04336895968764117,2.546583850931677,23.0,19.1,False,0,10.6,2025-12-23
Lenni Hameenaho,NJD,VAN,1.0,R,12.62147615912847,0.765333624888932,0.12243653913517692,1.6426762090619262,0.20736384457700943,0.26865260841885835,0.4760164529958678,0.42913303201095826,0.8957125982415284,0.41440847449979945,0.24971370907912813,0.44299312674473984,0.1872761089946654,0.23559124130391096,0.37874673931395664,0.19147063031929124,0.0,0.0,0.051231214377420176,2.75,30.0,29.242331288343557,False,0,20.0,2026-04-12
Radek Faksa,DAL,PIT,0.0,C,12.617750139150989,0.31489680335173914,1.9862989603448913,1.020475375463489,0.13925777373899717,0.1940410190788642,0.33329879281786134,0.6314892874832674,1.2039522763636075,0.3024900380286539,0.2658261159414839,0.36865885232424384,0.12999626456475666,0.17637588072703603,0.283443939637959,0.15344767507320234,1.0,0.05555555555555555,0.036676594965046785,2.6106870229007635,18.0,26.40785498489426,False,4,29.4,2026-10-08
Logan O'Connor,COL,TOR,1.0,R,12.61494461516803,0.35495459175515953,1.2159066287485265,1.3494275408700813,0.17962698504712682,0.22033164159810417,0.39995862664523096,0.4250254855033785,0.9081990898406124,0.31559002572532197,0.2977088756758771,0.5129168820262883,0.16441816219314276,0.19774730652608852,0.3296522200015677,0.16523405780842493,1.0,0.02857142857142857,0.045451097291736874,5.732342007434944,35.0,29.382262996941897,False,0,29.3,2026-04-16
Hunter Haight,MIN,FLA,0.0,C,12.596471815267009,0.8736661129426213,0.307321777283434,1.3823130987328798,0.19064311728526037,0.24895712813414844,0.4396002454194088,0.4547085610484044,1.0140633861819437,0.4172153026508619,0.2539209897015216,0.45805005380068686,0.17357252679145185,0.2203866038508171,0.3557060709408959,0.18213354414944405,2.0,0.1,0.04944552368827019,3.6190476190476186,20.0,27.37920489296636,False,0,7.9,2026-04-14
Jett Luchanko,PHI,BOS,0.0,C,12.587618158563842,1.225797158962588,0.3757223949134314,1.2285104990399296,0.1711560441035964,0.22866077150609138,0.39981681560968774,0.47099766463074183,0.9987878678416426,0.38593167461431616,0.2504114351741685,0.4274615865440962,0.15730993360458534,0.2044016226275459,0.32955715054792245,0.1722472169433371,1.0,0.037037037037037035,0.036757234747193036,2.127906976744186,27.0,27.406374501992033,False,0,7.1,2025-10-20
Kevin Hayes,PIT,DAL,1.0,R,12.57788717771022,1.038165511199643,0.13438463365074244,1.557268603497195,0.18089248204245192,0.22003856327281768,0.4009310453152696,0.32669872032909003,1.2022065947381213,0.31637433869365494,0.2604598095329672,0.5918516869710649,0.165474919695482,0.19751214919215299,0.3303037618611814,0.16482884216569937,2.0,0.08695652173913043,0.07581496059270297,2.3783783783783785,23.0,28.116207951070336,False,0,29.4,2026-04-14
Nick Foligno,MIN,FLA,0.0,L,12.560329585726711,0.7069335912650114,1.137563734977442,1.1258971799596251,0.16201247766482807,0.2080838635934621,0.37009634125829016,0.4488701817061387,1.5677011055305274,0.5822763988271794,0.23415576647690906,0.47615834589558453,0.14956940691387,0.1878610750327071,0.30933221237173303,0.15976280545786303,0.0,0.0,0.059091727238953916,2.1669921875,20.0,27.37272727272727,False,3,29.4,2026-10-06
Luke Glendening,PHI,BOS,0.0,C,12.557945490219597,0.3166195031732839,1.6838881065045517,1.102698012503696,0.13868350991002915,0.1783753185887438,0.317058828498773,0.5665724983598566,1.266249278380554,0.29098135829384275,0.21881481684872023,0.32853235414686127,0.1294965094065078,0.16337163762030282,0.2717120902189565,0.14221558081244867,0.0,0.0,0.027930375211499946,3.5869565217391304,25.0,27.03669724770642,False,0,29.4,2026-04-14
Sam Morton,CGY,ANA,1.0,C,12.553334908736984,0.7190467052830348,1.0999082647070586,1.3801887228781626,0.20734942985435134,0.26312465828778886,0.4704740881421402,0.4723495884452532,1.2182034836864328,0.31062780091477965,0.31882957565739317,0.5339120826723088,0.187264393720743,0.23135392676475341,0.3752939676549816,0.18802957393423858,2.0,0.06060606060606061,0.046990885200379334,3.2783505154639174,33.0,29.96268656716418,False,0,3.8,2025-11-22
Jesperi Kotkaniemi,CAR,CHI,0.0,C,12.551708107629146,0.5445463206219564,0.22909059545151897,1.1791056065291114,0.1536567479337809,0.23009772452654023,0.3837544724603211,0.3965247656940924,1.1852191289187775,0.33479971660781865,0.19431065919082025,0.62759856648167,0.1424336680874958,0.20554403912298358,0.3187013157646731,0.17626764767717729,0.0,0.0,0.04731083702931383,3.8095238095238093,34.0,31.39457831325301,False,3,29.4,2026-10-08
Keegan Kolesar,DET,MTL,0.0,R,12.532016328617278,0.385698831863739,0.7611808926475919,1.0568532184272008,0.14712536622179595,0.1931963887521368,0.34032175497393274,0.517272635944311,2.2369189434510686,0.5956915357150191,0.19838327516776005,0.4815465359124255,0.13681424370415018,0.1756799289484593,0.28845865603952714,0.15164441233537695,1.0,0.025,0.033018059775763206,5.0,40.0,25.909365558912388,False,4,29.4,2026-10-09
Nikita Nesterenko,ANA,CGY,0.0,C,12.52476136350451,0.3339097586740091,0.6843733140657274,1.2718348153504393,0.16258732590792377,0.21596279067708612,0.3785501165850099,0.38220003059269275,1.5548132766487837,0.31988237226560806,0.2092709168176812,0.45526327670725336,0.15005813496049258,0.19423471670369907,0.3151463523310549,0.16508821737056234,2.0,0.11764705882352941,0.047545742560585594,9.0,17.0,26.154078549848943,False,4,26.3,2026-10-09
Ondrej Palat,NYI,TBL,1.0,L,12.510030639428813,0.5368406344067934,0.3875648858439661,1.2275083041140902,0.15775541832566856,0.1948894826237229,0.3526449009493915,0.6200546757017674,1.523922641118682,0.29964666237494547,0.27271069842763707,0.48724351355402307,0.14594135648140427,0.17707439939118985,0.29717327782731384,0.15123192134590957,0.0,0.0,0.04606109566728869,1.6951871657754012,19.0,25.595166163141993,False,4,29.4,2026-10-08
Aleksanteri Kaskimaki,STL,CBJ,1.0,C,12.500319055347095,0.8843867804951306,0.45010846822802936,1.3935802328087907,0.17191048682689253,0.2436741467792459,0.4155846336061384,0.508341350731505,0.8757655458660952,0.27356940468868857,0.27002323726997146,0.5008081639275762,0.15794545523069414,0.21625702216808906,0.34004566358561006,0.18210020835491592,2.0,0.07692307692307693,0.051800835331472825,2.6470588235294117,26.0,24.812274368231048,False,0,4.7,2025-12-11
Jared Wright,LAK,VGK,0.0,R,12.495802439027472,0.3639841018656453,0.1696509108942108,1.3735964116279602,0.16440791108304273,0.2151457895133743,0.379553700596417,0.5996198669758183,1.1547212969758651,0.3387324887342466,0.2446470476077139,0.415693592149901,0.15160411879505387,0.19357613653581862,0.31583331573160867,0.1642291969365548,0.0,0.0,0.05163753879437868,2.739972337482711,28.0,28.75840978593272,False,0,16.1,2026-04-16
Danton Heinen,CBJ,STL,0.0,L,12.478496139818157,0.3410978101098244,0.4479390000688526,1.1933574935937137,0.1629891071696259,0.2046206955734817,0.3676098027431076,0.4804549664403994,0.9661383156625676,0.32904196406120245,0.24891266110656585,0.49402035775483555,0.15039955708230324,0.18504362564560184,0.307612703389903,0.15721314630759975,2.0,0.044444444444444446,0.04764541223536909,4.235831809872029,45.0,26.581818181818182,False,3,29.4,2026-10-09
Alex Turcotte,LAK,VGK,0.0,C,12.466482934723778,0.7783795371034824,0.35860495190078456,1.1361116675997383,0.1597739494072641,0.22542954680182686,0.385203496209091,0.5549926846214004,1.084745505797475,0.35333025301567095,0.27714679400167663,0.4126935793565107,0.14766356165176353,0.20182670767184918,0.3196878188323382,0.17202425718057468,0.0,0.0,0.038680412805744954,1.7371794871794872,20.0,28.78181818181818,False,3,29.2,2026-10-06
Nils Hoglander,NSH,OTT,0.0,L,12.461261871707759,0.6215123672384042,0.11902163971673294,1.1578115645685487,0.16641702179262832,0.20238307209036893,0.3688000938829973,0.33058261085610047,1.2726653997503223,0.3256277670602087,0.21031906500751124,0.5704531961511663,0.1533069289061494,0.1832180183755131,0.3084363555642421,0.1551294266580927,1.0,0.05,0.04811986035522722,2.4,20.0,28.25531914893617,False,4,29.3,2026-10-08
Barclay Goodrow,SJS,EDM,1.0,C,12.449185981132134,0.36552132877505245,1.9610131318807504,0.9572064907910709,0.14655010033737595,0.19058326179943905,0.337133362136815,0.5411294497094823,1.490724611960501,0.3718119288457002,0.28657092187398103,0.5372755212831785,0.13631753953185133,0.17352305909310506,0.2861863621573443,0.14986882262549295,0.0,0.0,0.03421593461088698,6.0,27.0,20.148936170212767,False,4,29.4,2026-10-08
Brendan Gaunce,CBJ,STL,0.0,C,12.444595264705955,0.3257194229089175,1.4396686377899919,1.209202148271725,0.1405968862391666,0.193172700551682,0.3337695867908486,0.5779151645575877,1.2101379321806158,0.332291092362487,0.281788270663391,0.38499404623590033,0.13116051773510484,0.17566040205809974,0.2837812105137075,0.15262069277860268,2.0,0.09090909090909091,0.043476635402812,1.698744769874477,22.0,26.48639455782313,False,0,26.4,2026-01-20
Daniil But,UTA,BUF,0.0,L,12.440645766139765,1.2695468362983986,0.1229614002425445,1.4066418301066999,0.1852736050954107,0.2171050458427703,0.402378650938181,0.4444321687362616,1.0154391055323233,0.3397335376716355,0.21888247194697236,0.5133304281911146,0.16912307940946214,0.19515458080109893,0.33127251654461654,0.1621494371351544,3.0,0.08108108108108109,0.049371080360824306,4.282122905027933,37.0,24.97590361445783,False,5,20.3,2026-10-08
Anthony Richard,PHI,BOS,0.0,C,12.43627986165291,0.9181652606966562,0.2004691158275462,1.2404178221119095,0.15775621873067297,0.22861511509706878,0.38637133382774175,0.4783481642844962,1.15299029902926,0.3051935598337386,0.24201129039728853,0.4051897269016598,0.14594204007394296,0.20436529763338274,0.32048184925039136,0.1745398091764484,0.0,0.0,0.04460313672821245,3.5869565217391304,25.0,27.03669724770642,False,0,21.5,2026-04-14
Eric Robinson,CAR,CHI,0.0,L,12.436186041764774,0.3389420797732958,1.1011976771725358,1.4327733153432656,0.18169754656573806,0.19828966912303167,0.3799872156887697,0.267178220164089,1.377504152724637,0.2813397775798399,0.2123552578923104,0.49556245374455093,0.16614649586408126,0.1798677482635329,0.3161298480346655,0.14998335217058423,5.0,0.14705882352941177,0.04515965042596918,2.530487804878049,34.0,31.39457831325301,False,5,29.4,2026-10-08
Dysin Mayo,CBJ,STL,0.0,D,12.435270061322568,0.25912576537009246,0.9570885354198176,0.8609765415364795,0.04063232240894785,0.1485696865605541,0.18920200896950196,1.0232667153035828,0.998899492618173,0.3449643590892118,0.17606290192023974,0.5014545995112165,0.039817897503808486,0.13806006055221776,0.17238069671558853,0.13256279921178005,1.0,0.023255813953488372,0.040908828034661074,4.235831809872029,43.0,26.398625429553263,False,0,13.6,2026-01-13
Ty Mueller,VAN,NJD,0.0,C,12.432645150032387,0.4997478913028825,0.3243490656803308,1.089160381280418,0.16166259687879733,0.21210906600333515,0.3737716628821325,0.6287944903186966,0.9286762762753997,0.3366754049559352,0.25208043328674284,0.468629279922435,0.1492718055300294,0.19112352816860134,0.31186597956963413,0.16259417403960474,1.0,0.08333333333333333,0.031045339417122723,1.9661016949152543,12.0,26.137614678899084,False,0,7.1,2026-04-16
Zach Dean,STL,CBJ,1.0,C,12.429227950068283,0.46011247946811334,0.61423194469466,1.2986640363607407,0.16325998134421374,0.215181467411101,0.3784414487553147,0.4955039562911006,1.0404404730031878,0.4067262041662785,0.3344385693363821,0.474447564596564,0.1506296607350326,0.19360490753069637,0.31507192672774276,0.16444226599271017,0.0,0.0,0.04981650833405131,2.6470588235294117,26.0,24.890577507598785,False,1,8.6,2026-10-03
Steven Santini,TBL,NYI,0.0,D,12.42153024141763,0.2259248309633485,0.5585802864516944,0.835028021172812,0.037767167093679506,0.14619894904300357,0.18396611613668307,1.0107958496805534,0.82999255784146,0.30975631785723895,0.1470168112780864,0.549213823856819,0.037062881759901356,0.1360142030625513,0.16803600649667805,0.1309731247367767,1.0,0.03225806451612903,0.03192541212978405,2.792270531400966,31.0,28.3914373088685,False,0,13.1,2026-04-15
Amadeus Lombardi,NJD,VAN,1.0,C,12.420866067773565,1.0199623217923508,0.5083541194291837,1.4949862258275868,0.20999976252497343,0.29567745006139057,0.505677212586364,0.40441233605446597,0.9097769121960967,0.362063479375569,0.2886059093553265,0.46066842535494046,0.1894155615362747,0.25597262469516335,0.3969029877868896,0.2074874262506149,3.0,0.09090909090909091,0.04326515153046817,2.3339731285988483,33.0,29.28787878787879,False,3,2.9,2026-10-06
Lars Eller,FLA,MIN,1.0,C,12.404076687192553,0.3486910191729868,1.2785922552071352,1.2351610024652009,0.14190189773712955,0.20621623541213413,0.34811813314926365,0.45951912840984194,0.8378618199986564,0.2857333519695392,0.2740181670499489,0.5654762932276299,0.1322936237303568,0.1863428842226058,0.2939845325427878,0.16169090881243098,0.0,0.0,0.05397476327886641,2.4615384615384617,27.0,31.244712990936556,False,4,29.4,2026-10-06
Nathan Lgar,NJD,VAN,1.0,R,12.401767087770853,0.7670727774194721,0.2948450324795258,1.498984778867291,0.22234094358189188,0.2679382467606179,0.4902791903425098,0.40471419983129603,1.4120082873896673,0.31971338948615746,0.24899621285029336,0.45869615017288484,0.19935765607352662,0.23504498190532064,0.3875446213143581,0.18818696524083145,0.0,0.0,0.05058470731480585,2.1149425287356323,31.0,29.11787072243346,False,0,3.8,2025-11-15
Nick Cousins,OTT,NSH,1.0,C,12.400347075294466,0.34671859209997496,0.23732745589070606,1.2800024559124323,0.16676459824439827,0.24106894137230206,0.4078335396167003,0.5295780324187659,1.649485864623872,0.47136387905994254,0.25090747986835965,0.5519553502455912,0.15360116834122672,0.21421254874431428,0.3349104193250624,0.18130925098383566,2.0,0.07692307692307693,0.04180001521244576,2.22,26.0,28.51057401812689,False,4,29.4,2026-10-08
Avery Hayes,PIT,DAL,1.0,R,12.386731004904329,0.5317622352120501,0.18466561717853494,1.557572333796658,0.19575522826604647,0.20012609480461077,0.39588132307065727,0.4324518814126148,1.4217617259179358,0.415512245599143,0.29058139098736246,0.5357894443908922,0.17778653533509858,0.18137247810776147,0.32691342895494013,0.14912689361984155,3.0,0.13043478260869565,0.05338995521672225,2.3783783783783785,23.0,28.116207951070336,False,0,12.5,2026-04-14
Mark Kastelic,BOS,PHI,1.0,C,12.379399905188688,0.3313111890025339,1.4465952898038732,1.2020686772653242,0.17456684521470575,0.21372406478136388,0.38829090999606963,0.5254887070234289,1.8708100542426307,0.6698967593992307,0.31243210106353775,0.4725182552506184,0.16017928564307515,0.1924288083855027,0.3217849849642398,0.16160569932116464,1.0,0.045454545454545456,0.04045092505457701,2.9403973509933774,22.0,26.575301204819276,False,5,29.4,2026-10-08
Mathieu Joseph,EDM,SJS,0.0,R,12.36320823923513,0.36456327513349085,0.71163637169353,1.0558038026847296,0.14669935533424147,0.19827670747667925,0.34497606281092075,0.5801450807066163,1.6989318687468407,0.34125923955870385,0.27354436902427753,0.43600608028735727,0.13644643883510954,0.17985711793043047,0.29176269352478645,0.1553162546896769,0.0,0.0,0.045545765342681364,2.8073394495412844,19.0,30.48036253776435,False,4,29.4,2026-10-07
Aatu Rty,VAN,NJD,0.0,C,12.263068826809711,0.35878896608719457,0.8659587128623261,1.1583976900399535,0.15267758932234501,0.18848446898657614,0.34116205830892116,0.3772740343263139,1.6568488825034113,0.28985056408891063,0.20929585767018247,0.389857231403968,0.14159356339797657,0.1717866336683348,0.289056315461069,0.14746275206309245,0.0,0.0,0.04060105298188025,4.5,20.0,26.05421686746988,False,3,28.8,2026-10-08
Nathan Walker,STL,CBJ,1.0,L,12.239912659425359,0.3495342873337372,0.721012695120701,1.1106186276215555,0.15526607679182503,0.1908262199991044,0.34609229679092945,0.6274385449881945,2.508828731459044,0.42327614392627805,0.20074777263776591,0.5679259132752147,0.14381266440621787,0.17372383405178382,0.292552811012151,0.14874014660593315,0.0,0.0,0.03696140869256952,5.5,29.0,24.880733944954127,False,0,29.3,2026-04-16
Tanner Jeannot,BOS,PHI,1.0,L,12.200741936161492,0.38375175796838173,0.8031391953888146,1.087901916048919,0.16222377263353638,0.19763194839306855,0.3598557210266049,0.5043897648001175,2.314164069163701,0.5089392946381436,0.22210590986380155,0.4889701878404435,0.14974907963678508,0.1793281528481615,0.30222300664296964,0.15247392700618456,0.0,0.0,0.03909563777610702,2.9403973509933774,22.0,26.575301204819276,False,5,29.4,2026-10-08
Trent Frederic,EDM,SJS,0.0,C,12.186765384747119,0.7303626679527441,0.1957314805423058,1.278675912855599,0.16877605377348695,0.21422101287144119,0.38299706664492816,0.42330143626440875,1.8927514501202751,0.4653375005541482,0.2151104652143198,0.4495713968876889,0.15530195085334653,0.19283002964545048,0.3181851007117499,0.16288314985840335,0.0,0.0,0.048940003259742966,2.8073394495412844,19.0,30.48036253776435,False,4,29.4,2026-10-07
Paul Cotter,VAN,NJD,0.0,L,12.183159963594598,0.5402486673472928,0.58263973404243,1.1027654968517762,0.17117469506797572,0.1849518169653921,0.3561265120333678,0.35712238979975885,1.7596178260073971,0.26884894767622697,0.1936820066054352,0.4309984278473173,0.157325650440429,0.16885567005663937,0.29961599237485315,0.14229034193442414,0.0,0.0,0.04175487534579352,4.5,20.0,26.05421686746988,False,5,29.4,2026-10-08
Martin Pospisil,CGY,ANA,1.0,C,12.168127603687546,0.35605762497696414,0.5553928052453247,1.2870677084229196,0.15314096502494826,0.22642294520020212,0.37956391022515035,0.37209590964522077,2.5420623997360976,0.4632586043259875,0.2817529365685468,0.5032410459962512,0.14199123594064367,0.2026192180376365,0.31584030078378933,0.17384906484314566,2.0,0.06896551724137931,0.05171421210171331,3.0989272943980932,29.0,29.50453172205438,False,4,29.3,2026-10-08
Nikita Grebenkin,PHI,BOS,0.0,R,12.164895652964258,0.4537748208556064,0.12491690077757127,1.0022280181217025,0.1369991071085699,0.19525477050606033,0.3322538776146302,0.3824905809049913,1.3482381937090542,0.43573514558913756,0.2550967044119219,0.4970091330315753,0.12802899529280076,0.17737494924420583,0.28269480799515934,0.15466581270235857,0.0,0.0,0.02507739725747926,2.8372093023255816,28.0,27.02547770700637,False,0,25.9,2026-03-21
Sam Colangelo,ANA,CGY,0.0,R,12.135194461246776,0.94416942291915,0.11858241653495373,1.3227286131489318,0.1875344047211459,0.19729265245469588,0.38482705717584176,0.42499401022727046,1.392699493329298,0.3141961376437349,0.19680274755316549,0.513054597557154,0.17099940384458356,0.17904965497976,0.31943167456422616,0.1484322707196426,1.0,0.058823529411764705,0.04664114722770693,9.0,17.0,26.154078549848943,False,2,23.4,2026-10-09
Cole Schwindt,FLA,MIN,1.0,R,12.123087686166143,0.6172810850635714,0.7661746425397727,1.3203765738972844,0.1741576562197672,0.1979076091787223,0.3720652653984895,0.3758030065940896,1.2373552527847105,0.26222036388378533,0.23426603247205174,0.4711797400684322,0.1598355699314914,0.17955434871621356,0.3106907469869712,0.1508551770554798,2.0,0.07407407407407407,0.028699832886701162,3.8135593220338984,27.0,31.30886850152905,False,0,27.2,2026-04-15
Carl Grundstrom,PHI,BOS,0.0,R,12.108078384014565,0.3305354728092933,0.3927246522139658,1.400850432842919,0.16601664452423254,0.1718951863974411,0.33791183092167365,0.45979786665647004,2.1927878841697774,0.40282256192533594,0.22799507773765065,0.4489017465410441,0.1529678643748391,0.15793257133597338,0.28674182755832167,0.13377396318348256,1.0,0.06666666666666667,0.056019811901793545,2.0151898734177216,15.0,26.972809667673715,False,4,29.3,2026-10-05
Alexey Toropchenko,STL,CBJ,1.0,R,12.101748612922558,0.343174546141877,1.271485556580829,1.2792034703912056,0.15100910584954957,0.18769296245363795,0.3387020683031875,0.5590889331243998,1.5294876701982634,0.27250514523648595,0.22159613328620234,0.46989622309305445,0.14016013094892643,0.17113083787912786,0.28730524818151615,0.14714511723258972,0.0,0.0,0.04878605513283763,2.625,24.0,24.89329268292683,False,1,29.4,2026-10-02
Brandon Duhaime,TOR,COL,0.0,L,12.101259503020968,0.34421291578438173,1.4262996280516813,1.0656619004591266,0.12596780789260326,0.14630409250575802,0.27227190039836124,0.6633212162694274,1.5007893543629596,0.5146804940034452,0.20121717945530765,0.442268505860869,0.11835677171992609,0.13610504074543406,0.2383528592279215,0.1199960875079954,0.0,0.0,0.03905349331364612,2.8,24.0,28.015060240963855,False,5,29.4,2026-10-08
Garrett Wilson,PHI,BOS,0.0,L,12.0876545276076,0.8474799336671824,0.30531477947664337,1.4700195001868224,0.17330631858654447,0.2159557010138732,0.3892620196004177,0.3664733057589886,1.1989603366979684,0.4665873353743538,0.2619644818803317,0.442410010245209,0.1591200017822505,0.1942290040789616,0.32244328638600295,0.16332328460375245,1.0,0.04,0.05639142827417896,3.5869565217391304,25.0,27.03669724770642,False,0,2.9,2026-04-14
Jacob Quillan,TOR,COL,0.0,C,12.072316480290823,0.3495466249192166,1.2965849701130334,0.9773030650730148,0.1192165940611009,0.16268045697607061,0.2818970510371715,0.5602630492147521,1.3639533506398946,0.26516974850665925,0.28561415136056556,0.47819736099968607,0.11238447231173943,0.15013728726841968,0.24564865977618178,0.13326418746444235,0.0,0.0,0.03186260241230335,2.4362139917695473,20.0,28.015290519877677,False,0,16.6,2026-04-15
Alex Steeves,BOS,PHI,1.0,C,12.049800884761977,0.8939121340918007,0.28633791335186803,1.279793690438723,0.17149964756688454,0.23422508707505205,0.4057247346419366,0.45879246952132363,2.078039291428502,0.3858740141103581,0.24216328693154007,0.465134410012983,0.1575994350901725,0.20881628937551477,0.33350639522248016,0.17590696013230767,2.0,0.09090909090909091,0.04558332975120625,1.8151815181518152,22.0,26.613496932515336,False,0,24.8,2026-04-12
Colton Dach,EDM,SJS,0.0,C,12.045856505265506,0.6626997559689582,0.2833272518762979,1.1348601584105915,0.16078094913014612,0.21505446737428782,0.375835416504434,0.49397657227773645,2.118835768668268,0.4506398927066759,0.23744136611165886,0.4266169510591041,0.14852143219878733,0.19350248882081444,0.31328465424590457,0.16476322204711724,1.0,0.038461538461538464,0.043907991422312116,2.25,26.0,30.493939393939392,False,3,28.0,2026-10-03
Nathan Gaucher,ANA,CGY,0.0,C,12.016884635075908,0.783257687784591,0.6437252399178942,1.2836242660316453,0.162451803560359,0.2273880387650051,0.38983984232536406,0.4694405893829322,1.0113388432165569,0.30570654855086576,0.2914812717108672,0.4382141635864262,0.14994294103814976,0.20338839387597885,0.32283468096333867,0.17289173992518891,0.0,0.0,0.05349886946098039,3.2093023255813953,39.0,25.993788819875775,False,0,2.9,2026-04-04
Liam Foudy,NYI,TBL,1.0,C,12.008073098789694,0.44207071122695357,0.5317952195177911,1.1427912702231562,0.14757032029935654,0.19903162636049232,0.3466019466598489,0.4148380593497938,0.8946218787516875,0.2712232565860605,0.34568771084600713,0.33729700510308436,0.13719823629023742,0.1804760256375788,0.29291326951766883,0.1557150332274314,1.0,0.034482758620689655,0.043408850012828,2.0766283524904217,29.0,25.581039755351682,False,0,27.4,2026-04-14
Alexander Holtz,VGK,LAK,1.0,R,11.99027496364508,0.6393610272231011,0.15361715591901381,1.3084455665743442,0.1745162210068184,0.2213333328687859,0.3958495538756043,0.3945285636764882,1.0717114624658912,0.28303048286863464,0.18025178606477432,0.5826984626792825,0.16013676930847465,0.19855051369605636,0.32689204519670645,0.1667552758882318,0.0,0.0,0.04660066214078521,1.9457831325301203,26.0,27.80592105263158,False,0,29.3,2026-02-27
Dylan Duke,TBL,NYI,0.0,L,11.989681940495368,0.9661574513254659,0.30531477947664337,1.386911496156508,0.1728756432007589,0.20842541055580102,0.3813010537565599,0.3568807966169135,1.0989458019159233,0.33243443982324433,0.25081332128319794,0.4367562382839734,0.1587577774696698,0.18813841125115938,0.31702775269392036,0.15826997522425057,1.0,0.03333333333333333,0.053592522191084166,2.6927710843373496,30.0,28.45201238390093,False,0,2.9,2026-04-07
Sandis Vilmanis,FLA,MIN,1.0,L,11.963525366297349,0.661742829129057,0.2206902251320062,1.4063387043234776,0.17769929885203364,0.20498605022462918,0.38268534907666285,0.38195969045044015,1.5268701998558745,0.3112295993687762,0.2747813538344847,0.561273904385094,0.16280586912125317,0.18534131936225107,0.3179725339006533,0.1551666647794001,1.0,0.037037037037037035,0.03882796362196658,2.4615384615384617,27.0,31.244712990936556,False,4,16.1,2026-10-06
John Beecher,CGY,ANA,1.0,C,11.959299958445767,0.35438168107959384,1.384632883491473,1.1618983261973896,0.1502139830166286,0.20977600191923398,0.3599899849358626,0.7116686588000832,0.844890052700794,0.3512546875712479,0.2812929518523701,0.5417489183989704,0.13947618076021617,0.1892341643773089,0.3023166866208271,0.16284050586061094,2.0,0.06896551724137931,0.028269349737686366,2.18609865470852,29.0,29.575851393188856,False,0,29.3,2026-04-09
Stefan Noesen,NJD,VAN,1.0,R,11.958026344442425,1.7138706917013093,0.1389441948435742,1.561060348040291,0.23209503035619392,0.27949488287288715,0.5115899132290811,0.3399649166640334,1.016987476978929,0.43531835515023853,0.1821379087889047,0.5349476076082795,0.20712922706551362,0.2438344027992524,0.40045839848097575,0.19332917141546213,2.0,0.05405405405405406,0.05633246455337124,2.1149425287356323,37.0,29.264437689969604,False,2,29.4,2026-10-03
Lane Pederson,PHI,BOS,0.0,C,11.942295646263618,0.7539500943382765,0.32270466328684716,1.0475134517224671,0.14559077887208563,0.20198867277288696,0.3475794516449726,0.458333608301476,1.7676076469875157,0.47296826899350164,0.23722298631823605,0.4170784895399202,0.13548859285873405,0.18289581658552234,0.2936041126153349,0.15811551975660088,0.0,0.0,0.03834585928278175,3.353293413173653,27.0,27.245791245791246,False,0,19.7,2026-01-28
Noah Gregor,FLA,MIN,1.0,L,11.931030964929095,0.5689794878418348,0.5142127651980408,1.4803793082188914,0.17122985538619934,0.19153975396706677,0.3627696093532661,0.39085725854971715,1.1558874212390549,0.3985174781456393,0.2425725608690757,0.4161003695549677,0.15737213134374706,0.17431319987183413,0.30425329143040214,0.14688116008665508,2.0,0.07407407407407407,0.06105855381950458,3.8135593220338984,27.0,31.30886850152905,False,0,29.3,2026-04-15
Tyson Kozak,BUF,UTA,1.0,C,11.891769886551378,0.36122684486529766,0.9697864703804068,0.919011898749423,0.1309826866658131,0.1830081023214137,0.31399078898722677,0.6294989677661311,1.7648151908860716,0.2173462548694247,0.28323613358758093,0.5678497049682588,0.12276703791299926,0.16723859159083543,0.26947424298948597,0.1467072050764867,0.0,0.0,0.025310274963189244,4.1307189542483655,24.0,28.654434250764528,False,0,26.5,2026-04-15
Zack Ostapchuk,SJS,EDM,1.0,C,11.87682156055881,0.3649259411668918,1.5065699595428041,1.047709411636895,0.14682048171780357,0.18369784849133997,0.33051833020914356,0.5512241268896834,1.5956381685809857,0.4154833747924633,0.24495840522835174,0.4585544331239118,0.13655103162038473,0.16781278753525686,0.2814488098986099,0.14489777827822514,1.0,0.037037037037037035,0.02528368009391996,6.0,27.0,20.148936170212767,False,4,29.0,2026-10-08
Joshua Roy,MTL,DET,1.0,R,11.860731337721614,0.5725294204280801,0.12040068438806326,1.4072344327585633,0.19429433006876715,0.21131826253109043,0.4056125925998576,0.5316620158584499,0.9891965990965226,0.283049278939591,0.2676489440844646,0.45829208635138263,0.17658448734570698,0.19048361285578297,0.3334316490775935,0.1568471617318865,1.0,0.03571428571428571,0.05155492731541398,4.0,28.0,24.27169811320755,False,0,21.5,2025-11-20
Mikael Pyyhtia,CBJ,STL,0.0,L,11.853921795724927,0.3367975248363972,0.8925640159000584,1.062673753010074,0.1341498604842658,0.16162150970767175,0.29577137019193755,0.5204301783971845,0.7017891490829137,0.25863875554121296,0.24118388072135366,0.4455791753224553,0.12554099206692815,0.1492368507970312,0.2560425005619559,0.13050150849502773,1.0,0.027777777777777776,0.03489015732155718,4.840950639853748,36.0,26.455479452054796,False,0,26.9,2026-01-15
Dmitri Voronkov,CBJ,STL,0.0,L,11.824111382899543,1.2375556646134542,0.11743913280533386,1.4079639179331436,0.18938811054250893,0.22377046819892155,0.41315857874143047,0.4278149754823422,1.192328033455148,0.4365824775343098,0.19598020244988287,0.42545185736597313,0.1725347036388708,0.20050137633070464,0.33844263442517164,0.16590793078630084,5.0,0.1111111111111111,0.0681372742579941,4.235831809872029,45.0,26.581818181818182,False,3,29.3,2026-10-09
Boris Katchouk,TBL,NYI,0.0,L,11.812223286904496,0.35822810314443615,0.5112061675854722,1.2024478562508258,0.13670726355322022,0.17207910254812847,0.3087863661013487,0.31468676003677476,1.2422404937403384,0.2717698501840084,0.2652674260497711,0.3672865517558543,0.12777447903696715,0.15808742689541677,0.2656623673185273,0.13788788828156018,0.0,0.0,0.05677876396517389,3.91304347826087,30.0,28.3574144486692,False,0,28.9,2025-11-16
Jeffrey Viel,TBL,NYI,0.0,L,11.801539244433945,0.40873795562940257,0.11927667697674385,1.3788574664573803,0.1563261725662919,0.20060915194775017,0.3569353245140421,0.40206071290054607,1.7848131817828168,0.805850204660432,0.21269194510601863,0.5264774466557076,0.1447198240598193,0.18176782648416567,0.3001822426754608,0.15546241861564147,3.0,0.08571428571428572,0.044412952224480044,3.9536741214057507,35.0,28.41389728096677,False,4,25.4,2026-10-08
Frank Vatrano,ANA,CGY,0.0,R,11.77298369760284,0.846655372033734,0.5606655255241124,1.510308750535675,0.17816002359382715,0.20087419977583723,0.3790342233696644,0.4516512765975285,1.1696877971307245,0.44680614229758175,0.20171444134617567,0.4076350389116855,0.1631914963302139,0.1819846684066173,0.31547781439039746,0.15228631806018356,0.0,0.0,0.10723657410594395,3.525,20.0,26.176829268292682,False,1,29.4,2026-10-02
Conor Geekie,TBL,NYI,0.0,C,11.74981042131449,0.7502484922302918,0.19488559209077874,1.1707087347877776,0.14858721313083964,0.1898164351516935,0.3384036482825331,0.4328196708070697,1.4683994533365325,0.3314518545568316,0.2263030619951056,0.4564083096081768,0.13807516727076352,0.17288905149517753,0.28709253406146074,0.14901736679069721,3.0,0.08571428571428572,0.03989915116312387,3.9536741214057507,35.0,28.41389728096677,False,4,26.8,2026-10-08
Quinn Hutson,EDM,SJS,0.0,R,11.740210061777242,0.6421971221081706,0.22296466206497445,1.3239348586347404,0.17839516034092512,0.21293644717824523,0.39133160751917034,0.35880309534960375,0.8282120915433171,0.35000026850002186,0.21332570941567364,0.507777686653461,0.16338823762824983,0.19179250054848285,0.32384409952180093,0.1604558618935511,0.0,0.0,0.04856269415006103,1.8375184638109308,25.0,30.418118466898953,False,0,5.5,2026-01-03
Jacob Moverare,LAK,VGK,0.0,D,11.729737305129957,0.18304204726484574,0.407941353046986,0.6802458521800797,0.03148664849916055,0.13863546733867957,0.17012211583784012,1.0700329642737223,0.5894158974421505,0.24728030772443754,0.16836554959884306,0.4730652485277181,0.030996105976323962,0.1294546871758352,0.15643820194932523,0.12544209597300127,1.0,0.02702702702702703,0.023764369447317343,4.390243902439025,37.0,28.6875,False,0,28.1,2026-02-28
Nico Sturm,MIN,FLA,0.0,C,11.710658449702999,0.3018769908898201,1.5197597556948812,0.9308374888908828,0.14864686989969542,0.18781396768472824,0.3364608375844237,0.446913057076337,1.1085739975414994,0.3956383324113353,0.2429884944257069,0.3922305649368041,0.13812658538754619,0.17123112931561735,0.2857061434987439,0.14757955811119772,1.0,0.027777777777777776,0.055893041097933346,3.8218623481781373,36.0,27.350453172205437,False,1,29.4,2026-10-08
Sam Poulin,PIT,DAL,1.0,R,11.704072879057732,0.5186502889848092,0.3032844566315138,1.144654514791907,0.15012902355893065,0.19686375207016604,0.3469927756290967,0.36740109534454796,1.3139333126053239,0.3378031163143892,0.27705890339140543,0.5645724485189769,0.13940306801743196,0.17869747354112253,0.2931895654999581,0.15378649748252615,0.0,0.0,0.0337399579328899,4.2110091743119265,32.0,27.86842105263158,False,0,11.9,2025-11-22
Jack Finley,STL,CBJ,1.0,C,11.697347258846236,0.35552396133784864,1.084092534279969,0.9870306959540173,0.13601878273435453,0.19540156757244562,0.33142035030680017,0.3581653179325425,1.284391279735434,0.4311284530262217,0.21319882449975053,0.41452127035131353,0.1271737617286154,0.17749569932529607,0.2820966652800624,0.154922903551447,3.0,0.10344827586206896,0.024606171637358825,1.7647058823529411,29.0,24.880733944954127,False,0,23.2,2026-04-16
Andrew Mangiapane,CHI,CAR,1.0,L,11.69592374174492,0.38723928207493563,0.1773961386402281,1.0644263395413422,0.15702545993532155,0.1864706853582287,0.3434961452935502,0.481835268689759,1.2341497734160587,0.3851885698695981,0.20229255664305457,0.5203821058230869,0.14531770161536073,0.1701171106856174,0.2907137847706982,0.14539608315533747,1.0,0.038461538461538464,0.052213621236263046,3.6572438162544167,26.0,21.180428134556575,False,1,29.4,2026-09-29
Jonas Rondbjerg,VGK,LAK,1.0,R,11.689929158604757,0.33170995268534487,0.505655872370143,1.3246999181025871,0.15394903409833105,0.18369890265923716,0.3376479367575682,0.414254363052871,0.7128336007113621,0.23103875687759132,0.33390942441972665,0.32451771888485503,0.1426842862336053,0.16781366479983828,0.28655357805123316,0.14386929181762786,1.0,0.03225806451612903,0.04298318205759502,2.1496598639455784,31.0,27.813333333333333,False,0,24.2,2026-02-01
Jakob Pelletier,TBL,NYI,0.0,L,11.679752287036667,0.6313581373992353,0.21639542857327132,1.1854144385221415,0.15643195851530323,0.19217921223786547,0.3486111707531687,0.393344655459643,1.0442788736546926,0.2896051738590788,0.20750756174207752,0.4608461668762358,0.14481029589949268,0.17484102334673624,0.294332538920018,0.1495222430205253,1.0,0.03225806451612903,0.04473214152024193,2.792270531400966,31.0,28.3914373088685,False,0,28.1,2026-04-15
Cameron Hughes,DAL,PIT,0.0,C,11.666853950174023,0.783257687784591,0.5083541194291838,1.2067369200669604,0.16365822300559302,0.2155333713121119,0.3791915943177049,0.47014571283299456,0.9377220980522873,0.28463351839036766,0.23559482103083382,0.429975907618331,0.15096784804545993,0.19388863118483401,0.31558552981983967,0.16461768177437974,1.0,0.05263157894736842,0.054522122488358485,2.36697247706422,19.0,26.4,False,0,2.9,2026-04-11
Mattias Janmark,EDM,SJS,0.0,C,11.6659340456646,0.30446059617942944,1.3396563974935243,0.8140997797988329,0.12600070277708397,0.19057427132984267,0.31657497410692664,0.37474128244506016,0.5440217190825309,0.2910378467743354,0.22078374642800896,0.3737447076484977,0.11838577279507745,0.17351562864389414,0.2713596196499405,0.15297384685486304,0.0,0.0,0.028262023213226215,2.5755395683453237,27.0,30.57894736842105,False,0,29.4,2026-02-25
Beck Malenstyn,BUF,UTA,1.0,L,11.665860311266362,0.35068732604659925,1.4352348417010559,1.0604344150764402,0.14612224894380316,0.17471915677717903,0.3208414057209822,0.5572942105183738,2.376933894604555,0.37433423327549314,0.2471311120184665,0.4560973430667386,0.13594793272478023,0.1603071903073493,0.27446169190892744,0.1385137591841472,0.0,0.0,0.03855645577107358,2.532544378698225,26.0,28.628398791540786,False,4,29.4,2026-10-08
Olle Lycksell,OTT,NSH,1.0,R,11.661868690901455,0.7097028676065685,0.11905562059751248,1.2618165144514772,0.171401118976952,0.2316058918276302,0.40300701080458223,0.37263637254920634,0.7950213663998273,0.28076280393412995,0.22532880521182425,0.5125447074012642,0.15751643046125618,0.2067413085570895,0.33169258606554375,0.17417615560428756,1.0,0.025,0.03887664583648314,2.9905956112852663,40.0,28.301075268817204,False,0,24.5,2025-12-20
Nick Bjugstad,NJD,VAN,1.0,C,11.656436725772924,0.3308681528026878,0.49999126439339536,1.266188077194018,0.16446936963735068,0.21984755295308206,0.3843169225904327,0.443009308337447,1.289726439741324,0.34256006929591254,0.2501275362034498,0.47774005487345206,0.15165625837716545,0.19735885109089268,0.3190844045539972,0.16742814617683177,0.0,0.0,0.07002095411562502,3.5089820359281436,21.0,29.244648318042813,False,0,29.4,2026-04-14
James van Riemsdyk,DET,MTL,0.0,L,11.647234980822159,1.519318496920991,0.11681825234370397,1.241973945933805,0.1865535336026797,0.24315916416460212,0.4297126977672818,0.32525695447839803,0.6447608542438277,0.2970801942200064,0.1854857045182455,0.45379233260770513,0.1701858621780875,0.21585330421521542,0.3493039857114475,0.17911812353335999,1.0,0.04,0.0588338787982084,1.9107142857142858,25.0,25.862385321100916,False,0,29.4,2026-04-15
Evgenii Dadonov,NJD,VAN,1.0,L,11.642812099611454,0.7198148599624521,0.11728794578241708,1.2932027893226932,0.18515758336954297,0.22457174438642008,0.40972932775596305,0.3967936402498586,0.685493764855909,0.24497238904228053,0.178506818767565,0.5750699480536023,0.16902667404270122,0.20114173895186716,0.33617009384836904,0.16714341980566783,1.0,0.047619047619047616,0.05375323917988129,3.5089820359281436,21.0,29.244648318042813,False,0,29.3,2026-04-14
Xavier Bourgault,OTT,NSH,1.0,R,11.632418130476195,0.9924142945012085,0.35752911595674075,1.5850860789741699,0.19753037703039977,0.2469710372302744,0.44450141426067413,0.3485273991375504,1.0876780880881372,0.31489736862224876,0.24999194396583582,0.4869475179425418,0.17924479185686926,0.21883668214296348,0.3588561384584694,0.17961134660160016,0.0,0.0,0.06805331691485333,2.3370165745856353,23.0,28.42281879194631,False,0,2.0,2026-01-28
Brendan Gallagher,VAN,NJD,0.0,R,11.630945298729197,0.9710979476459564,0.20709625018460065,1.4109761225668689,0.17500322523819367,0.20324694317234274,0.3782501684105364,0.36612553176814905,1.1725323370309975,0.4057805929206981,0.18318014263353422,0.48360325140102206,0.16054568667527191,0.18392330802618728,0.31494090091880744,0.15439521424353553,1.0,0.05,0.07364328644606317,3.2121212121212124,20.0,26.07250755287009,False,4,29.4,2026-10-04
Tanner Pearson,BUF,UTA,1.0,L,11.628942735273025,0.43916134342933516,0.6386634936045011,1.2366007754503634,0.1620820145449766,0.20773684947713925,0.36981886402211583,0.4201401111002724,1.2800243290772146,0.34906472804713523,0.21794904733673662,0.5043474931814825,0.14962854114806712,0.18757920245727544,0.30914054119194256,0.15951200004387545,0.0,0.0,0.046915756547868,4.1307189542483655,24.0,28.654434250764528,False,0,29.3,2026-04-15
Carter Mazur,DET,MTL,0.0,L,11.606787123410745,0.5087260138227454,0.1689815092789011,1.1742515324706575,0.1563875443953452,0.20760737345566094,0.36399491785100613,0.4345014977482744,1.1469026068219563,0.3195831876403816,0.19447980769263318,0.43176633653503793,0.1447723125578958,0.187474006634622,0.30510527370752927,0.16033296114963347,2.0,0.05,0.02851173411060957,3.8761061946902657,40.0,25.909365558912388,False,2,9.3,2026-10-09
Hendrix Lapierre,PIT,DAL,1.0,C,11.595140094163344,0.6739372492674831,0.19809077953471704,1.0092852571988449,0.1477561162939606,0.21898383849749858,0.36673995479145916,0.381652039323054,1.0293525414916957,0.3169317548092942,0.24647147597169766,0.539820206128381,0.13735852651097047,0.1966652988555041,0.30701016969984285,0.16965164318887238,1.0,0.045454545454545456,0.031241151960780072,1.5365853658536586,22.0,28.150602409638555,False,5,29.2,2026-10-09
Josh Samanski,EDM,SJS,0.0,C,11.594216876497649,0.47716469734721684,0.6196227897623768,0.9376378427601935,0.14335009885905997,0.19655563146439153,0.3399057303234515,0.5105392730000284,0.9293670671087484,0.3422508284194067,0.2530759608265647,0.41172806031898884,0.13354932760263405,0.17844437431860538,0.28816257571651704,0.154613248113883,0.0,0.0,0.019524044046193574,2.8073394495412844,19.0,30.48036253776435,False,3,17.8,2026-10-07
Nolan Foote,FLA,MIN,1.0,L,11.57711807606329,0.3981363171840309,0.277517144756922,1.3358133523689188,0.16260775903415062,0.18860321597979818,0.3512109750139488,0.3663778689089059,1.3546399718637379,0.3279221850572479,0.24402166206941758,0.39084346850149837,0.15007550175247686,0.17188497567630856,0.2961647534604511,0.14608925170797427,0.0,0.0,0.04182748116140938,3.8135593220338984,27.0,31.30886850152905,False,0,18.6,2026-04-15
Isaac Howard,EDM,SJS,0.0,L,11.561719612130673,1.0501846463671816,0.1224365391351769,1.4656117963146909,0.1784471650984525,0.21890836419575682,0.3973555292942093,0.30462055676945615,0.691786280725144,0.3367172215242309,0.17452616047802386,0.4553462413502437,0.16343174428881002,0.1966046654417668,0.32790496632211086,0.16447322203330084,0.0,0.0,0.04522588685370591,2.8073394495412844,19.0,30.48036253776435,False,4,20.0,2026-10-07
Dryden Hunt,CGY,ANA,1.0,L,11.552634012073598,0.37102245780553983,0.11698600549688463,1.2463606638329976,0.16780920737069532,0.23108726170782673,0.39889646907852205,0.40583773237973253,1.8916347697330234,0.3931519994590882,0.3360366721181043,0.490165803802814,0.15448486264733818,0.20632979400421436,0.32893982676475797,0.1744549641174198,1.0,0.043478260869565216,0.033736077937891795,1.816793893129771,23.0,29.90068493150685,False,0,27.0,2026-01-15
Sacha Boisvert,CHI,CAR,1.0,C,11.551900764732139,0.5318843578410535,0.34520644812720463,1.1444310684858032,0.15601151768671603,0.21837626422650516,0.3743877819132212,0.43492898093454097,1.1236141941893754,0.39402511861205447,0.23978457847625567,0.5115044778687012,0.1444506636349555,0.19617706505596422,0.3122898214536278,0.1678391578186723,2.0,0.058823529411764705,0.04143906001861824,3.099099099099099,34.0,21.14814814814815,False,0,6.3,2026-04-11
Adam Klapka,CGY,ANA,1.0,R,11.548844131912022,0.4351685453614317,0.11731501319332152,1.2866125005002096,0.16796759540876918,0.22199496009495856,0.3899625555037277,0.5299146586340945,2.468143079475787,0.606909464178188,0.2347559205816799,0.5671110735204732,0.1546187715260431,0.19908059911778642,0.3229177729735687,0.16829900144752563,1.0,0.034482758620689655,0.03912222506372253,3.0989272943980932,29.0,29.50453172205438,False,4,28.9,2026-10-08
Riley Tufte,BOS,PHI,1.0,L,11.544914099279595,0.9010619773586116,0.1404598253021079,1.1622177848535347,0.16164735536757568,0.20526570407275124,0.3669130594403269,0.31578744969404443,1.2844008049900841,0.33877508778411997,0.22035637883838483,0.43816889414021126,0.1492588390478926,0.1855691099444564,0.30713011907888876,0.15787128003099615,0.0,0.0,0.03519117748154437,4.095238095238096,21.0,26.523985239852397,False,0,13.6,2025-11-28
Nate Danielson,DET,MTL,0.0,C,11.538581809599068,1.1532622479160501,0.23673429843883914,1.1426527749678173,0.15002790567309504,0.23240825976070761,0.38243616543380266,0.363573022537154,0.6844349495235853,0.31239729939103444,0.23286353643623117,0.47432888220053715,0.1393160418752376,0.20737753861430674,0.31780256263596995,0.17848652076073235,1.0,0.025,0.03960959160639648,5.0,40.0,25.909365558912388,False,4,19.7,2026-10-09
Michael Eyssimont,BOS,PHI,1.0,C,11.528767828054622,0.5199053951738959,0.2327471327409615,1.6435106050451433,0.17010355887500975,0.2113070271298091,0.3814105860048188,0.40699572282409163,1.130232553501031,0.3906600776900145,0.21237696855858743,0.5573592400231339,0.1564225478591479,0.19047451756323508,0.3171025560828997,0.16068000822375184,3.0,0.11538461538461539,0.0725947029619705,3.6303630363036303,26.0,26.599388379204893,False,0,29.4,2026-04-14
Adam Gaudette,SJS,EDM,1.0,R,11.513165855604862,0.5261547518884774,0.13066217508725514,1.4166805360386907,0.19925807909947627,0.19144300950608537,0.39070108860556163,0.47677534847406877,0.8906705150953459,0.2952037969103418,0.25024424916935784,0.49715563550621356,0.1806615880748822,0.17423331538328768,0.32341763600547335,0.14275604793059116,3.0,0.17647058823529413,0.04588492929482413,2.571428571428571,17.0,20.089506172839506,False,0,29.2,2026-04-15
Joakim Kemell,NSH,OTT,0.0,R,11.505798624323875,0.6662122434075285,0.6127206400140197,1.1818683171719668,0.15055320588127927,0.19389870364004508,0.3444519095213243,0.4191902041643775,1.2943793595193605,0.2985514388727005,0.22714091593020053,0.4098374660790454,0.13976804060971304,0.1762586579579727,0.2913913713044022,0.15162333069468914,1.0,0.047619047619047616,0.04431640061843902,1.8115942028985506,21.0,28.32,False,0,13.6,2026-04-16
Joel Kiviranta,DAL,PIT,0.0,L,11.498568003529556,0.34940084767692436,0.9382836484154498,1.2220046895615073,0.15467687291930504,0.17626237946148143,0.3309392523807865,0.36463151249494685,1.1186877950302085,0.26334488509653625,0.21612620988723777,0.45679685852144947,0.14330804686577758,0.16160202393382583,0.28175120038009016,0.13844315351431258,1.0,0.038461538461538464,0.03724913035854553,2.1619718309859155,26.0,26.40909090909091,False,2,29.4,2026-10-05
Rodrigo Abols,PHI,BOS,0.0,C,11.495781416142977,0.3441961181655996,0.8680533317669172,1.1760296904585938,0.137442763468702,0.1919589506074465,0.3294017140761485,0.5260284306811631,1.071224935883148,0.4293396260147667,0.26152375324656063,0.405944862349266,0.1284157649721318,0.17465925246734348,0.28064601592442073,0.15223025095228893,0.0,0.0,0.04362546792865677,3.353293413173653,28.0,27.318493150684933,False,0,26.2,2026-01-17
William Carrier,CAR,CHI,0.0,L,11.468756688189496,0.33693910951857353,0.16157840154594424,1.3155200400987725,0.16860094011218438,0.22442077767562138,0.39302171778780576,0.3143258429524392,2.0713006291139098,0.28097866387154624,0.20063743575083606,0.3830254178295042,0.15515401973326326,0.20102112884397583,0.324985912385778,0.16983189265251475,1.0,0.029411764705882353,0.049116488305035594,3.8095238095238093,34.0,31.39457831325301,False,5,29.3,2026-10-08
Joseph LaBate,VAN,NJD,0.0,C,11.46653635700786,0.5318843578410534,0.3452064481272046,1.1375839721384495,0.1516003085600018,0.20728877878913532,0.35888908734913716,0.7609845281968106,1.2612809769805884,0.40812664616231253,0.22161978323357268,0.3896374480949086,0.14066832037377963,0.18721509894560795,0.30154818580209797,0.16087986542831834,2.0,0.08333333333333333,0.03983150924533894,3.0,24.0,26.11904761904762,False,0,6.3,2025-10-21
Adam Erne,DAL,PIT,0.0,L,11.464030229016355,0.3502884427441491,0.19047366697131135,1.168575484759227,0.1525563791432596,0.1651623368068876,0.3177187159501472,0.4511369846445423,2.104112676120682,0.3813300585155874,0.22100470562399505,0.40149693556148863,0.1414895094939992,0.15224392909681783,0.272192519739469,0.13070301024546982,2.0,0.07142857142857142,0.033832141689904185,3.201492537313433,28.0,26.39755351681957,False,0,29.0,2026-04-15
John Leonard,DET,MTL,0.0,L,11.460985806913223,1.020829316158228,0.13112962487883026,1.252977851672231,0.16746781623338897,0.19931918476599506,0.366787000999384,0.53241586985346,0.9812284962644211,0.30080533641348917,0.22468054802240167,0.4972044839390551,0.15419616199586972,0.18071165276501355,0.3070427714765879,0.15284660948071815,0.0,0.0,0.04138532096556198,1.9114533205004813,25.0,25.731629392971247,False,0,16.1,2026-03-16
Hugh McGing,STL,CBJ,1.0,L,11.452292703730674,0.6815778782607214,0.18648409661078497,1.3625591822539633,0.1760729228974994,0.21760344767446724,0.39367637057196664,0.4461889313269754,0.9615955765511289,0.26877347136782975,0.31980469996435856,0.4864730578203749,0.16144316888644028,0.1955556172852998,0.3254276676236574,0.1639844987372171,2.0,0.09090909090909091,0.0405384159241969,2.289855072463768,22.0,24.82078853046595,False,0,7.9,2025-12-15
Arthur Kaliyev,OTT,NSH,1.0,R,11.439087753783035,0.7764679732600455,0.11682832318997388,1.7298239620917162,0.18714827134184506,0.21678826415695515,0.4039365354988002,0.2956808930526455,0.8143709914534693,0.2623224949685664,0.18638769258259127,0.4088203968447374,0.17067923723341794,0.19489958012474484,0.3323135056853579,0.16163426845193996,3.0,0.09375,0.06550344753488395,2.876565295169946,32.0,28.45019920318725,False,0,28.9,2025-10-18
Xavier Parent,NJD,VAN,1.0,C,11.436791568384189,0.6303559723629928,0.40450619800264714,1.2133831291955939,0.18031088429778713,0.2528845056880958,0.4331953899858829,0.3906301046749081,0.9900551982823683,0.29710614316350376,0.2601572628045093,0.4337643076521209,0.16498942062201283,0.22344243537370811,0.35156621804104127,0.18657679741902844,1.0,0.045454545454545456,0.036986316364996025,1.8467933491686461,22.0,29.139285714285716,False,0,4.7,2025-12-19
William Stromgren,CGY,ANA,1.0,L,11.428184312888709,0.8474799336671826,0.3053147794766434,1.396329239943832,0.1947580943639395,0.2445954600692665,0.439353554433206,0.351444592572327,0.9176732536434443,0.32786423164435297,0.25320662630618734,0.47060258008432515,0.17696626952525274,0.2169787624640105,0.3555471098298013,0.17858084030454857,1.0,0.03125,0.04938265906980787,4.293929712460064,32.0,29.893470790378007,False,0,2.9,2026-01-13
Nicolas Aube-Kubel,MIN,FLA,0.0,R,11.426133118159262,0.38999310980551494,0.13305709660855455,1.0717291184549504,0.1450106944768115,0.17934447463967898,0.3243551691164905,0.3994493154575711,1.5979514569370388,0.5320996173267216,0.31702906551976806,0.39999764723423475,0.13498695780064685,0.16418206827976434,0.2770065881579077,0.14201963035726084,1.0,0.05,0.04465149887559592,3.6190476190476186,20.0,27.37920489296636,False,0,29.1,2026-04-14
Jake Christiansen,CBJ,STL,0.0,D,11.403219981533457,0.17864694948331908,0.48655747243473557,0.7546354247083893,0.03238582317641621,0.13635525399629053,0.16874107717270675,0.8412613755760017,0.7466394419496893,0.24996864988285003,0.13445071321384808,0.4692402090311356,0.03186701813023596,0.1274673932723992,0.15527240567020972,0.12340538753997377,0.0,0.0,0.03127198909213671,3.097447795823666,19.0,26.6048632218845,False,2,29.2,2026-10-03
Luca Del Bel Belluz,CBJ,STL,0.0,C,11.343406905349264,0.6628429737653211,0.2073523357116588,1.0763517344310762,0.13501289736127944,0.1997071073434848,0.33472000470476426,0.5422867570343698,0.5950247010357779,0.26583751263435784,0.21263728036493346,0.368715394159991,0.12629535686906668,0.18102941157548713,0.2844615943058305,0.15816623743676383,0.0,0.0,0.04342710415707127,2.8225806451612905,10.0,26.59190031152648,False,0,19.0,2026-04-02
Kyle MacLean,NYI,TBL,1.0,C,11.337586614932624,0.32188115691419644,0.21471953582887707,0.9756741213983658,0.13054344437310156,0.17966817397256618,0.31021161834566774,0.44824396093875024,1.6482517104992664,0.3990019584064156,0.2541888444295539,0.5294126963763196,0.1223816354591577,0.16445257820237458,0.2667082381856507,0.144326602726493,1.0,0.030303030303030304,0.02900002929070467,1.9422382671480143,33.0,25.558282208588956,False,0,29.3,2026-04-12
Landon Slaggert,CHI,CAR,1.0,L,11.329683075952088,0.3278650482144148,1.1163686059754514,1.0038689332481487,0.13898218111878932,0.16391622176669252,0.30289840288548187,0.44418472281442817,1.2882373265964477,0.26805017211562043,0.20368385890450585,0.3874339794716998,0.12975646491372816,0.15118686903401113,0.2613258602805112,0.13156939536678303,0.0,0.0,0.04196596712448948,2.7115716753022454,24.0,21.171779141104295,False,0,28.5,2026-04-15
Brennan Othmann,CGY,ANA,1.0,L,11.323723530508907,0.6252431291834186,0.14999596593274414,1.2257657029319955,0.17198692518642247,0.20942492526411194,0.3814118504505344,0.4041360157062436,1.5832940207138955,0.3523272047538704,0.20817455374225696,0.464001660427708,0.15800981803880598,0.18894947344840585,0.31710341956910093,0.15909360153029495,1.0,0.041666666666666664,0.038438241274386276,2.827586206896552,24.0,29.51063829787234,False,1,23.2,2026-10-03
Miles Wood,CBJ,STL,0.0,L,11.24729241443914,0.3347106733404646,0.30007324921871475,1.2786452199568097,0.15145769710986526,0.17321179059282626,0.32466948770269155,0.37745346678012637,1.0276636384269315,0.40059063347572865,0.18166928247278236,0.47892985008315997,0.14054576109782957,0.15904051132608377,0.27723380271420095,0.13668804161637138,1.0,0.03571428571428571,0.06548833349164304,2.7478991596638656,28.0,26.611620795107033,False,0,29.3,2026-04-14
Sheldon Dries,DET,MTL,0.0,C,11.242703496686953,1.0221826978838442,0.7115208509371722,1.2638004762166126,0.1527823613831618,0.19511836084036843,0.34790072222353025,0.5427818836916543,1.2518958728143255,0.3545152331952539,0.20032983413349154,0.35088994776048793,0.14168349569807925,0.17726272758215667,0.29383102037941966,0.1521475246813404,4.0,0.1,0.05456234538316579,5.0,40.0,25.909365558912388,False,1,26.7,2026-10-09
David Tomasek,EDM,SJS,0.0,R,11.190061217084214,1.1770556078847187,0.1423986413677974,1.3966960939476833,0.1829389492390573,0.21138924235595744,0.39432819159501475,0.35532255618434216,0.8577011894488,0.35665510243971005,0.19924776266765148,0.442392868001865,0.1671810015813361,0.19054107014799104,0.3258672247796064,0.1586862231982703,3.0,0.07894736842105263,0.04749597859662326,5.098901098901099,38.0,30.462093862815884,False,0,15.7,2025-12-13
Nils Aman,VAN,NJD,0.0,C,11.17460000352071,0.3066773115380283,0.43472542210748866,0.8314106894737211,0.12552055065779238,0.18590492572693296,0.31142547638472534,0.4019184466759897,0.9244897624445619,0.23562137075339648,0.20997341874502812,0.3120961476842295,0.11796236221287781,0.16964746360698846,0.2675978102693627,0.14963544805648488,0.0,0.0,0.026904719832262,2.2103004291845494,22.0,26.110671936758894,False,0,29.1,2025-10-23
Garnet Hathaway,FLA,MIN,1.0,R,11.165140002261033,0.3865275799240981,1.2409936168859952,0.9857719935615915,0.12682087211663737,0.15582586061469014,0.2826467327313275,0.608137091966539,2.380790808371074,0.5010695897176489,0.2381082303349268,0.498284819984296,0.11910854931345882,0.14429181010450787,0.24621397123860567,0.12710542192514684,0.0,0.0,0.03770614512415937,2.4615384615384617,27.0,31.244712990936556,False,4,29.4,2026-10-06
Tanner Laczynski,VGK,LAK,1.0,C,11.142807247023852,0.6270489724420999,0.2783124673446648,1.090195453438132,0.14491053470886445,0.21066048937671353,0.35557102408557795,0.45277841694925275,0.8071031811818786,0.2795253667564585,0.2874188440617725,0.37826218474495893,0.13490031395602775,0.1899509595449722,0.2992268294221345,0.16432651546610677,0.0,0.0,0.03159336548109742,3.507002801120448,25.0,27.815181518151814,False,0,24.2,2026-02-25
Matt Luff,STL,CBJ,1.0,R,11.12893691352908,0.4154642391916216,0.12980974352760258,1.3340822801296757,0.16229251342263762,0.19192557553666226,0.35421808895929985,0.46666062924513196,1.1115526850737685,0.23121601744337605,0.29004440393229286,0.36652812009128377,0.14980752454718727,0.1746317062017968,0.29827808713544113,0.14847056258825386,0.0,0.0,0.05273224581813295,3.330798479087452,27.0,24.814946619217082,False,0,16.6,2025-12-18
Florian Xhekaj,MTL,DET,1.0,L,11.124273732594439,0.5754955582711305,0.20732915610523556,1.308988812853041,0.16546458753844953,0.21129454517370974,0.3767591327121593,0.43108163339693056,1.2130231993161649,0.38103628945450563,0.21875576171185276,0.48532515783154306,0.15250012526974355,0.19046441303864003,0.31391869146056284,0.1614185661908193,1.0,0.029411764705882353,0.0503076065563307,3.045045045045045,34.0,24.709969788519636,False,2,6.3,2026-10-08
Dillon Dube,STL,CBJ,1.0,C,11.104480265374697,0.4036092016017896,1.0324654943404128,1.108244056295458,0.13471575308742897,0.18483854429902802,0.319554297386457,0.34222681151680173,0.9032042722629009,0.23419503145171902,0.21380888214585392,0.3585438906295929,0.12603570196174985,0.16876151878997148,0.27352724426689623,0.14749154230514638,1.0,0.038461538461538464,0.05050956377990162,2.384,26.0,24.90332326283988,False,3,29.0,2026-10-08
Mitchell Chaffee,TBL,NYI,0.0,R,11.10212079503956,0.9141849212907818,0.1647017327002406,1.1226010380590128,0.14422285125537276,0.17782867145338707,0.3220515227087598,0.37576327676014437,1.6210090334828013,0.3108334009153003,0.1665321273505099,0.4252297548834474,0.13430519461290502,0.1629141720979328,0.2753391471220247,0.14103395250911965,0.0,0.0,0.036766350696808954,2.792270531400966,31.0,28.3914373088685,False,0,28.6,2026-04-15
Adam Edstrom,NSH,OTT,0.0,C,11.09403943263101,0.3174500813734172,0.35467837649202155,1.1075608883557837,0.163486459882616,0.17127319145730682,0.3347596513399228,0.6091381502910976,1.6521204670168517,0.25828514795782026,0.20083515023753853,0.43086907397710605,0.15082200310649985,0.15740864673375787,0.2844899624335889,0.13366795932708908,2.0,0.1,0.033087361291712206,2.4,20.0,28.25531914893617,False,4,28.5,2026-10-08
Justin Kirkland,CGY,ANA,1.0,C,11.0323404828988,0.3234069282752168,1.1951809452896565,0.9297502263348825,0.14082919838772903,0.20777679599114585,0.34860599437887485,0.5019104622521033,1.2115031205691267,0.2912969661212843,0.24578199772858536,0.5443304960107216,0.13136233625863059,0.1876116551878526,0.2943288861116583,0.16296654985302772,1.0,0.03333333333333333,0.022512347962023678,3.22265625,30.0,29.78187919463087,False,0,24.2,2026-01-29
Arshdeep Bains,VAN,NJD,0.0,L,10.999071057773172,0.450688589916431,0.5331746114253513,0.9879866999549969,0.14134746888124708,0.17559989899699074,0.31694736787823785,0.37390271544417847,0.9121880470715913,0.3081922626629328,0.20954265636704367,0.41316407297428065,0.1318124088895496,0.16104641763437422,0.2716309102725045,0.13981850138295493,0.0,0.0,0.026507372196665466,4.5,20.0,26.05421686746988,False,5,24.8,2026-10-08
Sam Carrick,BUF,UTA,1.0,C,10.990899756943115,0.30233163966148724,0.7860738119057316,1.106112506274122,0.1442097078440634,0.17237276723844278,0.31658247508250614,0.4294908593390607,1.2403939764104266,0.4949832140227158,0.24322775026993443,0.4631787357839417,0.13429381635523507,0.15833463059119424,0.2713650851431415,0.13707126878790643,1.0,0.03571428571428571,0.04096262851754948,2.57396449704142,28.0,28.632218844984802,False,2,29.4,2026-10-03
Patrick Giles,SJS,EDM,1.0,R,10.9906778080086,0.38637375185102196,0.5026558931498563,1.2064842262856919,0.15747114375768823,0.18578405233601517,0.34325519609370336,0.38819959198020654,1.0412020406805795,0.24855844753526576,0.22779663363325775,0.4729903685578031,0.14569853481711148,0.16954709001413137,0.290542862233679,0.1448443274165675,0.0,0.0,0.039125554280192265,3.0,18.0,18.56640625,False,0,14.7,2025-11-02
Jack Devine,FLA,MIN,1.0,R,10.98368400897007,0.6742003191364604,0.22296466206497445,1.3685595838749383,0.1619531033177634,0.19437962434802078,0.35633272766578417,0.3002738533810204,0.9224837828941318,0.3286679689910856,0.22195524593859273,0.44599017828508,0.14951891165363496,0.17665471698324942,0.29976040761506806,0.1502414959614331,1.0,0.038461538461538464,0.04584274079723148,2.64375,26.0,32.1,False,0,5.5,2025-12-02
Alex Barr-Boulet,COL,TOR,1.0,C,10.967508039350234,1.1502062601907734,0.19928427605051904,1.2078710711170042,0.17251871704919514,0.23643964462582687,0.408958361675022,0.2985052959300208,0.8605919674673312,0.25184685358448483,0.3004392219559566,0.3541169987859669,0.1584574625287093,0.21056647257993277,0.3356581061700048,0.1772006436412955,0.0,0.0,0.04481154004682717,5.732342007434944,35.0,29.382262996941897,False,0,22.3,2026-04-16
Zachary Aston-Reese,CBJ,STL,0.0,L,10.932995626506363,0.36733896147579254,0.5017049503852319,1.0088823826494209,0.1389600226762778,0.17264298115834123,0.31160300383461903,0.5001252344667463,1.6702588741719493,0.34437130949161815,0.1861872968480734,0.39972033842641175,0.12973718145874003,0.15856202956533727,0.267727820221893,0.13799063876315298,0.0,0.0,0.04071325888077568,1.2332695984703632,16.0,26.540372670807454,False,0,29.3,2026-04-04
Ozzy Wiesblatt,NSH,OTT,0.0,C,10.88396244212504,0.30956020550752045,0.7678655050352733,0.812036561778503,0.11512039880867077,0.17017322091962386,0.28529361972829465,0.44684310282974676,1.658641516440877,0.49988446384359175,0.21851096336649392,0.3684184782429325,0.10874116905467845,0.15648131114244546,0.24820651948828554,0.13946535043360708,1.0,0.047619047619047616,0.027167079389445594,1.8115942028985506,21.0,28.32,False,0,23.2,2026-04-16
Juho Lammikko,NJD,VAN,1.0,C,10.853793033923967,0.34986052787976907,0.232584721395226,0.9869404074661214,0.155829418807554,0.21868740173902818,0.3745168205465822,0.44571268817501764,1.2139437425399073,0.2535527319410174,0.2044916328512924,0.3596653224869497,0.14429485487386573,0.19642712562082332,0.31237855690994176,0.16808370203607603,0.0,0.0,0.028644403728243964,1.7777777777777777,24.0,29.172757475083056,False,0,16.6,2026-02-03
Marc Gatcomb,VGK,LAK,1.0,C,10.853267021685705,0.3140840240924578,0.19898478316685744,1.2718138582900322,0.1496257223262914,0.18837797774027915,0.33800370006657054,0.45237276021387574,2.2325755386900434,0.3437631600776588,0.2050332089030761,0.34103264857486865,0.13896981950264942,0.1716984314984581,0.2868073509668788,0.1478375314642294,1.0,0.023255813953488372,0.0417186385987257,2.5806451612903225,43.0,27.96385542168675,False,5,28.2,2026-10-08
Andre Lee,LAK,VGK,0.0,L,10.842077501213884,0.3625007781959514,0.127975518095816,1.0706264390730595,0.14845294999989653,0.1737217891585832,0.3221747391584797,0.43349602387279695,1.4125575359423361,0.3606725497640268,0.2545589559399609,0.38157250709042356,0.13795943477495398,0.1594692901115906,0.2754284317587864,0.13746899698383241,1.0,0.03225806451612903,0.03963636073989701,2.303886925795053,31.0,28.75609756097561,False,1,17.8,2026-09-30
Jared Davidson,MTL,DET,1.0,C,10.837165470143834,0.4517648649315783,0.2957111480572618,1.1631831360337597,0.15156391815093748,0.20991468423273882,0.3614786023836763,0.3527937973946296,1.157305479454553,0.38468855602834673,0.23262982615748112,0.4510183382004938,0.14063704837343916,0.18934659546282195,0.30335449753081023,0.16271744915737107,1.0,0.034482758620689655,0.042241016316118415,2.712328767123288,29.0,24.32,False,0,8.6,2025-12-11
Matj  Blmel,BOS,PHI,1.0,R,10.82534771142499,0.8550119664141237,0.14308061517198217,1.313975612656463,0.1679809120634388,0.19624716683385143,0.36422807889729025,0.32115313765342585,0.9785820470286284,0.25931138924749525,0.23775187626879601,0.4766805632842745,0.15463002910097,0.17819091437635748,0.3052672772017829,0.15063724810081291,0.0,0.0,0.05136506141129196,3.3125,14.0,26.57037037037037,False,0,13.1,2025-11-26
Josh Dunne,BUF,UTA,1.0,C,10.823467839600529,0.34307031449300424,0.29124633278230133,1.0483647028551861,0.13888715274020488,0.17793819953924075,0.31682535227944564,0.4893936594151637,1.1686375934390552,0.4604822340579019,0.24508927035349676,0.45160268580050617,0.12967376315217038,0.1630058514855326,0.27154203245975017,0.1418682693075798,1.0,0.041666666666666664,0.03333173009256529,4.1307189542483655,24.0,28.654434250764528,False,0,23.0,2026-04-15
Stephen Halliday,OTT,NSH,1.0,C,10.821394561490164,2.0098967619815418,0.20398701052000875,1.3957315877326688,0.18396437088571588,0.2615481259045235,0.44551249679023935,0.40528600003905046,0.8734460947353372,0.22411116989177965,0.2037925128903667,0.49110805895224785,0.1680345545094467,0.230141175619488,0.3595040602094337,0.191469505699987,1.0,0.038461538461538464,0.04069385040007796,2.22,26.0,28.51057401812689,False,4,20.3,2026-10-08
Ross Johnston,STL,CBJ,1.0,L,10.812232875777458,0.3441059672284201,0.1168182568215884,0.9377927563096725,0.13409421424600287,0.18572627241984246,0.31982048666584534,0.3867838379285345,2.176945849421905,0.5963133247414281,0.18380501791202908,0.5113993400102665,0.12549233035871366,0.169499105128339,0.27372059779078084,0.14822826743206718,1.0,0.038461538461538464,0.01874387480813584,2.384,26.0,24.90332326283988,False,3,29.3,2026-10-08
Noah Philp,CAR,CHI,0.0,C,10.773788279813553,0.32919262245852565,0.696717929822801,1.0911354156904665,0.1307081806798934,0.17480698173509662,0.30551516241499,0.3149664614560818,1.210300295386531,0.2548349779780376,0.2412626641936866,0.40855781908727784,0.12252619915953289,0.1603809330547501,0.26325626606942487,0.14073006690989198,1.0,0.030303030303030304,0.0360520329926467,2.321112515802781,33.0,31.288194444444443,False,0,19.7,2026-01-06
Owen Beck,MTL,DET,1.0,C,10.736393293175214,0.3249320145507377,0.20931726336794812,1.0312270272669812,0.14198723019367718,0.18956682666438224,0.3315540568580594,0.4869121573332498,1.2703945595170911,0.27930962387052244,0.22434840620051988,0.5441027228428257,0.1323676640879382,0.17268257181401425,0.2821926472422337,0.1498249831542955,0.0,0.0,0.03491270951363406,3.6068052930056713,41.0,24.460481099656356,False,0,18.2,2026-01-12
Kevin Rooney,UTA,BUF,0.0,C,10.70710222696086,0.35080145347969166,1.4038066631694746,0.9923310433482961,0.12602207378319172,0.15681123531303282,0.2828333090962245,0.43102055170881703,1.2326707891109456,0.24537997893485294,0.22028112870687266,0.40480524432454074,0.11840461357678778,0.14513458800979118,0.24635459677665328,0.1279499831998655,1.0,0.03333333333333333,0.028221310381791063,2.1758241758241756,30.0,24.414814814814815,False,0,28.9,2025-11-28
Maxim Tsyplakov,CGY,ANA,1.0,R,10.684060255279185,0.46729895977347574,0.11749094478508712,1.1771826696033765,0.15513244066261062,0.19499047592276672,0.3501229165853773,0.3004220919476952,1.3589590818524717,0.26168480200371436,0.2432220084861522,0.5756579803771349,0.14369823919930613,0.17715750516582907,0.2953985228118635,0.15170028361255739,0.0,0.0,0.04528858459574985,2.7251908396946565,33.0,29.493939393939392,False,3,29.0,2026-10-04
Mackenzie MacEachern,VAN,NJD,0.0,L,10.671774151756068,0.4069161075910648,0.16817527650138536,1.0703891691266747,0.1411315880367413,0.1862444701573146,0.3273760581940559,0.441642069770552,1.0388815308428436,0.273417030030005,0.21838270785017996,0.3812001932834085,0.13162496358699416,0.1699293573255446,0.2791873754422026,0.14756241185520846,1.0,0.03225806451612903,0.03320254188511487,3.0,31.0,26.16417910447761,False,0,12.5,2025-11-23
Jacob Gaucher,PHI,BOS,0.0,C,10.641011465341023,0.5082925732727576,0.4751250804788556,1.145386559851195,0.13545156352549098,0.18342657857287892,0.3188781420983699,0.4110179466328619,0.8918679792020298,0.2761752720420496,0.22827701724084387,0.3936859313756693,0.12667853748319313,0.1675870095559847,0.27303586976744376,0.14635733228425063,1.0,0.04,0.046404981456996806,3.5869565217391304,25.0,27.03669724770642,False,0,7.1,2026-04-14
Tristen Nielsen,COL,TOR,1.0,C,10.63785170969984,0.6907513775574307,0.4483151761662306,1.2896798853351361,0.16441361279890113,0.23203524193453026,0.3964488547334314,0.3591228349707596,0.9859075229056846,0.2444073977933174,0.2459370638166725,0.4486094916840305,0.15160895609351344,0.2070818211562685,0.3272953185183365,0.17568636242482305,2.0,0.07692307692307693,0.040829825272159614,2.0481099656357387,26.0,28.378277153558052,False,0,3.8,2025-11-23
Connor Clattenburg,EDM,SJS,0.0,C,10.632991909373535,0.6605489609784856,0.43214534758596373,1.1318851973426958,0.16355778058212525,0.21150060345713395,0.3750583840392592,0.4369985725950366,1.1056697048074389,0.46950661764758495,0.21080116702179127,0.41889624054985763,0.15088256491556518,0.1906312073667934,0.3127508467619058,0.1618682818463406,0.0,0.0,0.045545455024346045,3.515837104072398,32.0,30.476190476190474,False,0,4.7,2025-12-04
Liam O'Brien,UTA,BUF,0.0,C,10.62656124708089,0.31084450767681204,0.19466146276499194,1.1176039835953386,0.13743133997347629,0.1576258671276794,0.2950572071011557,0.4058422751945829,2.2416832957883077,0.474319591372978,0.16191029506541657,0.3453551843673745,0.12840580837691473,0.14583070499362172,0.2555110038096551,0.12710519543274035,1.0,0.043478260869565216,0.03830606419871595,2.4454976303317535,23.0,24.908256880733944,False,0,29.3,2026-04-16
Ryan Lomberg,CBJ,STL,0.0,L,10.576630016550498,0.3335537290996021,0.1318163810887606,1.134279197987371,0.13458496992299415,0.163225823890231,0.29781079381322517,0.3104421533973747,1.4130186890217764,0.39741142608613567,0.17502855637462988,0.3435658756969129,0.12592139467067764,0.1506006479112556,0.2575581989586403,0.13163680428796265,1.0,0.022222222222222223,0.03567999244772171,4.235831809872029,45.0,26.581818181818182,False,3,29.4,2026-10-09
Raphael Lavoie,VGK,LAK,1.0,C,10.569119132710798,0.6185295131938966,0.23386791471093002,1.1100810161194057,0.14738393125446744,0.1920091895018861,0.33939312075635353,0.32356480114870245,1.2123944504635937,0.25788062661499017,0.21162056819279793,0.39475210102323455,0.13703740450539514,0.174700715632495,0.28779758750237794,0.1507601829969828,0.0,0.0,0.03543671172044026,2.5806451612903225,43.0,27.96385542168675,False,1,13.6,2026-10-08
Angus Crookshank,NJD,VAN,1.0,C,10.565600063780163,0.371471212725485,0.2080025285095202,1.204453596283355,0.15900081707722663,0.20876975208097032,0.36777056915819695,0.5012352453068716,0.9786069522518613,0.2735762473074449,0.19082126824157794,0.4237275699278048,0.1470043379944831,0.18841792078272446,0.30772400706624614,0.16071966907176305,0.0,0.0,0.04498575803476031,4.0,22.0,29.139285714285716,False,0,18.6,2025-12-19
Dominic Toninato,CHI,CAR,1.0,C,10.534368216826525,0.3293217868383077,0.2623350429731175,0.9909151472727881,0.13162447388610235,0.18539577831093307,0.31702025219703545,0.45427785882916943,1.235645871946185,0.3196888631920409,0.2417764229533831,0.3996843994962859,0.1233298541938167,0.16922458411384966,0.2716839950228961,0.14835414082907938,1.0,0.043478260869565216,0.035648998479732255,2.6666666666666665,23.0,21.157099697885197,False,1,20.3,2026-10-08
Reid Schaefer,NSH,OTT,0.0,L,10.39305680230018,0.3307078320104123,0.19272522894414731,1.0235939769141364,0.12858203708759064,0.14946200349791458,0.27804404058550525,0.4636512901136749,1.5450015552180085,0.3388483196784286,0.1693362404993416,0.40208256440218104,0.12065857914985012,0.13882884111020755,0.24273652954667968,0.12207795039682956,2.0,0.1,0.03347017757537693,2.3255813953488373,20.0,28.25531914893617,False,2,24.0,2026-10-08
Brandon Tanev,UTA,BUF,0.0,L,10.351909153381628,0.32752105421110983,0.1504705894546818,1.0514606638886888,0.130577593871514,0.15678031780540036,0.2873579116769144,0.5119164734818994,1.8980923883459897,0.5041915062131239,0.1896463987848166,0.46436970224742985,0.1224116051743761,0.1451081572933074,0.24975684000951393,0.12734523483513782,1.0,0.043478260869565216,0.04367542803288231,2.4454976303317535,23.0,24.908256880733944,False,0,29.4,2026-04-16
Ben Jones,MIN,FLA,0.0,C,10.345959971055022,0.35483237147186236,0.5074760012257863,1.053959411148052,0.1270757337739077,0.17155345947461467,0.2986291932485224,0.436224606467776,1.3616598581326966,0.272343990766761,0.17881034090522918,0.36442570753256964,0.11933302616197017,0.15764476505198644,0.25816556434171034,0.13883253817974017,0.0,0.0,0.03618047873124659,3.6190476190476186,20.0,27.37920489296636,False,0,24.8,2026-04-14
Marc McLaughlin,NJD,VAN,1.0,C,10.310613616168903,0.37993498866099235,0.25834932290896384,1.005757601808706,0.1588921420478904,0.20629232732500163,0.36518446937289206,0.38386925729274274,1.0856267793244336,0.21864528473486097,0.21195239939377844,0.39090294902065603,0.14691163362865733,0.18640479459349446,0.30593139533220726,0.15901976170354992,0.0,0.0,0.03468688137111246,3.5089820359281436,21.0,29.244648318042813,False,0,16.6,2026-04-14
Max Jones,EDM,SJS,0.0,L,10.30543223736522,0.3956798888208869,0.12382836347789779,1.1655379527906793,0.15377828182677292,0.17035408952414038,0.32413237135091333,0.28826782482273533,1.6369899211547603,0.4406511663385335,0.23690933232769693,0.37840844826096426,0.14253788512923238,0.15663386339421037,0.2768454888956109,0.1343076037663785,0.0,0.0,0.05320750476126086,2.8073394495412844,19.0,30.48036253776435,False,4,29.3,2026-10-07
Jansen Harkins,TBL,NYI,0.0,C,10.264211833011988,0.43508237058645705,0.30019712773326074,1.0251782954516462,0.12098116490050535,0.168882174849229,0.28986333974973433,0.46237309904814056,1.5494476270023372,0.3182955202745419,0.18901126914230895,0.473147372418584,0.11394935171217369,0.1553915863628067,0.2516341675474123,0.13768481583523862,1.0,0.041666666666666664,0.03039690883876451,2.817813765182186,24.0,28.399390243902438,False,1,29.3,2026-10-01
Curtis Lazar,EDM,SJS,0.0,C,10.240474914528361,0.31695465147714097,0.4324188983647889,0.9439604979922085,0.13258685173596532,0.1680537626598577,0.300640614395823,0.4225668979173858,1.4047038892099513,0.2782479799401706,0.1675609526203701,0.33308461218262025,0.12417313628069071,0.1546916125643214,0.2596562061565828,0.1354830698758921,1.0,0.02857142857142857,0.031123288443070538,3.8633093525179856,35.0,30.45565749235474,False,0,29.3,2026-04-16
T.J. Tynan,COL,TOR,1.0,C,10.208872185858086,0.9048393235254896,0.29487638660360826,1.179193327578674,0.15548249599057953,0.224122806861458,0.37960530285203753,0.3626631087602847,0.7364851851692119,0.2686702405956123,0.21322579769291602,0.43426552049506273,0.1439979397340786,0.20078302098640366,0.3158686193648559,0.1718706796307773,1.0,0.03225806451612903,0.036301293990454384,1.7539936102236422,31.0,28.91695501730104,False,0,8.6,2026-01-10
Nathan Bastian,DAL,PIT,0.0,R,10.173466070065935,0.34277719408157625,0.14147779447768852,0.9345419708078118,0.1400359018475755,0.15092047741962214,0.29095637926719764,0.3008086591968172,1.6876560121903577,0.3768683165426317,0.1425673712748954,0.3846655016869304,0.13067297560778024,0.1400839213142231,0.25245171408906764,0.1217787384812874,0.0,0.0,0.0348035806234301,3.3258426966292136,26.0,26.531446540880502,False,0,29.3,2026-03-28
Sam Lafferty,CHI,CAR,1.0,C,10.017718591574647,0.3050487202566199,0.20715087361552104,0.774906845809544,0.11163405805374743,0.15180897375515998,0.2634430318089074,0.35215860394077814,1.2192827955560273,0.23400576029987258,0.1885353846005113,0.45674621302726537,0.105628514334413,0.14084761427956505,0.23159860437008106,0.12597009003566806,0.0,0.0,0.0393123004413031,2.7115716753022454,24.0,21.171779141104295,False,0,29.3,2026-04-15
Jeff Malott,ANA,CGY,0.0,L,9.987983256656534,0.3368035716792726,0.14477025339934285,1.186673183290604,0.14549463514647096,0.17862366639192612,0.32411830153839705,0.4667249419751535,1.7409635625156614,0.34453329635245145,0.18782178661838686,0.3313124569634878,0.13540547151548132,0.1635793866381059,0.27683531417564133,0.14142984266016,1.0,0.058823529411764705,0.036807925100400936,9.0,17.0,26.154078549848943,False,4,27.1,2026-10-09
Nicolas Deslauriers,CAR,CHI,0.0,L,9.97117563642073,0.3259108733245619,0.17171723386223814,0.9982500937053818,0.12583835471459376,0.15360410988181197,0.27944246459640576,0.28468707858813386,2.5300354036785295,0.5794683794252385,0.17045075260432893,0.3505177740376699,0.1182426328144921,0.1423885262782718,0.24379476486304552,0.12555213204855342,0.0,0.0,0.030342033344526613,2.4242424242424243,33.0,31.35562310030395,False,2,29.3,2026-10-02
Roby Jarventie,EDM,SJS,0.0,L,9.959799950911611,0.48880676658059324,0.17609848235516284,1.1463347934262513,0.15351859663859188,0.18361025872008097,0.3371288553586729,0.4892475009778438,0.7983222153392376,0.3162504511227851,0.189929605114634,0.35204093269520437,0.1423151860039934,0.16773989325532235,0.28618314515039456,0.14386795914640116,0.0,0.0,0.03977226905932824,2.4927536231884058,29.0,30.4748427672956,False,0,8.6,2026-03-26
Sammy Blais,MTL,DET,1.0,L,9.894196459533978,0.3508829839779216,0.11682240096859504,1.010199318135658,0.13858318470472772,0.18218649969356973,0.32076968439829745,0.41842017935762676,2.419296187714753,0.34922231878279075,0.24401955223866983,0.31097868709233567,0.12940917158407916,0.16655411148249533,0.27440965347570234,0.14500048189162318,2.0,0.08695652173913043,0.033605314674035124,2.08974358974359,23.0,24.51877133105802,False,0,29.2,2026-01-15
Gavin Brindley,COL,TOR,1.0,C,9.891543314712463,1.0380852482360308,0.1998465365626235,1.2218191746986056,0.16224478860720437,0.21284608110739764,0.37509086971460204,0.3038186616265523,0.6768333666649298,0.19103314574802197,0.18481389906897774,0.38200522570692225,0.14976694829997428,0.19171946271230644,0.31277317215214795,0.16300622385217367,1.0,0.041666666666666664,0.03454298353457305,1.9416666666666669,24.0,29.254777070063696,False,0,25.3,2026-03-22
Jonah Gadjovich,FLA,MIN,1.0,L,9.887737137078943,0.37145048399419806,0.19980288899734927,1.2330092584167027,0.13630560225720506,0.16665576540766308,0.30296136766486814,0.41016954100662023,1.876222182594435,0.5645487222457036,0.20395819349220276,0.33791459972039994,0.1274240694355233,0.1535090473425641,0.2613723692705274,0.13394829983500411,2.0,0.07692307692307693,0.033053677800208396,2.8507795100222717,26.0,32.266666666666666,False,0,29.0,2025-10-25
Brian Halonen,NJD,VAN,1.0,L,9.765880127795661,0.4537904451625543,0.13813954383715799,1.0876409360472992,0.15915037230752135,0.19402139845740865,0.35317177076493,0.27025815310744095,1.166301731648202,0.31796874639520256,0.22750455632135777,0.4099340577576992,0.1471318984182527,0.17635972055143434,0.29754347848044194,0.15041158006218924,0.0,0.0,0.031239940683836297,2.75,30.0,29.242331288343557,False,0,14.2,2026-04-12
Taylor Ward,LAK,VGK,0.0,R,9.691696790789882,0.5367410812263832,0.12073579585923444,1.0492846152341324,0.1336632903871718,0.15719013427249762,0.29085342465966946,0.3001989006691231,0.9680879691792356,0.28125880689313365,0.16304027164905496,0.3891609828329839,0.1251154029314565,0.14545843426849714,0.2523747465866718,0.1272593436552153,1.0,0.03571428571428571,0.04397850200114351,2.739972337482711,28.0,28.75840978593272,False,0,21.2,2026-04-16
Scott Sabourin,TBL,NYI,0.0,R,9.652296564526988,0.3486458080627503,0.1251729182993544,0.8852607575801238,0.12019090525187003,0.15819314004118543,0.27838404529305544,0.3636639355720044,1.521430057057258,0.6498553387097603,0.15951985585423029,0.3667797658382216,0.1132488648914054,0.1463151146889876,0.24299395892540931,0.12974509403400392,1.0,0.03225806451612903,0.02314348392127973,2.792270531400966,31.0,28.3914373088685,False,0,19.0,2026-04-15
Tyler Pitlick,MIN,FLA,0.0,C,9.539693743815395,0.3241793844310768,0.20797703437357923,0.9548824257166852,0.12044112688039983,0.15050006012834555,0.27094118700874537,0.504965567708735,1.5139065351371093,0.31447841779827235,0.20110697279379489,0.30809139212210224,0.11347072144672099,0.13972232171966192,0.237338650518642,0.12386792907192101,0.0,0.0,0.035296433759465014,1.8095238095238093,23.0,27.169934640522875,False,0,29.0,2026-03-01
Ivan Ivan,COL,TOR,1.0,C,9.399571917349842,0.5729127356577037,0.19813049793389276,0.913535067187599,0.13094618027107235,0.181203368766659,0.31214954903773134,0.2727891674168217,0.5661172384698275,0.21855988524071324,0.17069127850562946,0.4294796047414371,0.12273501271564702,0.16573432213948913,0.2681279307199268,0.14539291800427978,0.0,0.0,0.030789935113923462,3.8215613382899627,49.0,29.191693290734825,False,0,24.0,2026-03-20
Jason Polin,COL,TOR,1.0,R,9.39317172085912,0.4599498593397223,0.1577725465641624,1.1839636420673088,0.15041005834598853,0.17793571234476824,0.32834577069075677,0.32131126016926914,1.1456241889431111,0.24455920541788617,0.18747157030371686,0.33155407983442964,0.13964489171092753,0.16300376971572406,0.27988601765622634,0.1402411259452988,0.0,0.0,0.03654400435588813,5.732342007434944,35.0,29.382262996941897,False,0,10.6,2026-04-16
Jack Studnicka,FLA,MIN,1.0,C,9.28889147340289,0.3533514769997237,0.3707630858983471,1.0194092653735045,0.10768690230001318,0.1379774575057514,0.2456643598057646,0.3568423186998913,0.9397601662475118,0.24929302043123683,0.24766614992311548,0.33454190148886326,0.10209131443179309,0.1288816712956209,0.21781528649867765,0.11572397206688456,0.0,0.0,0.04757913213258609,2.0,21.0,31.501577287066247,False,0,28.0,2026-03-28
Samuel Helenius,LAK,VGK,0.0,C,9.236217547786513,0.30896396105112106,0.19808324064543606,0.8443458005071396,0.11095192446528696,0.1438261745313686,0.25477809899665554,0.35652713734708347,1.7175673017104827,0.41916519996859986,0.1598682228337303,0.309731866759543,0.10501822537784555,0.13396172551492214,0.22491152821063654,0.11989330283279098,1.0,0.03225806451612903,0.02570050602159644,2.303886925795053,31.0,28.75609756097561,False,1,28.6,2026-09-30
Zakhar Bardakov,COL,TOR,1.0,C,9.108938358488057,0.3092932437929088,0.20381240178030335,0.9800484437775236,0.12362053733209676,0.18228586825606424,0.305906405588161,0.33446356146365,0.7882764867358372,0.23620594416693808,0.2052070652538459,0.42048792629257553,0.11628488583823238,0.16663692568772182,0.26354445564592344,0.14725956980769106,1.0,0.02857142857142857,0.020090304898833154,5.732342007434944,35.0,29.382262996941897,False,0,25.7,2026-04-16
Hayden Hodgson,OTT,NSH,1.0,R,8.960471660831018,0.424291975474023,0.1494371309020466,1.001222882849959,0.1355730142632184,0.16739295435210055,0.302965968615319,0.24316334544325127,1.426691600765483,0.40494169946753367,0.18552128446502308,0.37660122278887087,0.12678459657848096,0.15413284115922687,0.26137576765184023,0.13459117107335927,0.0,0.0,0.02738342226715603,1.6128236744759554,24.0,28.534954407294833,False,2,11.9,2026-10-05
Ryan Reaves,SJS,EDM,1.0,R,8.908879557632131,0.33578703365711104,0.11780711214770678,0.8057704693347424,0.12398429053505507,0.1408842833855865,0.26486857392064156,0.2985464031101163,1.8714626576769695,0.4009631547702658,0.21503827221364796,0.4022194910569267,0.11660628158360165,0.13141018384462255,0.23269321252788522,0.11608693094428357,0.0,0.0,0.02037770386448322,2.669546436285097,25.0,19.871382636655948,False,0,29.3,2026-03-21
Mason Geertsen,BUF,UTA,1.0,L,8.74140671199736,0.6814587283283199,0.24294427038142263,1.0085396364429713,0.13324709894885395,0.16600862337582817,0.2992557223246821,0.2711397155103786,0.9384698138236811,0.2630943240077406,0.19604015103416408,0.34431770122010796,0.12475120767042269,0.15296107017712735,0.2586301996163931,0.13387899194597042,1.0,0.05555555555555555,0.03255329829746079,1.6771929824561405,18.0,28.887596899224807,False,0,4.7,2025-11-04
Dominik Shine,DET,MTL,0.0,R,8.728147582755456,0.38282038616871206,0.17562340376341404,0.9475800550997278,0.12879424637209144,0.14579059540818068,0.2745848417802721,0.3029444640362334,0.9294029630166962,0.3258991104017821,0.217116191805699,0.360052721654673,0.12084516376540655,0.13566131927615177,0.24011246869700065,0.1192673049315941,2.0,0.07142857142857142,0.02745063670167193,5.0,28.0,25.84307692307692,False,0,17.8,2026-04-11
Taylor Makar,COL,TOR,1.0,L,8.719615791435876,0.4522897014540016,0.16294277300637017,1.1008254017884782,0.14061849014560004,0.1692910660687243,0.30990955621432437,0.23328993842605542,0.9357583773527285,0.2576685172468329,0.19330285279342332,0.3336508713865554,0.1311792878592306,0.15573686873077985,0.2664867050564803,0.1353074171972497,0.0,0.0,0.032215633687703464,2.588888888888889,42.0,29.036666666666665,False,0,10.0,2026-02-04
Zack MacEwen,TOR,COL,0.0,R,8.612889324462637,0.3496534391974388,0.11685737273523102,1.0207252129976059,0.10438501034890917,0.11684160550570295,0.22122661585461212,0.3464495363532649,1.4015093918560206,0.48508675937271456,0.18823253840359083,0.326078833766967,0.09912161685792198,0.11027389027987466,0.19846498083604236,0.09934336397812038,0.0,0.0,0.03927572393714213,1.6345733041575492,28.0,27.990853658536587,False,1,28.7,2026-09-29
Michael Pezzetta,TOR,COL,0.0,L,8.255820951358539,0.34813285011996353,0.12759588523087467,0.7865879205761724,0.09210938862019259,0.11111037728746376,0.20321976590765634,0.37444920467132814,1.9589473122686982,0.5522600226812878,0.13655782380910358,0.3203915717088549,0.08799461892182192,0.10516002653113798,0.18390112899254374,0.09590651007072182,0.0,0.0,0.03583699951604575,2.4362139917695473,20.0,28.015290519877677,False,0,29.2,2026-04-15
Bokondji Imama,FLA,MIN,1.0,L,8.120909229008179,0.3398541997953196,0.1224365391351769,0.9104512538282823,0.1065780120045646,0.12687090151351163,0.23344891351807623,0.30653195463468047,1.5870943760773542,0.5231873182264705,0.14301468600507725,0.3374652284968776,0.10109507994887634,0.11915261867905724,0.20820195511645634,0.10710687516758,1.0,0.037037037037037035,0.02381210804906834,1.4347826086956523,27.0,31.244712990936556,False,4,20.0,2026-10-06
Kurtis MacDermid,OTT,NSH,1.0,L,6.713122277555718,0.36293262658255954,0.11694798813120064,0.6863100898995023,0.09229197058525686,0.12009145465389987,0.2123834252391567,0.27316041185427464,0.9939732571358433,0.5063891613009043,0.12418110540968436,0.27445063669713393,0.08816111945598848,0.11316067257545148,0.19134542045879555,0.10318430100280707,2.0,0.05263157894736842,0.014313006948507448,4.0,38.0,28.504587155963304,False,0,29.0,2026-04-15
