name,team,opponent,is_home,position,toi,pp_toi,pk_toi,sog,goals,assists,points,blocks,hits,pim,takeaways,giveaways,p_goals,p_assists,p_points,p_assist_only,last_sog,last_share,share_norm,mate_lift,gp_30d,games_used,last_played
Josh Morrissey,WPG,PIT,0.0,D,23.728966743805817,2.7417649010009626,0.86475708148251,1.9310823878907557,0.11900396378857546,0.39290478577702137,0.5119087495655968,1.536950063766265,0.7463081395766645,0.45228492091255235,0.2584019602236448,1.075800019483972,0.1121957183134934,0.3249069770162597,0.40064952365834816,0.28845380534485476,4.0,0.12121212121212122,0.07964670966465857,2.7043478260869565,1,29.4,2026-10-02
Charlie McAvoy,BOS,OTT,1.0,D,23.60081617706969,2.1299208832301746,1.917282228387419,1.6257343989498652,0.13124976720469944,0.4685728630277717,0.5998226302324712,1.8233162639537854,1.3202804212891674,0.6858549099258168,0.3788705113718934,1.2604852163658273,0.12300129848063046,0.3741051310923279,0.4510910126803356,0.3280897141997051,0.0,0.0,0.0637512572004013,3.615894039735099,0,29.4,2026-04-14
Travis Sanheim,PHI,TBL,0.0,D,23.378349604454996,0.6496853784591792,2.9142531241947696,1.358653572294208,0.09676885515398372,0.2795897638740437,0.3763586190280274,1.6806585866263217,0.8899333816905209,0.41551021707290253,0.3440405564416733,1.0775946602620365,0.09223419272714661,0.2439061451446083,0.31364385147315166,0.22140965874600504,1.0,0.05555555555555555,0.05634767721951759,2.375,3,29.4,2026-10-03
Miro Heiskanen,DAL,SJS,1.0,D,23.089472634416058,2.82039769466156,2.6995513244009786,1.8656260409131826,0.12103029545275411,0.4809569957953488,0.6019872912481029,1.5732557881121685,0.6183581455796073,0.457424038151056,0.37481567803409155,1.0421628457258352,0.11399288280048248,0.38180849803483163,0.4522779294666014,0.3382850466661189,5.0,0.16666666666666666,0.0842564324028488,3.395348837209302,2,29.4,2026-10-03
Thomas Chabot,OTT,BOS,0.0,D,23.038906168226198,2.3596110990257264,2.0357763133698636,1.8627154650710402,0.10283814749913818,0.38542814470469033,0.4882662922038285,1.9801431873116078,0.8768103050679822,0.47862807438398786,0.38110550965745493,1.0267461164845804,0.09772700319492933,0.3198406327750216,0.3863105694288782,0.2885835662339489,2.0,0.06896551724137931,0.07635284535129744,2.050632911392405,1,29.4,2026-10-03
John Carlson,TBL,PHI,1.0,D,22.551522712996167,2.657371197990081,1.4822021478467344,2.0356536199962623,0.12772965148967383,0.49070230092462075,0.6184319524142946,1.4599201645523772,0.7413253785682207,0.4828798293919801,0.47255063647692297,1.4082104831376705,0.11990872164859989,0.38780370285221555,0.4612113782412127,0.34130265659261283,0.0,0.0,0.08725068690375311,4.294573643410852,2,29.4,2026-10-03
Thomas Harley,DAL,SJS,1.0,D,22.508414634645437,1.9239557111247603,1.4199107509552553,1.8581064892979107,0.1054915858400825,0.4038001476846852,0.5092917335247678,1.713554897218738,0.7828027248061693,0.47964884701391786,0.4558966540124667,1.032965618127671,0.10011795543364166,0.3322224351735714,0.3990789596484495,0.29896100421480787,2.0,0.06666666666666667,0.07039179291585226,3.395348837209302,2,29.3,2026-10-03
Jacob Trouba,SJS,DAL,0.0,D,22.07071539400137,0.4979630999339715,2.64293896605091,1.7413556332646325,0.07131189747596563,0.2732565558694556,0.3445684533454212,1.5637465038169074,1.6957873593361161,0.5577722176038786,0.273586945090764,0.9987831679341639,0.06882858318390761,0.2391024501471627,0.29147395045164015,0.22264536726773254,1.0,0.04,0.06811722946858391,4.92,2,29.4,2026-10-03
Jake Sanderson,OTT,BOS,0.0,D,21.999694284632685,2.275092483301492,2.1642070656520884,1.9717488594624735,0.12516135559199734,0.39969559882382794,0.5248569544158252,1.735357624842821,0.7472546230757661,0.36266834919868757,0.34694660868959337,0.9724134426613783,0.11764548173799472,0.32947587669483114,0.40836001019801427,0.29071452846001955,0.0,0.0,0.07304281238617456,2.050632911392405,1,29.4,2026-10-03
Neal Pionk,WPG,PIT,0.0,D,21.979841092019935,1.289848875992396,1.6036568698835851,1.6616658542669587,0.08065229160164482,0.28631349832291536,0.3669657899245602,1.4629151972073828,1.834769579498943,0.5172162190285612,0.3026270312706003,0.9398524588306475,0.07748559831037483,0.2489728667096448,0.30716665347997363,0.2296810551695988,2.0,0.06060606060606061,0.06520694996529096,2.7043478260869565,1,29.4,2026-10-02
Artem Zub,OTT,BOS,0.0,D,21.94239611073022,0.30237103810437715,2.437924350861091,1.3429308125385309,0.06276620324488642,0.3084826199726626,0.371248823217549,1.6057085616310731,0.9237539002833772,0.7226517495593852,0.3319423913144023,0.8456251727711928,0.06083697870972482,0.2654392812263986,0.3101277360354284,0.2492907573257036,4.0,0.10526315789473684,0.03724844674099789,5.777777777777778,0,29.4,2026-04-15
Erik Karlsson,PIT,WPG,1.0,D,21.886658466624702,2.8849630614837305,1.211683294208955,2.2507925688925727,0.15312061335008056,0.5020247634259739,0.6551453767760544,1.0896922838323855,0.6289671986323391,0.354843937834667,0.420577748053999,1.1482701184926642,0.14197377384755305,0.3946961789357364,0.4806334467365738,0.33865967288902077,0.0,0.0,0.09682356314510474,3.710526315789474,2,29.4,2026-10-03
Dylan Samberg,WPG,PIT,0.0,D,21.819135229358498,0.23968135883958566,2.1486511791783913,1.3914876780481942,0.061186199057692243,0.23595954601863134,0.2971457450763236,1.5518331574299051,0.9713685422895727,0.3827840671697204,0.3312039280837468,0.8848058837075106,0.059351924316490945,0.21018737564827217,0.257064274753005,0.19771235043651403,1.0,0.030303030303030304,0.04264664129732538,2.7043478260869565,1,29.4,2026-10-02
Cam York,PHI,TBL,0.0,D,21.539931775560103,0.8319465753993337,2.5027076344931296,1.0907195660809708,0.07028924176679273,0.23298638985877657,0.3032756316255693,1.7729298352117073,0.9302978300861311,0.48186372202655764,0.3278152331964252,0.930971201549723,0.06787582833122185,0.20783564508031172,0.2616044568449535,0.19372862851373163,0.0,0.0,0.04372439308251304,2.375,3,29.4,2026-10-03
Jordan Spence,OTT,BOS,0.0,D,21.40596122843159,1.5767931911528519,0.7664842343774039,1.7458594316407345,0.09515977932385869,0.33883808532593557,0.4339978646497943,1.2502533733037686,1.0425307186090405,0.538500385488245,0.2717565289634601,0.9911158185972749,0.09077235291710417,0.28740218020743447,0.35208636099360424,0.26131400807650007,2.0,0.06896551724137931,0.04289680088189391,2.050632911392405,1,29.3,2026-10-03
Esa Lindell,DAL,SJS,1.0,D,21.225818097270174,0.7662794976830595,3.161207217887548,1.1986042252916587,0.08442078250412964,0.319985864358584,0.40440664686271366,1.7229023051852552,0.6867718332729954,0.3781969061431769,0.3155862858626099,1.0442732739972522,0.0809555431063147,0.2738406982713578,0.33262731892450226,0.25167177581818756,0.0,0.0,0.04805453931773424,3.395348837209302,2,29.4,2026-10-03
Jamie Drysdale,PHI,TBL,0.0,D,21.015189184283432,2.2134625611731433,0.3317405902407238,1.3455562560035608,0.08114453514271647,0.2839474583605039,0.36509199350322036,1.6294383304426054,0.6037590775981393,0.49609364554128355,0.2890753829446608,0.7484079118626815,0.07793958832016012,0.24719380266106195,0.305867207766524,0.22792761944636386,0.0,0.0,0.04557405622260737,2.375,3,29.3,2026-10-03
Jake Livanavage,PIT,WPG,1.0,D,20.98646743644638,1.3882474057955754,1.1636250570315514,1.4624947531991708,0.09021906011119843,0.32934671999015375,0.41956578010135215,1.4778640958740292,1.1669157293747408,0.4647307364615781,0.3496954033006382,0.8909774320264137,0.08626899866888638,0.28060645462175093,0.3426678154303926,0.2563988167615062,0.0,0.0,,2.3783783783783785,0,1.0,2026-04-14
Darnell Nurse,SJS,DAL,0.0,D,20.948477608294002,0.22640119146892565,1.9799423458290966,1.6237849627976655,0.06362431743162437,0.23050806280765646,0.29413238023928084,1.5425736747516992,1.8320581666027467,0.6692900821561883,0.2672966664288823,0.945133092563634,0.06164254213981779,0.20586996794128354,0.25482216190695794,0.19317961976714015,0.0,0.0,0.07469791790284838,4.92,2,29.4,2026-10-03
Dylan DeMelo,WPG,PIT,0.0,D,20.935493646187883,0.24091335938217207,2.0523186420904715,1.0805362078389271,0.057359979910909076,0.22403846309740186,0.28139844300831096,1.2559193953646572,1.2903779080293003,0.4169262838673701,0.29503074616660907,0.9421506323963603,0.055745904326891194,0.2007156091752531,0.24527244035614704,0.18952653602925584,1.0,0.030303030303030304,0.03781095212200778,2.7043478260869565,1,29.4,2026-10-02
Rasmus Ristolainen,PHI,TBL,0.0,D,20.90267278139874,1.3936572702991559,1.571297514040387,1.3753125606345444,0.08560423879716773,0.27904513891961263,0.36464937771678035,1.577949691469659,1.2539828993040039,0.4843353636107345,0.3214156659472856,0.8145913950696787,0.08204254871372507,0.24349424540810582,0.30555990563142466,0.22351735691769958,0.0,0.0,0.05084707957335468,2.375,3,29.3,2026-10-03
Mario Ferraro,WPG,PIT,0.0,D,20.802462262242056,0.19820424504663078,2.824317218337946,1.2498210350819667,0.06970690263392146,0.2316610766970627,0.30136797933098414,1.595568000440935,1.4796538131535777,0.4770474031981204,0.3926649451905909,0.9031442909085491,0.06733285786823384,0.2067850832265421,0.26019451047661224,0.1928616526083784,3.0,0.09090909090909091,0.05762313360729886,2.7043478260869565,1,29.4,2026-10-02
Mark Scheifele,WPG,PIT,0.0,C,20.595353721599174,2.9709524192517676,0.547785674683082,1.9651533252549467,0.3076021238693637,0.5371173826542937,0.8447195065236573,0.6571248193668338,0.7666681794952135,0.5378834229908693,0.4291876791934413,1.2469454056480203,0.26479221854960344,0.41556948390914683,0.5703221368529336,0.3055299183033302,0.0,0.0,0.08265143070514837,2.7043478260869565,1,29.4,2026-10-02
Hampus Lindholm,BOS,OTT,1.0,D,20.57385710156369,1.1335856293409428,1.8878942607261997,1.3472161915709386,0.08191146269121752,0.3115024004817464,0.3934138631729639,1.366069913919563,0.7113749009582109,0.5542905933745247,0.3656251047257875,1.0992361675922069,0.0786464707528064,0.2676541474795917,0.325250564150777,0.24660409339797063,0.0,0.0,0.06094788149178565,3.0,3,29.3,2026-10-03
Kyle Connor,WPG,PIT,0.0,L,20.316574943271494,2.9433780819624027,1.0666623120079424,2.9698480123707762,0.37817130801659044,0.45823814029772736,0.8364094483143178,0.44813459420369345,0.9755606642963902,0.3517791378176676,0.3116472210614082,0.7295154460307549,0.3148868747581435,0.3676031409022339,0.5667366114703954,0.25184973671225197,9.0,0.2727272727272727,0.12254157333290062,2.5619834710743805,1,29.4,2026-10-02
Kris Letang,PIT,WPG,1.0,D,20.22032706525611,1.4919421586699062,0.6243312984410958,1.426477397488756,0.07891874283357549,0.3712450746953842,0.4501638175289597,1.2284398620973471,1.1676477627547166,0.4511865285872219,0.3611150033432258,1.1001104491190077,0.0758849876383153,0.31012515002910923,0.36247629449113483,0.2865913068528195,3.0,0.1,0.0712784675665287,3.710526315789474,2,29.4,2026-10-03
J.J. Moser,TBL,PHI,1.0,D,20.218944737423495,0.2613648486243778,1.7191830520395561,1.2990051165317136,0.0775298527490544,0.28456793081646586,0.36209778356552025,1.0352234137179375,0.9897982256483191,0.6461566927576377,0.2801084270993756,0.9319948222394563,0.07460060173173066,0.2476607532912053,0.3037857138020783,0.22918511207034764,0.0,0.0,0.04540952720267844,4.294573643410852,2,29.4,2026-10-03
Macklin Celebrini,SJS,DAL,0.0,C,20.12968783354417,2.7477595471415786,0.3932960545584834,2.8685439382759013,0.3208931324578284,0.47259065294460073,0.7934837854024291,0.6820782289526003,1.005924184204115,0.5059527180100845,0.4071930981425378,1.3399744476642894,0.2744992206674335,0.3766148001480516,0.5477335516830237,0.27323433101559025,2.0,0.08,0.13538899840047838,4.92,2,29.2,2026-10-03
Dmitry Orlov,SJS,DAL,0.0,D,19.97295495692013,1.6336861993280876,0.5559764393014296,1.2844691541723554,0.06572926036016581,0.2827326914256183,0.3484619517857841,1.1220295865175407,1.3938231220248325,0.4943267103277915,0.2705709834859891,1.0942554241939717,0.06361565366307476,0.24627876291666873,0.29422723209346613,0.23061157843039137,1.0,0.04,0.05214926117053474,4.92,2,29.4,2026-10-03
Nikita Zadorov,BOS,OTT,1.0,D,19.67857207224964,0.22637661096616982,1.4722720108394933,1.3306527677454205,0.06351700927892413,0.2661267893760579,0.329643798654982,1.1830412908797296,2.1908174879638085,0.8248728950787247,0.3164996618878227,1.0827298884028698,0.06154184333163748,0.23365804267753976,0.280820139353539,0.21927829602190152,2.0,0.07407407407407407,0.04907051503863705,3.0,3,29.4,2026-10-03
Nikita Kucherov,TBL,PHI,1.0,R,19.63056093006754,3.5274980057821517,0.12935296393935122,2.7205038800305075,0.3983658408697633,0.6292616804461597,1.027627521315923,0.4188675715438013,0.9024497409679442,0.5072984188069823,0.3541552218207833,1.2351432980632968,0.3285836488163887,0.46701483085437934,0.6421450424972674,0.31356139368087876,3.0,0.1,0.11796439636919591,4.294573643410852,2,29.4,2026-10-03
Brandon Hagel,TBL,PHI,1.0,L,19.59631403376937,2.6742862802313176,1.3819264078457314,2.8396255732783686,0.3941080668457694,0.5110601523120256,0.905168219157795,0.46063397203830997,0.9202217968562322,0.6492993724525047,0.4894017080379488,0.9022979773093176,0.32571881513778456,0.40014070062781926,0.5955261608687075,0.2698073457309229,6.0,0.2,0.0888569309848968,4.294573643410852,2,29.4,2026-10-03
Jake Guentzel,TBL,PHI,1.0,C,19.591166563256408,3.50785943676637,1.4543676250474835,2.436928495519019,0.3601378196565822,0.5088779438720604,0.8690157635286426,0.4873857006301682,0.88113752844523,0.542809936811806,0.34150112280998896,0.797361517776915,0.30241982081501595,0.3988302532873472,0.5806359003675963,0.2782160795525803,2.0,0.06666666666666667,0.10444502384208831,4.294573643410852,2,29.4,2026-10-03
David Pastrnak,BOS,OTT,1.0,R,19.53161823101461,2.591093111371486,0.13505551713026703,2.8381200136441143,0.32625379546938627,0.5427208800629298,0.8689746755323161,0.5055533841482647,1.3204829604207116,0.6366017239308865,0.4211906591720221,1.3399545348926443,0.27837798021009186,0.41883518058514624,0.580618669183016,0.3022406889729241,5.0,0.18518518518518517,0.15772347475806642,3.0,3,29.4,2026-10-03
Jason Robertson,DAL,SJS,1.0,L,19.49789087984211,3.5804248378550225,0.12084029094206145,3.131399400571837,0.42292183932950655,0.532584291709484,0.9555061310389905,0.45654558378939464,0.8903568079613929,0.4956170441440529,0.3298657337237769,0.9986892652956292,0.3448701635019843,0.41291419343913516,0.615382571537475,0.2705124080354907,1.0,0.03333333333333333,0.12020419371106833,3.395348837209302,2,29.4,2026-10-03
Mikko Rantanen,DAL,SJS,1.0,R,19.450091567766265,3.5939745401304046,0.1230887432915359,2.191298963953951,0.3502555450153986,0.5734703107185494,0.9237258557339479,0.4723243994971184,1.0108004716093817,0.6617797680308605,0.4581045921454007,0.966494768035331,0.2954919668027718,0.43643370890035993,0.602963020681136,0.30747105387836426,3.0,0.1,0.11058696505090539,3.395348837209302,2,29.4,2026-10-03
Wyatt Johnston,DAL,SJS,1.0,C,19.427307731204134,3.2338712044089113,0.42617244352223504,2.3916798778196875,0.4085650028723434,0.49653818026258534,0.9051031831349288,0.6334362810555458,1.0402688986154423,0.45622193768550484,0.3500306537683768,0.781835325727461,0.33539673003414694,0.39136600188960424,0.5954998546434401,0.2601031246092932,2.0,0.06666666666666667,0.09027886153811328,3.395348837209302,2,29.4,2026-10-03
Tyler Kleven,OTT,BOS,0.0,D,19.329712494804053,0.32524957709834373,2.0113947407542723,1.3859960486251748,0.06153272511443273,0.24256009294734487,0.3040928180617776,1.3628227388668166,1.7455462219968756,0.6549546653451754,0.41282060638207424,0.9923545367560025,0.05967782691480572,0.21538340376179854,0.2622076171865859,0.2025297902717802,1.0,0.034482758620689655,0.039576215560828014,2.050632911392405,1,29.3,2026-10-03
Samuel Girard,PIT,WPG,1.0,D,19.192297089020144,0.34300350148859293,0.9468944500014898,1.0854569105814849,0.07116212650664867,0.3059186997441355,0.37708082625078415,1.1102785453853237,0.7196794692493939,0.40587309310384556,0.2906602577828974,0.8831118361221806,0.06868911029397662,0.263553509689598,0.3141393638881411,0.2454502535941645,3.0,0.1,0.042474657513478925,3.710526315789474,2,29.4,2026-10-03
John Klingberg,SJS,DAL,0.0,D,19.10551310815886,1.6402829780624326,0.32135507475347985,1.2883058667814156,0.07895440885308364,0.3023728478060601,0.38132725665914374,1.1531404335642366,1.005312113865832,0.4605403315686141,0.2611292959028476,0.9958120107076289,0.07591794655461381,0.2609375443025648,0.31704564831472437,0.24112770176011056,0.0,0.0,0.05877086430876428,3.7096774193548385,0,29.2,2026-04-16
Alexander Wennberg,SJS,DAL,0.0,C,19.086633516117637,2.6996270007859797,1.8199154976527638,1.3562088469107254,0.21692202898849672,0.3642505490993427,0.5811725780878394,0.821987234554966,0.7948424555593819,0.3366832677745851,0.43209984720689554,0.5841200286419972,0.19500726704426163,0.3052828878110492,0.4407577732278982,0.24575050618363659,1.0,0.04,0.044695661521032694,4.92,2,29.4,2026-10-03
Tim Sttzle,OTT,BOS,0.0,C,18.98490074374716,3.0394688105322163,1.4976313713815361,2.17089603398053,0.28999974033251674,0.4554051993377417,0.7454049396702584,0.5587498048491609,1.4560105576427076,0.5173180875330194,0.3807419476031903,0.7286784008434815,0.2517362381216921,0.3658090578713534,0.5254578998936706,0.27372166177197854,2.0,0.06896551724137931,0.08563754562215976,2.050632911392405,1,29.4,2026-10-03
Luca Cagnoni,SJS,DAL,0.0,D,18.945740294709665,2.4272792892990815,0.4518116674937695,1.5500896090247074,0.08672547433480259,0.2753010200840083,0.3620264944188109,1.4964324775351157,1.0311822988469892,0.6001993054356284,0.30957176753960974,0.8088925905739656,0.08307121843185405,0.24065648882923896,0.3037360795105163,0.22066486107866223,3.0,0.12,0.06064553663157667,4.92,2,9.3,2026-10-03
Simon Lundmark,TBL,PHI,1.0,D,18.865634103113045,0.6715807391289087,1.1636250570315514,1.3856910796234283,0.07035849437813013,0.2713585281444656,0.3417170225225957,1.3482408903629108,1.2541042809981786,0.4588176644585885,0.30953684145175075,0.7901345361937184,0.06794037812905374,0.2376568740638978,0.2894507543040814,0.22151037617502767,1.0,0.03333333333333333,,2.4071322436849925,0,1.0,2026-01-24
Ryan McDonagh,TBL,PHI,1.0,D,18.813367112015,0.248607371669314,2.494575108381175,0.9647542716102743,0.06901598866560835,0.28267920132246854,0.3516951899880769,1.283691459183405,0.7119410643125936,0.3517268502184003,0.30040666488372886,0.8921328063719074,0.06668824245069316,0.2462384452116615,0.2965054785273976,0.22981723607670446,0.0,0.0,0.0369066624393347,4.294573643410852,2,29.4,2026-10-03
Oliver Bonk,PHI,TBL,0.0,D,18.794800769779712,0.6715807391289087,1.6677917236982178,1.332969188811694,0.06963311465427502,0.24653984333856782,0.31617295799284284,1.3786654704031918,1.236404503678152,0.5361195548745987,0.29727077934407153,0.7460038236762542,0.06726403570504036,0.2184997766613055,0.2710666355874565,0.2038025998824161,1.0,0.04,,3.5726027397260274,0,1.0,2026-04-14
Trevor van Riemsdyk,PIT,WPG,1.0,D,18.48915429942868,0.20893630973563618,1.6409221060900503,1.0003432329061024,0.06704717078926063,0.24773517672668913,0.31478234751594975,1.4776536009228933,0.6405953078649448,0.3510055413445803,0.296507483336737,0.7268476842947573,0.06484891151855599,0.21943337188115608,0.2700522680823725,0.2052033565638165,1.0,0.03333333333333333,0.039424752728520314,3.710526315789474,2,29.4,2026-10-03
Hunter McDonald,PHI,TBL,0.0,D,18.47396743644638,0.6715807391289088,1.459458390364885,1.271078849052197,0.06559690696713608,0.24449423058635358,0.31009113755348966,1.4244039756666658,1.3796648168085917,0.66943953440386,0.292385469229309,0.6904255370523457,0.06349171181577595,0.2168994936169204,0.2666198852909831,0.20312817347520717,0.0,0.0,,3.5726027397260274,0,1.0,2026-04-14
Mason Lohrei,BOS,OTT,1.0,D,18.460813953148147,1.1969098370793814,0.4374267616151835,1.1076733739318145,0.07992173520451246,0.28692700019632206,0.3668487354008345,1.2975726954427875,0.6846833472708489,0.4021092824151163,0.29088732314950033,1.1279680406569719,0.07681140327401093,0.2494334819542925,0.3070855494558715,0.2302741461818606,0.0,0.0,0.04171921741750882,3.0,3,29.3,2026-10-03
Bryan Rust,PIT,WPG,1.0,R,18.456932227555566,2.9574943834528233,1.1566548452371215,2.3659263335408776,0.349359559942107,0.46132789513949085,0.8106874550815979,0.669980169393442,0.9222293996425487,0.4022592127028615,0.30626737063233533,0.9126511805977533,0.2948604552507985,0.36955407665089524,0.5554476486206223,0.26058719336982383,0.0,0.0,0.09693521626939311,2.4205607476635516,0,29.4,2026-04-12
Nick Leddy,SJS,DAL,0.0,D,18.455602888734635,0.20530519580396828,1.0250775230643774,0.8147156710911925,0.045940836494770286,0.19425400696472436,0.24019484345949466,1.1592975906138447,0.6547500338518037,0.31008292419026906,0.2305791314209502,0.7635709685120589,0.044901532507651276,0.17655128400689346,0.2135253932964417,0.16862386078879044,1.0,0.03125,0.03663299235328434,2.4680851063829787,0,29.3,2026-04-11
Sam Dickinson,SJS,DAL,0.0,D,18.43685852889708,0.5094959312111025,1.0647132342847891,1.1579352389264785,0.05912912560655874,0.21920987524430127,0.27833900085086,1.1491081714184592,1.2286561329576517,0.39849109016330064,0.2947812706794508,0.9661855700116297,0.05741495056753887,0.19684686149725694,0.2429598592425557,0.18554490867501683,0.0,0.0,0.040914549498624705,3.7096774193548385,0,26.9,2026-04-16
Connor Clifton,BOS,OTT,1.0,D,18.42013169741098,0.2066149701168987,1.8351799550054546,1.015584519120144,0.05558869823295673,0.2254687451294072,0.28105744336236393,1.5129015534645067,2.5600540555227016,0.7346369720484145,0.3253357098185933,0.8825280943951638,0.05407188220321435,0.20185799411683558,0.24501503464038732,0.19094315243717297,0.0,0.0,0.03489767880382154,3.0,3,29.4,2026-10-03
Henri Jokiharju,BOS,OTT,1.0,D,18.318412955063767,0.37697047059289635,0.8939949049255217,1.0854724065123105,0.06180648476776454,0.2705375133319184,0.33234399809968296,1.1048120818789222,0.9935861062638827,0.41220950431694753,0.24996089717262437,1.0216414494958765,0.05993521395422896,0.2370307220603981,0.2827594489742117,0.22282423501998272,2.0,0.09090909090909091,0.03969801127797707,1.8079470198675496,0,29.3,2026-04-12
Charle-Edouard D'Astous,TBL,PHI,1.0,D,18.246752823124996,0.9875402669360168,0.42688384379329647,1.3322925566271735,0.0845008019838031,0.2889496083671003,0.37345041035090343,1.142937988508592,1.310466824898513,0.7948922429477875,0.31024332297686724,1.007149369177004,0.08102908162325584,0.2509500496982331,0.3116448792611307,0.23061579763787488,3.0,0.1,0.041657106022809705,4.294573643410852,2,26.9,2026-10-03
Brayden Point,TBL,PHI,1.0,C,18.20259157346704,3.291787433159297,0.21325823967004454,1.99209210259238,0.3027886642597747,0.4621589554392173,0.7649476196989919,0.4880672498559384,0.6249703688585715,0.3662750136233351,0.31438336588974913,0.7005560941467337,0.26124479474764417,0.3700777975769374,0.5346416940559344,0.27339689930829025,3.0,0.1,0.0908344956743953,4.294573643410852,2,29.4,2026-10-03
Shane Pinto,OTT,BOS,0.0,C,18.124877897370332,1.8576474272027532,1.9635225138726076,2.0163014556075978,0.27872767996212466,0.36529920552430306,0.6440268854864277,0.6758827884856132,1.3343535273074414,0.5156379709966514,0.3776711580550953,0.6661319132577798,0.24325404775548853,0.30601102552440373,0.47482665266327295,0.23157260490778442,4.0,0.13793103448275862,0.07389760226480627,2.050632911392405,1,29.4,2026-10-03
Tyler Myers,DAL,SJS,1.0,D,18.05278540233479,0.23169549511598797,1.5868147959083874,1.2975661327130321,0.06408742535901334,0.23316082512775493,0.2972482504867683,1.4203879112332338,1.0446365526588826,0.5320371216896014,0.26357848077477625,0.9335240054500048,0.06207700230853841,0.20797381443148288,0.2571404257814426,0.19506342347290417,1.0,0.03333333333333333,0.04722701131239791,3.395348837209302,2,29.4,2026-10-03
Elias Salomonsson,WPG,PIT,0.0,D,17.99962543963766,0.5809652060698671,0.7435066800603045,1.2287398898831372,0.06486147701088589,0.23320010711162462,0.2980615841225105,1.0733779653815039,1.3834043969921956,0.43105039931836603,0.17707140261747334,0.8487366323779225,0.06280272224563777,0.20800492618025912,0.2577443728212737,0.19494165057563595,0.0,0.0,0.04828726862320056,3.4675324675324677,0,19.7,2026-04-02
Rickard Rakell,PIT,WPG,1.0,R,17.997758872058853,2.8472415910845132,0.6051679723576351,2.491796529441574,0.3647430077155519,0.43700643785411547,0.8017494455696674,0.5450328480576215,1.2111282398805616,0.33668263146058053,0.3950600840977015,0.7658231372034724,0.3056249230127711,0.35403272724582724,0.5514564252500911,0.24583150223731998,2.0,0.06666666666666667,0.09378754962091314,3.710526315789474,2,29.4,2026-10-03
Gabriel Vilardi,WPG,PIT,0.0,C,17.97302298681976,2.862026811755875,0.2073975286748057,1.6762424157702658,0.2779524350366457,0.4177585364144513,0.695710971451097,0.507378162109917,0.6614522058893866,0.3661456207250276,0.24119972796747524,0.6804036704208273,0.24266715683342333,0.34147878187656866,0.5012802535930643,0.25861309675964095,1.0,0.030303030303030304,0.069896533843178,2.7043478260869565,1,29.4,2026-10-02
Will Borgen,BOS,OTT,1.0,D,17.947614718653135,0.18998234427454938,1.8454046115549438,0.9511839827973007,0.051899652705192624,0.22039005370958528,0.2722897064147779,1.2920605190299257,1.5067744852409075,0.4965631574427924,0.2971240201603059,0.7677357687098401,0.050575865793609065,0.19779416643124936,0.23836642100867278,0.18779055521506371,0.0,0.0,0.03830812316108078,3.0,3,29.4,2026-10-03
Trevor Zegras,PHI,TBL,0.0,C,17.911852878085543,2.6470870648831757,0.21577262281123652,1.7484661573979012,0.23701628912770947,0.3807694922484921,0.6177857813762015,0.5277967211156106,0.932016482451393,0.714441537621794,0.33932383454659276,0.8032816569272099,0.21102156385756932,0.31666461442956273,0.4608631161318515,0.24984155227428217,0.0,0.0,0.08361178254109118,2.375,3,29.4,2026-10-03
Christian Dvorak,PHI,TBL,0.0,C,17.880603613899947,1.834673270318027,1.4737535963529687,1.70544863297692,0.23244074193266162,0.33352732107729083,0.5659680630099524,0.7224620736887358,0.9078220668942081,0.5036293214216107,0.3161790382907332,0.6384794351186331,0.207403284295252,0.283607674237513,0.4321897954445669,0.22478651114931492,1.0,0.05555555555555555,0.05971156218817273,2.375,3,29.4,2026-10-03
Emil Lilleberg,TBL,PHI,1.0,D,17.876626401602184,0.19940945793549708,1.6693079738098144,1.0361515945475706,0.06345848793428902,0.22573794952402385,0.28919643745831286,0.9753802149153263,1.7410108187186641,0.8002058286207938,0.2294269454732781,0.8666867582868922,0.06148692189140281,0.20207282853386554,0.25113491420083167,0.18964799230942886,1.0,0.03333333333333333,0.027432171601282668,4.294573643410852,1,29.3,2026-10-03
Nick Jensen,OTT,BOS,0.0,D,17.86788362160807,0.2094393387198815,0.8532609829261788,0.883421204760908,0.05122416461204775,0.22817797126380487,0.2794021358758526,1.2743777131584433,0.8216895419665928,0.3253612257634434,0.2161134884217929,0.7440002322869896,0.049934324443230316,0.2040174147978342,0.24376426745848034,0.19382994301525003,0.0,0.0,0.039878020897452106,2.429420505200594,0,29.4,2026-03-11
Sidney Crosby,PIT,WPG,1.0,C,17.77012484013443,2.7527491396643047,0.2105079761833977,2.1915886867676493,0.2966343117110528,0.5161204762750129,0.8127547879860657,0.4743782379391642,1.0158655574824622,0.40104683212760894,0.3650748224899986,0.834088956735414,0.25668421545564346,0.4031685156912209,0.556365737000247,0.2996815215446036,2.0,0.06666666666666667,0.10379325771521149,3.710526315789474,2,29.4,2026-10-03
Simon Benoit,PHI,TBL,0.0,D,17.769758781082697,0.17916912876246333,1.6133604502400816,1.0664343575076571,0.046429578170455774,0.16499066529404197,0.21142024346449773,1.4856787593691145,2.1021872071782517,0.5604258150764476,0.215364932574248,0.8221261327232219,0.045368214880246116,0.15209838103673134,0.1905661638831655,0.14519794900291938,1.0,0.04,0.031951725034134536,2.9115646258503403,2,29.4,2026-10-01
Will Smith,SJS,DAL,0.0,C,17.686567815875847,2.583997752886031,0.24785623439407525,2.0553239317701606,0.25118435358558555,0.3711793072402871,0.6223636608258727,0.35494795055160633,0.7385848608789194,0.31662569226931314,0.2773904793274974,0.9658160797835079,0.22212104643468844,0.31007977722388047,0.4633255790633656,0.24120453262867714,2.0,0.08,0.08234778932609504,4.92,2,29.2,2026-10-03
Jonathan Aspirot,BOS,OTT,1.0,D,17.588504075220072,0.20244445303771416,0.9246689187790563,1.0703443085949853,0.061283880598851925,0.22944193982211364,0.29072582042096556,1.417523281828798,1.3043895674126171,0.5938182020319126,0.24264039265632956,0.9392972322354626,0.059443803782675664,0.20502287618883686,0.2522793403483835,0.19283553656570784,1.0,0.037037037037037035,0.03188086076674438,3.0,3,26.2,2026-10-03
Erik Cernak,TBL,PHI,1.0,D,17.559442637118465,0.2049643465781456,2.338771267437,1.1170675061871382,0.0616881160863781,0.20950833698552374,0.2711964530719018,1.2125175476499463,1.6173891690011748,0.6836536364818167,0.30097083627737065,0.820996245822882,0.059823933139135144,0.18901712174760765,0.23753330723316213,0.17770937409402698,4.0,0.13333333333333333,0.03331303814262511,2.6625,2,29.4,2026-10-03
Travis Konecny,PHI,TBL,0.0,R,17.491228632170838,2.497023632732486,0.4291918202027182,1.9287236696266339,0.25312968742856456,0.35753102879156856,0.6106607162201332,0.5077001554315025,1.4998008403980347,0.6407309339705968,0.2505150452448878,0.8019515164566051,0.22363280976986077,0.30059900296172104,0.4570080130852334,0.23337520331537265,1.0,0.05555555555555555,0.09736311434883929,2.375,3,29.4,2026-10-03
Victor Hedman,TBL,PHI,1.0,D,17.4515858988217,1.1715652771735598,1.5918458925932435,1.4356752865226876,0.07611875618639803,0.3072033190764321,0.38332207526283013,1.2721155936169548,0.8016974102499693,0.3439086824308279,0.26426206471157326,0.9580332886093244,0.07329385206360017,0.2644989556891302,0.31840666042347443,0.24511280835987426,1.0,0.03333333333333333,0.07695010306603677,4.294573643410852,2,29.4,2026-10-03
Ty Murchison,PHI,TBL,0.0,D,17.405232270767158,0.4665455708893703,1.2764516241398665,1.1210520880473676,0.055240480140839834,0.20690128123490878,0.2621417613757486,1.2864873252279263,1.2040339519717842,0.48105395747000174,0.26099447027982764,0.7103075399292532,0.05374243556244407,0.18690008575485828,0.23059805550200663,0.17685561993956256,0.0,0.0,0.050744219898959456,1.7941176470588236,0,2.9,2025-12-13
Nikolas Matinpalo,OTT,BOS,0.0,D,17.39077403346755,0.18384245200610655,1.9235779905693369,1.037421290643557,0.04696696972073931,0.1869741199860486,0.2339410897067879,1.2093514802394218,1.102254050175299,0.4468889872276684,0.24743819862149655,0.8192115324245508,0.045881088115987234,0.1705347973213538,0.20859156337459794,0.1627104752586107,1.0,0.034482758620689655,0.032161319269401654,2.050632911392405,1,28.3,2026-10-03
Evgeni Malkin,PIT,WPG,1.0,C,17.27852042073026,2.7496652038939917,0.1963051260553654,2.3162436580344483,0.3123005056972454,0.4989911297383897,0.8112916354356351,0.44022496303711456,0.7489257198987436,0.6118921996351627,0.47277414588475114,1.078974043650432,0.268238403344198,0.3928571207689222,0.5557161572956657,0.2874777539514677,1.0,0.03333333333333333,0.08779611774986211,3.710526315789474,2,29.4,2026-10-03
Elias Lindholm,BOS,OTT,1.0,C,17.270629373087175,1.705736527958211,1.000150886439827,1.6878856523211572,0.26076422336090116,0.3661716641931146,0.6269358875540157,0.676079162280666,0.9426328192056035,0.41104742212400797,0.3179705801779961,0.7517454642707294,0.22953744472665094,0.30661623817134465,0.4657737750764469,0.23623633034979596,2.0,0.07407407407407407,0.0733217969199663,3.0,3,29.4,2026-10-03
Nils Lundkvist,DAL,SJS,1.0,D,17.269528168086417,0.30169863861595086,0.5204536698216928,1.236755055850443,0.05988144805789854,0.2379273596779789,0.2978088077358774,1.0855160629167453,0.6574236355005852,0.3651011414521245,0.2243685217991782,0.8792099457653079,0.058123811782986645,0.2117400515293587,0.25755672441033295,0.1994329126273463,2.0,0.06666666666666667,0.04750574100290231,3.395348837209302,2,29.3,2026-10-03
Max Crozier,TBL,PHI,1.0,D,17.225547649881673,0.18799582639777548,1.4626924015663119,1.3129132886855024,0.057880517805147774,0.22772964910632437,0.2856101669114721,0.9878811430070115,1.1976387636006924,0.554560263070042,0.23376001660832288,0.764645064317888,0.056237296460270314,0.2036604781625967,0.2484444599351967,0.1922071634749264,2.0,0.06451612903225806,0.04636252362337562,2.802919708029197,0,24.7,2026-04-15
Nick Seeler,PHI,TBL,0.0,D,17.13486997984558,0.22517030082454492,1.7838160819795688,1.0836634427188845,0.05592335786051987,0.1650290459077639,0.2209524037682838,1.8428088567785506,1.3533478452379784,0.5996219959070114,0.19616614619447095,0.6802780435841146,0.05438839319013922,0.15213092339674117,0.19824516010879945,0.14385676691866023,0.0,0.0,0.04394933787357474,2.375,3,29.4,2026-10-03
Anthony Cirelli,TBL,PHI,1.0,C,17.114202444705384,1.112395880464005,1.9943314846563565,1.6859967455649265,0.2718287585263278,0.3815398908129024,0.6533686493392302,0.6098545642817796,0.9582437223497849,0.4862373633250306,0.35388635350649117,0.7102514118828561,0.23801526669296147,0.3171908522971406,0.47970985368803043,0.24169458699506896,1.0,0.03333333333333333,0.06459603576750243,4.294573643410852,2,29.4,2026-10-03
Jack St. Ivany,PIT,WPG,1.0,D,17.088546228524528,0.18651738666764361,1.4441292340434018,0.9886283831936741,0.053422992211030355,0.23668566141883116,0.2901086536298615,1.183195253093045,1.7274235417700436,0.42420078292125074,0.30420754141955586,0.8963252864627181,0.0520210600448211,0.2107606625966567,0.25181772955745085,0.19979666951262975,0.0,0.0,0.03127023347852441,2.3783783783783785,0,24.7,2026-04-14
Morgan Geekie,BOS,OTT,1.0,C,17.0801788762913,2.0846412494163653,0.19711739601462766,1.7976518034603421,0.2672983314280369,0.3791261620195162,0.6464244934475532,0.5181268475379889,1.424490461084991,0.3669552713160641,0.31771784195757513,0.924874947070629,0.23455531880575387,0.31554074554298916,0.476084304181702,0.24152898537594814,1.0,0.037037037037037035,0.06721588611438775,3.0,3,29.4,2026-10-03
Carter Yakemchuk,OTT,BOS,0.0,D,17.07122503249627,1.7836914086809221,0.6603090200115604,1.4204689532188521,0.07468023465871636,0.2635360123418989,0.33821624700061526,1.4108387273382252,0.85094394508289,0.4372129947389652,0.2931893431962696,0.7774202044429107,0.07195980602303453,0.23167004741994024,0.2869589217692887,0.2149991157462542,1.0,0.034482758620689655,0.05576199003729916,2.050632911392405,1,4.7,2026-10-03
Matt Duchene,DAL,SJS,1.0,C,16.984026279251953,2.8967554883018054,0.2079273859360413,1.8646061914898837,0.299270145880797,0.49405338847437413,0.7933235343551711,0.4589790579408711,0.8162908596421142,0.28618125594112886,0.2922453230109749,0.8830403334999725,0.25864089272819435,0.38985179266082925,0.5476610697035398,0.28902017697534543,0.0,0.0,0.07512611115741792,3.2030075187969924,0,29.4,2026-04-15
Tyson Foerster,PHI,TBL,0.0,R,16.926282661677263,2.1136620340645695,1.0646267463096675,1.9252876836526094,0.25379292884028576,0.27247380912439484,0.5262667379646806,0.6866325803176222,1.2272145746669865,0.5096767256004759,0.3370543559577342,0.5386117618681975,0.22414755792110852,0.23850662690776137,0.4091935068594942,0.18504594893838566,3.0,0.16666666666666666,0.07134052657287092,2.375,3,29.3,2026-10-03
Declan Carlile,PIT,WPG,1.0,D,16.876415745706616,0.18695563027708187,1.1292563742105237,1.1651966419690134,0.06238541854217424,0.204623006978413,0.26700842552058723,1.103291624451541,1.1864804466319083,0.5903067216001279,0.23285276391763213,0.6598452017962998,0.06047929170131594,0.18504550933760733,0.23433337970167556,0.17385408800035962,3.0,0.1,0.03165481125654507,2.5496688741721854,2,23.8,2026-10-03
Harrison Brunicke,PIT,WPG,1.0,D,16.861277882694427,0.5077406268195791,0.5149964460505524,1.243462429964631,0.06759005968682509,0.23615661756467932,0.3037466772515044,1.2957298232473917,0.883682502332543,0.44027179228088836,0.26240091967088,0.9324946071058904,0.06535645687920155,0.21034300990719568,0.26195219292955607,0.19659573605035452,1.0,0.02702702702702703,0.044108974273456676,4.183486238532111,0,7.9,2025-11-03
Ridly Greig,OTT,BOS,0.0,C,16.78483774180913,0.8358112912132714,1.9156151365345535,1.6904184491452994,0.22760855787134177,0.3163900041987103,0.543998562070052,0.6441054323920478,1.2991662104622133,0.6130597768930165,0.3246123145232344,0.5941865556807614,0.20356404258779837,0.2712248306400933,0.4195772502526034,0.21601320766480503,0.0,0.0,0.05285890755216161,5.777777777777778,0,29.4,2026-04-15
Mason Marchment,SJS,DAL,0.0,L,16.74733330354909,2.381401715441766,0.1250809262225822,1.846355592026227,0.2530168327862165,0.3390291366235599,0.5920459694097764,0.44546173030520364,1.4155682059673598,0.5481600162416564,0.4006046456705912,0.8518406725714838,0.22354518818411828,0.2875383099412949,0.446805692519443,0.22326050433532474,1.0,0.04,0.07318345045064659,4.92,2,29.4,2026-10-03
Michael Amadio,OTT,BOS,0.0,R,16.73119407847799,0.38430352881898927,1.5470833606884926,1.4192590358966337,0.22218400704924365,0.27988646136124734,0.502070468410491,0.6468853087074398,1.3402405579938952,0.3733112151651385,0.37111435866552145,0.6518368830175696,0.19923199618012344,0.24413044301548126,0.39472384370529245,0.19549184752516902,1.0,0.034482758620689655,0.04826646653385269,2.050632911392405,1,29.4,2026-10-03
Lian Bichsel,DAL,SJS,1.0,D,16.701150268041914,0.18650822686267707,1.1001185618834703,0.9625852671759149,0.059363488083051655,0.20113978841007124,0.2605032764931229,0.9912341798350701,2.077789655404643,0.5382282873489891,0.30863305555422194,0.710068793052759,0.0576358312499462,0.18220189513356588,0.22933636870217355,0.17170053745222735,0.0,0.0,0.030246870325516078,3.395348837209302,2,28.1,2026-10-03
Owen Tippett,PHI,TBL,0.0,R,16.66189399693373,1.8246857720000869,0.37612129470663547,2.3827827748583528,0.2727240239785967,0.29230422791780675,0.5650282518964034,0.6322921661002288,1.9992992011748576,0.4733571630313515,0.3528790627106037,0.743492170303336,0.23869714002548537,0.2534586173084886,0.43165591026762373,0.19295877024213837,3.0,0.16666666666666666,0.1086913484231922,2.375,3,29.4,2026-10-03
Nolan Allan,SJS,DAL,0.0,D,16.623251310336528,0.1843540273749511,1.6358229758551999,0.7844715854801095,0.04820860732383346,0.1627815131743059,0.21099012049813937,1.220043196692781,1.439516381108318,0.41992980713023453,0.2519039193311975,0.6373417672834423,0.04706502287374581,0.15022316682378656,0.19021793291480427,0.14315291004105846,2.0,0.08,0.0243886505651142,4.92,2,23.2,2026-10-03
Dylan Cozens,OTT,BOS,0.0,C,16.56792567200949,2.839704671833911,0.2855822050043731,2.356996889391854,0.29700553629136134,0.3794399134261348,0.6764454497174961,0.420242877051134,1.8943472812293392,0.5173089031820183,0.2846861734422454,0.5658357823604283,0.2569601013348196,0.31575546191130544,0.4915790077563732,0.23461890642155359,2.0,0.06896551724137931,0.08567330163755073,2.050632911392405,1,29.4,2026-10-03
Roope Hintz,DAL,SJS,1.0,C,16.550691596478575,2.700142360984936,0.5591905516898803,2.122544602920682,0.3162543512151049,0.4606129605725981,0.776867311787703,0.4684154535234403,1.1999903728782069,0.38126365131499557,0.2529020997071341,0.71522195508077,0.2711259634083263,0.3691031879089679,0.5401556938983908,0.2690297304900645,2.0,0.06666666666666667,0.08603959550569153,3.395348837209302,2,29.4,2026-10-03
William Eklund,OTT,BOS,0.0,L,16.483580444277884,1.7770026202419356,0.46467571704099003,1.9818634856503614,0.23975042636813967,0.353311451107445,0.5930618774755847,0.5216344364552539,1.1665685393319722,0.4743909031035125,0.2549992494913107,0.6326701991189922,0.21317579286085564,0.29764159099561527,0.44736740170761413,0.2341916088467585,4.0,0.13793103448275862,0.09182340741843824,1.9435364041604755,1,29.4,2026-10-03
Cole Perfetti,WPG,PIT,0.0,C,16.41667578769027,2.0679467832069713,0.2014573266875313,1.9121414195573716,0.25784598320809715,0.337096791015998,0.5949427742240951,0.5793174153255973,1.0343167312528019,0.36393102941871186,0.29314897223440783,0.6478434211822126,0.22728576609008067,0.2861602567152042,0.4484058696332355,0.2211201035431548,4.0,0.12121212121212122,0.06915216749017464,2.7043478260869565,1,29.4,2026-10-02
Maxim Groshev,TBL,PHI,1.0,D,16.398082748722466,0.5463332819968186,0.9559378818860952,1.174884841587146,0.06051637511346127,0.24756057133238119,0.30807694644584244,1.1105923427219464,0.9793164876583099,0.3960351079906709,0.26584253038555,0.7134045066284102,0.05872164464766183,0.21929706883799271,0.26514122893707603,0.2064195842894142,0.0,0.0,0.05973930239364709,3.0545454545454547,0,2.0,2026-01-26
Fraser Minten,BOS,OTT,1.0,C,16.32747047495677,1.3242313825284953,1.0332112476225714,1.5579244556212708,0.21905560132190618,0.31039101713409717,0.5294466184560034,0.5233255159551906,1.5541909917748258,0.3480603572984088,0.35157970542207323,0.664378360833866,0.19672294635410448,0.26683977803988734,0.41106921705350996,0.21434627069940548,3.0,0.1111111111111111,0.05103034705970752,3.0,3,28.7,2026-10-03
Egor Chinakhov,PIT,WPG,1.0,R,16.319325520658563,1.9163241555860988,0.12188806497716058,2.35103647650296,0.29028371335406983,0.38440717824068316,0.6746908915947529,0.5120871791909154,0.9484118622022467,0.3247710519506599,0.2659921075699872,0.6073950766672876,0.25194869467567893,0.319145858260516,0.4906861705363086,0.23873747586062966,2.0,0.06666666666666667,0.07003736879343493,3.710526315789474,2,29.3,2026-10-03
Drake Batherson,OTT,BOS,0.0,R,16.30932292485388,2.9519555896551406,0.12363295030869442,2.048442013037733,0.27523028961963497,0.3627166429361339,0.637946932555769,0.3554997612174134,1.4855964799154058,0.48810867873665337,0.2525003551020895,0.6514832295698876,0.24060277821060883,0.30421643924406216,0.4716238969952108,0.23102111878460196,2.0,0.06896551724137931,0.08651775745171635,2.050632911392405,1,29.4,2026-10-03
Collin Graf,SJS,DAL,0.0,R,16.264821116412346,0.4448641963773431,1.784485405866349,1.5857976069894186,0.21894182749849833,0.24861075630722057,0.4675525838057189,0.4420307153723423,1.3423389484072177,0.46219175572839916,0.4066051839817955,0.5983462515485484,0.1966315492532551,0.220116520962644,0.37346621768277777,0.17683466842952267,1.0,0.04,0.05534220229610594,4.92,2,28.9,2026-10-03
Ilya Mikheyev,TBL,PHI,1.0,R,16.21854500302963,0.38042072663705667,1.695000651269965,1.5759648620286626,0.23751740668107502,0.27492545826082215,0.5124428649418972,0.34223605790247563,0.8916272357856772,0.32936325266877786,0.3041333008059566,0.7051768276939444,0.21141683575403258,0.24037125483761268,0.4009695604876511,0.1895527247336185,2.0,0.06666666666666667,0.0697927699448805,4.294573643410852,2,29.4,2026-10-03
Alex Iafallo,WPG,PIT,0.0,L,16.177081271833224,0.6959046968080796,0.8072022317757099,1.6155990880834155,0.21721173383855422,0.2532002880564466,0.47041202189500086,0.6430811619427167,1.5652880353887124,0.3194200012293144,0.23538270072374362,0.4827074145986797,0.19524044356544457,0.2236876198461224,0.3752551932927115,0.18001474972726694,0.0,0.0,0.05604982667069256,2.7043478260869565,1,29.4,2026-10-02
Tyrel Bauer,WPG,PIT,0.0,D,16.169800769779712,0.6715807391289087,1.1636250570315514,1.0771166814320425,0.06208440963325845,0.22310078965941887,0.2851851992926773,1.199149025894046,1.1113237245144159,0.6235305587211346,0.24373991493687303,0.6467763317854643,0.060196445030458956,0.19996578994473324,0.24812500529281167,0.18792856026235272,0.0,0.0,,2.7043478260869565,1,1.0,2026-10-02
Pavel Zacha,BOS,OTT,1.0,C,16.13308418368992,2.1088501008695237,0.45722517379906297,1.6971828114986294,0.28368994304989176,0.3938868621120961,0.6775768051619879,0.42111006778278914,1.0388132860433474,0.3168928376870485,0.2787859146688126,0.7428447116270642,0.24699991857633474,0.3255696444498434,0.4921538873561405,0.24515396877980578,1.0,0.037037037037037035,0.0639805670060087,3.0,3,29.4,2026-10-03
Mathew Dumba,PIT,WPG,1.0,D,16.13153789345755,0.5218795374211738,0.3764447696921456,1.1533442893146273,0.060194530122030854,0.22570507601762477,0.2858996061396556,1.0817261875520794,1.1309827759020858,0.5130345051626934,0.3168337373822953,0.769882901644995,0.0584186501674373,0.20204659743873665,0.24866195811287928,0.19024330794544198,1.0,0.034482758620689655,0.04088616120848733,2.3600000000000003,0,29.3,2025-12-07
Yanni Gourde,TBL,PHI,1.0,C,16.088310098746888,0.3494094542855489,1.7897240969513155,1.3998744282948814,0.17916470731730227,0.2714323511031148,0.4505970584204171,0.39654658785278973,1.4340287471139286,0.4935635778636841,0.39326505306019116,0.765739446399194,0.16403180202210776,0.2377131504116915,0.36275243600741713,0.19872063398530937,1.0,0.03225806451612903,0.05977453801160992,2.802919708029197,0,29.4,2026-04-15
Victor Soderstrom,BOS,OTT,1.0,D,16.032828170492838,0.6059405608604502,0.41269017782472023,1.0609161089965096,0.054978052148558255,0.22207370811264848,0.27705176026120676,1.2914941063792689,0.809156399623953,0.44304214703756817,0.21793191193915426,0.824326854110947,0.05349407850313059,0.19914366744964962,0.24198473897282735,0.18849066046969676,0.0,0.0,0.05191690790737541,2.3176733780760626,0,22.3,2025-12-21
JJ Peterka,BOS,OTT,1.0,R,16.0080448929511,1.6279599865965788,0.12010604483716801,1.9597428585926586,0.261106275856403,0.3111947836144438,0.5723010594708469,0.32732899679487776,0.7408722515735227,0.37407569661836637,0.28242309786500247,0.8967660638051773,0.22980093829948678,0.2674288308888422,0.4357743729217384,0.2059734346222516,2.0,0.07407407407407407,0.07555598080204928,3.0,3,29.4,2026-10-03
Kiefer Sherwood,SJS,DAL,0.0,L,15.942508872671269,1.0829612218166804,0.7870544459587461,1.9668532518878936,0.2208457989656743,0.25240449161552975,0.47325029058120405,0.36617909109541374,3.601049507669222,0.5061176669388444,0.30833055539589665,0.7774207110604014,0.19815968463638467,0.2230695873355364,0.3770258728935427,0.17886618825715805,2.0,0.08,0.07138846385889144,4.92,2,29.4,2026-10-03
Ryan Graves,PIT,WPG,1.0,D,15.862653756543823,0.18019406205881291,0.7954927506765593,1.0153768978083828,0.05137193360180509,0.17877599067569622,0.2301479242775013,1.3165638325654998,1.141972620956623,0.36977670313514843,0.3135634501975964,0.8460883078289038,0.05007470431615901,0.16370678410585648,0.20558391961336542,0.1555092152972064,1.0,0.043478260869565216,0.04162117739124076,2.3783783783783785,0,29.3,2026-04-14
Ilya Lyubushkin,DAL,SJS,1.0,D,15.857249694287121,0.18695997233533856,1.2940597239436913,0.8767290493228513,0.04996902595835782,0.2049305539625694,0.2548995799209272,1.418301073691432,1.030778223420871,0.4648202571707902,0.23618199414474955,0.8012670884130998,0.04874111162317496,0.18529610759609072,0.2250056809555847,0.17626456933240975,1.0,0.03571428571428571,0.023228122661036806,3.2030075187969924,0,29.4,2026-04-15
Colin Miller,WPG,PIT,0.0,D,15.758883410602312,0.9091230374180795,0.4287514159338353,1.230200223667506,0.056495573020741235,0.20391003884405332,0.26040561186479455,1.0539363108065176,1.3048456862693605,0.41274561713888797,0.2488053249826257,0.7134704887123632,0.054929331705867446,0.18446426557529294,0.22926109844949583,0.17433176674362838,1.0,0.038461538461538464,0.04810357735943506,3.4675324675324677,0,29.3,2026-04-16
Adam Ginning,PHI,TBL,0.0,D,15.751008156324703,0.22513804638329196,1.1996798324915598,0.8922019407631633,0.04587198444227575,0.1620728193951487,0.20794480383742445,1.172993518918041,1.202051712420231,0.3892906106742538,0.21922774680306406,0.6507726205045866,0.044835769753905796,0.14962072181914376,0.18774813133915325,0.14291236158524745,0.0,0.0,0.030271729161587893,2.526315789473684,0,12.5,2025-10-25
Caleb Jones,PIT,WPG,1.0,D,15.716169038974268,0.3701145133575848,0.9367110167497206,1.0473857901815675,0.05123205769429536,0.21447649600633134,0.2657085537006267,1.2549418312541145,1.2490915002713217,0.32340317676595615,0.2655139905246479,0.5919610946976778,0.04994182336015329,0.19303622161945833,0.2333374640973812,0.18339564073722792,0.0,0.0,0.05624078116212641,2.4076433121019107,0,28.9,2025-10-23
Viggo Bjrck,WPG,PIT,0.0,C,15.679631032670578,1.2812206212957287,1.1436401856880092,1.6169079835381073,0.21442136299980272,0.2951236871631749,0.5095450501629776,0.5382760051635794,1.1166950369289363,0.3804339293201717,0.35219766729037616,0.5477491898179072,0.19299173005373094,0.25556049583915963,0.3992311636675018,0.20623943361377084,2.0,0.06060606060606061,,2.7043478260869565,1,1.0,2026-10-02
Adam Lowry,WPG,PIT,0.0,C,15.665934956918298,0.3499903894359804,1.4730807640354129,1.239982788944764,0.17505064052108496,0.2630037218939073,0.4380543624149923,0.6360909067625085,1.7676308209010556,0.4371099890358341,0.3244597480865465,0.502239738002051,0.16058548869539302,0.23126096385929906,0.35470929765717896,0.19412380896178594,2.0,0.06060606060606061,0.050128850310298005,2.7043478260869565,1,29.4,2026-10-02
Tommy Novak,PIT,WPG,1.0,C,15.662379974326143,1.6900591451234646,0.1965869317267866,1.79557166330646,0.2491088662076094,0.36314162646795545,0.6122504926755649,0.5123338859697106,0.5735241019213345,0.2983451686367211,0.3519609915595,0.6824491502823715,0.220504891910965,0.30451207297491245,0.45787056314896046,0.23736567123799546,3.0,0.1,0.05727542051901294,3.710526315789474,2,29.4,2026-10-03
Cameron Crotty,OTT,BOS,0.0,D,15.593833108490015,0.29767363778851796,1.2976872245229287,1.0805029054549316,0.04833623470378528,0.20337002933443427,0.25170626403821955,1.0750344293184324,0.9527575115552839,0.36977417105863136,0.25992555301949144,0.5960553179233614,0.04718663570741222,0.1840237495925645,0.22252692366644022,0.175340287959028,1.0,0.02631578947368421,0.03584376757427188,5.777777777777778,0,7.1,2026-04-15
Justin Hryckowian,DAL,SJS,1.0,C,15.487930574914547,1.3456384754711543,1.4728068136730392,1.4497627920351217,0.2318300717140919,0.3137466409413896,0.5455767126554815,0.5994730130899719,1.2971699386383448,0.40048168177635296,0.37379056725567644,0.499280207251738,0.20691912126871048,0.26929586477901846,0.4204925223463569,0.21357340107764644,1.0,0.03333333333333333,0.04020133689878694,3.395348837209302,2,28.0,2026-10-03
Sean Couturier,PHI,TBL,0.0,C,15.473693105525335,0.46374679764259685,2.2325890225466027,1.3478944225900364,0.17857129739323965,0.23222239538177347,0.4107936927750131,0.45015520963693517,1.318927646389109,0.45619181638832346,0.3331515263047144,0.591782426457618,0.16353558298113657,0.2072302046411475,0.33687627529499375,0.17334069231385718,0.0,0.0,0.07315206259427615,2.375,3,29.3,2026-10-03
Casey Mittelstadt,BOS,OTT,1.0,C,15.449422281208593,1.4984908584706482,0.19892042293496842,1.3417910097236403,0.20968690693774533,0.3476111918784672,0.5572980988162125,0.41457935623489567,0.7865272566019653,0.3498948739449823,0.32451892459000514,0.7919142538787091,0.18916192599220139,0.2936265334299173,0.42724549883610197,0.23808357284390058,1.0,0.037037037037037035,0.05146288763285951,3.0,3,29.4,2026-10-03
Tyler Seguin,DAL,SJS,1.0,C,15.44508608126206,1.6583315201990605,0.4103555996260976,1.7605367522068018,0.2612382891273907,0.3847333597693556,0.6459716488967463,0.35898391750107206,0.8193011511298057,0.32841637708950916,0.2647546575874715,0.6021025860281226,0.22990260808590535,0.31936790408967886,0.4758469980864377,0.24594439000053236,3.0,0.1,0.08324154290279968,3.395348837209302,2,29.3,2026-10-03
Kaedan Korczak,PIT,WPG,1.0,D,15.407765721570671,0.19268657433252173,0.6015023007668462,0.9437207845302297,0.046925753764105696,0.2359706226811355,0.2828963764452412,1.07940455853501,1.0227059930645293,0.31529846782287946,0.20470007213607844,0.8500813461297047,0.04584176238187343,0.21019612408770183,0.24640212569555597,0.20056036331368254,1.0,0.03333333333333333,0.03421893796295581,3.710526315789474,2,29.2,2026-10-03
Porter Martone,PHI,TBL,0.0,R,15.38852327526415,1.8340972979248824,0.20099103962261705,2.0682433574609793,0.24889548361578248,0.29291035838372015,0.5418058419995027,0.40082249298215034,1.3910630126769885,0.5444578643891276,0.26495888639418896,0.6116004198763708,0.22033854347718573,0.2539109816748414,0.41830314927693013,0.1979646057997444,1.0,0.05555555555555555,0.10132173346208294,2.375,3,10.0,2026-10-03
Ville Heinola,WPG,PIT,0.0,D,15.377328053479873,0.6481131860521824,0.42111704108693054,1.0078726444801562,0.05169408069957982,0.1939344416867141,0.2456285223862939,1.0714305494113836,0.8483615973458539,0.3857601626121817,0.2593720169589394,0.7203312525526547,0.05038067070752772,0.17628809633845954,0.21778725451470238,0.16740658380717466,0.0,0.0,0.034325632159863055,3.4675324675324677,0,20.0,2026-04-16
Lassi Thomson,OTT,BOS,0.0,D,15.357384283110964,0.6711089342965092,0.46934007843339737,1.1623655764960619,0.05164350276099038,0.21491659804054222,0.2665601008015326,1.1164836018227369,0.8594092164923095,0.4066584756785388,0.2683158266732007,0.5852050306917248,0.050332639704763094,0.19339128988099497,0.23399003547013852,0.18365739576537543,3.0,0.07894736842105263,0.03686645054187773,5.777777777777778,0,10.6,2026-04-15
Alexander Petrovic,DAL,SJS,1.0,D,15.33773235122609,0.18073598735363589,0.7143757777419322,1.1458959534361062,0.05372184208117251,0.20233346239269823,0.25605530447387076,1.2367984056720218,1.27932666908177,0.36289798189410827,0.20759878609438784,0.7509996873893366,0.0523043210995513,0.18317749706322506,0.2259008435381693,0.173596522438618,1.0,0.030303030303030304,0.04290575946736938,4.716738197424893,0,25.7,2026-04-13
Sam Steel,DAL,SJS,1.0,C,15.311500309469249,0.46351197565470764,1.7891527203377937,1.400247361890535,0.2058499655558365,0.30242768830710676,0.5082776538629432,0.4100199607069922,1.0893760797226788,0.3246737351224991,0.31441535234675744,0.6156989954414032,0.1860448115635518,0.2609780737466023,0.3984692687577488,0.212424457194197,2.0,0.06666666666666667,0.04379111973677518,3.395348837209302,2,29.4,2026-10-03
Claude Giroux,OTT,BOS,0.0,R,15.189089518834436,2.00177351712031,0.6293648952501926,1.8483278685249442,0.214338782660767,0.3258740083108253,0.5402127909715924,0.3770706671627938,0.9549549508370121,0.38224749800579333,0.33160743611308247,0.5668224562247185,0.192925084285417,0.2781038653842902,0.4173757380003428,0.22445065371492579,4.0,0.13793103448275862,0.0720413718313619,2.050632911392405,1,29.4,2026-10-03
Isaak Phillips,WPG,PIT,0.0,D,15.151828124603565,0.20170864721173026,0.9115341094333955,0.9729979695978663,0.05255526636127766,0.1657709002764038,0.21832616663768145,1.0327197193827489,1.3199956005977225,0.3433951816901878,0.27507132985256605,0.5891042257557798,0.05119811722085632,0.15275968552145291,0.19613679445636079,0.14493867723550447,0.0,0.0,0.0482247386961799,2.95398773006135,0,25.0,2026-03-05
Noah Cates,PHI,TBL,0.0,L,15.09714090306079,1.6228778189134967,1.3895391633974319,1.5645931823870156,0.20532948453636193,0.273924302921386,0.47925378745774794,0.48605193808110997,1.2557054925651585,0.45449570637995157,0.36331762424527053,0.47961800572469193,0.18562105306770726,0.2396103676438196,0.3807546919435406,0.19513363887583335,0.0,0.0,0.05335749503671495,2.375,3,29.4,2026-10-03
Matvei Michkov,PHI,TBL,0.0,R,15.056171236983195,2.261761411361227,0.11837230701386024,1.9177450470405202,0.22323267325610524,0.3094062153812592,0.5326388886373644,0.3806132407764155,0.7722190746096259,0.6717608642934959,0.2938206454527591,0.7326738293746087,0.2000712943765226,0.26611740492941915,0.4129462456455917,0.21287495126906908,2.0,0.1111111111111111,0.08576938988063117,2.375,3,29.3,2026-10-03
Ivar Stenberg,SJS,DAL,0.0,L,15.03294840428461,1.3698641186506204,0.3573750484048853,1.580184378014932,0.2063474105956714,0.2611319204742586,0.46747933106993,0.4572712607849615,1.276131981199562,0.4187284138527774,0.31787409365053965,0.5264679976586025,0.1864496088441404,0.22982068950683965,0.37342032068813924,0.18697071184399883,0.0,0.0,0.04993130247639942,4.92,2,2.0,2026-10-03
Michael Callahan,BOS,OTT,1.0,D,15.022536925436876,0.21747332919527548,1.1134314488780814,0.8635372151452747,0.04809768905277573,0.17324833563115077,0.2213460246839265,1.0609392333361607,0.8586385128949378,0.3933918675203395,0.23444589797769774,0.6748871570607511,0.046959319111521625,0.15907124366126613,0.19856068548023176,0.15160136636871013,1.0,0.02631578947368421,0.030466390695643258,2.8084714548802947,0,15.7,2025-12-02
Marat Khusnutdinov,BOS,OTT,1.0,C,15.006850713996178,0.4721928202456534,1.3224094922858425,1.0967614560511636,0.189103614194178,0.2669538677683727,0.4560574819625507,0.505155538350799,0.8977047390013926,0.30717104607570833,0.30620141715705745,0.6407752212457128,0.17229925929374534,0.23429160551238382,0.366222594717603,0.19392333542385765,1.0,0.037037037037037035,0.02975859210055666,3.0,3,29.3,2026-10-03
Owen Pickering,PIT,WPG,1.0,D,14.967385482003737,0.20192260839206105,0.8928855498490601,0.9232175489828071,0.04783199727755194,0.18327624020822172,0.23110823748577367,0.8876889241505537,0.7422340862081022,0.3471294394024409,0.25384900542302974,0.6244280482534882,0.046706070399595734,0.16746185654086787,0.2063464416796188,0.15964037128002306,0.0,0.0,0.028749980968186747,4.183486238532111,0,18.6,2025-11-03
Gage Goncalves,TBL,PHI,1.0,C,14.959874232509804,1.0657701984490742,0.6511083324555865,1.3215617241798854,0.18681244402798386,0.3140646738763771,0.500877117904361,0.4161662231167918,1.2433817487789165,0.38908318816347187,0.3098694823266146,0.7080466258699806,0.17040068189870172,0.26952821581015163,0.39400110594386306,0.22360042404516134,0.0,0.0,0.03707287087051029,4.294573643410852,2,29.1,2026-10-03
Noel Acciari,PHI,TBL,0.0,C,14.95444771766015,0.331859463467942,2.2336039611250014,1.3999529433292766,0.18431603180142725,0.2148165562164606,0.39913258801788787,0.8921302947826906,1.1829083359528003,0.4069641367353071,0.28901102232487536,0.48207658272690723,0.16832707280320802,0.19331059123776206,0.3290982580760602,0.16077118527285217,1.0,0.05555555555555555,0.04308020582704833,2.375,3,29.4,2026-10-03
Igor Chernyshov,SJS,DAL,0.0,L,14.927733918276259,1.4446794463132298,0.12647428918819603,1.6266431968222212,0.23065590869225103,0.2768075172578162,0.5074634259500672,0.4667250511696632,1.0262996827419817,0.3703294881271268,0.27456462206275045,0.6356263992682776,0.20598736811957596,0.24179957643745176,0.3979792861942488,0.19199191807467286,2.0,0.08,0.060259600043941326,4.92,2,19.0,2026-10-03
Ilya Solovyov,PIT,WPG,1.0,D,14.908586423585197,0.19284977110351564,0.5912176144803187,1.0413911674362608,0.04860444999808923,0.22980139161053453,0.27840584160862375,1.1411539995956397,1.1359229293689344,0.42604773552428926,0.23736482692964686,0.6984811767534329,0.04744216055496464,0.205308580786154,0.24301045868815008,0.19556829813318544,2.0,0.08695652173913043,0.029853831178670857,2.0454545454545454,0,23.2,2026-04-14
Michael Kesselring,SJS,DAL,0.0,D,14.907877479070837,0.1895953461075862,0.9759896430239046,1.2669151247690313,0.04594620858100625,0.16155169147279,0.20749790005379626,0.9520440550481637,0.8952527707009083,0.6928862601823628,0.21508266356568023,0.790470672897409,0.04490666336520077,0.14917744994204407,0.18738505178101839,0.14247838841581761,0.0,0.0,0.05519424395624716,4.92,2,29.3,2026-10-03
Connor Dewar,PIT,WPG,1.0,C,14.874871507813113,0.3234375986522347,2.1465091743119458,1.3996187974639935,0.20497762894921162,0.27153773942780224,0.47651536837701386,0.5796345807964642,1.4952627456405168,0.36232827971504616,0.3102103669906458,0.48484364647549644,0.18533445886824307,0.23779348231260422,0.37905661481404573,0.19372215594580267,1.0,0.03333333333333333,0.04241836186783794,3.710526315789474,2,29.4,2026-10-03
Jordan Harris,BOS,OTT,1.0,D,14.828365462756953,0.2638427214556774,0.9626854450021862,0.8967067765393257,0.051013993461139114,0.20035619600528362,0.25137018946642276,1.0957154067542023,0.8359810712712807,0.29753632162656984,0.21905503061242232,0.6266674381786548,0.04973462706218057,0.18156082361335824,0.22226559082402608,0.1725309637618455,0.0,0.0,0.03619551387432654,1.8079470198675496,0,29.2,2026-04-12
Haydn Fleury,WPG,PIT,0.0,D,14.763175724404826,0.2742762487550062,1.2499308497198034,0.887505747617252,0.05062576162757961,0.16154663229598476,0.21217239392356438,1.3201528125644397,1.1634353568175657,0.342792819841148,0.19163353334059807,0.6805335487814363,0.04936563217092993,0.14917314546944493,0.19117475101134962,0.1418091188404197,1.0,0.038461538461538464,0.03548184535705307,3.4675324675324677,0,29.0,2026-04-16
James Hagens,BOS,OTT,1.0,C,14.744923009443971,1.1113073887726628,0.40416185917209285,1.474444373926183,0.21684969164336584,0.29840491709170186,0.5152546087350677,0.5183255587060737,1.1945210166569427,0.40135308362071526,0.4046630414537913,0.6561372464891301,0.1949490339009199,0.2579991699070291,0.4026515148873343,0.20770248098641442,3.0,0.1111111111111111,0.05226256246752864,2.282442748091603,3,4.7,2026-10-03
Jorian Donovan,OTT,BOS,0.0,D,14.722201048873043,0.5463332819968186,0.9703402423243181,1.1294852483176767,0.051876704394845624,0.1989385130128717,0.2508152174077173,1.1310247730896377,0.9690524347927144,0.39376619005872454,0.22819587624618265,0.5984485233158392,0.05055407786392918,0.1803997134640848,0.22183385016692003,0.17127977230299085,0.0,0.0,0.05973930239364709,1.6149068322981366,0,2.0,2026-03-26
Andrei Kuzmenko,PIT,WPG,1.0,L,14.684736781421247,2.3809778450186823,0.1167820742456794,1.5577235195520667,0.2352737821302854,0.33252608029767355,0.567799862427959,0.33407979758164214,0.6469161852555472,0.33273714574628616,0.27103946659898154,0.6875280046033625,0.20964556491604802,0.28289003382128175,0.43322895778774717,0.22358339287169915,2.0,0.06666666666666667,0.05578113292391446,3.710526315789474,1,29.4,2026-10-03
Tristan Broz,PIT,WPG,1.0,C,14.629631032670579,1.127053954629062,0.7311401856880092,1.6611672387812624,0.2167214113308999,0.30483040514744386,0.5215518164783437,0.4840654536340742,1.0632933086180631,0.34099934659035835,0.3454188779212806,0.5753085608354248,0.1948457550872601,0.26275160267705355,0.4064013233403153,0.21155556825305522,2.0,0.10526315789473684,,2.782608695652174,0,1.0,2025-11-26
Ben Kindel,PIT,WPG,1.0,C,14.569308693432097,1.6466040118249745,0.7788963611482036,1.804166182311201,0.2437150070015966,0.30863793815862234,0.5523529451602189,0.5306325248803471,0.7087703668099291,0.2664116871526009,0.3821355556395462,0.8043886347586537,0.21628904542618588,0.2655533630049991,0.4244061250371203,0.2081170796109344,5.0,0.16666666666666666,0.06730229353296474,3.710526315789474,1,27.4,2026-10-03
Philipp Kurashev,SJS,DAL,0.0,C,14.453395278607353,1.3975977665894312,0.6158176928175267,1.296025097894056,0.15895209158133994,0.24813789781056497,0.4070899893919049,0.3926927180379823,0.99571982137775,0.38340038868277654,0.25077372270313447,0.5579849139816909,0.14696277434526617,0.21974765923035067,0.33441570791924635,0.18745293357398018,1.0,0.030303030303030304,0.07162559812143067,3.7096774193548385,0,29.3,2026-04-16
Vladislav Kolyachonok,BOS,OTT,1.0,D,14.343924023978323,0.18268384873808255,0.5783232758896576,0.894714487962156,0.053653567989164035,0.19456926260690618,0.24822283059607023,1.069236320759297,0.8864901902133474,0.37998329821666826,0.22680114573353818,0.6817330511501426,0.05223961582875236,0.17681083994527103,0.21981392542092337,0.167574309592171,1.0,0.043478260869565216,0.03127110551888669,2.7199999999999998,0,25.0,2025-12-27
Blake Lizotte,PIT,WPG,1.0,C,14.327977190503036,0.31375500803701634,1.9604988803332322,1.1658411818622776,0.1743085789150565,0.26741240346545403,0.4417209823805105,0.5753464741167948,0.9604218975059101,0.37188848460641943,0.3127762934533224,0.5763508818477068,0.159962360243755,0.23464262966010963,0.3570710010496322,0.1971086408058772,0.0,0.0,0.03900825216375353,3.710526315789474,2,29.4,2026-10-03
Zemgus Girgensons,TBL,PHI,1.0,C,14.281269846692643,0.31902882638739455,1.6929448472871116,1.197357491119547,0.1688792067636203,0.23339456276322515,0.40227376952684546,0.5397954267462647,1.9502200663156537,0.40329996777605664,0.26347327447955093,0.554771980245159,0.15538907948900893,0.20815891912551865,0.3312023757841862,0.17581329629517728,1.0,0.03333333333333333,0.042055402670085645,4.294573643410852,2,29.4,2026-10-03
Jonathan Toews,WPG,PIT,0.0,C,14.15147067484005,2.245861448946365,0.29679512023219345,1.2965599431185935,0.18950669123181865,0.2816104748188034,0.47111716605062204,0.43607797517230723,0.5717718056777767,0.38247059757633073,0.24456334036166572,0.6767192488675386,0.17263281922667117,0.245432449642918,0.37569557315802427,0.2030627539313531,0.0,0.0,0.06125882481501973,3.4675324675324677,0,29.1,2026-04-16
Denver Barkey,PHI,TBL,0.0,C,13.96885111589812,1.1249011248975034,0.19876059930263956,1.1815188412907853,0.1646396290252132,0.25090476543593276,0.415544394461146,0.47072621163869144,1.1092450099250406,0.406652317320487,0.276069437764303,0.5457243523974904,0.15180068456800488,0.22190353029135623,0.34001910705307625,0.18821842248507137,0.0,0.0,0.0414822811339573,3.5726027397260274,0,22.7,2026-04-14
Morgan Barron,WPG,PIT,0.0,C,13.827234589011182,0.3266098967874507,1.3176661663159477,1.3753129535354993,0.18365017262235714,0.2338568085801735,0.4175069812025306,0.5863068555342823,1.5218440779088807,0.4119163768723029,0.27140980294730604,0.48976401728502417,0.16777311134095518,0.208524859769059,0.34131310659462266,0.17353999525366748,2.0,0.06060606060606061,0.04987400518955094,2.7043478260869565,1,29.4,2026-10-02
Ty Dellandrea,SJS,DAL,0.0,C,13.785544947689202,0.4228173708352418,1.7897212786300307,1.149395433637645,0.14532812799926245,0.19093917709546807,0.3362673050947305,0.5867974402053813,2.0573892491655936,0.48806119978445056,0.24181661109952945,0.4977895345584145,0.13526149836110435,0.1738171625371272,0.2855678910525842,0.15030639269147983,3.0,0.09090909090909091,0.04061595710967852,3.7096774193548385,0,29.3,2026-04-16
David Jiricek,PHI,TBL,0.0,D,13.730717278351229,0.3130348311176787,0.5990035915614718,0.8566864229616605,0.03759812391465682,0.14374643296420603,0.18134455687886286,0.9922872878161693,0.7074179167031456,0.5105977004557295,0.19513777928428663,0.6786352375987851,0.03690009004920858,0.13389266351217233,0.16585210222085345,0.12895201217164487,1.0,0.05555555555555555,0.03186228303065768,2.375,1,27.9,2026-10-03
Jamie Benn,DAL,SJS,1.0,L,13.706085966078533,1.5406134703386463,0.12521584688888815,1.4552098215312008,0.22728554404023543,0.3118477159617505,0.5391332600019859,0.4197291346317519,1.1680824762249957,0.6037500396529706,0.24301223502692787,0.5744621365404011,0.2033067412042482,0.2679069941807313,0.4167464374522696,0.2134396962480214,2.0,0.06666666666666667,0.06957424449209286,3.395348837209302,2,29.4,2026-10-03
Nick Robertson,PIT,WPG,1.0,L,13.705408022916933,1.072923697270234,0.2817414244995841,1.7768856030822973,0.21906089037461327,0.24688908336578325,0.4659499737403965,0.4272332311283214,0.9787575608515512,0.3363787101217359,0.2898916034311479,0.6987094843309525,0.1967271949175441,0.21877266016687802,0.37246132332514303,0.17573412840759894,1.0,0.03333333333333333,0.06007361207804718,3.710526315789474,2,29.3,2026-10-03
Kyle Capobianco,DAL,SJS,1.0,D,13.687140719276366,0.385125954654731,0.3291863795165806,0.931537620773479,0.05563912382020251,0.18831606087461059,0.2439551846948131,0.980118919652467,0.6546375093514141,0.3359591308776098,0.2619061203984694,0.646279445452655,0.054119579981442234,0.17164714407374626,0.2164772527129032,0.16235767273146096,1.0,0.030303030303030304,0.031200623955551933,4.716738197424893,0,23.8,2026-04-13
Nino Niederreiter,WPG,PIT,0.0,R,13.646569569989444,1.3669234516564719,0.11858436077530214,1.4252758995120725,0.19829261992226108,0.2296484940892032,0.4279411140114643,0.36665160604279734,1.1256950287464227,0.3416593551916341,0.2168506602700027,0.5545877343720357,0.17987016830557878,0.20518706514844975,0.3481502015116491,0.16828003320607032,0.0,0.0,0.0701194524699668,2.7043478260869565,1,29.4,2026-10-02
Tyler Toffoli,SJS,DAL,0.0,C,13.6170926409221,2.0155935665972518,0.19470496733690806,1.698215546757661,0.20254378354186375,0.28227969033342887,0.4848234738752926,0.3841980374575942,0.7886449926712987,0.25271745653294486,0.23743722168365705,0.5897294738216818,0.18334927404590762,0.24593724902582104,0.38419410700199674,0.20084483295608913,3.0,0.12,0.10199648812187213,4.92,2,29.4,2026-10-03
Ville Koivunen,PIT,WPG,1.0,R,13.57901789839538,1.2370002813899328,0.11852758302381272,1.3690044812149844,0.19316990932221711,0.2677702190270775,0.4609401283492946,0.3824880371020753,0.6682479617161378,0.3256414836546183,0.33821281048027935,0.5328277893720227,0.17565810113391367,0.23491643744815538,0.36930956325478226,0.1936514621208686,2.0,0.05263157894736842,0.03957253454916565,3.5709342560553634,1,23.8,2026-09-30
Michael Misa,SJS,DAL,0.0,C,13.573884882849006,1.0304120669190044,0.19951790615270393,1.3759520906204328,0.17728519595612716,0.2441096742877775,0.42139487024390465,0.48662087168684337,0.7846126247136348,0.3269344660210062,0.25878703876559656,0.6206376658930128,0.1624591128157804,0.21659828947350934,0.3438690363440078,0.18140992352822738,0.0,0.0,0.05190749791816614,4.92,2,23.6,2026-10-03
Pontus Holmberg,TBL,PHI,1.0,R,13.544074112963113,0.7683421926840962,0.1767643789511748,1.4559267506183626,0.21016605613737013,0.2381013516238239,0.448267407761194,0.3807738477308275,1.0737712592992184,0.4776395154049452,0.2365017152591415,0.6771673562820042,0.18955034534354565,0.21187719048074227,0.3612661411982431,0.17171579585469743,0.0,0.0,0.037637969899759045,4.294573643410852,2,29.3,2026-10-03
Michael Bunting,DAL,SJS,1.0,L,13.530945724852225,1.2276870170198917,0.13144120598353687,1.7490240133328385,0.22781950482141344,0.28331284271975593,0.5111323475411693,0.36329956383011,0.8681973137339748,0.35741457780975405,0.2670989836656429,0.6597022450374757,0.20373203060503908,0.24671590845024705,0.4001840060441503,0.1964519754391112,5.0,0.17857142857142858,0.070640423568989,3.2030075187969924,0,29.4,2026-04-15
Jacob Bryson,WPG,PIT,0.0,D,13.528684406447598,0.17903902175405148,0.8234087647661592,0.7449917466047895,0.03877912687644274,0.16286329130440017,0.20164241818084291,0.8980315813038404,0.5952561306357684,0.2796332029979614,0.1768340822988047,0.4935034421652343,0.03803684250921968,0.15029265714276818,0.18261284152195623,0.14457599901273654,1.0,0.041666666666666664,0.016516791978960298,2.6666666666666665,0,29.3,2026-04-14
Dennis Gilbert,OTT,BOS,0.0,D,13.510123765936441,0.181996607647501,0.5986550943347058,0.7317586622519834,0.03532255039831994,0.1778212569852305,0.21314380738355043,1.3577363019455049,1.494801289839206,0.60667354601412,0.20378377110724763,0.560184184531079,0.03470598992927265,0.16290796552870834,0.1919600732469433,0.15725408331767066,0.0,0.0,0.01881773891624748,5.777777777777778,0,28.2,2026-04-15
Matthew Poitras,BOS,OTT,1.0,C,13.487703516174527,1.10518169789374,0.19840832851864923,1.2669945931420283,0.17014984818309256,0.2754448841641252,0.4455947323472178,0.42851267248415525,0.7633180180629595,0.37064512487887,0.34742246810895205,0.6437384995289364,0.15646159557196904,0.2407657232273247,0.35955672958410745,0.2030951340121384,1.0,0.034482758620689655,0.042452523941860304,4.08,0,26.7,2026-02-04
Brayden Yager,WPG,PIT,0.0,C,13.455559109686268,0.7829617498672898,1.3499681656117892,1.281624833817445,0.17151559346248968,0.23834109135961012,0.4098566848220998,0.43517132515980006,0.9198659780165298,0.35494849744375423,0.2787290717315947,0.4743349309589719,0.15761286781453965,0.21206611218793858,0.3362546318942573,0.17864176407971766,0.0,0.0,0.05673196250910427,3.4675324675324677,0,2.9,2026-04-16
Georgii Merkulov,BOS,OTT,1.0,C,13.388026582980505,1.1087197588810194,0.2878532682971905,1.2708894945632785,0.18056543017447368,0.26767595690947305,0.44824138708394673,0.6396261832969906,0.9337151093102664,0.34302746702408293,0.2710906206050083,0.4807139960068174,0.1652019420726062,0.2348443156522817,0.36124952069441874,0.19604757862181255,0.0,0.0,0.04764416604053566,4.08,0,9.3,2025-11-28
Filip Hallander,PIT,WPG,1.0,C,13.333387838001551,0.555189949093244,1.0871022815104021,1.5527361706176148,0.20652426965215454,0.2753098357516361,0.4818341054037906,0.4756656168368652,0.7874648732516452,0.27499068582644226,0.31753835334664376,0.5944639709866325,0.18659347987589925,0.2406631829197422,0.3823504820166367,0.19575700214073743,0.0,0.0,0.058871078572322835,3.710526315789474,2,13.1,2026-10-03
Dominic James,TBL,PHI,1.0,C,13.327244637599447,0.5377009641822404,0.39916939428381076,1.4914873020995436,0.1937780025636497,0.2533328842260719,0.4471108867897216,0.36367394884426696,1.2371082265554838,0.30760905062058574,0.36044722735292967,0.7778122378582306,0.17615922549063456,0.2237905490700023,0.3605270047643414,0.18436777927370684,1.0,0.02631578947368421,0.046714471633577656,4.075,0,22.7,2026-02-28
Pavol Regenda,SJS,DAL,0.0,L,13.211599994843857,1.0938921406766415,0.20181223272279938,1.4799277976390082,0.19504939696612797,0.20622870321322362,0.4012781001793516,0.42109776000704935,1.7798351643846422,0.38872025100983004,0.2503092668522565,0.4808390339808119,0.17720598647584795,0.1863530286744408,0.33053614287127253,0.15333015639542458,0.0,0.0,0.06121617842928683,3.7096774193548385,0,22.7,2026-04-16
Sean Kuraly,BOS,OTT,1.0,C,13.208314284648152,0.3372908897800657,1.5454148110629697,1.3673853791550155,0.15213580570775595,0.23145268617407774,0.3835884918818337,0.5227019376866624,1.2480308244871563,0.2988028373547863,0.26058423124899505,0.5517449119638206,0.1411283668494131,0.20661976753068234,0.3185882240296848,0.17745985718027169,3.0,0.1111111111111111,0.050274064468933795,3.0,3,29.4,2026-10-03
Oskar Bck,DAL,SJS,1.0,C,13.184738499643519,0.3197129783522502,2.2562940313982756,1.0135327802615324,0.15187306061206793,0.2146414128069982,0.3665144734190661,0.5125700086992222,0.679879175552711,0.24539203142896943,0.3164368994250729,0.5169196333768916,0.14090267289128522,0.19316929253092685,0.30685389578408595,0.16595122289280073,2.0,0.06666666666666667,0.023427748969987037,2.224,2,29.2,2026-10-03
Vladislav Namestnikov,WPG,PIT,0.0,C,13.142921772395756,1.21478143281865,0.5399901489641953,1.2388909713366474,0.16802928667605235,0.230753478538752,0.3987827652148044,0.5593722031376144,1.0698222965694604,0.30750010165013636,0.2415086524103655,0.5778961249119988,0.15467092255671688,0.2060648360308608,0.3288635202921859,0.17419259773546902,1.0,0.030303030303030304,0.045172689070274115,2.7043478260869565,1,29.4,2026-10-02
Warren Foegele,OTT,BOS,0.0,L,13.098546134420271,1.119916232907278,0.4230963662924535,1.5461441915276566,0.20090627818806162,0.21169649342997382,0.41260277161803544,0.37802362884745133,1.1445489795356039,0.33113399125329807,0.23903916474671807,0.6154075468563822,0.18201090861875557,0.19078973906970742,0.3380748339252503,0.1560639253064947,0.0,0.0,0.07207386581866415,2.050632911392405,1,29.4,2026-10-03
Alex Bump,PHI,TBL,0.0,L,13.027679057424084,0.9571111915905267,0.14522478909277017,1.461595629753971,0.19770214216527304,0.21467902960538066,0.4123811717706537,0.419419418849177,1.2509872946791303,0.35099858280212815,0.2753718559306656,0.5464582395616586,0.1793857568791093,0.19319964234814346,0.33792813515585785,0.15854237827674855,3.0,0.16666666666666666,0.05206818868459998,1.52319587628866,3,14.7,2026-10-03
Philip Tomasino,PIT,WPG,1.0,R,12.993413173346259,0.8167760522418569,0.11679217114105543,1.5674898689994565,0.19165106625348408,0.24364341138751744,0.4352944776410015,0.4354393036365029,1.1213876222648216,0.25999036769148093,0.2882987678599333,0.498368674647861,0.17440510384230556,0.21623293315046022,0.35292590983253347,0.1785208059902279,0.0,0.0,0.05934486200976826,2.6782006920415227,0,29.1,2025-11-16
Nick Cousins,OTT,BOS,0.0,C,12.916109859625754,0.3463669918970019,0.24269217743067512,1.2630530957508945,0.15402139669392959,0.22183083049184235,0.37585222718577194,0.5846115592476963,1.6682979710287171,0.5542364191059205,0.25447847570423326,0.5221587264650831,0.1427463215793544,0.1989491337460071,0.31329619830171995,0.17054987672236555,0.0,0.0,0.04205806617059458,2.050632911392405,1,29.4,2026-10-03
Justin Brazeau,PIT,WPG,1.0,R,12.912384712448576,0.935620533221853,0.11717445651809238,1.5472041961480694,0.2039510902748571,0.256207116250304,0.46015820652516115,0.5582294788222222,1.3500766806054616,0.29438420053792874,0.2369484737183037,0.5645027151604856,0.18449774379689354,0.2260183519864385,0.368816219785142,0.18431847598824846,1.0,0.043478260869565216,0.05145363611723984,2.3783783783783785,0,29.2,2026-04-14
Lukas Reichel,BOS,OTT,1.0,L,12.811868289964558,0.7908504307111551,0.1337146464411166,1.1281279017886496,0.16610556781997127,0.2283519142580267,0.39445748207799797,0.45547556625698093,0.7727782661879942,0.3114122110890305,0.2547490683779703,0.609221095497931,0.15304318191514388,0.20415585835106054,0.3259543780975408,0.17291119618239692,2.0,0.09090909090909091,0.056390685386147665,1.8079470198675496,0,29.3,2026-04-12
Rafael Harvey-Pinard,PIT,WPG,1.0,L,12.799915030696528,0.5133815151921761,1.234315635303661,1.04642280434,0.1683540100388931,0.20793090154215543,0.37628491158104854,0.6587352111962775,1.0968240977331791,0.25314311733052625,0.2393526939880274,0.41800523554690666,0.1549453760943018,0.18773683909534844,0.31359326004926613,0.15864788395496432,2.0,0.08695652173913043,0.047355676185415425,2.3783783783783785,0,27.6,2026-04-14
Gustav Nyquist,WPG,PIT,0.0,R,12.79363137195477,1.7924830186337608,0.3119570356373533,1.32910529189855,0.1714339214628606,0.23345851352599978,0.4048924349888604,0.3577646231311929,0.7902105075911384,0.30496128585592486,0.2167903187907865,0.47601336676366734,0.1575440655634217,0.20820955634747518,0.33295144191475934,0.17540737635133763,2.0,0.08333333333333333,0.05778302521328031,2.5894736842105264,0,29.4,2026-03-26
Joona Koppanen,PIT,WPG,1.0,L,12.764802999829602,0.3539542803143558,1.3243154203369942,1.1439049731737898,0.15255276409033414,0.1985212391018657,0.35107400319219983,0.34190571712548284,1.3827974507533267,0.2829376167375379,0.3026821728633379,0.5265259364527161,0.14148640592752915,0.18005764428375126,0.29606834126179493,0.15458193533426579,0.0,0.0,0.03387683533209206,2.3783783783783785,0,20.0,2026-04-14
Colin Blackwell,DAL,SJS,1.0,C,12.758796513907017,0.30515433513938267,1.8289003154759456,1.181015734429825,0.16086376936777544,0.2245543085197207,0.38541807788749616,0.49135143879768456,1.2629055405306762,0.3492168544606784,0.33347236282504417,0.45897513920466637,0.14859194893596217,0.20112781004428493,0.31983378570054477,0.1712418367645826,0.0,0.0,0.04865450809389438,3.395348837209302,1,29.3,2026-10-03
Rutger McGroarty,PIT,WPG,1.0,R,12.74319505038066,0.5362225207863136,0.3587860687093373,1.5349891272684337,0.1954537238533543,0.23839622041888506,0.43384994427223933,0.37945672208176734,1.1286388877528275,0.2927363024949895,0.28078708895169086,0.5510792436978119,0.17753859697195007,0.21210954904461699,0.35199051427483274,0.17445191730288268,1.0,0.043478260869565216,0.05320396367319115,2.3783783783783785,0,19.7,2026-04-14
Jeff Skinner,SJS,DAL,0.0,L,12.7346073202322,1.624988016522419,0.11731161926393012,1.6079360122334272,0.1809707649575956,0.2325078982475536,0.4134786632051492,0.35476556756864114,0.8931731578768796,0.37714418198549327,0.26514116741195237,0.5706742261720767,0.1655402461945209,0.20745651038262025,0.33865435477374606,0.17311410857922516,3.0,0.15,0.08515777255182341,2.4262295081967213,0,29.4,2026-01-11
Arttu Hyry,DAL,SJS,1.0,R,12.705959782137429,0.3864906882041541,1.5557080641264698,1.45860997828426,0.1924910587230351,0.21806068787358857,0.41055174659662363,0.3671995822275069,1.2992575882552841,0.3894613105828408,0.28356608958511653,0.5206692325160754,0.175098306154857,0.19592335751581924,0.33671581563348385,0.16161750947862685,1.0,0.03333333333333333,0.04905267726908638,3.395348837209302,2,17.8,2026-10-03
Elmer Soderblom,PIT,WPG,1.0,L,12.678051290561951,0.44434991226279785,0.3976683523377563,1.4244603105782745,0.18902944403841573,0.22633333975399594,0.41536278379241165,0.3611476212066389,1.4626239765188542,0.3729863503421453,0.3128188175196519,0.6519245837879148,0.17223786632414773,0.20254776517563755,0.3398992365972089,0.16766137027306116,0.0,0.0,0.04787304214967782,3.5709342560553634,1,28.6,2026-09-30
Ethan Cardwell,SJS,DAL,0.0,R,12.622313446543346,0.4950329922825067,0.5564284582478142,1.2646274272539126,0.1627008199084744,0.1827811314405632,0.3454819513490376,0.3634314032686851,1.2800093003538109,0.36259477672797025,0.28840240024889996,0.5419489373143221,0.1501545927891954,0.1670495575486305,0.2921208920484959,0.1419662992593005,1.0,0.043478260869565216,0.043383788157216815,2.5632911392405062,0,10.6,2025-12-23
Jett Luchanko,PHI,TBL,0.0,C,12.588099786957569,1.2256083394304802,0.3754462904222785,1.165212051801791,0.16629093058611824,0.21525728332717084,0.3815482139132891,0.482020402332295,1.003345826629702,0.41772602180818386,0.2567288751115052,0.4151656373925201,0.15320016162420513,0.1936660427958038,0.31719653536257153,0.1639963737383664,1.0,0.037037037037037035,0.036777579754824374,2.113953488372093,0,7.1,2025-10-20
Kevin Hayes,PIT,WPG,1.0,R,12.57835188927854,1.0379021691760655,0.13433429396936308,1.6157022251511117,0.1970986510212903,0.24405744358822232,0.4411560946095126,0.33213914658007576,1.0629465880712305,0.30490616540199666,0.2584720362563553,0.5610753944227849,0.17889037398620034,0.21655737078553927,0.3567077157224462,0.17781734173624586,2.0,0.08695652173913043,0.07581587478241666,2.3783783783783785,0,29.4,2026-04-14
Luke Glendening,PHI,TBL,0.0,C,12.558234311138909,0.3165062726587249,1.6837225333074557,1.0456289794229037,0.13469180550824925,0.16793168412906148,0.3026234896373107,0.579704872781994,1.2724392700054492,0.31491985708929027,0.22440337733748889,0.31920827090876636,0.12601477238191694,0.15458841225917086,0.2611227610573664,0.1351079886754495,0.0,0.0,0.027931142745224187,3.5726027397260274,0,29.4,2026-04-14
Radek Faksa,DAL,SJS,1.0,C,12.466697735533195,0.31403818112544557,2.018673711176146,1.0835687190538013,0.15597924699813479,0.21689519278042588,0.37287443977856066,0.617011308691636,1.1632518900827011,0.3036966863193659,0.2894384878880877,0.3924045393850932,0.1444230540232675,0.1949856638019113,0.3112482927681527,0.1668252387448852,1.0,0.03333333333333333,0.03668464420896562,3.395348837209302,2,29.4,2026-10-03
Brad Lambert,WPG,PIT,0.0,C,12.443509644643985,1.3567188819039773,0.20492241896924876,1.2378937926143458,0.16078908394352126,0.22609306573334723,0.3868821496768685,0.420272032048952,0.9969867216549391,0.31299441783026927,0.20186237471868002,0.5486729459131607,0.14852835878985604,0.20235613509995853,0.3208288692523593,0.17230051046250328,0.0,0.0,0.040418489052697675,2.7043478260869565,1,19.7,2026-10-02
Fabian Zetterlund,OTT,BOS,0.0,L,12.438326569609792,1.3671729914764665,0.11820241444362399,1.5948687036329725,0.18966198457156125,0.23719583109485876,0.42685781566642,0.404246004901239,1.5309812272251073,0.2983315897497394,0.2601993776375473,0.43227683870309597,0.17276129386348105,0.2111632058823083,0.3474436710812011,0.17468237721772006,1.0,0.034482758620689655,0.0863793730218707,2.050632911392405,1,29.4,2026-10-03
Cole Koepke,WPG,PIT,0.0,L,12.437621303181292,0.3403839953332602,1.688713982544914,1.4535409223266325,0.17537432376751444,0.18137479724821073,0.3567491210157252,0.4163891986141504,1.9461949518869086,0.2632664751398255,0.2431323368246521,0.49350681257798423,0.16085714914117277,0.16587732677997113,0.300051922028159,0.13919477288698623,2.0,0.07692307692307693,0.04448288657127954,3.4675324675324677,0,29.3,2026-04-16
Anthony Richard,PHI,TBL,0.0,C,12.436577539767214,0.9180485577717586,0.20029846504086568,1.176262074391626,0.1532159766299296,0.21521933577546784,0.36843531240539745,0.4894836792719369,1.1585289183767975,0.33031571531869725,0.24796091674099965,0.3937831228862562,0.14205559414128766,0.1936354438156983,0.30818403993893506,0.1661284457976474,0.0,0.0,0.044609185781464014,3.5726027397260274,0,21.5,2026-04-14
Barclay Goodrow,SJS,DAL,0.0,C,12.42909668465937,0.3567915389503262,1.9339057181071682,0.9347881178585605,0.1262492099985089,0.16447848862823886,0.29072769862674774,0.5394232222670958,1.5677110309228979,0.4070494703289866,0.23807287745452413,0.46526706529663014,0.11860483307689051,0.15166399438074307,0.252280744720331,0.1336759116434405,1.0,0.04,0.03425123436294055,4.92,2,29.4,2026-10-03
Steven Santini,TBL,PHI,1.0,D,12.422667917248821,0.2259606965089525,0.5583545281968225,0.8413632088588242,0.04132199043915384,0.16297477839490326,0.20429676883405712,0.9307617726206325,0.8825444552272879,0.3069953215296826,0.16297145874993718,0.603401183306052,0.040479876104098644,0.15038738326173462,0.18477959672377875,0.1442997206196801,1.0,0.03225806451612903,0.031937033313048785,2.802919708029197,0,13.1,2026-04-15
Avery Hayes,PIT,WPG,1.0,R,12.387312012070797,0.5314329909810893,0.18460267982635162,1.6161211132264688,0.21329535230159266,0.22200293246391337,0.435298284765506,0.4396657841768533,1.256941880997493,0.40046245008743586,0.28847248962736544,0.5076288924269321,0.19208251831321987,0.19908698431730076,0.3529283733194689,0.16084585500624904,3.0,0.13043478260869565,0.05340094486981734,2.3783783783783785,0,12.5,2026-04-14
Mark Kastelic,BOS,OTT,1.0,C,12.27034374605476,0.31084036456129793,1.3211432371885454,1.1866117771590732,0.1772808226266901,0.21131112507265556,0.3885919476993457,0.5790656527763476,1.9252374974753779,0.7076289348556326,0.31994840836474303,0.49734733383565,0.1624554499655544,0.19047783494559767,0.3219891225266004,0.159533672561046,1.0,0.037037037037037035,0.040564221785528966,3.0,3,29.4,2026-10-03
Carl Grundstrom,PHI,TBL,0.0,R,12.18959657513963,0.3308401830331938,0.41764597562534383,1.3394810963737551,0.16326801841903404,0.16364434522593127,0.32691236364496534,0.46175457420732,2.2320904693542776,0.4445752475186214,0.22201078211523695,0.4453772696457586,0.1506364871605671,0.15095606528257033,0.2788530610533898,0.1282165738928227,1.0,0.05555555555555555,0.05602222326022696,2.375,3,29.3,2026-10-03
Nikita Grebenkin,PHI,TBL,0.0,R,12.16536209937903,0.4535104957319608,0.12486637316969419,0.9502736941344646,0.1330259078096223,0.18399727508779976,0.31702318289742204,0.3913167383639623,1.3548089148003488,0.47217249139269135,0.26126613037458873,0.4836504424338193,0.12455758898035629,0.16806192921821794,0.27168612949576565,0.14712854051540936,0.0,0.0,0.02508116243701396,2.8186046511627905,0,25.9,2026-03-21
Jeffrey Viel,TBL,PHI,1.0,L,12.159488893302527,0.41726545129492976,0.11969410019653531,1.3836970846831085,0.17525710506859807,0.23150908877068754,0.4067661938392856,0.3933488067585004,1.9998782546640677,0.7913473418266889,0.24765539375797524,0.6156437840743886,0.1607587801427598,0.20666451497394456,0.33420015979069795,0.17344137964793815,1.0,0.03333333333333333,0.04492449936424992,4.294573643410852,2,25.1,2026-10-03
Garrett Wilson,PHI,TBL,0.0,L,12.088869092198912,0.8467916661071643,0.30518321228807094,1.39400018276432,0.16824817832783887,0.20350326509012936,0.37175144341796823,0.37497866785895606,1.2044951781725208,0.5056095723824856,0.2685353686455928,0.43006218451197414,0.15485593778489837,0.1841324595627284,0.31047439264540067,0.1556184548605023,1.0,0.04,0.05642523231059628,3.5726027397260274,0,2.9,2026-04-14
Alex Steeves,BOS,OTT,1.0,C,12.050091870196082,0.8937980549921589,0.2861710992971665,1.2471051040803156,0.17275745402051249,0.2368916806184162,0.4096491346389287,0.4871026860049761,2.20216525566216,0.40377784806479694,0.2444725211057728,0.47860694714290014,0.15865834586524608,0.21092324430517784,0.3361168571244332,0.1774585112591871,2.0,0.09090909090909091,0.045587290276361846,1.8079470198675496,0,24.8,2026-04-12
Tanner Jeannot,BOS,OTT,1.0,L,12.048255855286259,0.36313543675896176,0.6629487325363338,1.0631192949370447,0.164692454550697,0.19916379312665133,0.36385624767734837,0.5175607869554298,2.418333263487079,0.5223205627825862,0.2174903113993413,0.5157590520247809,0.15184548995911296,0.1805843323136309,0.30500890585364127,0.1531634158945283,1.0,0.037037037037037035,0.03935663361681615,3.0,3,29.4,2026-10-03
Dylan Duke,TBL,PHI,1.0,L,11.99089650508668,0.9654691837654478,0.30518321228807094,1.397211631557735,0.1890110364509891,0.23229542105631593,0.421306457507305,0.3286219546467173,1.166698616392934,0.32979152336466505,0.27840174513056637,0.4795386132543984,0.17222262908006358,0.20728809507644064,0.34381102344544145,0.17158839436537787,1.0,0.03333333333333333,0.05362811531732286,2.6990881458966567,0,2.9,2026-04-07
Lane Pederson,PHI,TBL,0.0,C,11.942599681251194,0.7538308992392191,0.3225303682771852,0.9933906092368227,0.14140098372431495,0.19015079508442478,0.33155177880873976,0.46900703290353113,1.7763815119147228,0.5121429021582036,0.24308528343363117,0.4053916624399938,0.13185886856908902,0.17316555802735212,0.28219101203981956,0.15033214347073054,0.0,0.0,0.038352699890893134,3.349397590361446,0,19.7,2026-01-28
Boris Katchouk,TBL,PHI,1.0,L,11.812688009827664,0.3579647546863123,0.511155826674084,1.2111213864794579,0.1494992723111517,0.19180553647871212,0.3413048087898638,0.2897468282881026,1.3192126931196384,0.26957129617643505,0.2941270391680023,0.4035292620646135,0.13886093533923272,0.1745326238225886,0.2891577957706062,0.15029686043137347,0.0,0.0,0.0567811877502519,4.0,0,28.9,2025-11-16
Isak Rosen,WPG,PIT,0.0,R,11.750660512912916,1.2251852510871688,0.11772285630993928,1.2123254184306609,0.1654880028349652,0.19457285615771908,0.36006085899268425,0.45518382978943,0.7574612698897791,0.23339240892604962,0.1908460614618659,0.4427959969926436,0.15251996949827729,0.17681379811203113,0.3023661325153868,0.1498461630171095,1.0,0.030303030303030304,0.03967820521644144,2.7043478260869565,1,24.7,2026-10-02
Zack Ostapchuk,SJS,DAL,0.0,C,11.706002755481636,0.35608334699402794,1.4792229453312,0.9761750065287087,0.12047393286738176,0.1562933935314539,0.27676732639883567,0.4927923624684424,1.70957884534837,0.4521432467548937,0.21236296617271574,0.4001109228393873,0.11349980443764163,0.14469178834164653,0.24176910309877864,0.128269298661137,3.0,0.12,0.024396870632836215,4.888888888888888,2,29.0,2026-10-03
Sam Poulin,PIT,WPG,1.0,R,11.70466735092749,0.5183134145968795,0.3032200607211199,1.1877531741940852,0.16357550213923974,0.2183840654706995,0.3819595676099392,0.37353986046340065,1.1615847368613712,0.3255458061236249,0.2750610105328659,0.5349875534254815,0.1508976124653545,0.19618333585050873,0.3174773513305327,0.16657973886517818,0.0,0.0,0.03375297307685133,4.183486238532111,0,11.9,2025-11-22
Conor Geekie,TBL,PHI,1.0,C,11.698403480611939,0.7227020254358931,0.19479195430435906,1.1237827965469953,0.1602946056774518,0.2104245301237605,0.3707191358012123,0.41114158713751014,1.615046333867761,0.33679087500905536,0.23999326899643983,0.5157031762450173,0.1481072204558075,0.18975979842630064,0.3097622225829345,0.16165500212712702,2.0,0.06666666666666667,0.039199365780056145,4.294573643410852,2,26.6,2026-10-03
Jakob Pelletier,TBL,PHI,1.0,L,11.680217138737731,0.6310947159654544,0.2163450737120726,1.193999949262247,0.17106366785742613,0.21418709837003375,0.3852507662274599,0.36215374075229184,1.1089069929025117,0.2872964510326699,0.23017600660196594,0.506504498380132,0.1572320854639626,0.1928026544141488,0.31971997644158723,0.16248789097762462,1.0,0.03225806451612903,0.04473444200142606,2.802919708029197,0,28.1,2026-04-15
Cameron Hughes,DAL,SJS,1.0,C,11.667608809071089,0.7829617498672898,0.5079213793034303,1.3112760963580457,0.1874828754073467,0.2497677826821037,0.4372506580894504,0.4577730828286211,0.9061025417154708,0.2823887400765248,0.2672190480290624,0.4537478472065831,0.17095668491209537,0.22101834489957883,0.354190466262884,0.1832337813507886,1.0,0.05263157894736842,0.05455831269744872,2.36697247706422,0,2.9,2026-04-11
Olle Lycksell,OTT,BOS,0.0,R,11.662337549995987,0.7094371752693356,0.11900483163713486,1.2054502555823943,0.1532500773936082,0.2066665331858387,0.3599166105794469,0.38902858816885955,0.7941037588825665,0.3180083899104029,0.2135104560385783,0.4606482542982159,0.14208485020189132,0.1867091897309323,0.3022654926785876,0.16018064247669628,1.0,0.025,0.0388808498319327,2.9763779527559056,0,24.5,2025-12-20
Xavier Bourgault,OTT,BOS,0.0,R,11.633840407528577,0.9916083207691248,0.3573750484048854,1.5145163840013949,0.17657954624627806,0.22038254262608772,0.3969620888723658,0.3639217601273116,1.086415439592296,0.35666997586098936,0.23706653967733007,0.4372591449901906,0.16186789375950705,0.1977881409736224,0.3276404849431208,0.16577259118361376,0.0,0.0,0.06809028033077144,2.3185595567867034,0,2.0,2026-01-28
Riley Tufte,BOS,OTT,1.0,L,11.545472858769084,0.9007453404063913,0.1403992979199941,1.1325215797323027,0.16278185775933482,0.2078068677180686,0.3705887254774034,0.33522449157439327,1.3607775967311577,0.35475401924414446,0.22253110430161896,0.4509457702202673,0.15022345964411066,0.1876360847409918,0.3096722025812352,0.15944874293712452,0.0,0.0,0.0352015761420587,4.08,0,13.6,2025-11-28
Michael Eyssimont,BOS,OTT,1.0,C,11.529056648973953,0.5197921646593299,0.23258155954385556,1.6013389480126488,0.17134731502256043,0.21371533382658878,0.3850626488491492,0.4321137215651855,1.1975436740300238,0.4088103458996723,0.2144212687267675,0.5738617385322713,0.15747110029424494,0.1924217574871705,0.3195919919093584,0.16212089161511345,3.0,0.11538461538461539,0.07260550744525485,3.615894039735099,0,29.4,2026-04-14
Adam Gaudette,SJS,DAL,0.0,R,11.513630568093388,0.5258914093434395,0.13061183530619494,1.3458802549323698,0.16903991127892992,0.16452264418007376,0.3335625554590037,0.47017181105016087,0.9702243067025982,0.3130897820707336,0.21664572755424547,0.4438373189160317,0.15552480137176306,0.15170145229821896,0.28363291543349356,0.1281081140617305,3.0,0.17647058823529413,0.045886437451796575,2.5619834710743805,0,29.2,2026-04-15
Rodrigo Abols,PHI,TBL,0.0,C,11.496071143193017,0.34408253240790665,0.8678872391096594,1.1151407966932008,0.13350154571268302,0.18072149735927523,0.31422304307195825,0.5382371846726667,1.0763929506280427,0.46488934057222875,0.2679712097833201,0.39468136412335797,0.1249738835623948,0.1653322164893395,0.2696438908790829,0.1446700073166881,0.0,0.0,0.04362906419038962,3.349397590361446,0,26.2,2026-01-17
Joel Kiviranta,DAL,SJS,1.0,L,11.494727099283953,0.3417510387092694,0.9461561566520612,1.3269143345431293,0.1725526202714043,0.20455881673630505,0.3771114370077093,0.3606750707380486,1.0660580097024985,0.2630742557490041,0.24736391036987232,0.4745759876855375,0.15848599304871458,0.18499319553254479,0.314160358280029,0.1556743652313144,2.0,0.08,0.03710600045211468,2.5652173913043477,1,29.4,2026-10-02
Adam Erne,DAL,SJS,1.0,L,11.464494945358663,0.3500250980152567,0.19042332677279203,1.2692622125982465,0.17467661538500087,0.19158968582758468,0.3662663012125855,0.43909608392693517,2.0342560097571964,0.3788632785756611,0.25036216191144905,0.4244251581704411,0.1602714678463868,0.17435442692068948,0.3066818548389817,0.1464103869925949,2.0,0.07142857142857142,0.033833967546521626,3.2030075187969924,0,29.0,2026-04-15
Arthur Kaliyev,OTT,BOS,0.0,R,11.439552474107064,0.7762046262747981,0.11677798256013641,1.652420704112151,0.16733102772238712,0.19345394039262512,0.36078496811501226,0.3086890702404361,0.8134896366189686,0.2971198695500955,0.17665281570517852,0.36731705429071,0.15408045783494995,0.17589220659764426,0.30287111271042955,0.1487906548754796,3.0,0.09375,0.06550505466018498,2.880434782608696,0,28.9,2025-10-18
Hendrix Lapierre,PIT,WPG,1.0,C,11.246907602138004,0.6097523057176054,0.198989815403899,1.0215434299655817,0.1559280230708517,0.23720601956881165,0.39313404263966334,0.38097778702581864,0.903213765195649,0.31104399667735105,0.21314123926600828,0.4922125083210647,0.14437922688951232,0.21117124288449574,0.32506172898504715,0.18068250209553482,0.0,0.0,0.03168698396575242,3.710526315789474,2,29.2,2026-10-03
Mitchell Chaffee,TBL,PHI,1.0,R,11.102585541633054,0.9139215594191942,0.1646513892247744,1.1307507053274526,0.1577087574186673,0.19819254533650899,0.3559013027551763,0.34596630546135126,1.7216486909197508,0.3083662672238229,0.1847852777680888,0.4673202378388214,0.14590150440070548,0.17978809004550356,0.2994582416352406,0.1535567372345351,0.0,0.0,0.03676841952642486,2.802919708029197,0,28.6,2026-04-15
Parker Ford,WPG,PIT,0.0,C,11.003771693676882,0.38665516304135644,0.6317050221067244,0.9991606758029595,0.13464522752813243,0.17739590197169755,0.31204112949983,0.5204502913051605,1.188244532468045,0.2901904945566862,0.22263003446362223,0.3514887788956353,0.12597406296728875,0.16255182849809136,0.2680485771867136,0.14207451421942485,0.0,0.0,0.035918788327279356,3.1,0,13.6,2026-04-04
Patrick Giles,SJS,DAL,0.0,R,10.991219137109987,0.3860669923238262,0.5025972539070596,1.146283964945234,0.13358596995470803,0.15966064768813995,0.293246617642848,0.38284970721311473,1.1341556022027914,0.2635641944991227,0.19733585483160335,0.422083550575974,0.12504775386076128,0.1475669849969793,0.25416181883986366,0.12911406497910238,0.0,0.0,0.0391352741285716,2.9583333333333335,0,14.7,2025-11-02
Nikita Chibrikov,WPG,PIT,0.0,R,10.950395828895848,0.5773795428686999,0.2649671509130228,1.2422612854351958,0.16285917828734875,0.17460311719099886,0.3374622954783476,0.42597049549113,1.2355904088851115,0.4358349395809311,0.21352741359840513,0.47953489836078533,0.15028916227479105,0.16020974704766566,0.2864211206504069,0.13613195837561587,0.0,0.0,0.048245105785382825,3.4675324675324677,0,12.5,2026-04-16
Matj  Blmel,BOS,OTT,1.0,R,10.825916896608847,0.8546894214457498,0.14301895843099613,1.2803637778746046,0.16916472518998824,0.19868095603417416,0.3678456812241624,0.3409229492002425,1.0366338060616826,0.2715292586107364,0.24003680228458332,0.49071510286245545,0.15563019704653558,0.18018859250387365,0.30777600339349354,0.15214580634695796,0.0,0.0,0.05137600686524272,3.3125,0,13.1,2025-11-26
Jacob Gaucher,PHI,TBL,0.0,C,10.641493093734747,0.5081037537406492,0.4748489759877026,1.0863056341394377,0.13157970985892636,0.17268572635524174,0.30426543621416813,0.4206458072578692,0.8959167589472099,0.2988234482958694,0.23405206079985114,0.38245068532332815,0.12329061002922859,0.15859799622835657,0.2623349625531778,0.1390443525239492,1.0,0.04,0.04642520932987437,3.5726027397260274,0,7.1,2026-04-14
Danil Zhilkin,WPG,PIT,0.0,C,10.593849469702631,0.5717797293278954,0.8618650367802774,1.0632762249899097,0.13687112042320676,0.19014351907504354,0.32701463949825027,0.4372504180086636,0.8451105289761734,0.24879838061438456,0.21351425240268448,0.3697312338283293,0.1279173874721704,0.17315954195030914,0.2789268132003182,0.1510094257281478,1.0,0.041666666666666664,0.048060126283955805,2.6006493506493507,0,5.5,2026-03-31
Stephen Halliday,OTT,BOS,0.0,C,10.543426380535845,1.8589263937075389,0.20678919375370666,1.3236012544142104,0.16194373885633673,0.23183096281800897,0.3937747016743457,0.3984966550423744,0.8752424535894833,0.2540449505342761,0.18065467207238672,0.42920119685042046,0.14951094731899828,0.20691982798587316,0.3254939958036194,0.1759830484846211,2.0,0.06896551724137931,0.0399228239706975,2.050632911392405,1,19.3,2026-10-03
Jansen Harkins,TBL,PHI,1.0,C,10.264500653996866,0.43496914004619464,0.30003155449857954,1.032722507788795,0.13233209204041893,0.18804658487813056,0.3203786769185495,0.4257709474584772,1.6283169570420992,0.3155240713896712,0.20971771542988402,0.5198821511807326,0.12394998247144684,0.17142389278337744,0.2741258867491375,0.15017590427769067,1.0,0.04,0.030398200639979486,2.8278688524590163,1,29.3,2026-10-01
Nathan Bastian,DAL,SJS,1.0,R,10.173930781656312,0.3425138520455009,0.14142745479392008,1.0151003662412459,0.16034050089961857,0.17506795085426652,0.3354084517538851,0.29278300881750924,1.63158536942832,0.3744412225106859,0.16162352329009552,0.4066714358749656,0.14814631736699935,0.16060001911449762,0.28495403508061445,0.1368077177136151,0.0,0.0,0.034804702850691406,3.395348837209302,0,29.3,2026-03-28
Walker Duehr,WPG,PIT,0.0,R,10.1446960471624,0.35710699332254675,0.19472572032742086,1.0059844341716002,0.13525423608751813,0.15605651044803262,0.2913107465355508,0.4403839090745398,1.5508150688904294,0.22499914177550548,0.1719418336006683,0.39943416140226506,0.12650619019260256,0.14448915629608905,0.2527165738015299,0.12621038360892733,1.0,0.03333333333333333,0.0334680725419021,2.95398773006135,0,28.2,2026-03-05
Scott Sabourin,TBL,PHI,1.0,R,9.652790680197338,0.34836580336869627,0.1251193934312307,0.8917414498210012,0.13142792664208242,0.17632320286090622,0.30775112950298866,0.33483306653435774,1.615782409445003,0.6447793635625151,0.17706807497834992,0.40295125985691443,0.12315753015839159,0.16165301659801168,0.26490176048953873,0.14174423033114714,1.0,0.03225806451612903,0.023150371738382938,2.802919708029197,0,19.0,2026-04-15
Hayden Hodgson,OTT,BOS,0.0,R,9.13263364630475,0.4294882818524725,0.15324559727558093,0.9867868258314316,0.12424369712386243,0.15321521944491887,0.2774589165687813,0.261190118643279,1.420692025734875,0.44589739231807674,0.1808246560997834,0.34870705789640555,0.11683541001467268,0.1420549445183975,0.24229330684565165,0.12545789683097897,0.0,0.0,0.02899095207531574,2.050632911392405,1,11.3,2026-10-03
Ryan Reaves,SJS,DAL,0.0,R,8.909344269206375,0.33552369163017676,0.11775677246568572,0.7655526821113261,0.10516850834523919,0.12107970209732609,0.22624821044256527,0.2944190279793285,2.0392907862831837,0.4252921882701355,0.18617291777865141,0.3590527709822288,0.09982717682754616,0.11403665635784899,0.20247987572633797,0.1026526988987918,0.0,0.0,0.02037877590872925,2.658008658008658,0,29.3,2026-03-21
Kurtis MacDermid,OTT,BOS,0.0,L,6.71358699350179,0.3626692820782052,0.1168976479756033,0.6556885738788233,0.08250595610692915,0.1071636620069388,0.18966961811386795,0.28519257112903074,0.9931560498132714,0.5736595765616599,0.11772993452091711,0.24655925415710248,0.07919404657824791,0.10162136949166001,0.17276760860104012,0.09357356202279221,2.0,0.05263157894736842,0.014314724397155809,4.0,0,29.0,2026-04-15
